2026-08-07 15:13:03.093 [background-preinit] INFO  o.h.validator.internal.util.Version - HV000001: Hibernate Validator 8.0.1.Final
2026-08-07 15:13:03.129 [main] INFO  com.pes.PesApplication - Starting PesApplication using Java 17.0.12 with PID 12924 (E:\PES\pes-java\target\classes started by ASUS in E:\PES)
2026-08-07 15:13:03.129 [main] DEBUG com.pes.PesApplication - Running with Spring Boot v3.2.0, Spring v6.1.1
2026-08-07 15:13:03.130 [main] INFO  com.pes.PesApplication - The following 1 profile is active: "dev"
2026-08-07 15:13:03.770 [main] INFO  o.s.d.r.c.RepositoryConfigurationDelegate - Multiple Spring Data modules found, entering strict repository configuration mode
2026-08-07 15:13:03.773 [main] INFO  o.s.d.r.c.RepositoryConfigurationDelegate - Bootstrapping Spring Data Redis repositories in DEFAULT mode.
2026-08-07 15:13:03.805 [main] INFO  o.s.d.r.c.RepositoryConfigurationDelegate - Finished Spring Data repository scanning in 17 ms. Found 0 Redis repository interfaces.
2026-08-07 15:13:04.475 [main] INFO  o.s.b.w.e.tomcat.TomcatWebServer - Tomcat initialized with port 8080 (http)
2026-08-07 15:13:04.483 [main] INFO  o.a.coyote.http11.Http11NioProtocol - Initializing ProtocolHandler ["http-nio-8080"]
2026-08-07 15:13:04.485 [main] INFO  o.a.catalina.core.StandardService - Starting service [Tomcat]
2026-08-07 15:13:04.485 [main] INFO  o.a.catalina.core.StandardEngine - Starting Servlet engine: [Apache Tomcat/10.1.16]
2026-08-07 15:13:04.544 [main] INFO  o.a.c.c.C.[Tomcat].[localhost].[/] - Initializing Spring embedded WebApplicationContext
2026-08-07 15:13:04.545 [main] INFO  o.s.b.w.s.c.ServletWebServerApplicationContext - Root WebApplicationContext: initialization completed in 1378 ms
2026-08-07 15:13:04.689 [main] INFO  com.zaxxer.hikari.HikariDataSource - HikariPool-1 - Starting...
2026-08-07 15:13:05.005 [main] INFO  com.zaxxer.hikari.pool.HikariPool - HikariPool-1 - Added connection com.mysql.cj.jdbc.ConnectionImpl@79b7c350
2026-08-07 15:13:05.006 [main] INFO  com.zaxxer.hikari.HikariDataSource - HikariPool-1 - Start completed.
2026-08-07 15:13:05.301 [main] DEBUG c.p.s.filter.JwtAuthenticationFilter - Filter 'jwtAuthenticationFilter' configured for use
2026-08-07 15:13:05.947 [main] INFO  com.pes.utils.RedisUtils - Redis 连接成功
2026-08-07 15:13:06.385 [main] INFO  o.s.s.web.DefaultSecurityFilterChain - Will secure any request with [org.springframework.security.web.session.DisableEncodeUrlFilter@3f2169e9, org.springframework.security.web.context.request.async.WebAsyncManagerIntegrationFilter@6689bf04, org.springframework.security.web.context.SecurityContextHolderFilter@78f1d29, org.springframework.security.web.header.HeaderWriterFilter@629cf53c, org.springframework.web.filter.CorsFilter@4ffe3d42, org.springframework.security.web.authentication.logout.LogoutFilter@25da1dc9, com.pes.security.filter.JwtAuthenticationFilter@7c31e410, org.springframework.security.web.savedrequest.RequestCacheAwareFilter@65294247, org.springframework.security.web.servletapi.SecurityContextHolderAwareRequestFilter@4a7ac98b, org.springframework.security.web.authentication.AnonymousAuthenticationFilter@2b9615cb, org.springframework.security.web.session.SessionManagementFilter@ecfff32, org.springframework.security.web.access.ExceptionTranslationFilter@1299c874, org.springframework.security.web.access.intercept.AuthorizationFilter@6075a4ea]
2026-08-07 15:13:06.697 [main] INFO  o.a.coyote.http11.Http11NioProtocol - Starting ProtocolHandler ["http-nio-8080"]
2026-08-07 15:13:06.710 [main] INFO  o.s.b.w.e.tomcat.TomcatWebServer - Tomcat started on port 8080 (http) with context path ''
2026-08-07 15:13:06.716 [main] INFO  com.pes.PesApplication - Started PesApplication in 4.164 seconds (process running for 5.064)
2026-08-07 15:32:38.949 [HikariPool-1 housekeeper] WARN  com.zaxxer.hikari.pool.HikariPool - HikariPool-1 - Thread starvation or clock leap detected (housekeeper delta=9m33s689ms379µs900ns).
2026-08-07 15:46:16.315 [http-nio-8080-exec-2] INFO  o.a.c.c.C.[Tomcat].[localhost].[/] - Initializing Spring DispatcherServlet 'dispatcherServlet'
2026-08-07 15:46:16.315 [http-nio-8080-exec-2] INFO  o.s.web.servlet.DispatcherServlet - Initializing Servlet 'dispatcherServlet'
2026-08-07 15:46:16.315 [http-nio-8080-exec-2] INFO  o.s.web.servlet.DispatcherServlet - Completed initialization in 0 ms
2026-08-07 15:46:16.326 [http-nio-8080-exec-2] DEBUG o.s.security.web.FilterChainProxy - Securing GET /captcha
2026-08-07 15:46:16.334 [http-nio-8080-exec-2] DEBUG o.s.s.w.a.AnonymousAuthenticationFilter - Set SecurityContextHolder to anonymous SecurityContext
2026-08-07 15:46:16.340 [http-nio-8080-exec-2] DEBUG o.s.security.web.FilterChainProxy - Secured GET /captcha
2026-08-07 15:48:49.358 [http-nio-8080-exec-5] DEBUG o.s.security.web.FilterChainProxy - Securing GET /captcha
2026-08-07 15:48:49.358 [http-nio-8080-exec-5] DEBUG o.s.s.w.a.AnonymousAuthenticationFilter - Set SecurityContextHolder to anonymous SecurityContext
2026-08-07 15:48:49.358 [http-nio-8080-exec-5] DEBUG o.s.security.web.FilterChainProxy - Secured GET /captcha
2026-08-07 15:53:38.122 [http-nio-8080-exec-8] DEBUG o.s.security.web.FilterChainProxy - Securing POST /login
2026-08-07 15:53:38.122 [http-nio-8080-exec-8] DEBUG o.s.s.w.a.AnonymousAuthenticationFilter - Set SecurityContextHolder to anonymous SecurityContext
2026-08-07 15:53:38.122 [http-nio-8080-exec-8] DEBUG o.s.security.web.FilterChainProxy - Secured POST /login
2026-08-07 15:53:38.125 [http-nio-8080-exec-8] ERROR c.p.exception.GlobalExceptionHandler - [系统异常] POST /login — HttpMessageNotReadableException: Required request body is missing: public com.pes.common.Result<com.pes.dto.response.LoginResp> com.pes.controller.AuthController.login(com.pes.dto.request.LoginReq)
org.springframework.http.converter.HttpMessageNotReadableException: Required request body is missing: public com.pes.common.Result<com.pes.dto.response.LoginResp> com.pes.controller.AuthController.login(com.pes.dto.request.LoginReq)
	at org.springframework.web.servlet.mvc.method.annotation.RequestResponseBodyMethodProcessor.readWithMessageConverters(RequestResponseBodyMethodProcessor.java:162)
	at org.springframework.web.servlet.mvc.method.annotation.RequestResponseBodyMethodProcessor.resolveArgument(RequestResponseBodyMethodProcessor.java:134)
	at org.springframework.web.method.support.HandlerMethodArgumentResolverComposite.resolveArgument(HandlerMethodArgumentResolverComposite.java:122)
	at org.springframework.web.method.support.InvocableHandlerMethod.getMethodArgumentValues(InvocableHandlerMethod.java:218)
	at org.springframework.web.method.support.InvocableHandlerMethod.invokeForRequest(InvocableHandlerMethod.java:171)
	at org.springframework.web.servlet.mvc.method.annotation.ServletInvocableHandlerMethod.invokeAndHandle(ServletInvocableHandlerMethod.java:118)
	at org.springframework.web.servlet.mvc.method.annotation.RequestMappingHandlerAdapter.invokeHandlerMethod(RequestMappingHandlerAdapter.java:917)
	at org.springframework.web.servlet.mvc.method.annotation.RequestMappingHandlerAdapter.handleInternal(RequestMappingHandlerAdapter.java:829)
	at org.springframework.web.servlet.mvc.method.AbstractHandlerMethodAdapter.handle(AbstractHandlerMethodAdapter.java:87)
	at org.springframework.web.servlet.DispatcherServlet.doDispatch(DispatcherServlet.java:1089)
	at org.springframework.web.servlet.DispatcherServlet.doService(DispatcherServlet.java:979)
	at org.springframework.web.servlet.FrameworkServlet.processRequest(FrameworkServlet.java:1014)
	at org.springframework.web.servlet.FrameworkServlet.doPost(FrameworkServlet.java:914)
	at jakarta.servlet.http.HttpServlet.service(HttpServlet.java:590)
	at org.springframework.web.servlet.FrameworkServlet.service(FrameworkServlet.java:885)
	at jakarta.servlet.http.HttpServlet.service(HttpServlet.java:658)
	at org.apache.catalina.core.ApplicationFilterChain.internalDoFilter(ApplicationFilterChain.java:205)
	at org.apache.catalina.core.ApplicationFilterChain.doFilter(ApplicationFilterChain.java:149)
	at org.apache.tomcat.websocket.server.WsFilter.doFilter(WsFilter.java:51)
	at org.apache.catalina.core.ApplicationFilterChain.internalDoFilter(ApplicationFilterChain.java:174)
	at org.apache.catalina.core.ApplicationFilterChain.doFilter(ApplicationFilterChain.java:149)
	at org.springframework.web.filter.OncePerRequestFilter.doFilter(OncePerRequestFilter.java:110)
	at org.apache.catalina.core.ApplicationFilterChain.internalDoFilter(ApplicationFilterChain.java:174)
	at org.apache.catalina.core.ApplicationFilterChain.doFilter(ApplicationFilterChain.java:149)
	at org.springframework.web.filter.OncePerRequestFilter.doFilter(OncePerRequestFilter.java:110)
	at org.apache.catalina.core.ApplicationFilterChain.internalDoFilter(ApplicationFilterChain.java:174)
	at org.apache.catalina.core.ApplicationFilterChain.doFilter(ApplicationFilterChain.java:149)
	at org.springframework.security.web.FilterChainProxy.lambda$doFilterInternal$3(FilterChainProxy.java:231)
	at org.springframework.security.web.FilterChainProxy$VirtualFilterChain.doFilter(FilterChainProxy.java:365)
	at org.springframework.security.web.access.intercept.AuthorizationFilter.doFilter(AuthorizationFilter.java:100)
	at org.springframework.security.web.FilterChainProxy$VirtualFilterChain.doFilter(FilterChainProxy.java:374)
	at org.springframework.security.web.access.ExceptionTranslationFilter.doFilter(ExceptionTranslationFilter.java:126)
	at org.springframework.security.web.access.ExceptionTranslationFilter.doFilter(ExceptionTranslationFilter.java:120)
	at org.springframework.security.web.FilterChainProxy$VirtualFilterChain.doFilter(FilterChainProxy.java:374)
	at org.springframework.security.web.session.SessionManagementFilter.doFilter(SessionManagementFilter.java:131)
	at org.springframework.security.web.session.SessionManagementFilter.doFilter(SessionManagementFilter.java:85)
	at org.springframework.security.web.FilterChainProxy$VirtualFilterChain.doFilter(FilterChainProxy.java:374)
	at org.springframework.security.web.authentication.AnonymousAuthenticationFilter.doFilter(AnonymousAuthenticationFilter.java:100)
	at org.springframework.security.web.FilterChainProxy$VirtualFilterChain.doFilter(FilterChainProxy.java:374)
	at org.springframework.security.web.servletapi.SecurityContextHolderAwareRequestFilter.doFilter(SecurityContextHolderAwareRequestFilter.java:179)
	at org.springframework.security.web.FilterChainProxy$VirtualFilterChain.doFilter(FilterChainProxy.java:374)
	at org.springframework.security.web.savedrequest.RequestCacheAwareFilter.doFilter(RequestCacheAwareFilter.java:63)
	at org.springframework.security.web.FilterChainProxy$VirtualFilterChain.doFilter(FilterChainProxy.java:374)
	at com.pes.security.filter.JwtAuthenticationFilter.doFilterInternal(JwtAuthenticationFilter.java:67)
	at org.springframework.web.filter.OncePerRequestFilter.doFilter(OncePerRequestFilter.java:116)
	at org.springframework.security.web.FilterChainProxy$VirtualFilterChain.doFilter(FilterChainProxy.java:374)
	at org.springframework.security.web.authentication.logout.LogoutFilter.doFilter(LogoutFilter.java:107)
	at org.springframework.security.web.authentication.logout.LogoutFilter.doFilter(LogoutFilter.java:93)
	at org.springframework.security.web.FilterChainProxy$VirtualFilterChain.doFilter(FilterChainProxy.java:374)
	at org.springframework.web.filter.CorsFilter.doFilterInternal(CorsFilter.java:91)
	at org.springframework.web.filter.OncePerRequestFilter.doFilter(OncePerRequestFilter.java:116)
	at org.springframework.security.web.FilterChainProxy$VirtualFilterChain.doFilter(FilterChainProxy.java:374)
	at org.springframework.security.web.header.HeaderWriterFilter.doHeadersAfter(HeaderWriterFilter.java:90)
	at org.springframework.security.web.header.HeaderWriterFilter.doFilterInternal(HeaderWriterFilter.java:75)
	at org.springframework.web.filter.OncePerRequestFilter.doFilter(OncePerRequestFilter.java:116)
	at org.springframework.security.web.FilterChainProxy$VirtualFilterChain.doFilter(FilterChainProxy.java:374)
	at org.springframework.security.web.context.SecurityContextHolderFilter.doFilter(SecurityContextHolderFilter.java:82)
	at org.springframework.security.web.context.SecurityContextHolderFilter.doFilter(SecurityContextHolderFilter.java:69)
	at org.springframework.security.web.FilterChainProxy$VirtualFilterChain.doFilter(FilterChainProxy.java:374)
	at org.springframework.security.web.context.request.async.WebAsyncManagerIntegrationFilter.doFilterInternal(WebAsyncManagerIntegrationFilter.java:62)
	at org.springframework.web.filter.OncePerRequestFilter.doFilter(OncePerRequestFilter.java:116)
	at org.springframework.security.web.FilterChainProxy$VirtualFilterChain.doFilter(FilterChainProxy.java:374)
	at org.springframework.security.web.session.DisableEncodeUrlFilter.doFilterInternal(DisableEncodeUrlFilter.java:42)
	at org.springframework.web.filter.OncePerRequestFilter.doFilter(OncePerRequestFilter.java:116)
	at org.springframework.security.web.FilterChainProxy$VirtualFilterChain.doFilter(FilterChainProxy.java:374)
	at org.springframework.security.web.FilterChainProxy.doFilterInternal(FilterChainProxy.java:233)
	at org.springframework.security.web.FilterChainProxy.doFilter(FilterChainProxy.java:191)
	at org.springframework.web.filter.DelegatingFilterProxy.invokeDelegate(DelegatingFilterProxy.java:352)
	at org.springframework.web.filter.DelegatingFilterProxy.doFilter(DelegatingFilterProxy.java:268)
	at org.apache.catalina.core.ApplicationFilterChain.internalDoFilter(ApplicationFilterChain.java:174)
	at org.apache.catalina.core.ApplicationFilterChain.doFilter(ApplicationFilterChain.java:149)
	at org.springframework.web.filter.RequestContextFilter.doFilterInternal(RequestContextFilter.java:100)
	at org.springframework.web.filter.OncePerRequestFilter.doFilter(OncePerRequestFilter.java:116)
	at org.apache.catalina.core.ApplicationFilterChain.internalDoFilter(ApplicationFilterChain.java:174)
	at org.apache.catalina.core.ApplicationFilterChain.doFilter(ApplicationFilterChain.java:149)
	at org.springframework.web.filter.FormContentFilter.doFilterInternal(FormContentFilter.java:93)
	at org.springframework.web.filter.OncePerRequestFilter.doFilter(OncePerRequestFilter.java:116)
	at org.apache.catalina.core.ApplicationFilterChain.internalDoFilter(ApplicationFilterChain.java:174)
	at org.apache.catalina.core.ApplicationFilterChain.doFilter(ApplicationFilterChain.java:149)
	at org.springframework.web.filter.CharacterEncodingFilter.doFilterInternal(CharacterEncodingFilter.java:201)
	at org.springframework.web.filter.OncePerRequestFilter.doFilter(OncePerRequestFilter.java:116)
	at org.apache.catalina.core.ApplicationFilterChain.internalDoFilter(ApplicationFilterChain.java:174)
	at org.apache.catalina.core.ApplicationFilterChain.doFilter(ApplicationFilterChain.java:149)
	at org.apache.catalina.core.StandardWrapperValve.invoke(StandardWrapperValve.java:167)
	at org.apache.catalina.core.StandardContextValve.invoke(StandardContextValve.java:90)
	at org.apache.catalina.authenticator.AuthenticatorBase.invoke(AuthenticatorBase.java:482)
	at org.apache.catalina.core.StandardHostValve.invoke(StandardHostValve.java:115)
	at org.apache.catalina.valves.ErrorReportValve.invoke(ErrorReportValve.java:93)
	at org.apache.catalina.core.StandardEngineValve.invoke(StandardEngineValve.java:74)
	at org.apache.catalina.connector.CoyoteAdapter.service(CoyoteAdapter.java:340)
	at org.apache.coyote.http11.Http11Processor.service(Http11Processor.java:391)
	at org.apache.coyote.AbstractProcessorLight.process(AbstractProcessorLight.java:63)
	at org.apache.coyote.AbstractProtocol$ConnectionHandler.process(AbstractProtocol.java:896)
	at org.apache.tomcat.util.net.NioEndpoint$SocketProcessor.doRun(NioEndpoint.java:1744)
	at org.apache.tomcat.util.net.SocketProcessorBase.run(SocketProcessorBase.java:52)
	at org.apache.tomcat.util.threads.ThreadPoolExecutor.runWorker(ThreadPoolExecutor.java:1191)
	at org.apache.tomcat.util.threads.ThreadPoolExecutor$Worker.run(ThreadPoolExecutor.java:659)
	at org.apache.tomcat.util.threads.TaskThread$WrappingRunnable.run(TaskThread.java:61)
	at java.base/java.lang.Thread.run(Thread.java:842)
2026-08-07 15:59:21.606 [http-nio-8080-exec-10] DEBUG o.s.security.web.FilterChainProxy - Securing POST /login?username=admin&password=123456&captcha=rYx5&captchaKey=702952eb-7249-4e51-bf00-034468c6a42d
2026-08-07 15:59:21.606 [http-nio-8080-exec-10] DEBUG o.s.s.w.a.AnonymousAuthenticationFilter - Set SecurityContextHolder to anonymous SecurityContext
2026-08-07 15:59:21.613 [http-nio-8080-exec-10] DEBUG o.s.security.web.FilterChainProxy - Secured POST /login?username=admin&password=123456&captcha=rYx5&captchaKey=702952eb-7249-4e51-bf00-034468c6a42d
2026-08-07 15:59:21.613 [http-nio-8080-exec-10] ERROR c.p.exception.GlobalExceptionHandler - [系统异常] POST /login — HttpMessageNotReadableException: Required request body is missing: public com.pes.common.Result<com.pes.dto.response.LoginResp> com.pes.controller.AuthController.login(com.pes.dto.request.LoginReq)
org.springframework.http.converter.HttpMessageNotReadableException: Required request body is missing: public com.pes.common.Result<com.pes.dto.response.LoginResp> com.pes.controller.AuthController.login(com.pes.dto.request.LoginReq)
	at org.springframework.web.servlet.mvc.method.annotation.RequestResponseBodyMethodProcessor.readWithMessageConverters(RequestResponseBodyMethodProcessor.java:162)
	at org.springframework.web.servlet.mvc.method.annotation.RequestResponseBodyMethodProcessor.resolveArgument(RequestResponseBodyMethodProcessor.java:134)
	at org.springframework.web.method.support.HandlerMethodArgumentResolverComposite.resolveArgument(HandlerMethodArgumentResolverComposite.java:122)
	at org.springframework.web.method.support.InvocableHandlerMethod.getMethodArgumentValues(InvocableHandlerMethod.java:218)
	at org.springframework.web.method.support.InvocableHandlerMethod.invokeForRequest(InvocableHandlerMethod.java:171)
	at org.springframework.web.servlet.mvc.method.annotation.ServletInvocableHandlerMethod.invokeAndHandle(ServletInvocableHandlerMethod.java:118)
	at org.springframework.web.servlet.mvc.method.annotation.RequestMappingHandlerAdapter.invokeHandlerMethod(RequestMappingHandlerAdapter.java:917)
	at org.springframework.web.servlet.mvc.method.annotation.RequestMappingHandlerAdapter.handleInternal(RequestMappingHandlerAdapter.java:829)
	at org.springframework.web.servlet.mvc.method.AbstractHandlerMethodAdapter.handle(AbstractHandlerMethodAdapter.java:87)
	at org.springframework.web.servlet.DispatcherServlet.doDispatch(DispatcherServlet.java:1089)
	at org.springframework.web.servlet.DispatcherServlet.doService(DispatcherServlet.java:979)
	at org.springframework.web.servlet.FrameworkServlet.processRequest(FrameworkServlet.java:1014)
	at org.springframework.web.servlet.FrameworkServlet.doPost(FrameworkServlet.java:914)
	at jakarta.servlet.http.HttpServlet.service(HttpServlet.java:590)
	at org.springframework.web.servlet.FrameworkServlet.service(FrameworkServlet.java:885)
	at jakarta.servlet.http.HttpServlet.service(HttpServlet.java:658)
	at org.apache.catalina.core.ApplicationFilterChain.internalDoFilter(ApplicationFilterChain.java:205)
	at org.apache.catalina.core.ApplicationFilterChain.doFilter(ApplicationFilterChain.java:149)
	at org.apache.tomcat.websocket.server.WsFilter.doFilter(WsFilter.java:51)
	at org.apache.catalina.core.ApplicationFilterChain.internalDoFilter(ApplicationFilterChain.java:174)
	at org.apache.catalina.core.ApplicationFilterChain.doFilter(ApplicationFilterChain.java:149)
	at org.springframework.web.filter.OncePerRequestFilter.doFilter(OncePerRequestFilter.java:110)
	at org.apache.catalina.core.ApplicationFilterChain.internalDoFilter(ApplicationFilterChain.java:174)
	at org.apache.catalina.core.ApplicationFilterChain.doFilter(ApplicationFilterChain.java:149)
	at org.springframework.web.filter.OncePerRequestFilter.doFilter(OncePerRequestFilter.java:110)
	at org.apache.catalina.core.ApplicationFilterChain.internalDoFilter(ApplicationFilterChain.java:174)
	at org.apache.catalina.core.ApplicationFilterChain.doFilter(ApplicationFilterChain.java:149)
	at org.springframework.security.web.FilterChainProxy.lambda$doFilterInternal$3(FilterChainProxy.java:231)
	at org.springframework.security.web.FilterChainProxy$VirtualFilterChain.doFilter(FilterChainProxy.java:365)
	at org.springframework.security.web.access.intercept.AuthorizationFilter.doFilter(AuthorizationFilter.java:100)
	at org.springframework.security.web.FilterChainProxy$VirtualFilterChain.doFilter(FilterChainProxy.java:374)
	at org.springframework.security.web.access.ExceptionTranslationFilter.doFilter(ExceptionTranslationFilter.java:126)
	at org.springframework.security.web.access.ExceptionTranslationFilter.doFilter(ExceptionTranslationFilter.java:120)
	at org.springframework.security.web.FilterChainProxy$VirtualFilterChain.doFilter(FilterChainProxy.java:374)
	at org.springframework.security.web.session.SessionManagementFilter.doFilter(SessionManagementFilter.java:131)
	at org.springframework.security.web.session.SessionManagementFilter.doFilter(SessionManagementFilter.java:85)
	at org.springframework.security.web.FilterChainProxy$VirtualFilterChain.doFilter(FilterChainProxy.java:374)
	at org.springframework.security.web.authentication.AnonymousAuthenticationFilter.doFilter(AnonymousAuthenticationFilter.java:100)
	at org.springframework.security.web.FilterChainProxy$VirtualFilterChain.doFilter(FilterChainProxy.java:374)
	at org.springframework.security.web.servletapi.SecurityContextHolderAwareRequestFilter.doFilter(SecurityContextHolderAwareRequestFilter.java:179)
	at org.springframework.security.web.FilterChainProxy$VirtualFilterChain.doFilter(FilterChainProxy.java:374)
	at org.springframework.security.web.savedrequest.RequestCacheAwareFilter.doFilter(RequestCacheAwareFilter.java:63)
	at org.springframework.security.web.FilterChainProxy$VirtualFilterChain.doFilter(FilterChainProxy.java:374)
	at com.pes.security.filter.JwtAuthenticationFilter.doFilterInternal(JwtAuthenticationFilter.java:67)
	at org.springframework.web.filter.OncePerRequestFilter.doFilter(OncePerRequestFilter.java:116)
	at org.springframework.security.web.FilterChainProxy$VirtualFilterChain.doFilter(FilterChainProxy.java:374)
	at org.springframework.security.web.authentication.logout.LogoutFilter.doFilter(LogoutFilter.java:107)
	at org.springframework.security.web.authentication.logout.LogoutFilter.doFilter(LogoutFilter.java:93)
	at org.springframework.security.web.FilterChainProxy$VirtualFilterChain.doFilter(FilterChainProxy.java:374)
	at org.springframework.web.filter.CorsFilter.doFilterInternal(CorsFilter.java:91)
	at org.springframework.web.filter.OncePerRequestFilter.doFilter(OncePerRequestFilter.java:116)
	at org.springframework.security.web.FilterChainProxy$VirtualFilterChain.doFilter(FilterChainProxy.java:374)
	at org.springframework.security.web.header.HeaderWriterFilter.doHeadersAfter(HeaderWriterFilter.java:90)
	at org.springframework.security.web.header.HeaderWriterFilter.doFilterInternal(HeaderWriterFilter.java:75)
	at org.springframework.web.filter.OncePerRequestFilter.doFilter(OncePerRequestFilter.java:116)
	at org.springframework.security.web.FilterChainProxy$VirtualFilterChain.doFilter(FilterChainProxy.java:374)
	at org.springframework.security.web.context.SecurityContextHolderFilter.doFilter(SecurityContextHolderFilter.java:82)
	at org.springframework.security.web.context.SecurityContextHolderFilter.doFilter(SecurityContextHolderFilter.java:69)
	at org.springframework.security.web.FilterChainProxy$VirtualFilterChain.doFilter(FilterChainProxy.java:374)
	at org.springframework.security.web.context.request.async.WebAsyncManagerIntegrationFilter.doFilterInternal(WebAsyncManagerIntegrationFilter.java:62)
	at org.springframework.web.filter.OncePerRequestFilter.doFilter(OncePerRequestFilter.java:116)
	at org.springframework.security.web.FilterChainProxy$VirtualFilterChain.doFilter(FilterChainProxy.java:374)
	at org.springframework.security.web.session.DisableEncodeUrlFilter.doFilterInternal(DisableEncodeUrlFilter.java:42)
	at org.springframework.web.filter.OncePerRequestFilter.doFilter(OncePerRequestFilter.java:116)
	at org.springframework.security.web.FilterChainProxy$VirtualFilterChain.doFilter(FilterChainProxy.java:374)
	at org.springframework.security.web.FilterChainProxy.doFilterInternal(FilterChainProxy.java:233)
	at org.springframework.security.web.FilterChainProxy.doFilter(FilterChainProxy.java:191)
	at org.springframework.web.filter.DelegatingFilterProxy.invokeDelegate(DelegatingFilterProxy.java:352)
	at org.springframework.web.filter.DelegatingFilterProxy.doFilter(DelegatingFilterProxy.java:268)
	at org.apache.catalina.core.ApplicationFilterChain.internalDoFilter(ApplicationFilterChain.java:174)
	at org.apache.catalina.core.ApplicationFilterChain.doFilter(ApplicationFilterChain.java:149)
	at org.springframework.web.filter.RequestContextFilter.doFilterInternal(RequestContextFilter.java:100)
	at org.springframework.web.filter.OncePerRequestFilter.doFilter(OncePerRequestFilter.java:116)
	at org.apache.catalina.core.ApplicationFilterChain.internalDoFilter(ApplicationFilterChain.java:174)
	at org.apache.catalina.core.ApplicationFilterChain.doFilter(ApplicationFilterChain.java:149)
	at org.springframework.web.filter.FormContentFilter.doFilterInternal(FormContentFilter.java:93)
	at org.springframework.web.filter.OncePerRequestFilter.doFilter(OncePerRequestFilter.java:116)
	at org.apache.catalina.core.ApplicationFilterChain.internalDoFilter(ApplicationFilterChain.java:174)
	at org.apache.catalina.core.ApplicationFilterChain.doFilter(ApplicationFilterChain.java:149)
	at org.springframework.web.filter.CharacterEncodingFilter.doFilterInternal(CharacterEncodingFilter.java:201)
	at org.springframework.web.filter.OncePerRequestFilter.doFilter(OncePerRequestFilter.java:116)
	at org.apache.catalina.core.ApplicationFilterChain.internalDoFilter(ApplicationFilterChain.java:174)
	at org.apache.catalina.core.ApplicationFilterChain.doFilter(ApplicationFilterChain.java:149)
	at org.apache.catalina.core.StandardWrapperValve.invoke(StandardWrapperValve.java:167)
	at org.apache.catalina.core.StandardContextValve.invoke(StandardContextValve.java:90)
	at org.apache.catalina.authenticator.AuthenticatorBase.invoke(AuthenticatorBase.java:482)
	at org.apache.catalina.core.StandardHostValve.invoke(StandardHostValve.java:115)
	at org.apache.catalina.valves.ErrorReportValve.invoke(ErrorReportValve.java:93)
	at org.apache.catalina.core.StandardEngineValve.invoke(StandardEngineValve.java:74)
	at org.apache.catalina.connector.CoyoteAdapter.service(CoyoteAdapter.java:340)
	at org.apache.coyote.http11.Http11Processor.service(Http11Processor.java:391)
	at org.apache.coyote.AbstractProcessorLight.process(AbstractProcessorLight.java:63)
	at org.apache.coyote.AbstractProtocol$ConnectionHandler.process(AbstractProtocol.java:896)
	at org.apache.tomcat.util.net.NioEndpoint$SocketProcessor.doRun(NioEndpoint.java:1744)
	at org.apache.tomcat.util.net.SocketProcessorBase.run(SocketProcessorBase.java:52)
	at org.apache.tomcat.util.threads.ThreadPoolExecutor.runWorker(ThreadPoolExecutor.java:1191)
	at org.apache.tomcat.util.threads.ThreadPoolExecutor$Worker.run(ThreadPoolExecutor.java:659)
	at org.apache.tomcat.util.threads.TaskThread$WrappingRunnable.run(TaskThread.java:61)
	at java.base/java.lang.Thread.run(Thread.java:842)
2026-08-07 16:01:04.638 [http-nio-8080-exec-2] DEBUG o.s.security.web.FilterChainProxy - Securing POST /login?username=%22admin%22&password=%22123456%22&captcha=%22rYx5%22&captchaKey=%22702952eb-7249-4e51-bf00-034468c6a42d%22
2026-08-07 16:01:04.638 [http-nio-8080-exec-2] DEBUG o.s.s.w.a.AnonymousAuthenticationFilter - Set SecurityContextHolder to anonymous SecurityContext
2026-08-07 16:01:04.638 [http-nio-8080-exec-2] DEBUG o.s.security.web.FilterChainProxy - Secured POST /login?username=%22admin%22&password=%22123456%22&captcha=%22rYx5%22&captchaKey=%22702952eb-7249-4e51-bf00-034468c6a42d%22
2026-08-07 16:01:04.644 [http-nio-8080-exec-2] ERROR c.p.exception.GlobalExceptionHandler - [系统异常] POST /login — HttpMessageNotReadableException: Required request body is missing: public com.pes.common.Result<com.pes.dto.response.LoginResp> com.pes.controller.AuthController.login(com.pes.dto.request.LoginReq)
org.springframework.http.converter.HttpMessageNotReadableException: Required request body is missing: public com.pes.common.Result<com.pes.dto.response.LoginResp> com.pes.controller.AuthController.login(com.pes.dto.request.LoginReq)
	at org.springframework.web.servlet.mvc.method.annotation.RequestResponseBodyMethodProcessor.readWithMessageConverters(RequestResponseBodyMethodProcessor.java:162)
	at org.springframework.web.servlet.mvc.method.annotation.RequestResponseBodyMethodProcessor.resolveArgument(RequestResponseBodyMethodProcessor.java:134)
	at org.springframework.web.method.support.HandlerMethodArgumentResolverComposite.resolveArgument(HandlerMethodArgumentResolverComposite.java:122)
	at org.springframework.web.method.support.InvocableHandlerMethod.getMethodArgumentValues(InvocableHandlerMethod.java:218)
	at org.springframework.web.method.support.InvocableHandlerMethod.invokeForRequest(InvocableHandlerMethod.java:171)
	at org.springframework.web.servlet.mvc.method.annotation.ServletInvocableHandlerMethod.invokeAndHandle(ServletInvocableHandlerMethod.java:118)
	at org.springframework.web.servlet.mvc.method.annotation.RequestMappingHandlerAdapter.invokeHandlerMethod(RequestMappingHandlerAdapter.java:917)
	at org.springframework.web.servlet.mvc.method.annotation.RequestMappingHandlerAdapter.handleInternal(RequestMappingHandlerAdapter.java:829)
	at org.springframework.web.servlet.mvc.method.AbstractHandlerMethodAdapter.handle(AbstractHandlerMethodAdapter.java:87)
	at org.springframework.web.servlet.DispatcherServlet.doDispatch(DispatcherServlet.java:1089)
	at org.springframework.web.servlet.DispatcherServlet.doService(DispatcherServlet.java:979)
	at org.springframework.web.servlet.FrameworkServlet.processRequest(FrameworkServlet.java:1014)
	at org.springframework.web.servlet.FrameworkServlet.doPost(FrameworkServlet.java:914)
	at jakarta.servlet.http.HttpServlet.service(HttpServlet.java:590)
	at org.springframework.web.servlet.FrameworkServlet.service(FrameworkServlet.java:885)
	at jakarta.servlet.http.HttpServlet.service(HttpServlet.java:658)
	at org.apache.catalina.core.ApplicationFilterChain.internalDoFilter(ApplicationFilterChain.java:205)
	at org.apache.catalina.core.ApplicationFilterChain.doFilter(ApplicationFilterChain.java:149)
	at org.apache.tomcat.websocket.server.WsFilter.doFilter(WsFilter.java:51)
	at org.apache.catalina.core.ApplicationFilterChain.internalDoFilter(ApplicationFilterChain.java:174)
	at org.apache.catalina.core.ApplicationFilterChain.doFilter(ApplicationFilterChain.java:149)
	at org.springframework.web.filter.OncePerRequestFilter.doFilter(OncePerRequestFilter.java:110)
	at org.apache.catalina.core.ApplicationFilterChain.internalDoFilter(ApplicationFilterChain.java:174)
	at org.apache.catalina.core.ApplicationFilterChain.doFilter(ApplicationFilterChain.java:149)
	at org.springframework.web.filter.OncePerRequestFilter.doFilter(OncePerRequestFilter.java:110)
	at org.apache.catalina.core.ApplicationFilterChain.internalDoFilter(ApplicationFilterChain.java:174)
	at org.apache.catalina.core.ApplicationFilterChain.doFilter(ApplicationFilterChain.java:149)
	at org.springframework.security.web.FilterChainProxy.lambda$doFilterInternal$3(FilterChainProxy.java:231)
	at org.springframework.security.web.FilterChainProxy$VirtualFilterChain.doFilter(FilterChainProxy.java:365)
	at org.springframework.security.web.access.intercept.AuthorizationFilter.doFilter(AuthorizationFilter.java:100)
	at org.springframework.security.web.FilterChainProxy$VirtualFilterChain.doFilter(FilterChainProxy.java:374)
	at org.springframework.security.web.access.ExceptionTranslationFilter.doFilter(ExceptionTranslationFilter.java:126)
	at org.springframework.security.web.access.ExceptionTranslationFilter.doFilter(ExceptionTranslationFilter.java:120)
	at org.springframework.security.web.FilterChainProxy$VirtualFilterChain.doFilter(FilterChainProxy.java:374)
	at org.springframework.security.web.session.SessionManagementFilter.doFilter(SessionManagementFilter.java:131)
	at org.springframework.security.web.session.SessionManagementFilter.doFilter(SessionManagementFilter.java:85)
	at org.springframework.security.web.FilterChainProxy$VirtualFilterChain.doFilter(FilterChainProxy.java:374)
	at org.springframework.security.web.authentication.AnonymousAuthenticationFilter.doFilter(AnonymousAuthenticationFilter.java:100)
	at org.springframework.security.web.FilterChainProxy$VirtualFilterChain.doFilter(FilterChainProxy.java:374)
	at org.springframework.security.web.servletapi.SecurityContextHolderAwareRequestFilter.doFilter(SecurityContextHolderAwareRequestFilter.java:179)
	at org.springframework.security.web.FilterChainProxy$VirtualFilterChain.doFilter(FilterChainProxy.java:374)
	at org.springframework.security.web.savedrequest.RequestCacheAwareFilter.doFilter(RequestCacheAwareFilter.java:63)
	at org.springframework.security.web.FilterChainProxy$VirtualFilterChain.doFilter(FilterChainProxy.java:374)
	at com.pes.security.filter.JwtAuthenticationFilter.doFilterInternal(JwtAuthenticationFilter.java:67)
	at org.springframework.web.filter.OncePerRequestFilter.doFilter(OncePerRequestFilter.java:116)
	at org.springframework.security.web.FilterChainProxy$VirtualFilterChain.doFilter(FilterChainProxy.java:374)
	at org.springframework.security.web.authentication.logout.LogoutFilter.doFilter(LogoutFilter.java:107)
	at org.springframework.security.web.authentication.logout.LogoutFilter.doFilter(LogoutFilter.java:93)
	at org.springframework.security.web.FilterChainProxy$VirtualFilterChain.doFilter(FilterChainProxy.java:374)
	at org.springframework.web.filter.CorsFilter.doFilterInternal(CorsFilter.java:91)
	at org.springframework.web.filter.OncePerRequestFilter.doFilter(OncePerRequestFilter.java:116)
	at org.springframework.security.web.FilterChainProxy$VirtualFilterChain.doFilter(FilterChainProxy.java:374)
	at org.springframework.security.web.header.HeaderWriterFilter.doHeadersAfter(HeaderWriterFilter.java:90)
	at org.springframework.security.web.header.HeaderWriterFilter.doFilterInternal(HeaderWriterFilter.java:75)
	at org.springframework.web.filter.OncePerRequestFilter.doFilter(OncePerRequestFilter.java:116)
	at org.springframework.security.web.FilterChainProxy$VirtualFilterChain.doFilter(FilterChainProxy.java:374)
	at org.springframework.security.web.context.SecurityContextHolderFilter.doFilter(SecurityContextHolderFilter.java:82)
	at org.springframework.security.web.context.SecurityContextHolderFilter.doFilter(SecurityContextHolderFilter.java:69)
	at org.springframework.security.web.FilterChainProxy$VirtualFilterChain.doFilter(FilterChainProxy.java:374)
	at org.springframework.security.web.context.request.async.WebAsyncManagerIntegrationFilter.doFilterInternal(WebAsyncManagerIntegrationFilter.java:62)
	at org.springframework.web.filter.OncePerRequestFilter.doFilter(OncePerRequestFilter.java:116)
	at org.springframework.security.web.FilterChainProxy$VirtualFilterChain.doFilter(FilterChainProxy.java:374)
	at org.springframework.security.web.session.DisableEncodeUrlFilter.doFilterInternal(DisableEncodeUrlFilter.java:42)
	at org.springframework.web.filter.OncePerRequestFilter.doFilter(OncePerRequestFilter.java:116)
	at org.springframework.security.web.FilterChainProxy$VirtualFilterChain.doFilter(FilterChainProxy.java:374)
	at org.springframework.security.web.FilterChainProxy.doFilterInternal(FilterChainProxy.java:233)
	at org.springframework.security.web.FilterChainProxy.doFilter(FilterChainProxy.java:191)
	at org.springframework.web.filter.DelegatingFilterProxy.invokeDelegate(DelegatingFilterProxy.java:352)
	at org.springframework.web.filter.DelegatingFilterProxy.doFilter(DelegatingFilterProxy.java:268)
	at org.apache.catalina.core.ApplicationFilterChain.internalDoFilter(ApplicationFilterChain.java:174)
	at org.apache.catalina.core.ApplicationFilterChain.doFilter(ApplicationFilterChain.java:149)
	at org.springframework.web.filter.RequestContextFilter.doFilterInternal(RequestContextFilter.java:100)
	at org.springframework.web.filter.OncePerRequestFilter.doFilter(OncePerRequestFilter.java:116)
	at org.apache.catalina.core.ApplicationFilterChain.internalDoFilter(ApplicationFilterChain.java:174)
	at org.apache.catalina.core.ApplicationFilterChain.doFilter(ApplicationFilterChain.java:149)
	at org.springframework.web.filter.FormContentFilter.doFilterInternal(FormContentFilter.java:93)
	at org.springframework.web.filter.OncePerRequestFilter.doFilter(OncePerRequestFilter.java:116)
	at org.apache.catalina.core.ApplicationFilterChain.internalDoFilter(ApplicationFilterChain.java:174)
	at org.apache.catalina.core.ApplicationFilterChain.doFilter(ApplicationFilterChain.java:149)
	at org.springframework.web.filter.CharacterEncodingFilter.doFilterInternal(CharacterEncodingFilter.java:201)
	at org.springframework.web.filter.OncePerRequestFilter.doFilter(OncePerRequestFilter.java:116)
	at org.apache.catalina.core.ApplicationFilterChain.internalDoFilter(ApplicationFilterChain.java:174)
	at org.apache.catalina.core.ApplicationFilterChain.doFilter(ApplicationFilterChain.java:149)
	at org.apache.catalina.core.StandardWrapperValve.invoke(StandardWrapperValve.java:167)
	at org.apache.catalina.core.StandardContextValve.invoke(StandardContextValve.java:90)
	at org.apache.catalina.authenticator.AuthenticatorBase.invoke(AuthenticatorBase.java:482)
	at org.apache.catalina.core.StandardHostValve.invoke(StandardHostValve.java:115)
	at org.apache.catalina.valves.ErrorReportValve.invoke(ErrorReportValve.java:93)
	at org.apache.catalina.core.StandardEngineValve.invoke(StandardEngineValve.java:74)
	at org.apache.catalina.connector.CoyoteAdapter.service(CoyoteAdapter.java:340)
	at org.apache.coyote.http11.Http11Processor.service(Http11Processor.java:391)
	at org.apache.coyote.AbstractProcessorLight.process(AbstractProcessorLight.java:63)
	at org.apache.coyote.AbstractProtocol$ConnectionHandler.process(AbstractProtocol.java:896)
	at org.apache.tomcat.util.net.NioEndpoint$SocketProcessor.doRun(NioEndpoint.java:1744)
	at org.apache.tomcat.util.net.SocketProcessorBase.run(SocketProcessorBase.java:52)
	at org.apache.tomcat.util.threads.ThreadPoolExecutor.runWorker(ThreadPoolExecutor.java:1191)
	at org.apache.tomcat.util.threads.ThreadPoolExecutor$Worker.run(ThreadPoolExecutor.java:659)
	at org.apache.tomcat.util.threads.TaskThread$WrappingRunnable.run(TaskThread.java:61)
	at java.base/java.lang.Thread.run(Thread.java:842)
2026-08-07 16:02:11.075 [http-nio-8080-exec-4] DEBUG o.s.security.web.FilterChainProxy - Securing POST /login
2026-08-07 16:02:11.075 [http-nio-8080-exec-4] DEBUG o.s.s.w.a.AnonymousAuthenticationFilter - Set SecurityContextHolder to anonymous SecurityContext
2026-08-07 16:02:11.075 [http-nio-8080-exec-4] DEBUG o.s.security.web.FilterChainProxy - Secured POST /login
2026-08-07 16:02:11.149 [http-nio-8080-exec-4] WARN  c.p.exception.GlobalExceptionHandler - [业务异常] POST /login — code=1004, httpStatus=400, msg=验证码错误
2026-08-07 16:02:43.627 [http-nio-8080-exec-6] DEBUG o.s.security.web.FilterChainProxy - Securing POST /login
2026-08-07 16:02:43.627 [http-nio-8080-exec-6] DEBUG o.s.s.w.a.AnonymousAuthenticationFilter - Set SecurityContextHolder to anonymous SecurityContext
2026-08-07 16:02:43.627 [http-nio-8080-exec-6] DEBUG o.s.security.web.FilterChainProxy - Secured POST /login
2026-08-07 16:02:43.632 [http-nio-8080-exec-6] WARN  c.p.exception.GlobalExceptionHandler - [业务异常] POST /login — code=1004, httpStatus=400, msg=验证码错误
2026-08-07 16:02:55.344 [http-nio-8080-exec-8] DEBUG o.s.security.web.FilterChainProxy - Securing GET /captcha
2026-08-07 16:02:55.346 [http-nio-8080-exec-8] DEBUG o.s.s.w.a.AnonymousAuthenticationFilter - Set SecurityContextHolder to anonymous SecurityContext
2026-08-07 16:02:55.346 [http-nio-8080-exec-8] DEBUG o.s.security.web.FilterChainProxy - Secured GET /captcha
2026-08-07 16:05:25.350 [http-nio-8080-exec-1] DEBUG o.s.security.web.FilterChainProxy - Securing POST /login
2026-08-07 16:05:25.350 [http-nio-8080-exec-1] DEBUG o.s.s.w.a.AnonymousAuthenticationFilter - Set SecurityContextHolder to anonymous SecurityContext
2026-08-07 16:05:25.350 [http-nio-8080-exec-1] DEBUG o.s.security.web.FilterChainProxy - Secured POST /login
2026-08-07 16:05:25.350 [http-nio-8080-exec-1] WARN  c.p.exception.GlobalExceptionHandler - [业务异常] POST /login — code=1004, httpStatus=400, msg=验证码错误
2026-08-07 16:05:30.888 [http-nio-8080-exec-3] DEBUG o.s.security.web.FilterChainProxy - Securing POST /login
2026-08-07 16:05:30.890 [http-nio-8080-exec-3] DEBUG o.s.s.w.a.AnonymousAuthenticationFilter - Set SecurityContextHolder to anonymous SecurityContext
2026-08-07 16:05:30.890 [http-nio-8080-exec-3] DEBUG o.s.security.web.FilterChainProxy - Secured POST /login
2026-08-07 16:05:30.892 [http-nio-8080-exec-3] WARN  c.p.exception.GlobalExceptionHandler - [业务异常] POST /login — code=1004, httpStatus=400, msg=验证码错误
2026-08-07 16:05:45.833 [http-nio-8080-exec-5] DEBUG o.s.security.web.FilterChainProxy - Securing POST /login
2026-08-07 16:05:45.833 [http-nio-8080-exec-5] DEBUG o.s.s.w.a.AnonymousAuthenticationFilter - Set SecurityContextHolder to anonymous SecurityContext
2026-08-07 16:05:45.835 [http-nio-8080-exec-5] DEBUG o.s.security.web.FilterChainProxy - Secured POST /login
2026-08-07 16:05:45.838 [http-nio-8080-exec-5] WARN  c.p.exception.GlobalExceptionHandler - [业务异常] POST /login — code=1004, httpStatus=400, msg=验证码错误
2026-08-07 16:05:47.284 [http-nio-8080-exec-7] DEBUG o.s.security.web.FilterChainProxy - Securing POST /login
2026-08-07 16:05:47.285 [http-nio-8080-exec-7] DEBUG o.s.s.w.a.AnonymousAuthenticationFilter - Set SecurityContextHolder to anonymous SecurityContext
2026-08-07 16:05:47.285 [http-nio-8080-exec-7] DEBUG o.s.security.web.FilterChainProxy - Secured POST /login
2026-08-07 16:05:47.286 [http-nio-8080-exec-7] WARN  c.p.exception.GlobalExceptionHandler - [业务异常] POST /login — code=1004, httpStatus=400, msg=验证码错误
2026-08-07 16:06:23.238 [http-nio-8080-exec-9] DEBUG o.s.security.web.FilterChainProxy - Securing POST /login
2026-08-07 16:06:23.239 [http-nio-8080-exec-9] DEBUG o.s.s.w.a.AnonymousAuthenticationFilter - Set SecurityContextHolder to anonymous SecurityContext
2026-08-07 16:06:23.239 [http-nio-8080-exec-9] DEBUG o.s.security.web.FilterChainProxy - Secured POST /login
2026-08-07 16:06:23.249 [http-nio-8080-exec-9] WARN  c.p.exception.GlobalExceptionHandler - [参数校验失败] POST /login — captcha: 验证码不能为空
2026-08-07 16:13:33.144 [http-nio-8080-exec-1] DEBUG o.s.security.web.FilterChainProxy - Securing GET /captcha
2026-08-07 16:13:33.146 [http-nio-8080-exec-1] DEBUG o.s.s.w.a.AnonymousAuthenticationFilter - Set SecurityContextHolder to anonymous SecurityContext
2026-08-07 16:13:33.146 [http-nio-8080-exec-1] DEBUG o.s.security.web.FilterChainProxy - Secured GET /captcha
2026-08-07 16:14:24.960 [http-nio-8080-exec-2] DEBUG o.s.security.web.FilterChainProxy - Securing GET /captcha
2026-08-07 16:14:24.960 [http-nio-8080-exec-2] DEBUG o.s.s.w.a.AnonymousAuthenticationFilter - Set SecurityContextHolder to anonymous SecurityContext
2026-08-07 16:14:24.960 [http-nio-8080-exec-2] DEBUG o.s.security.web.FilterChainProxy - Secured GET /captcha
2026-08-07 16:15:20.340 [http-nio-8080-exec-3] DEBUG o.s.security.web.FilterChainProxy - Securing POST /login
2026-08-07 16:15:20.340 [http-nio-8080-exec-3] DEBUG o.s.s.w.a.AnonymousAuthenticationFilter - Set SecurityContextHolder to anonymous SecurityContext
2026-08-07 16:15:20.340 [http-nio-8080-exec-3] DEBUG o.s.security.web.FilterChainProxy - Secured POST /login
2026-08-07 16:15:20.519 [http-nio-8080-exec-3] DEBUG c.p.mapper.SysUserMapper.selectList - ==>  Preparing: SELECT id,username,password,nickname,email,phone,status,create_time,update_time,version FROM sys_user WHERE (username = ?)
2026-08-07 16:15:20.540 [http-nio-8080-exec-3] DEBUG c.p.mapper.SysUserMapper.selectList - ==> Parameters: admin(String)
2026-08-07 16:15:20.579 [http-nio-8080-exec-3] DEBUG c.p.mapper.SysUserMapper.selectList - <==      Total: 1
2026-08-07 16:15:20.584 [http-nio-8080-exec-3] DEBUG c.p.m.SysUserRoleMapper.selectList - ==>  Preparing: SELECT id,user_id,role_id FROM sys_user_role WHERE (user_id = ?)
2026-08-07 16:15:20.584 [http-nio-8080-exec-3] DEBUG c.p.m.SysUserRoleMapper.selectList - ==> Parameters: 1(Long)
2026-08-07 16:15:20.585 [http-nio-8080-exec-3] DEBUG c.p.m.SysUserRoleMapper.selectList - <==      Total: 1
2026-08-07 16:15:20.589 [http-nio-8080-exec-3] DEBUG c.p.mapper.SysRoleMapper.selectById - ==>  Preparing: SELECT id,name,code,description,status,create_time,update_time,version FROM sys_role WHERE id=?
2026-08-07 16:15:20.589 [http-nio-8080-exec-3] DEBUG c.p.mapper.SysRoleMapper.selectById - ==> Parameters: 1(Long)
2026-08-07 16:15:20.591 [http-nio-8080-exec-3] DEBUG c.p.mapper.SysRoleMapper.selectById - <==      Total: 1
2026-08-07 16:15:20.592 [http-nio-8080-exec-3] DEBUG c.p.m.S.selectMenuByRoleId - ==>  Preparing: SELECT m.* FROM sys_menu m INNER JOIN sys_role_menu rm ON m.id = rm.menu_id WHERE rm.role_id = ?
2026-08-07 16:15:20.592 [http-nio-8080-exec-3] DEBUG c.p.m.S.selectMenuByRoleId - ==> Parameters: 1(Long)
2026-08-07 16:15:20.602 [http-nio-8080-exec-3] DEBUG c.p.m.S.selectMenuByRoleId - <==      Total: 21
2026-08-07 16:15:20.667 [http-nio-8080-exec-3] DEBUG o.s.s.a.d.DaoAuthenticationProvider - Authenticated user
2026-08-07 16:15:20.735 [http-nio-8080-exec-3] DEBUG c.p.mapper.SysUserMapper.selectList - ==>  Preparing: SELECT id,username,password,nickname,email,phone,status,create_time,update_time,version FROM sys_user WHERE (username = ?)
2026-08-07 16:15:20.735 [http-nio-8080-exec-3] DEBUG c.p.mapper.SysUserMapper.selectList - ==> Parameters: admin(String)
2026-08-07 16:15:20.737 [http-nio-8080-exec-3] DEBUG c.p.mapper.SysUserMapper.selectList - <==      Total: 1
2026-08-07 16:15:20.738 [http-nio-8080-exec-3] DEBUG c.p.m.SysUserRoleMapper.selectList - ==>  Preparing: SELECT id,user_id,role_id FROM sys_user_role WHERE (user_id = ?)
2026-08-07 16:15:20.738 [http-nio-8080-exec-3] DEBUG c.p.m.SysUserRoleMapper.selectList - ==> Parameters: 1(Long)
2026-08-07 16:15:20.740 [http-nio-8080-exec-3] DEBUG c.p.m.SysUserRoleMapper.selectList - <==      Total: 1
2026-08-07 16:15:20.740 [http-nio-8080-exec-3] DEBUG c.p.mapper.SysRoleMapper.selectById - ==>  Preparing: SELECT id,name,code,description,status,create_time,update_time,version FROM sys_role WHERE id=?
2026-08-07 16:15:20.740 [http-nio-8080-exec-3] DEBUG c.p.mapper.SysRoleMapper.selectById - ==> Parameters: 1(Long)
2026-08-07 16:15:20.740 [http-nio-8080-exec-3] DEBUG c.p.mapper.SysRoleMapper.selectById - <==      Total: 1
2026-08-07 16:15:20.742 [http-nio-8080-exec-3] DEBUG c.p.m.SysRoleMenuMapper.selectList - ==>  Preparing: SELECT id,role_id,menu_id FROM sys_role_menu WHERE (role_id = ?)
2026-08-07 16:15:20.742 [http-nio-8080-exec-3] DEBUG c.p.m.SysRoleMenuMapper.selectList - ==> Parameters: 1(Long)
2026-08-07 16:15:20.745 [http-nio-8080-exec-3] DEBUG c.p.m.SysRoleMenuMapper.selectList - <==      Total: 21
2026-08-07 16:15:20.745 [http-nio-8080-exec-3] DEBUG c.p.m.SysMenuMapper.selectBatchIds - ==>  Preparing: SELECT id,parent_id,name,path,component,icon,permission,sort,type,status,create_time,update_time,version FROM sys_menu WHERE id IN ( ? , ? , ? , ? , ? , ? , ? , ? , ? , ? , ? , ? , ? , ? , ? , ? , ? , ? , ? , ? , ? )
2026-08-07 16:15:20.750 [http-nio-8080-exec-3] DEBUG c.p.m.SysMenuMapper.selectBatchIds - ==> Parameters: 1(Long), 2(Long), 3(Long), 4(Long), 5(Long), 6(Long), 7(Long), 8(Long), 9(Long), 10(Long), 11(Long), 12(Long), 13(Long), 14(Long), 15(Long), 16(Long), 17(Long), 18(Long), 19(Long), 20(Long), 21(Long)
2026-08-07 16:15:20.754 [http-nio-8080-exec-3] DEBUG c.p.m.SysMenuMapper.selectBatchIds - <==      Total: 21
2026-08-07 16:15:20.757 [http-nio-8080-exec-3] DEBUG c.p.mapper.SysLoginLogMapper.insert - ==>  Preparing: INSERT INTO sys_login_log ( username, status, login_time ) VALUES ( ?, ?, ? )
2026-08-07 16:15:20.757 [http-nio-8080-exec-3] DEBUG c.p.mapper.SysLoginLogMapper.insert - ==> Parameters: admin(String), 1(Integer), null
2026-08-07 16:15:20.762 [http-nio-8080-exec-3] DEBUG c.p.mapper.SysLoginLogMapper.insert - <==    Updates: 1
2026-08-07 16:15:41.390 [http-nio-8080-exec-4] DEBUG o.s.security.web.FilterChainProxy - Securing POST /login
2026-08-07 16:15:41.391 [http-nio-8080-exec-4] DEBUG o.s.s.w.a.AnonymousAuthenticationFilter - Set SecurityContextHolder to anonymous SecurityContext
2026-08-07 16:15:41.392 [http-nio-8080-exec-4] DEBUG o.s.security.web.FilterChainProxy - Secured POST /login
2026-08-07 16:15:41.395 [http-nio-8080-exec-4] WARN  c.p.exception.GlobalExceptionHandler - [业务异常] POST /login — code=1004, httpStatus=400, msg=验证码错误
2026-08-07 16:15:54.662 [http-nio-8080-exec-6] DEBUG o.s.security.web.FilterChainProxy - Securing POST /login
2026-08-07 16:15:54.664 [http-nio-8080-exec-6] DEBUG o.s.s.w.a.AnonymousAuthenticationFilter - Set SecurityContextHolder to anonymous SecurityContext
2026-08-07 16:15:54.664 [http-nio-8080-exec-6] DEBUG o.s.security.web.FilterChainProxy - Secured POST /login
2026-08-07 16:15:54.664 [http-nio-8080-exec-6] WARN  c.p.exception.GlobalExceptionHandler - [业务异常] POST /login — code=1004, httpStatus=400, msg=验证码错误
2026-08-07 16:15:56.375 [http-nio-8080-exec-8] DEBUG o.s.security.web.FilterChainProxy - Securing POST /login
2026-08-07 16:15:56.375 [http-nio-8080-exec-8] DEBUG o.s.s.w.a.AnonymousAuthenticationFilter - Set SecurityContextHolder to anonymous SecurityContext
2026-08-07 16:15:56.375 [http-nio-8080-exec-8] DEBUG o.s.security.web.FilterChainProxy - Secured POST /login
2026-08-07 16:15:56.378 [http-nio-8080-exec-8] WARN  c.p.exception.GlobalExceptionHandler - [业务异常] POST /login — code=1004, httpStatus=400, msg=验证码错误
2026-08-07 16:15:57.565 [http-nio-8080-exec-10] DEBUG o.s.security.web.FilterChainProxy - Securing POST /login
2026-08-07 16:15:57.565 [http-nio-8080-exec-10] DEBUG o.s.s.w.a.AnonymousAuthenticationFilter - Set SecurityContextHolder to anonymous SecurityContext
2026-08-07 16:15:57.565 [http-nio-8080-exec-10] DEBUG o.s.security.web.FilterChainProxy - Secured POST /login
2026-08-07 16:15:57.565 [http-nio-8080-exec-10] WARN  c.p.exception.GlobalExceptionHandler - [业务异常] POST /login — code=1004, httpStatus=400, msg=验证码错误
2026-08-07 16:15:58.806 [http-nio-8080-exec-2] DEBUG o.s.security.web.FilterChainProxy - Securing POST /login
2026-08-07 16:15:58.806 [http-nio-8080-exec-2] DEBUG o.s.s.w.a.AnonymousAuthenticationFilter - Set SecurityContextHolder to anonymous SecurityContext
2026-08-07 16:15:58.810 [http-nio-8080-exec-2] DEBUG o.s.security.web.FilterChainProxy - Secured POST /login
2026-08-07 16:15:58.810 [http-nio-8080-exec-2] WARN  c.p.exception.GlobalExceptionHandler - [业务异常] POST /login — code=1004, httpStatus=400, msg=验证码错误
2026-08-07 16:16:30.598 [http-nio-8080-exec-4] DEBUG o.s.security.web.FilterChainProxy - Securing GET /captcha
2026-08-07 16:16:30.598 [http-nio-8080-exec-4] DEBUG o.s.s.w.a.AnonymousAuthenticationFilter - Set SecurityContextHolder to anonymous SecurityContext
2026-08-07 16:16:30.598 [http-nio-8080-exec-4] DEBUG o.s.security.web.FilterChainProxy - Secured GET /captcha
2026-08-07 16:17:15.772 [http-nio-8080-exec-5] DEBUG o.s.security.web.FilterChainProxy - Securing POST /login
2026-08-07 16:17:15.775 [http-nio-8080-exec-5] DEBUG o.s.s.w.a.AnonymousAuthenticationFilter - Set SecurityContextHolder to anonymous SecurityContext
2026-08-07 16:17:15.775 [http-nio-8080-exec-5] DEBUG o.s.security.web.FilterChainProxy - Secured POST /login
2026-08-07 16:17:15.775 [http-nio-8080-exec-5] DEBUG c.p.mapper.SysUserMapper.selectList - ==>  Preparing: SELECT id,username,password,nickname,email,phone,status,create_time,update_time,version FROM sys_user WHERE (username = ?)
2026-08-07 16:17:15.775 [http-nio-8080-exec-5] DEBUG c.p.mapper.SysUserMapper.selectList - ==> Parameters: admin(String)
2026-08-07 16:17:15.775 [http-nio-8080-exec-5] DEBUG c.p.mapper.SysUserMapper.selectList - <==      Total: 1
2026-08-07 16:17:15.775 [http-nio-8080-exec-5] DEBUG c.p.m.SysUserRoleMapper.selectList - ==>  Preparing: SELECT id,user_id,role_id FROM sys_user_role WHERE (user_id = ?)
2026-08-07 16:17:15.775 [http-nio-8080-exec-5] DEBUG c.p.m.SysUserRoleMapper.selectList - ==> Parameters: 1(Long)
2026-08-07 16:17:15.775 [http-nio-8080-exec-5] DEBUG c.p.m.SysUserRoleMapper.selectList - <==      Total: 1
2026-08-07 16:17:15.775 [http-nio-8080-exec-5] DEBUG c.p.mapper.SysRoleMapper.selectById - ==>  Preparing: SELECT id,name,code,description,status,create_time,update_time,version FROM sys_role WHERE id=?
2026-08-07 16:17:15.775 [http-nio-8080-exec-5] DEBUG c.p.mapper.SysRoleMapper.selectById - ==> Parameters: 1(Long)
2026-08-07 16:17:15.775 [http-nio-8080-exec-5] DEBUG c.p.mapper.SysRoleMapper.selectById - <==      Total: 1
2026-08-07 16:17:15.775 [http-nio-8080-exec-5] DEBUG c.p.m.S.selectMenuByRoleId - ==>  Preparing: SELECT m.* FROM sys_menu m INNER JOIN sys_role_menu rm ON m.id = rm.menu_id WHERE rm.role_id = ?
2026-08-07 16:17:15.775 [http-nio-8080-exec-5] DEBUG c.p.m.S.selectMenuByRoleId - ==> Parameters: 1(Long)
2026-08-07 16:17:15.783 [http-nio-8080-exec-5] DEBUG c.p.m.S.selectMenuByRoleId - <==      Total: 21
2026-08-07 16:17:15.845 [http-nio-8080-exec-5] DEBUG o.s.s.a.d.DaoAuthenticationProvider - Authenticated user
2026-08-07 16:17:15.845 [http-nio-8080-exec-5] DEBUG c.p.mapper.SysUserMapper.selectList - ==>  Preparing: SELECT id,username,password,nickname,email,phone,status,create_time,update_time,version FROM sys_user WHERE (username = ?)
2026-08-07 16:17:15.845 [http-nio-8080-exec-5] DEBUG c.p.mapper.SysUserMapper.selectList - ==> Parameters: admin(String)
2026-08-07 16:17:15.849 [http-nio-8080-exec-5] DEBUG c.p.mapper.SysUserMapper.selectList - <==      Total: 1
2026-08-07 16:17:15.850 [http-nio-8080-exec-5] DEBUG c.p.m.SysUserRoleMapper.selectList - ==>  Preparing: SELECT id,user_id,role_id FROM sys_user_role WHERE (user_id = ?)
2026-08-07 16:17:15.850 [http-nio-8080-exec-5] DEBUG c.p.m.SysUserRoleMapper.selectList - ==> Parameters: 1(Long)
2026-08-07 16:17:15.850 [http-nio-8080-exec-5] DEBUG c.p.m.SysUserRoleMapper.selectList - <==      Total: 1
2026-08-07 16:17:15.850 [http-nio-8080-exec-5] DEBUG c.p.mapper.SysRoleMapper.selectById - ==>  Preparing: SELECT id,name,code,description,status,create_time,update_time,version FROM sys_role WHERE id=?
2026-08-07 16:17:15.850 [http-nio-8080-exec-5] DEBUG c.p.mapper.SysRoleMapper.selectById - ==> Parameters: 1(Long)
2026-08-07 16:17:15.855 [http-nio-8080-exec-5] DEBUG c.p.mapper.SysRoleMapper.selectById - <==      Total: 1
2026-08-07 16:17:15.857 [http-nio-8080-exec-5] DEBUG c.p.m.SysRoleMenuMapper.selectList - ==>  Preparing: SELECT id,role_id,menu_id FROM sys_role_menu WHERE (role_id = ?)
2026-08-07 16:17:15.857 [http-nio-8080-exec-5] DEBUG c.p.m.SysRoleMenuMapper.selectList - ==> Parameters: 1(Long)
2026-08-07 16:17:15.857 [http-nio-8080-exec-5] DEBUG c.p.m.SysRoleMenuMapper.selectList - <==      Total: 21
2026-08-07 16:17:15.860 [http-nio-8080-exec-5] DEBUG c.p.m.SysMenuMapper.selectBatchIds - ==>  Preparing: SELECT id,parent_id,name,path,component,icon,permission,sort,type,status,create_time,update_time,version FROM sys_menu WHERE id IN ( ? , ? , ? , ? , ? , ? , ? , ? , ? , ? , ? , ? , ? , ? , ? , ? , ? , ? , ? , ? , ? )
2026-08-07 16:17:15.860 [http-nio-8080-exec-5] DEBUG c.p.m.SysMenuMapper.selectBatchIds - ==> Parameters: 1(Long), 2(Long), 3(Long), 4(Long), 5(Long), 6(Long), 7(Long), 8(Long), 9(Long), 10(Long), 11(Long), 12(Long), 13(Long), 14(Long), 15(Long), 16(Long), 17(Long), 18(Long), 19(Long), 20(Long), 21(Long)
2026-08-07 16:17:15.863 [http-nio-8080-exec-5] DEBUG c.p.m.SysMenuMapper.selectBatchIds - <==      Total: 21
2026-08-07 16:17:15.863 [http-nio-8080-exec-5] DEBUG c.p.mapper.SysLoginLogMapper.insert - ==>  Preparing: INSERT INTO sys_login_log ( username, status, login_time ) VALUES ( ?, ?, ? )
2026-08-07 16:17:15.863 [http-nio-8080-exec-5] DEBUG c.p.mapper.SysLoginLogMapper.insert - ==> Parameters: admin(String), 1(Integer), null
2026-08-07 16:17:15.867 [http-nio-8080-exec-5] DEBUG c.p.mapper.SysLoginLogMapper.insert - <==    Updates: 1
2026-08-07 16:22:14.109 [http-nio-8080-exec-8] DEBUG o.s.security.web.FilterChainProxy - Securing POST /register
2026-08-07 16:22:14.110 [http-nio-8080-exec-8] DEBUG o.s.s.w.a.AnonymousAuthenticationFilter - Set SecurityContextHolder to anonymous SecurityContext
2026-08-07 16:22:14.110 [http-nio-8080-exec-8] DEBUG o.s.security.web.FilterChainProxy - Secured POST /register
2026-08-07 16:22:14.119 [http-nio-8080-exec-8] DEBUG c.p.mapper.SysUserMapper.selectList - ==>  Preparing: SELECT id,username,password,nickname,email,phone,status,create_time,update_time,version FROM sys_user WHERE (username = ?)
2026-08-07 16:22:14.119 [http-nio-8080-exec-8] DEBUG c.p.mapper.SysUserMapper.selectList - ==> Parameters: newuser(String)
2026-08-07 16:22:14.120 [http-nio-8080-exec-8] DEBUG c.p.mapper.SysUserMapper.selectList - <==      Total: 0
2026-08-07 16:22:14.182 [http-nio-8080-exec-8] DEBUG com.pes.mapper.SysUserMapper.insert - ==>  Preparing: INSERT INTO sys_user ( username, password, nickname, status, create_time, update_time ) VALUES ( ?, ?, ?, ?, ?, ? )
2026-08-07 16:22:14.184 [http-nio-8080-exec-8] DEBUG com.pes.mapper.SysUserMapper.insert - ==> Parameters: newuser(String), $2a$10$wFXe9hdXaexOGpVNfLpnR.MdmzMPXi3ik7MK6i8WyOniPRkyQjaSy(String), newuser(String), 1(Integer), 2026-08-07T16:22:14.182905500(LocalDateTime), 2026-08-07T16:22:14.182905500(LocalDateTime)
2026-08-07 16:22:14.188 [http-nio-8080-exec-8] DEBUG com.pes.mapper.SysUserMapper.insert - <==    Updates: 1
2026-08-07 16:22:14.189 [http-nio-8080-exec-8] DEBUG c.p.mapper.SysUserRoleMapper.insert - ==>  Preparing: INSERT INTO sys_user_role ( user_id, role_id ) VALUES ( ?, ? )
2026-08-07 16:22:14.190 [http-nio-8080-exec-8] DEBUG c.p.mapper.SysUserRoleMapper.insert - ==> Parameters: 15(Long), 2(Long)
2026-08-07 16:22:14.191 [http-nio-8080-exec-8] DEBUG c.p.mapper.SysUserRoleMapper.insert - <==    Updates: 1
2026-08-07 16:23:13.613 [http-nio-8080-exec-9] DEBUG o.s.security.web.FilterChainProxy - Securing POST /register
2026-08-07 16:23:13.613 [http-nio-8080-exec-9] DEBUG o.s.s.w.a.AnonymousAuthenticationFilter - Set SecurityContextHolder to anonymous SecurityContext
2026-08-07 16:23:13.613 [http-nio-8080-exec-9] DEBUG o.s.security.web.FilterChainProxy - Secured POST /register
2026-08-07 16:23:13.613 [http-nio-8080-exec-9] DEBUG c.p.mapper.SysUserMapper.selectList - ==>  Preparing: SELECT id,username,password,nickname,email,phone,status,create_time,update_time,version FROM sys_user WHERE (username = ?)
2026-08-07 16:23:13.613 [http-nio-8080-exec-9] DEBUG c.p.mapper.SysUserMapper.selectList - ==> Parameters: testuser(String)
2026-08-07 16:23:13.613 [http-nio-8080-exec-9] DEBUG c.p.mapper.SysUserMapper.selectList - <==      Total: 0
2026-08-07 16:23:13.685 [http-nio-8080-exec-9] DEBUG com.pes.mapper.SysUserMapper.insert - ==>  Preparing: INSERT INTO sys_user ( username, password, nickname, email, phone, status, create_time, update_time ) VALUES ( ?, ?, ?, ?, ?, ?, ?, ? )
2026-08-07 16:23:13.685 [http-nio-8080-exec-9] DEBUG com.pes.mapper.SysUserMapper.insert - ==> Parameters: testuser(String), $2a$10$CoXe.8fuuQrdlRoO1SDRe.G.D.sV.zq6av8gmll0M9Xec.cfsnrly(String), 测试用户(String), test@pes.com(String), 13800000099(String), 1(Integer), 2026-08-07T16:23:13.685804500(LocalDateTime), 2026-08-07T16:23:13.685804500(LocalDateTime)
2026-08-07 16:23:13.689 [http-nio-8080-exec-9] DEBUG com.pes.mapper.SysUserMapper.insert - <==    Updates: 1
2026-08-07 16:23:13.690 [http-nio-8080-exec-9] DEBUG c.p.mapper.SysUserRoleMapper.insert - ==>  Preparing: INSERT INTO sys_user_role ( user_id, role_id ) VALUES ( ?, ? )
2026-08-07 16:23:13.690 [http-nio-8080-exec-9] DEBUG c.p.mapper.SysUserRoleMapper.insert - ==> Parameters: 16(Long), 2(Long)
2026-08-07 16:23:13.690 [http-nio-8080-exec-9] DEBUG c.p.mapper.SysUserRoleMapper.insert - <==    Updates: 1
2026-08-07 16:23:48.646 [http-nio-8080-exec-10] DEBUG o.s.security.web.FilterChainProxy - Securing POST /register
2026-08-07 16:23:48.646 [http-nio-8080-exec-10] DEBUG o.s.s.w.a.AnonymousAuthenticationFilter - Set SecurityContextHolder to anonymous SecurityContext
2026-08-07 16:23:48.646 [http-nio-8080-exec-10] DEBUG o.s.security.web.FilterChainProxy - Secured POST /register
2026-08-07 16:23:48.646 [http-nio-8080-exec-10] WARN  c.p.exception.GlobalExceptionHandler - [参数校验失败] POST /register — username: 用户名长度必须在3-50个字符之间; username: 用户名不能为空
2026-08-07 16:24:13.107 [http-nio-8080-exec-2] DEBUG o.s.security.web.FilterChainProxy - Securing POST /register
2026-08-07 16:24:13.107 [http-nio-8080-exec-2] DEBUG o.s.s.w.a.AnonymousAuthenticationFilter - Set SecurityContextHolder to anonymous SecurityContext
2026-08-07 16:24:13.108 [http-nio-8080-exec-2] DEBUG o.s.security.web.FilterChainProxy - Secured POST /register
2026-08-07 16:24:13.108 [http-nio-8080-exec-2] WARN  c.p.exception.GlobalExceptionHandler - [参数校验失败] POST /register — username: 用户名长度必须在3-50个字符之间; username: 用户名不能为空
2026-08-07 16:24:49.245 [http-nio-8080-exec-4] DEBUG o.s.security.web.FilterChainProxy - Securing POST /register
2026-08-07 16:24:49.245 [http-nio-8080-exec-4] DEBUG o.s.s.w.a.AnonymousAuthenticationFilter - Set SecurityContextHolder to anonymous SecurityContext
2026-08-07 16:24:49.245 [http-nio-8080-exec-4] DEBUG o.s.security.web.FilterChainProxy - Secured POST /register
2026-08-07 16:24:49.245 [http-nio-8080-exec-4] WARN  c.p.exception.GlobalExceptionHandler - [参数校验失败] POST /register — username: 用户名长度必须在3-50个字符之间
2026-08-07 16:25:25.111 [http-nio-8080-exec-6] DEBUG o.s.security.web.FilterChainProxy - Securing POST /register
2026-08-07 16:25:25.111 [http-nio-8080-exec-6] DEBUG o.s.s.w.a.AnonymousAuthenticationFilter - Set SecurityContextHolder to anonymous SecurityContext
2026-08-07 16:25:25.111 [http-nio-8080-exec-6] DEBUG o.s.security.web.FilterChainProxy - Secured POST /register
2026-08-07 16:25:25.114 [http-nio-8080-exec-6] DEBUG c.p.mapper.SysUserMapper.selectList - ==>  Preparing: SELECT id,username,password,nickname,email,phone,status,create_time,update_time,version FROM sys_user WHERE (username = ?)
2026-08-07 16:25:25.114 [http-nio-8080-exec-6] DEBUG c.p.mapper.SysUserMapper.selectList - ==> Parameters: admin(String)
2026-08-07 16:25:25.116 [http-nio-8080-exec-6] DEBUG c.p.mapper.SysUserMapper.selectList - <==      Total: 1
2026-08-07 16:25:25.116 [http-nio-8080-exec-6] WARN  c.p.exception.GlobalExceptionHandler - [业务异常] POST /register — code=1005, httpStatus=409, msg=用户名已存在
2026-08-07 16:34:55.094 [http-nio-8080-exec-9] DEBUG o.s.security.web.FilterChainProxy - Securing POST /logout
2026-08-07 16:34:55.094 [http-nio-8080-exec-9] DEBUG o.s.s.w.a.logout.LogoutFilter - Logging out [null]
2026-08-07 16:34:55.094 [http-nio-8080-exec-9] DEBUG o.s.s.web.DefaultRedirectStrategy - Redirecting to /login?logout
2026-08-07 16:34:55.100 [http-nio-8080-exec-10] DEBUG o.s.security.web.FilterChainProxy - Securing GET /login?logout
2026-08-07 16:34:55.100 [http-nio-8080-exec-10] DEBUG o.s.s.w.a.AnonymousAuthenticationFilter - Set SecurityContextHolder to anonymous SecurityContext
2026-08-07 16:34:55.104 [http-nio-8080-exec-10] DEBUG o.s.security.web.FilterChainProxy - Secured GET /login?logout
2026-08-07 16:34:55.105 [http-nio-8080-exec-10] ERROR c.p.exception.GlobalExceptionHandler - [系统异常] GET /login — HttpRequestMethodNotSupportedException: Request method 'GET' is not supported
org.springframework.web.HttpRequestMethodNotSupportedException: Request method 'GET' is not supported
	at org.springframework.web.servlet.mvc.method.RequestMappingInfoHandlerMapping.handleNoMatch(RequestMappingInfoHandlerMapping.java:265)
	at org.springframework.web.servlet.handler.AbstractHandlerMethodMapping.lookupHandlerMethod(AbstractHandlerMethodMapping.java:441)
	at org.springframework.web.servlet.handler.AbstractHandlerMethodMapping.getHandlerInternal(AbstractHandlerMethodMapping.java:382)
	at org.springframework.web.servlet.mvc.method.RequestMappingInfoHandlerMapping.getHandlerInternal(RequestMappingInfoHandlerMapping.java:126)
	at org.springframework.web.servlet.mvc.method.RequestMappingInfoHandlerMapping.getHandlerInternal(RequestMappingInfoHandlerMapping.java:68)
	at org.springframework.web.servlet.handler.AbstractHandlerMapping.getHandler(AbstractHandlerMapping.java:507)
	at org.springframework.web.servlet.DispatcherServlet.getHandler(DispatcherServlet.java:1283)
	at org.springframework.web.servlet.DispatcherServlet.doDispatch(DispatcherServlet.java:1065)
	at org.springframework.web.servlet.DispatcherServlet.doService(DispatcherServlet.java:979)
	at org.springframework.web.servlet.FrameworkServlet.processRequest(FrameworkServlet.java:1014)
	at org.springframework.web.servlet.FrameworkServlet.doGet(FrameworkServlet.java:903)
	at jakarta.servlet.http.HttpServlet.service(HttpServlet.java:564)
	at org.springframework.web.servlet.FrameworkServlet.service(FrameworkServlet.java:885)
	at jakarta.servlet.http.HttpServlet.service(HttpServlet.java:658)
	at org.apache.catalina.core.ApplicationFilterChain.internalDoFilter(ApplicationFilterChain.java:205)
	at org.apache.catalina.core.ApplicationFilterChain.doFilter(ApplicationFilterChain.java:149)
	at org.apache.tomcat.websocket.server.WsFilter.doFilter(WsFilter.java:51)
	at org.apache.catalina.core.ApplicationFilterChain.internalDoFilter(ApplicationFilterChain.java:174)
	at org.apache.catalina.core.ApplicationFilterChain.doFilter(ApplicationFilterChain.java:149)
	at org.springframework.web.filter.OncePerRequestFilter.doFilter(OncePerRequestFilter.java:110)
	at org.apache.catalina.core.ApplicationFilterChain.internalDoFilter(ApplicationFilterChain.java:174)
	at org.apache.catalina.core.ApplicationFilterChain.doFilter(ApplicationFilterChain.java:149)
	at org.springframework.web.filter.OncePerRequestFilter.doFilter(OncePerRequestFilter.java:110)
	at org.apache.catalina.core.ApplicationFilterChain.internalDoFilter(ApplicationFilterChain.java:174)
	at org.apache.catalina.core.ApplicationFilterChain.doFilter(ApplicationFilterChain.java:149)
	at org.springframework.security.web.FilterChainProxy.lambda$doFilterInternal$3(FilterChainProxy.java:231)
	at org.springframework.security.web.FilterChainProxy$VirtualFilterChain.doFilter(FilterChainProxy.java:365)
	at org.springframework.security.web.access.intercept.AuthorizationFilter.doFilter(AuthorizationFilter.java:100)
	at org.springframework.security.web.FilterChainProxy$VirtualFilterChain.doFilter(FilterChainProxy.java:374)
	at org.springframework.security.web.access.ExceptionTranslationFilter.doFilter(ExceptionTranslationFilter.java:126)
	at org.springframework.security.web.access.ExceptionTranslationFilter.doFilter(ExceptionTranslationFilter.java:120)
	at org.springframework.security.web.FilterChainProxy$VirtualFilterChain.doFilter(FilterChainProxy.java:374)
	at org.springframework.security.web.session.SessionManagementFilter.doFilter(SessionManagementFilter.java:131)
	at org.springframework.security.web.session.SessionManagementFilter.doFilter(SessionManagementFilter.java:85)
	at org.springframework.security.web.FilterChainProxy$VirtualFilterChain.doFilter(FilterChainProxy.java:374)
	at org.springframework.security.web.authentication.AnonymousAuthenticationFilter.doFilter(AnonymousAuthenticationFilter.java:100)
	at org.springframework.security.web.FilterChainProxy$VirtualFilterChain.doFilter(FilterChainProxy.java:374)
	at org.springframework.security.web.servletapi.SecurityContextHolderAwareRequestFilter.doFilter(SecurityContextHolderAwareRequestFilter.java:179)
	at org.springframework.security.web.FilterChainProxy$VirtualFilterChain.doFilter(FilterChainProxy.java:374)
	at org.springframework.security.web.savedrequest.RequestCacheAwareFilter.doFilter(RequestCacheAwareFilter.java:63)
	at org.springframework.security.web.FilterChainProxy$VirtualFilterChain.doFilter(FilterChainProxy.java:374)
	at com.pes.security.filter.JwtAuthenticationFilter.doFilterInternal(JwtAuthenticationFilter.java:67)
	at org.springframework.web.filter.OncePerRequestFilter.doFilter(OncePerRequestFilter.java:116)
	at org.springframework.security.web.FilterChainProxy$VirtualFilterChain.doFilter(FilterChainProxy.java:374)
	at org.springframework.security.web.authentication.logout.LogoutFilter.doFilter(LogoutFilter.java:107)
	at org.springframework.security.web.authentication.logout.LogoutFilter.doFilter(LogoutFilter.java:93)
	at org.springframework.security.web.FilterChainProxy$VirtualFilterChain.doFilter(FilterChainProxy.java:374)
	at org.springframework.web.filter.CorsFilter.doFilterInternal(CorsFilter.java:91)
	at org.springframework.web.filter.OncePerRequestFilter.doFilter(OncePerRequestFilter.java:116)
	at org.springframework.security.web.FilterChainProxy$VirtualFilterChain.doFilter(FilterChainProxy.java:374)
	at org.springframework.security.web.header.HeaderWriterFilter.doHeadersAfter(HeaderWriterFilter.java:90)
	at org.springframework.security.web.header.HeaderWriterFilter.doFilterInternal(HeaderWriterFilter.java:75)
	at org.springframework.web.filter.OncePerRequestFilter.doFilter(OncePerRequestFilter.java:116)
	at org.springframework.security.web.FilterChainProxy$VirtualFilterChain.doFilter(FilterChainProxy.java:374)
	at org.springframework.security.web.context.SecurityContextHolderFilter.doFilter(SecurityContextHolderFilter.java:82)
	at org.springframework.security.web.context.SecurityContextHolderFilter.doFilter(SecurityContextHolderFilter.java:69)
	at org.springframework.security.web.FilterChainProxy$VirtualFilterChain.doFilter(FilterChainProxy.java:374)
	at org.springframework.security.web.context.request.async.WebAsyncManagerIntegrationFilter.doFilterInternal(WebAsyncManagerIntegrationFilter.java:62)
	at org.springframework.web.filter.OncePerRequestFilter.doFilter(OncePerRequestFilter.java:116)
	at org.springframework.security.web.FilterChainProxy$VirtualFilterChain.doFilter(FilterChainProxy.java:374)
	at org.springframework.security.web.session.DisableEncodeUrlFilter.doFilterInternal(DisableEncodeUrlFilter.java:42)
	at org.springframework.web.filter.OncePerRequestFilter.doFilter(OncePerRequestFilter.java:116)
	at org.springframework.security.web.FilterChainProxy$VirtualFilterChain.doFilter(FilterChainProxy.java:374)
	at org.springframework.security.web.FilterChainProxy.doFilterInternal(FilterChainProxy.java:233)
	at org.springframework.security.web.FilterChainProxy.doFilter(FilterChainProxy.java:191)
	at org.springframework.web.filter.DelegatingFilterProxy.invokeDelegate(DelegatingFilterProxy.java:352)
	at org.springframework.web.filter.DelegatingFilterProxy.doFilter(DelegatingFilterProxy.java:268)
	at org.apache.catalina.core.ApplicationFilterChain.internalDoFilter(ApplicationFilterChain.java:174)
	at org.apache.catalina.core.ApplicationFilterChain.doFilter(ApplicationFilterChain.java:149)
	at org.springframework.web.filter.RequestContextFilter.doFilterInternal(RequestContextFilter.java:100)
	at org.springframework.web.filter.OncePerRequestFilter.doFilter(OncePerRequestFilter.java:116)
	at org.apache.catalina.core.ApplicationFilterChain.internalDoFilter(ApplicationFilterChain.java:174)
	at org.apache.catalina.core.ApplicationFilterChain.doFilter(ApplicationFilterChain.java:149)
	at org.springframework.web.filter.FormContentFilter.doFilterInternal(FormContentFilter.java:93)
	at org.springframework.web.filter.OncePerRequestFilter.doFilter(OncePerRequestFilter.java:116)
	at org.apache.catalina.core.ApplicationFilterChain.internalDoFilter(ApplicationFilterChain.java:174)
	at org.apache.catalina.core.ApplicationFilterChain.doFilter(ApplicationFilterChain.java:149)
	at org.springframework.web.filter.CharacterEncodingFilter.doFilterInternal(CharacterEncodingFilter.java:201)
	at org.springframework.web.filter.OncePerRequestFilter.doFilter(OncePerRequestFilter.java:116)
	at org.apache.catalina.core.ApplicationFilterChain.internalDoFilter(ApplicationFilterChain.java:174)
	at org.apache.catalina.core.ApplicationFilterChain.doFilter(ApplicationFilterChain.java:149)
	at org.apache.catalina.core.StandardWrapperValve.invoke(StandardWrapperValve.java:167)
	at org.apache.catalina.core.StandardContextValve.invoke(StandardContextValve.java:90)
	at org.apache.catalina.authenticator.AuthenticatorBase.invoke(AuthenticatorBase.java:482)
	at org.apache.catalina.core.StandardHostValve.invoke(StandardHostValve.java:115)
	at org.apache.catalina.valves.ErrorReportValve.invoke(ErrorReportValve.java:93)
	at org.apache.catalina.core.StandardEngineValve.invoke(StandardEngineValve.java:74)
	at org.apache.catalina.connector.CoyoteAdapter.service(CoyoteAdapter.java:340)
	at org.apache.coyote.http11.Http11Processor.service(Http11Processor.java:391)
	at org.apache.coyote.AbstractProcessorLight.process(AbstractProcessorLight.java:63)
	at org.apache.coyote.AbstractProtocol$ConnectionHandler.process(AbstractProtocol.java:896)
	at org.apache.tomcat.util.net.NioEndpoint$SocketProcessor.doRun(NioEndpoint.java:1744)
	at org.apache.tomcat.util.net.SocketProcessorBase.run(SocketProcessorBase.java:52)
	at org.apache.tomcat.util.threads.ThreadPoolExecutor.runWorker(ThreadPoolExecutor.java:1191)
	at org.apache.tomcat.util.threads.ThreadPoolExecutor$Worker.run(ThreadPoolExecutor.java:659)
	at org.apache.tomcat.util.threads.TaskThread$WrappingRunnable.run(TaskThread.java:61)
	at java.base/java.lang.Thread.run(Thread.java:842)
2026-08-07 16:38:19.918 [http-nio-8080-exec-2] DEBUG o.s.security.web.FilterChainProxy - Securing POST /logout
2026-08-07 16:38:19.918 [http-nio-8080-exec-2] DEBUG o.s.s.w.a.logout.LogoutFilter - Logging out [null]
2026-08-07 16:38:19.918 [http-nio-8080-exec-2] DEBUG o.s.s.web.DefaultRedirectStrategy - Redirecting to /login?logout
2026-08-07 16:38:19.922 [http-nio-8080-exec-3] DEBUG o.s.security.web.FilterChainProxy - Securing GET /login?logout
2026-08-07 16:38:19.941 [http-nio-8080-exec-3] DEBUG o.s.s.w.a.AnonymousAuthenticationFilter - Set SecurityContextHolder to anonymous SecurityContext
2026-08-07 16:38:19.941 [http-nio-8080-exec-3] DEBUG o.s.security.web.FilterChainProxy - Secured GET /login?logout
2026-08-07 16:38:19.941 [http-nio-8080-exec-3] ERROR c.p.exception.GlobalExceptionHandler - [系统异常] GET /login — HttpRequestMethodNotSupportedException: Request method 'GET' is not supported
org.springframework.web.HttpRequestMethodNotSupportedException: Request method 'GET' is not supported
	at org.springframework.web.servlet.mvc.method.RequestMappingInfoHandlerMapping.handleNoMatch(RequestMappingInfoHandlerMapping.java:265)
	at org.springframework.web.servlet.handler.AbstractHandlerMethodMapping.lookupHandlerMethod(AbstractHandlerMethodMapping.java:441)
	at org.springframework.web.servlet.handler.AbstractHandlerMethodMapping.getHandlerInternal(AbstractHandlerMethodMapping.java:382)
	at org.springframework.web.servlet.mvc.method.RequestMappingInfoHandlerMapping.getHandlerInternal(RequestMappingInfoHandlerMapping.java:126)
	at org.springframework.web.servlet.mvc.method.RequestMappingInfoHandlerMapping.getHandlerInternal(RequestMappingInfoHandlerMapping.java:68)
	at org.springframework.web.servlet.handler.AbstractHandlerMapping.getHandler(AbstractHandlerMapping.java:507)
	at org.springframework.web.servlet.DispatcherServlet.getHandler(DispatcherServlet.java:1283)
	at org.springframework.web.servlet.DispatcherServlet.doDispatch(DispatcherServlet.java:1065)
	at org.springframework.web.servlet.DispatcherServlet.doService(DispatcherServlet.java:979)
	at org.springframework.web.servlet.FrameworkServlet.processRequest(FrameworkServlet.java:1014)
	at org.springframework.web.servlet.FrameworkServlet.doGet(FrameworkServlet.java:903)
	at jakarta.servlet.http.HttpServlet.service(HttpServlet.java:564)
	at org.springframework.web.servlet.FrameworkServlet.service(FrameworkServlet.java:885)
	at jakarta.servlet.http.HttpServlet.service(HttpServlet.java:658)
	at org.apache.catalina.core.ApplicationFilterChain.internalDoFilter(ApplicationFilterChain.java:205)
	at org.apache.catalina.core.ApplicationFilterChain.doFilter(ApplicationFilterChain.java:149)
	at org.apache.tomcat.websocket.server.WsFilter.doFilter(WsFilter.java:51)
	at org.apache.catalina.core.ApplicationFilterChain.internalDoFilter(ApplicationFilterChain.java:174)
	at org.apache.catalina.core.ApplicationFilterChain.doFilter(ApplicationFilterChain.java:149)
	at org.springframework.web.filter.OncePerRequestFilter.doFilter(OncePerRequestFilter.java:110)
	at org.apache.catalina.core.ApplicationFilterChain.internalDoFilter(ApplicationFilterChain.java:174)
	at org.apache.catalina.core.ApplicationFilterChain.doFilter(ApplicationFilterChain.java:149)
	at org.springframework.web.filter.OncePerRequestFilter.doFilter(OncePerRequestFilter.java:110)
	at org.apache.catalina.core.ApplicationFilterChain.internalDoFilter(ApplicationFilterChain.java:174)
	at org.apache.catalina.core.ApplicationFilterChain.doFilter(ApplicationFilterChain.java:149)
	at org.springframework.security.web.FilterChainProxy.lambda$doFilterInternal$3(FilterChainProxy.java:231)
	at org.springframework.security.web.FilterChainProxy$VirtualFilterChain.doFilter(FilterChainProxy.java:365)
	at org.springframework.security.web.access.intercept.AuthorizationFilter.doFilter(AuthorizationFilter.java:100)
	at org.springframework.security.web.FilterChainProxy$VirtualFilterChain.doFilter(FilterChainProxy.java:374)
	at org.springframework.security.web.access.ExceptionTranslationFilter.doFilter(ExceptionTranslationFilter.java:126)
	at org.springframework.security.web.access.ExceptionTranslationFilter.doFilter(ExceptionTranslationFilter.java:120)
	at org.springframework.security.web.FilterChainProxy$VirtualFilterChain.doFilter(FilterChainProxy.java:374)
	at org.springframework.security.web.session.SessionManagementFilter.doFilter(SessionManagementFilter.java:131)
	at org.springframework.security.web.session.SessionManagementFilter.doFilter(SessionManagementFilter.java:85)
	at org.springframework.security.web.FilterChainProxy$VirtualFilterChain.doFilter(FilterChainProxy.java:374)
	at org.springframework.security.web.authentication.AnonymousAuthenticationFilter.doFilter(AnonymousAuthenticationFilter.java:100)
	at org.springframework.security.web.FilterChainProxy$VirtualFilterChain.doFilter(FilterChainProxy.java:374)
	at org.springframework.security.web.servletapi.SecurityContextHolderAwareRequestFilter.doFilter(SecurityContextHolderAwareRequestFilter.java:179)
	at org.springframework.security.web.FilterChainProxy$VirtualFilterChain.doFilter(FilterChainProxy.java:374)
	at org.springframework.security.web.savedrequest.RequestCacheAwareFilter.doFilter(RequestCacheAwareFilter.java:63)
	at org.springframework.security.web.FilterChainProxy$VirtualFilterChain.doFilter(FilterChainProxy.java:374)
	at com.pes.security.filter.JwtAuthenticationFilter.doFilterInternal(JwtAuthenticationFilter.java:67)
	at org.springframework.web.filter.OncePerRequestFilter.doFilter(OncePerRequestFilter.java:116)
	at org.springframework.security.web.FilterChainProxy$VirtualFilterChain.doFilter(FilterChainProxy.java:374)
	at org.springframework.security.web.authentication.logout.LogoutFilter.doFilter(LogoutFilter.java:107)
	at org.springframework.security.web.authentication.logout.LogoutFilter.doFilter(LogoutFilter.java:93)
	at org.springframework.security.web.FilterChainProxy$VirtualFilterChain.doFilter(FilterChainProxy.java:374)
	at org.springframework.web.filter.CorsFilter.doFilterInternal(CorsFilter.java:91)
	at org.springframework.web.filter.OncePerRequestFilter.doFilter(OncePerRequestFilter.java:116)
	at org.springframework.security.web.FilterChainProxy$VirtualFilterChain.doFilter(FilterChainProxy.java:374)
	at org.springframework.security.web.header.HeaderWriterFilter.doHeadersAfter(HeaderWriterFilter.java:90)
	at org.springframework.security.web.header.HeaderWriterFilter.doFilterInternal(HeaderWriterFilter.java:75)
	at org.springframework.web.filter.OncePerRequestFilter.doFilter(OncePerRequestFilter.java:116)
	at org.springframework.security.web.FilterChainProxy$VirtualFilterChain.doFilter(FilterChainProxy.java:374)
	at org.springframework.security.web.context.SecurityContextHolderFilter.doFilter(SecurityContextHolderFilter.java:82)
	at org.springframework.security.web.context.SecurityContextHolderFilter.doFilter(SecurityContextHolderFilter.java:69)
	at org.springframework.security.web.FilterChainProxy$VirtualFilterChain.doFilter(FilterChainProxy.java:374)
	at org.springframework.security.web.context.request.async.WebAsyncManagerIntegrationFilter.doFilterInternal(WebAsyncManagerIntegrationFilter.java:62)
	at org.springframework.web.filter.OncePerRequestFilter.doFilter(OncePerRequestFilter.java:116)
	at org.springframework.security.web.FilterChainProxy$VirtualFilterChain.doFilter(FilterChainProxy.java:374)
	at org.springframework.security.web.session.DisableEncodeUrlFilter.doFilterInternal(DisableEncodeUrlFilter.java:42)
	at org.springframework.web.filter.OncePerRequestFilter.doFilter(OncePerRequestFilter.java:116)
	at org.springframework.security.web.FilterChainProxy$VirtualFilterChain.doFilter(FilterChainProxy.java:374)
	at org.springframework.security.web.FilterChainProxy.doFilterInternal(FilterChainProxy.java:233)
	at org.springframework.security.web.FilterChainProxy.doFilter(FilterChainProxy.java:191)
	at org.springframework.web.filter.DelegatingFilterProxy.invokeDelegate(DelegatingFilterProxy.java:352)
	at org.springframework.web.filter.DelegatingFilterProxy.doFilter(DelegatingFilterProxy.java:268)
	at org.apache.catalina.core.ApplicationFilterChain.internalDoFilter(ApplicationFilterChain.java:174)
	at org.apache.catalina.core.ApplicationFilterChain.doFilter(ApplicationFilterChain.java:149)
	at org.springframework.web.filter.RequestContextFilter.doFilterInternal(RequestContextFilter.java:100)
	at org.springframework.web.filter.OncePerRequestFilter.doFilter(OncePerRequestFilter.java:116)
	at org.apache.catalina.core.ApplicationFilterChain.internalDoFilter(ApplicationFilterChain.java:174)
	at org.apache.catalina.core.ApplicationFilterChain.doFilter(ApplicationFilterChain.java:149)
	at org.springframework.web.filter.FormContentFilter.doFilterInternal(FormContentFilter.java:93)
	at org.springframework.web.filter.OncePerRequestFilter.doFilter(OncePerRequestFilter.java:116)
	at org.apache.catalina.core.ApplicationFilterChain.internalDoFilter(ApplicationFilterChain.java:174)
	at org.apache.catalina.core.ApplicationFilterChain.doFilter(ApplicationFilterChain.java:149)
	at org.springframework.web.filter.CharacterEncodingFilter.doFilterInternal(CharacterEncodingFilter.java:201)
	at org.springframework.web.filter.OncePerRequestFilter.doFilter(OncePerRequestFilter.java:116)
	at org.apache.catalina.core.ApplicationFilterChain.internalDoFilter(ApplicationFilterChain.java:174)
	at org.apache.catalina.core.ApplicationFilterChain.doFilter(ApplicationFilterChain.java:149)
	at org.apache.catalina.core.StandardWrapperValve.invoke(StandardWrapperValve.java:167)
	at org.apache.catalina.core.StandardContextValve.invoke(StandardContextValve.java:90)
	at org.apache.catalina.authenticator.AuthenticatorBase.invoke(AuthenticatorBase.java:482)
	at org.apache.catalina.core.StandardHostValve.invoke(StandardHostValve.java:115)
	at org.apache.catalina.valves.ErrorReportValve.invoke(ErrorReportValve.java:93)
	at org.apache.catalina.core.StandardEngineValve.invoke(StandardEngineValve.java:74)
	at org.apache.catalina.connector.CoyoteAdapter.service(CoyoteAdapter.java:340)
	at org.apache.coyote.http11.Http11Processor.service(Http11Processor.java:391)
	at org.apache.coyote.AbstractProcessorLight.process(AbstractProcessorLight.java:63)
	at org.apache.coyote.AbstractProtocol$ConnectionHandler.process(AbstractProtocol.java:896)
	at org.apache.tomcat.util.net.NioEndpoint$SocketProcessor.doRun(NioEndpoint.java:1744)
	at org.apache.tomcat.util.net.SocketProcessorBase.run(SocketProcessorBase.java:52)
	at org.apache.tomcat.util.threads.ThreadPoolExecutor.runWorker(ThreadPoolExecutor.java:1191)
	at org.apache.tomcat.util.threads.ThreadPoolExecutor$Worker.run(ThreadPoolExecutor.java:659)
	at org.apache.tomcat.util.threads.TaskThread$WrappingRunnable.run(TaskThread.java:61)
	at java.base/java.lang.Thread.run(Thread.java:842)
2026-08-07 16:38:38.805 [http-nio-8080-exec-4] DEBUG o.s.security.web.FilterChainProxy - Securing POST /logout
2026-08-07 16:38:38.805 [http-nio-8080-exec-4] DEBUG o.s.s.w.a.logout.LogoutFilter - Logging out [null]
2026-08-07 16:38:38.805 [http-nio-8080-exec-4] DEBUG o.s.s.web.DefaultRedirectStrategy - Redirecting to /login?logout
2026-08-07 16:38:38.807 [http-nio-8080-exec-6] DEBUG o.s.security.web.FilterChainProxy - Securing GET /login?logout
2026-08-07 16:38:38.807 [http-nio-8080-exec-6] DEBUG o.s.s.w.a.AnonymousAuthenticationFilter - Set SecurityContextHolder to anonymous SecurityContext
2026-08-07 16:38:38.807 [http-nio-8080-exec-6] DEBUG o.s.security.web.FilterChainProxy - Secured GET /login?logout
2026-08-07 16:38:38.807 [http-nio-8080-exec-6] ERROR c.p.exception.GlobalExceptionHandler - [系统异常] GET /login — HttpRequestMethodNotSupportedException: Request method 'GET' is not supported
org.springframework.web.HttpRequestMethodNotSupportedException: Request method 'GET' is not supported
	at org.springframework.web.servlet.mvc.method.RequestMappingInfoHandlerMapping.handleNoMatch(RequestMappingInfoHandlerMapping.java:265)
	at org.springframework.web.servlet.handler.AbstractHandlerMethodMapping.lookupHandlerMethod(AbstractHandlerMethodMapping.java:441)
	at org.springframework.web.servlet.handler.AbstractHandlerMethodMapping.getHandlerInternal(AbstractHandlerMethodMapping.java:382)
	at org.springframework.web.servlet.mvc.method.RequestMappingInfoHandlerMapping.getHandlerInternal(RequestMappingInfoHandlerMapping.java:126)
	at org.springframework.web.servlet.mvc.method.RequestMappingInfoHandlerMapping.getHandlerInternal(RequestMappingInfoHandlerMapping.java:68)
	at org.springframework.web.servlet.handler.AbstractHandlerMapping.getHandler(AbstractHandlerMapping.java:507)
	at org.springframework.web.servlet.DispatcherServlet.getHandler(DispatcherServlet.java:1283)
	at org.springframework.web.servlet.DispatcherServlet.doDispatch(DispatcherServlet.java:1065)
	at org.springframework.web.servlet.DispatcherServlet.doService(DispatcherServlet.java:979)
	at org.springframework.web.servlet.FrameworkServlet.processRequest(FrameworkServlet.java:1014)
	at org.springframework.web.servlet.FrameworkServlet.doGet(FrameworkServlet.java:903)
	at jakarta.servlet.http.HttpServlet.service(HttpServlet.java:564)
	at org.springframework.web.servlet.FrameworkServlet.service(FrameworkServlet.java:885)
	at jakarta.servlet.http.HttpServlet.service(HttpServlet.java:658)
	at org.apache.catalina.core.ApplicationFilterChain.internalDoFilter(ApplicationFilterChain.java:205)
	at org.apache.catalina.core.ApplicationFilterChain.doFilter(ApplicationFilterChain.java:149)
	at org.apache.tomcat.websocket.server.WsFilter.doFilter(WsFilter.java:51)
	at org.apache.catalina.core.ApplicationFilterChain.internalDoFilter(ApplicationFilterChain.java:174)
	at org.apache.catalina.core.ApplicationFilterChain.doFilter(ApplicationFilterChain.java:149)
	at org.springframework.web.filter.OncePerRequestFilter.doFilter(OncePerRequestFilter.java:110)
	at org.apache.catalina.core.ApplicationFilterChain.internalDoFilter(ApplicationFilterChain.java:174)
	at org.apache.catalina.core.ApplicationFilterChain.doFilter(ApplicationFilterChain.java:149)
	at org.springframework.web.filter.OncePerRequestFilter.doFilter(OncePerRequestFilter.java:110)
	at org.apache.catalina.core.ApplicationFilterChain.internalDoFilter(ApplicationFilterChain.java:174)
	at org.apache.catalina.core.ApplicationFilterChain.doFilter(ApplicationFilterChain.java:149)
	at org.springframework.security.web.FilterChainProxy.lambda$doFilterInternal$3(FilterChainProxy.java:231)
	at org.springframework.security.web.FilterChainProxy$VirtualFilterChain.doFilter(FilterChainProxy.java:365)
	at org.springframework.security.web.access.intercept.AuthorizationFilter.doFilter(AuthorizationFilter.java:100)
	at org.springframework.security.web.FilterChainProxy$VirtualFilterChain.doFilter(FilterChainProxy.java:374)
	at org.springframework.security.web.access.ExceptionTranslationFilter.doFilter(ExceptionTranslationFilter.java:126)
	at org.springframework.security.web.access.ExceptionTranslationFilter.doFilter(ExceptionTranslationFilter.java:120)
	at org.springframework.security.web.FilterChainProxy$VirtualFilterChain.doFilter(FilterChainProxy.java:374)
	at org.springframework.security.web.session.SessionManagementFilter.doFilter(SessionManagementFilter.java:131)
	at org.springframework.security.web.session.SessionManagementFilter.doFilter(SessionManagementFilter.java:85)
	at org.springframework.security.web.FilterChainProxy$VirtualFilterChain.doFilter(FilterChainProxy.java:374)
	at org.springframework.security.web.authentication.AnonymousAuthenticationFilter.doFilter(AnonymousAuthenticationFilter.java:100)
	at org.springframework.security.web.FilterChainProxy$VirtualFilterChain.doFilter(FilterChainProxy.java:374)
	at org.springframework.security.web.servletapi.SecurityContextHolderAwareRequestFilter.doFilter(SecurityContextHolderAwareRequestFilter.java:179)
	at org.springframework.security.web.FilterChainProxy$VirtualFilterChain.doFilter(FilterChainProxy.java:374)
	at org.springframework.security.web.savedrequest.RequestCacheAwareFilter.doFilter(RequestCacheAwareFilter.java:63)
	at org.springframework.security.web.FilterChainProxy$VirtualFilterChain.doFilter(FilterChainProxy.java:374)
	at com.pes.security.filter.JwtAuthenticationFilter.doFilterInternal(JwtAuthenticationFilter.java:67)
	at org.springframework.web.filter.OncePerRequestFilter.doFilter(OncePerRequestFilter.java:116)
	at org.springframework.security.web.FilterChainProxy$VirtualFilterChain.doFilter(FilterChainProxy.java:374)
	at org.springframework.security.web.authentication.logout.LogoutFilter.doFilter(LogoutFilter.java:107)
	at org.springframework.security.web.authentication.logout.LogoutFilter.doFilter(LogoutFilter.java:93)
	at org.springframework.security.web.FilterChainProxy$VirtualFilterChain.doFilter(FilterChainProxy.java:374)
	at org.springframework.web.filter.CorsFilter.doFilterInternal(CorsFilter.java:91)
	at org.springframework.web.filter.OncePerRequestFilter.doFilter(OncePerRequestFilter.java:116)
	at org.springframework.security.web.FilterChainProxy$VirtualFilterChain.doFilter(FilterChainProxy.java:374)
	at org.springframework.security.web.header.HeaderWriterFilter.doHeadersAfter(HeaderWriterFilter.java:90)
	at org.springframework.security.web.header.HeaderWriterFilter.doFilterInternal(HeaderWriterFilter.java:75)
	at org.springframework.web.filter.OncePerRequestFilter.doFilter(OncePerRequestFilter.java:116)
	at org.springframework.security.web.FilterChainProxy$VirtualFilterChain.doFilter(FilterChainProxy.java:374)
	at org.springframework.security.web.context.SecurityContextHolderFilter.doFilter(SecurityContextHolderFilter.java:82)
	at org.springframework.security.web.context.SecurityContextHolderFilter.doFilter(SecurityContextHolderFilter.java:69)
	at org.springframework.security.web.FilterChainProxy$VirtualFilterChain.doFilter(FilterChainProxy.java:374)
	at org.springframework.security.web.context.request.async.WebAsyncManagerIntegrationFilter.doFilterInternal(WebAsyncManagerIntegrationFilter.java:62)
	at org.springframework.web.filter.OncePerRequestFilter.doFilter(OncePerRequestFilter.java:116)
	at org.springframework.security.web.FilterChainProxy$VirtualFilterChain.doFilter(FilterChainProxy.java:374)
	at org.springframework.security.web.session.DisableEncodeUrlFilter.doFilterInternal(DisableEncodeUrlFilter.java:42)
	at org.springframework.web.filter.OncePerRequestFilter.doFilter(OncePerRequestFilter.java:116)
	at org.springframework.security.web.FilterChainProxy$VirtualFilterChain.doFilter(FilterChainProxy.java:374)
	at org.springframework.security.web.FilterChainProxy.doFilterInternal(FilterChainProxy.java:233)
	at org.springframework.security.web.FilterChainProxy.doFilter(FilterChainProxy.java:191)
	at org.springframework.web.filter.DelegatingFilterProxy.invokeDelegate(DelegatingFilterProxy.java:352)
	at org.springframework.web.filter.DelegatingFilterProxy.doFilter(DelegatingFilterProxy.java:268)
	at org.apache.catalina.core.ApplicationFilterChain.internalDoFilter(ApplicationFilterChain.java:174)
	at org.apache.catalina.core.ApplicationFilterChain.doFilter(ApplicationFilterChain.java:149)
	at org.springframework.web.filter.RequestContextFilter.doFilterInternal(RequestContextFilter.java:100)
	at org.springframework.web.filter.OncePerRequestFilter.doFilter(OncePerRequestFilter.java:116)
	at org.apache.catalina.core.ApplicationFilterChain.internalDoFilter(ApplicationFilterChain.java:174)
	at org.apache.catalina.core.ApplicationFilterChain.doFilter(ApplicationFilterChain.java:149)
	at org.springframework.web.filter.FormContentFilter.doFilterInternal(FormContentFilter.java:93)
	at org.springframework.web.filter.OncePerRequestFilter.doFilter(OncePerRequestFilter.java:116)
	at org.apache.catalina.core.ApplicationFilterChain.internalDoFilter(ApplicationFilterChain.java:174)
	at org.apache.catalina.core.ApplicationFilterChain.doFilter(ApplicationFilterChain.java:149)
	at org.springframework.web.filter.CharacterEncodingFilter.doFilterInternal(CharacterEncodingFilter.java:201)
	at org.springframework.web.filter.OncePerRequestFilter.doFilter(OncePerRequestFilter.java:116)
	at org.apache.catalina.core.ApplicationFilterChain.internalDoFilter(ApplicationFilterChain.java:174)
	at org.apache.catalina.core.ApplicationFilterChain.doFilter(ApplicationFilterChain.java:149)
	at org.apache.catalina.core.StandardWrapperValve.invoke(StandardWrapperValve.java:167)
	at org.apache.catalina.core.StandardContextValve.invoke(StandardContextValve.java:90)
	at org.apache.catalina.authenticator.AuthenticatorBase.invoke(AuthenticatorBase.java:482)
	at org.apache.catalina.core.StandardHostValve.invoke(StandardHostValve.java:115)
	at org.apache.catalina.valves.ErrorReportValve.invoke(ErrorReportValve.java:93)
	at org.apache.catalina.core.StandardEngineValve.invoke(StandardEngineValve.java:74)
	at org.apache.catalina.connector.CoyoteAdapter.service(CoyoteAdapter.java:340)
	at org.apache.coyote.http11.Http11Processor.service(Http11Processor.java:391)
	at org.apache.coyote.AbstractProcessorLight.process(AbstractProcessorLight.java:63)
	at org.apache.coyote.AbstractProtocol$ConnectionHandler.process(AbstractProtocol.java:896)
	at org.apache.tomcat.util.net.NioEndpoint$SocketProcessor.doRun(NioEndpoint.java:1744)
	at org.apache.tomcat.util.net.SocketProcessorBase.run(SocketProcessorBase.java:52)
	at org.apache.tomcat.util.threads.ThreadPoolExecutor.runWorker(ThreadPoolExecutor.java:1191)
	at org.apache.tomcat.util.threads.ThreadPoolExecutor$Worker.run(ThreadPoolExecutor.java:659)
	at org.apache.tomcat.util.threads.TaskThread$WrappingRunnable.run(TaskThread.java:61)
	at java.base/java.lang.Thread.run(Thread.java:842)
2026-08-07 16:42:35.901 [http-nio-8080-exec-8] DEBUG o.s.security.web.FilterChainProxy - Securing POST /logout
2026-08-07 16:42:35.901 [http-nio-8080-exec-8] DEBUG o.s.s.w.a.logout.LogoutFilter - Logging out [null]
2026-08-07 16:42:35.901 [http-nio-8080-exec-8] DEBUG o.s.s.web.DefaultRedirectStrategy - Redirecting to /login?logout
2026-08-07 16:42:35.907 [http-nio-8080-exec-9] DEBUG o.s.security.web.FilterChainProxy - Securing GET /login?logout
2026-08-07 16:42:35.907 [http-nio-8080-exec-9] DEBUG o.s.s.w.a.AnonymousAuthenticationFilter - Set SecurityContextHolder to anonymous SecurityContext
2026-08-07 16:42:35.907 [http-nio-8080-exec-9] DEBUG o.s.security.web.FilterChainProxy - Secured GET /login?logout
2026-08-07 16:42:35.907 [http-nio-8080-exec-9] ERROR c.p.exception.GlobalExceptionHandler - [系统异常] GET /login — HttpRequestMethodNotSupportedException: Request method 'GET' is not supported
org.springframework.web.HttpRequestMethodNotSupportedException: Request method 'GET' is not supported
	at org.springframework.web.servlet.mvc.method.RequestMappingInfoHandlerMapping.handleNoMatch(RequestMappingInfoHandlerMapping.java:265)
	at org.springframework.web.servlet.handler.AbstractHandlerMethodMapping.lookupHandlerMethod(AbstractHandlerMethodMapping.java:441)
	at org.springframework.web.servlet.handler.AbstractHandlerMethodMapping.getHandlerInternal(AbstractHandlerMethodMapping.java:382)
	at org.springframework.web.servlet.mvc.method.RequestMappingInfoHandlerMapping.getHandlerInternal(RequestMappingInfoHandlerMapping.java:126)
	at org.springframework.web.servlet.mvc.method.RequestMappingInfoHandlerMapping.getHandlerInternal(RequestMappingInfoHandlerMapping.java:68)
	at org.springframework.web.servlet.handler.AbstractHandlerMapping.getHandler(AbstractHandlerMapping.java:507)
	at org.springframework.web.servlet.DispatcherServlet.getHandler(DispatcherServlet.java:1283)
	at org.springframework.web.servlet.DispatcherServlet.doDispatch(DispatcherServlet.java:1065)
	at org.springframework.web.servlet.DispatcherServlet.doService(DispatcherServlet.java:979)
	at org.springframework.web.servlet.FrameworkServlet.processRequest(FrameworkServlet.java:1014)
	at org.springframework.web.servlet.FrameworkServlet.doGet(FrameworkServlet.java:903)
	at jakarta.servlet.http.HttpServlet.service(HttpServlet.java:564)
	at org.springframework.web.servlet.FrameworkServlet.service(FrameworkServlet.java:885)
	at jakarta.servlet.http.HttpServlet.service(HttpServlet.java:658)
	at org.apache.catalina.core.ApplicationFilterChain.internalDoFilter(ApplicationFilterChain.java:205)
	at org.apache.catalina.core.ApplicationFilterChain.doFilter(ApplicationFilterChain.java:149)
	at org.apache.tomcat.websocket.server.WsFilter.doFilter(WsFilter.java:51)
	at org.apache.catalina.core.ApplicationFilterChain.internalDoFilter(ApplicationFilterChain.java:174)
	at org.apache.catalina.core.ApplicationFilterChain.doFilter(ApplicationFilterChain.java:149)
	at org.springframework.web.filter.OncePerRequestFilter.doFilter(OncePerRequestFilter.java:110)
	at org.apache.catalina.core.ApplicationFilterChain.internalDoFilter(ApplicationFilterChain.java:174)
	at org.apache.catalina.core.ApplicationFilterChain.doFilter(ApplicationFilterChain.java:149)
	at org.springframework.web.filter.OncePerRequestFilter.doFilter(OncePerRequestFilter.java:110)
	at org.apache.catalina.core.ApplicationFilterChain.internalDoFilter(ApplicationFilterChain.java:174)
	at org.apache.catalina.core.ApplicationFilterChain.doFilter(ApplicationFilterChain.java:149)
	at org.springframework.security.web.FilterChainProxy.lambda$doFilterInternal$3(FilterChainProxy.java:231)
	at org.springframework.security.web.FilterChainProxy$VirtualFilterChain.doFilter(FilterChainProxy.java:365)
	at org.springframework.security.web.access.intercept.AuthorizationFilter.doFilter(AuthorizationFilter.java:100)
	at org.springframework.security.web.FilterChainProxy$VirtualFilterChain.doFilter(FilterChainProxy.java:374)
	at org.springframework.security.web.access.ExceptionTranslationFilter.doFilter(ExceptionTranslationFilter.java:126)
	at org.springframework.security.web.access.ExceptionTranslationFilter.doFilter(ExceptionTranslationFilter.java:120)
	at org.springframework.security.web.FilterChainProxy$VirtualFilterChain.doFilter(FilterChainProxy.java:374)
	at org.springframework.security.web.session.SessionManagementFilter.doFilter(SessionManagementFilter.java:131)
	at org.springframework.security.web.session.SessionManagementFilter.doFilter(SessionManagementFilter.java:85)
	at org.springframework.security.web.FilterChainProxy$VirtualFilterChain.doFilter(FilterChainProxy.java:374)
	at org.springframework.security.web.authentication.AnonymousAuthenticationFilter.doFilter(AnonymousAuthenticationFilter.java:100)
	at org.springframework.security.web.FilterChainProxy$VirtualFilterChain.doFilter(FilterChainProxy.java:374)
	at org.springframework.security.web.servletapi.SecurityContextHolderAwareRequestFilter.doFilter(SecurityContextHolderAwareRequestFilter.java:179)
	at org.springframework.security.web.FilterChainProxy$VirtualFilterChain.doFilter(FilterChainProxy.java:374)
	at org.springframework.security.web.savedrequest.RequestCacheAwareFilter.doFilter(RequestCacheAwareFilter.java:63)
	at org.springframework.security.web.FilterChainProxy$VirtualFilterChain.doFilter(FilterChainProxy.java:374)
	at com.pes.security.filter.JwtAuthenticationFilter.doFilterInternal(JwtAuthenticationFilter.java:67)
	at org.springframework.web.filter.OncePerRequestFilter.doFilter(OncePerRequestFilter.java:116)
	at org.springframework.security.web.FilterChainProxy$VirtualFilterChain.doFilter(FilterChainProxy.java:374)
	at org.springframework.security.web.authentication.logout.LogoutFilter.doFilter(LogoutFilter.java:107)
	at org.springframework.security.web.authentication.logout.LogoutFilter.doFilter(LogoutFilter.java:93)
	at org.springframework.security.web.FilterChainProxy$VirtualFilterChain.doFilter(FilterChainProxy.java:374)
	at org.springframework.web.filter.CorsFilter.doFilterInternal(CorsFilter.java:91)
	at org.springframework.web.filter.OncePerRequestFilter.doFilter(OncePerRequestFilter.java:116)
	at org.springframework.security.web.FilterChainProxy$VirtualFilterChain.doFilter(FilterChainProxy.java:374)
	at org.springframework.security.web.header.HeaderWriterFilter.doHeadersAfter(HeaderWriterFilter.java:90)
	at org.springframework.security.web.header.HeaderWriterFilter.doFilterInternal(HeaderWriterFilter.java:75)
	at org.springframework.web.filter.OncePerRequestFilter.doFilter(OncePerRequestFilter.java:116)
	at org.springframework.security.web.FilterChainProxy$VirtualFilterChain.doFilter(FilterChainProxy.java:374)
	at org.springframework.security.web.context.SecurityContextHolderFilter.doFilter(SecurityContextHolderFilter.java:82)
	at org.springframework.security.web.context.SecurityContextHolderFilter.doFilter(SecurityContextHolderFilter.java:69)
	at org.springframework.security.web.FilterChainProxy$VirtualFilterChain.doFilter(FilterChainProxy.java:374)
	at org.springframework.security.web.context.request.async.WebAsyncManagerIntegrationFilter.doFilterInternal(WebAsyncManagerIntegrationFilter.java:62)
	at org.springframework.web.filter.OncePerRequestFilter.doFilter(OncePerRequestFilter.java:116)
	at org.springframework.security.web.FilterChainProxy$VirtualFilterChain.doFilter(FilterChainProxy.java:374)
	at org.springframework.security.web.session.DisableEncodeUrlFilter.doFilterInternal(DisableEncodeUrlFilter.java:42)
	at org.springframework.web.filter.OncePerRequestFilter.doFilter(OncePerRequestFilter.java:116)
	at org.springframework.security.web.FilterChainProxy$VirtualFilterChain.doFilter(FilterChainProxy.java:374)
	at org.springframework.security.web.FilterChainProxy.doFilterInternal(FilterChainProxy.java:233)
	at org.springframework.security.web.FilterChainProxy.doFilter(FilterChainProxy.java:191)
	at org.springframework.web.filter.DelegatingFilterProxy.invokeDelegate(DelegatingFilterProxy.java:352)
	at org.springframework.web.filter.DelegatingFilterProxy.doFilter(DelegatingFilterProxy.java:268)
	at org.apache.catalina.core.ApplicationFilterChain.internalDoFilter(ApplicationFilterChain.java:174)
	at org.apache.catalina.core.ApplicationFilterChain.doFilter(ApplicationFilterChain.java:149)
	at org.springframework.web.filter.RequestContextFilter.doFilterInternal(RequestContextFilter.java:100)
	at org.springframework.web.filter.OncePerRequestFilter.doFilter(OncePerRequestFilter.java:116)
	at org.apache.catalina.core.ApplicationFilterChain.internalDoFilter(ApplicationFilterChain.java:174)
	at org.apache.catalina.core.ApplicationFilterChain.doFilter(ApplicationFilterChain.java:149)
	at org.springframework.web.filter.FormContentFilter.doFilterInternal(FormContentFilter.java:93)
	at org.springframework.web.filter.OncePerRequestFilter.doFilter(OncePerRequestFilter.java:116)
	at org.apache.catalina.core.ApplicationFilterChain.internalDoFilter(ApplicationFilterChain.java:174)
	at org.apache.catalina.core.ApplicationFilterChain.doFilter(ApplicationFilterChain.java:149)
	at org.springframework.web.filter.CharacterEncodingFilter.doFilterInternal(CharacterEncodingFilter.java:201)
	at org.springframework.web.filter.OncePerRequestFilter.doFilter(OncePerRequestFilter.java:116)
	at org.apache.catalina.core.ApplicationFilterChain.internalDoFilter(ApplicationFilterChain.java:174)
	at org.apache.catalina.core.ApplicationFilterChain.doFilter(ApplicationFilterChain.java:149)
	at org.apache.catalina.core.StandardWrapperValve.invoke(StandardWrapperValve.java:167)
	at org.apache.catalina.core.StandardContextValve.invoke(StandardContextValve.java:90)
	at org.apache.catalina.authenticator.AuthenticatorBase.invoke(AuthenticatorBase.java:482)
	at org.apache.catalina.core.StandardHostValve.invoke(StandardHostValve.java:115)
	at org.apache.catalina.valves.ErrorReportValve.invoke(ErrorReportValve.java:93)
	at org.apache.catalina.core.StandardEngineValve.invoke(StandardEngineValve.java:74)
	at org.apache.catalina.connector.CoyoteAdapter.service(CoyoteAdapter.java:340)
	at org.apache.coyote.http11.Http11Processor.service(Http11Processor.java:391)
	at org.apache.coyote.AbstractProcessorLight.process(AbstractProcessorLight.java:63)
	at org.apache.coyote.AbstractProtocol$ConnectionHandler.process(AbstractProtocol.java:896)
	at org.apache.tomcat.util.net.NioEndpoint$SocketProcessor.doRun(NioEndpoint.java:1744)
	at org.apache.tomcat.util.net.SocketProcessorBase.run(SocketProcessorBase.java:52)
	at org.apache.tomcat.util.threads.ThreadPoolExecutor.runWorker(ThreadPoolExecutor.java:1191)
	at org.apache.tomcat.util.threads.ThreadPoolExecutor$Worker.run(ThreadPoolExecutor.java:659)
	at org.apache.tomcat.util.threads.TaskThread$WrappingRunnable.run(TaskThread.java:61)
	at java.base/java.lang.Thread.run(Thread.java:842)
2026-08-07 16:45:26.977 [http-nio-8080-exec-10] DEBUG o.s.security.web.FilterChainProxy - Securing POST /logout
2026-08-07 16:45:26.977 [http-nio-8080-exec-10] DEBUG o.s.s.w.a.logout.LogoutFilter - Logging out [null]
2026-08-07 16:45:26.977 [http-nio-8080-exec-10] DEBUG o.s.s.web.DefaultRedirectStrategy - Redirecting to /login?logout
2026-08-07 16:45:26.977 [http-nio-8080-exec-2] DEBUG o.s.security.web.FilterChainProxy - Securing GET /login?logout
2026-08-07 16:45:26.986 [http-nio-8080-exec-2] DEBUG c.p.mapper.SysUserMapper.selectList - ==>  Preparing: SELECT id,username,password,nickname,email,phone,status,create_time,update_time,version FROM sys_user WHERE (username = ?)
2026-08-07 16:45:26.986 [http-nio-8080-exec-2] DEBUG c.p.mapper.SysUserMapper.selectList - ==> Parameters: admin(String)
2026-08-07 16:45:26.986 [http-nio-8080-exec-2] DEBUG c.p.mapper.SysUserMapper.selectList - <==      Total: 1
2026-08-07 16:45:26.986 [http-nio-8080-exec-2] DEBUG c.p.m.SysUserRoleMapper.selectList - ==>  Preparing: SELECT id,user_id,role_id FROM sys_user_role WHERE (user_id = ?)
2026-08-07 16:45:26.986 [http-nio-8080-exec-2] DEBUG c.p.m.SysUserRoleMapper.selectList - ==> Parameters: 1(Long)
2026-08-07 16:45:26.991 [http-nio-8080-exec-2] DEBUG c.p.m.SysUserRoleMapper.selectList - <==      Total: 1
2026-08-07 16:45:26.991 [http-nio-8080-exec-2] DEBUG c.p.mapper.SysRoleMapper.selectById - ==>  Preparing: SELECT id,name,code,description,status,create_time,update_time,version FROM sys_role WHERE id=?
2026-08-07 16:45:26.991 [http-nio-8080-exec-2] DEBUG c.p.mapper.SysRoleMapper.selectById - ==> Parameters: 1(Long)
2026-08-07 16:45:26.991 [http-nio-8080-exec-2] DEBUG c.p.mapper.SysRoleMapper.selectById - <==      Total: 1
2026-08-07 16:45:26.991 [http-nio-8080-exec-2] DEBUG c.p.m.S.selectMenuByRoleId - ==>  Preparing: SELECT m.* FROM sys_menu m INNER JOIN sys_role_menu rm ON m.id = rm.menu_id WHERE rm.role_id = ?
2026-08-07 16:45:26.991 [http-nio-8080-exec-2] DEBUG c.p.m.S.selectMenuByRoleId - ==> Parameters: 1(Long)
2026-08-07 16:45:26.991 [http-nio-8080-exec-2] DEBUG c.p.m.S.selectMenuByRoleId - <==      Total: 21
2026-08-07 16:45:26.991 [http-nio-8080-exec-2] DEBUG o.s.security.web.FilterChainProxy - Secured GET /login?logout
2026-08-07 16:45:26.991 [http-nio-8080-exec-2] ERROR c.p.exception.GlobalExceptionHandler - [系统异常] GET /login — HttpRequestMethodNotSupportedException: Request method 'GET' is not supported
org.springframework.web.HttpRequestMethodNotSupportedException: Request method 'GET' is not supported
	at org.springframework.web.servlet.mvc.method.RequestMappingInfoHandlerMapping.handleNoMatch(RequestMappingInfoHandlerMapping.java:265)
	at org.springframework.web.servlet.handler.AbstractHandlerMethodMapping.lookupHandlerMethod(AbstractHandlerMethodMapping.java:441)
	at org.springframework.web.servlet.handler.AbstractHandlerMethodMapping.getHandlerInternal(AbstractHandlerMethodMapping.java:382)
	at org.springframework.web.servlet.mvc.method.RequestMappingInfoHandlerMapping.getHandlerInternal(RequestMappingInfoHandlerMapping.java:126)
	at org.springframework.web.servlet.mvc.method.RequestMappingInfoHandlerMapping.getHandlerInternal(RequestMappingInfoHandlerMapping.java:68)
	at org.springframework.web.servlet.handler.AbstractHandlerMapping.getHandler(AbstractHandlerMapping.java:507)
	at org.springframework.web.servlet.DispatcherServlet.getHandler(DispatcherServlet.java:1283)
	at org.springframework.web.servlet.DispatcherServlet.doDispatch(DispatcherServlet.java:1065)
	at org.springframework.web.servlet.DispatcherServlet.doService(DispatcherServlet.java:979)
	at org.springframework.web.servlet.FrameworkServlet.processRequest(FrameworkServlet.java:1014)
	at org.springframework.web.servlet.FrameworkServlet.doGet(FrameworkServlet.java:903)
	at jakarta.servlet.http.HttpServlet.service(HttpServlet.java:564)
	at org.springframework.web.servlet.FrameworkServlet.service(FrameworkServlet.java:885)
	at jakarta.servlet.http.HttpServlet.service(HttpServlet.java:658)
	at org.apache.catalina.core.ApplicationFilterChain.internalDoFilter(ApplicationFilterChain.java:205)
	at org.apache.catalina.core.ApplicationFilterChain.doFilter(ApplicationFilterChain.java:149)
	at org.apache.tomcat.websocket.server.WsFilter.doFilter(WsFilter.java:51)
	at org.apache.catalina.core.ApplicationFilterChain.internalDoFilter(ApplicationFilterChain.java:174)
	at org.apache.catalina.core.ApplicationFilterChain.doFilter(ApplicationFilterChain.java:149)
	at org.springframework.web.filter.OncePerRequestFilter.doFilter(OncePerRequestFilter.java:110)
	at org.apache.catalina.core.ApplicationFilterChain.internalDoFilter(ApplicationFilterChain.java:174)
	at org.apache.catalina.core.ApplicationFilterChain.doFilter(ApplicationFilterChain.java:149)
	at org.springframework.web.filter.OncePerRequestFilter.doFilter(OncePerRequestFilter.java:110)
	at org.apache.catalina.core.ApplicationFilterChain.internalDoFilter(ApplicationFilterChain.java:174)
	at org.apache.catalina.core.ApplicationFilterChain.doFilter(ApplicationFilterChain.java:149)
	at org.springframework.security.web.FilterChainProxy.lambda$doFilterInternal$3(FilterChainProxy.java:231)
	at org.springframework.security.web.FilterChainProxy$VirtualFilterChain.doFilter(FilterChainProxy.java:365)
	at org.springframework.security.web.access.intercept.AuthorizationFilter.doFilter(AuthorizationFilter.java:100)
	at org.springframework.security.web.FilterChainProxy$VirtualFilterChain.doFilter(FilterChainProxy.java:374)
	at org.springframework.security.web.access.ExceptionTranslationFilter.doFilter(ExceptionTranslationFilter.java:126)
	at org.springframework.security.web.access.ExceptionTranslationFilter.doFilter(ExceptionTranslationFilter.java:120)
	at org.springframework.security.web.FilterChainProxy$VirtualFilterChain.doFilter(FilterChainProxy.java:374)
	at org.springframework.security.web.session.SessionManagementFilter.doFilter(SessionManagementFilter.java:131)
	at org.springframework.security.web.session.SessionManagementFilter.doFilter(SessionManagementFilter.java:85)
	at org.springframework.security.web.FilterChainProxy$VirtualFilterChain.doFilter(FilterChainProxy.java:374)
	at org.springframework.security.web.authentication.AnonymousAuthenticationFilter.doFilter(AnonymousAuthenticationFilter.java:100)
	at org.springframework.security.web.FilterChainProxy$VirtualFilterChain.doFilter(FilterChainProxy.java:374)
	at org.springframework.security.web.servletapi.SecurityContextHolderAwareRequestFilter.doFilter(SecurityContextHolderAwareRequestFilter.java:179)
	at org.springframework.security.web.FilterChainProxy$VirtualFilterChain.doFilter(FilterChainProxy.java:374)
	at org.springframework.security.web.savedrequest.RequestCacheAwareFilter.doFilter(RequestCacheAwareFilter.java:63)
	at org.springframework.security.web.FilterChainProxy$VirtualFilterChain.doFilter(FilterChainProxy.java:374)
	at com.pes.security.filter.JwtAuthenticationFilter.doFilterInternal(JwtAuthenticationFilter.java:67)
	at org.springframework.web.filter.OncePerRequestFilter.doFilter(OncePerRequestFilter.java:116)
	at org.springframework.security.web.FilterChainProxy$VirtualFilterChain.doFilter(FilterChainProxy.java:374)
	at org.springframework.security.web.authentication.logout.LogoutFilter.doFilter(LogoutFilter.java:107)
	at org.springframework.security.web.authentication.logout.LogoutFilter.doFilter(LogoutFilter.java:93)
	at org.springframework.security.web.FilterChainProxy$VirtualFilterChain.doFilter(FilterChainProxy.java:374)
	at org.springframework.web.filter.CorsFilter.doFilterInternal(CorsFilter.java:91)
	at org.springframework.web.filter.OncePerRequestFilter.doFilter(OncePerRequestFilter.java:116)
	at org.springframework.security.web.FilterChainProxy$VirtualFilterChain.doFilter(FilterChainProxy.java:374)
	at org.springframework.security.web.header.HeaderWriterFilter.doHeadersAfter(HeaderWriterFilter.java:90)
	at org.springframework.security.web.header.HeaderWriterFilter.doFilterInternal(HeaderWriterFilter.java:75)
	at org.springframework.web.filter.OncePerRequestFilter.doFilter(OncePerRequestFilter.java:116)
	at org.springframework.security.web.FilterChainProxy$VirtualFilterChain.doFilter(FilterChainProxy.java:374)
	at org.springframework.security.web.context.SecurityContextHolderFilter.doFilter(SecurityContextHolderFilter.java:82)
	at org.springframework.security.web.context.SecurityContextHolderFilter.doFilter(SecurityContextHolderFilter.java:69)
	at org.springframework.security.web.FilterChainProxy$VirtualFilterChain.doFilter(FilterChainProxy.java:374)
	at org.springframework.security.web.context.request.async.WebAsyncManagerIntegrationFilter.doFilterInternal(WebAsyncManagerIntegrationFilter.java:62)
	at org.springframework.web.filter.OncePerRequestFilter.doFilter(OncePerRequestFilter.java:116)
	at org.springframework.security.web.FilterChainProxy$VirtualFilterChain.doFilter(FilterChainProxy.java:374)
	at org.springframework.security.web.session.DisableEncodeUrlFilter.doFilterInternal(DisableEncodeUrlFilter.java:42)
	at org.springframework.web.filter.OncePerRequestFilter.doFilter(OncePerRequestFilter.java:116)
	at org.springframework.security.web.FilterChainProxy$VirtualFilterChain.doFilter(FilterChainProxy.java:374)
	at org.springframework.security.web.FilterChainProxy.doFilterInternal(FilterChainProxy.java:233)
	at org.springframework.security.web.FilterChainProxy.doFilter(FilterChainProxy.java:191)
	at org.springframework.web.filter.DelegatingFilterProxy.invokeDelegate(DelegatingFilterProxy.java:352)
	at org.springframework.web.filter.DelegatingFilterProxy.doFilter(DelegatingFilterProxy.java:268)
	at org.apache.catalina.core.ApplicationFilterChain.internalDoFilter(ApplicationFilterChain.java:174)
	at org.apache.catalina.core.ApplicationFilterChain.doFilter(ApplicationFilterChain.java:149)
	at org.springframework.web.filter.RequestContextFilter.doFilterInternal(RequestContextFilter.java:100)
	at org.springframework.web.filter.OncePerRequestFilter.doFilter(OncePerRequestFilter.java:116)
	at org.apache.catalina.core.ApplicationFilterChain.internalDoFilter(ApplicationFilterChain.java:174)
	at org.apache.catalina.core.ApplicationFilterChain.doFilter(ApplicationFilterChain.java:149)
	at org.springframework.web.filter.FormContentFilter.doFilterInternal(FormContentFilter.java:93)
	at org.springframework.web.filter.OncePerRequestFilter.doFilter(OncePerRequestFilter.java:116)
	at org.apache.catalina.core.ApplicationFilterChain.internalDoFilter(ApplicationFilterChain.java:174)
	at org.apache.catalina.core.ApplicationFilterChain.doFilter(ApplicationFilterChain.java:149)
	at org.springframework.web.filter.CharacterEncodingFilter.doFilterInternal(CharacterEncodingFilter.java:201)
	at org.springframework.web.filter.OncePerRequestFilter.doFilter(OncePerRequestFilter.java:116)
	at org.apache.catalina.core.ApplicationFilterChain.internalDoFilter(ApplicationFilterChain.java:174)
	at org.apache.catalina.core.ApplicationFilterChain.doFilter(ApplicationFilterChain.java:149)
	at org.apache.catalina.core.StandardWrapperValve.invoke(StandardWrapperValve.java:167)
	at org.apache.catalina.core.StandardContextValve.invoke(StandardContextValve.java:90)
	at org.apache.catalina.authenticator.AuthenticatorBase.invoke(AuthenticatorBase.java:482)
	at org.apache.catalina.core.StandardHostValve.invoke(StandardHostValve.java:115)
	at org.apache.catalina.valves.ErrorReportValve.invoke(ErrorReportValve.java:93)
	at org.apache.catalina.core.StandardEngineValve.invoke(StandardEngineValve.java:74)
	at org.apache.catalina.connector.CoyoteAdapter.service(CoyoteAdapter.java:340)
	at org.apache.coyote.http11.Http11Processor.service(Http11Processor.java:391)
	at org.apache.coyote.AbstractProcessorLight.process(AbstractProcessorLight.java:63)
	at org.apache.coyote.AbstractProtocol$ConnectionHandler.process(AbstractProtocol.java:896)
	at org.apache.tomcat.util.net.NioEndpoint$SocketProcessor.doRun(NioEndpoint.java:1744)
	at org.apache.tomcat.util.net.SocketProcessorBase.run(SocketProcessorBase.java:52)
	at org.apache.tomcat.util.threads.ThreadPoolExecutor.runWorker(ThreadPoolExecutor.java:1191)
	at org.apache.tomcat.util.threads.ThreadPoolExecutor$Worker.run(ThreadPoolExecutor.java:659)
	at org.apache.tomcat.util.threads.TaskThread$WrappingRunnable.run(TaskThread.java:61)
	at java.base/java.lang.Thread.run(Thread.java:842)
2026-08-07 16:45:49.886 [http-nio-8080-exec-5] DEBUG o.s.security.web.FilterChainProxy - Securing POST /logout
2026-08-07 16:45:49.886 [http-nio-8080-exec-5] DEBUG o.s.s.w.a.logout.LogoutFilter - Logging out [null]
2026-08-07 16:45:49.886 [http-nio-8080-exec-5] DEBUG o.s.s.web.DefaultRedirectStrategy - Redirecting to /login?logout
2026-08-07 16:45:49.890 [http-nio-8080-exec-4] DEBUG o.s.security.web.FilterChainProxy - Securing GET /login?logout
2026-08-07 16:45:49.890 [http-nio-8080-exec-4] DEBUG c.p.mapper.SysUserMapper.selectList - ==>  Preparing: SELECT id,username,password,nickname,email,phone,status,create_time,update_time,version FROM sys_user WHERE (username = ?)
2026-08-07 16:45:49.890 [http-nio-8080-exec-4] DEBUG c.p.mapper.SysUserMapper.selectList - ==> Parameters: admin(String)
2026-08-07 16:45:49.890 [http-nio-8080-exec-4] DEBUG c.p.mapper.SysUserMapper.selectList - <==      Total: 1
2026-08-07 16:45:49.895 [http-nio-8080-exec-4] DEBUG c.p.m.SysUserRoleMapper.selectList - ==>  Preparing: SELECT id,user_id,role_id FROM sys_user_role WHERE (user_id = ?)
2026-08-07 16:45:49.895 [http-nio-8080-exec-4] DEBUG c.p.m.SysUserRoleMapper.selectList - ==> Parameters: 1(Long)
2026-08-07 16:45:49.896 [http-nio-8080-exec-4] DEBUG c.p.m.SysUserRoleMapper.selectList - <==      Total: 1
2026-08-07 16:45:49.896 [http-nio-8080-exec-4] DEBUG c.p.mapper.SysRoleMapper.selectById - ==>  Preparing: SELECT id,name,code,description,status,create_time,update_time,version FROM sys_role WHERE id=?
2026-08-07 16:45:49.896 [http-nio-8080-exec-4] DEBUG c.p.mapper.SysRoleMapper.selectById - ==> Parameters: 1(Long)
2026-08-07 16:45:49.896 [http-nio-8080-exec-4] DEBUG c.p.mapper.SysRoleMapper.selectById - <==      Total: 1
2026-08-07 16:45:49.896 [http-nio-8080-exec-4] DEBUG c.p.m.S.selectMenuByRoleId - ==>  Preparing: SELECT m.* FROM sys_menu m INNER JOIN sys_role_menu rm ON m.id = rm.menu_id WHERE rm.role_id = ?
2026-08-07 16:45:49.896 [http-nio-8080-exec-4] DEBUG c.p.m.S.selectMenuByRoleId - ==> Parameters: 1(Long)
2026-08-07 16:45:49.900 [http-nio-8080-exec-4] DEBUG c.p.m.S.selectMenuByRoleId - <==      Total: 21
2026-08-07 16:45:49.900 [http-nio-8080-exec-4] DEBUG o.s.security.web.FilterChainProxy - Secured GET /login?logout
2026-08-07 16:45:49.902 [http-nio-8080-exec-4] ERROR c.p.exception.GlobalExceptionHandler - [系统异常] GET /login — HttpRequestMethodNotSupportedException: Request method 'GET' is not supported
org.springframework.web.HttpRequestMethodNotSupportedException: Request method 'GET' is not supported
	at org.springframework.web.servlet.mvc.method.RequestMappingInfoHandlerMapping.handleNoMatch(RequestMappingInfoHandlerMapping.java:265)
	at org.springframework.web.servlet.handler.AbstractHandlerMethodMapping.lookupHandlerMethod(AbstractHandlerMethodMapping.java:441)
	at org.springframework.web.servlet.handler.AbstractHandlerMethodMapping.getHandlerInternal(AbstractHandlerMethodMapping.java:382)
	at org.springframework.web.servlet.mvc.method.RequestMappingInfoHandlerMapping.getHandlerInternal(RequestMappingInfoHandlerMapping.java:126)
	at org.springframework.web.servlet.mvc.method.RequestMappingInfoHandlerMapping.getHandlerInternal(RequestMappingInfoHandlerMapping.java:68)
	at org.springframework.web.servlet.handler.AbstractHandlerMapping.getHandler(AbstractHandlerMapping.java:507)
	at org.springframework.web.servlet.DispatcherServlet.getHandler(DispatcherServlet.java:1283)
	at org.springframework.web.servlet.DispatcherServlet.doDispatch(DispatcherServlet.java:1065)
	at org.springframework.web.servlet.DispatcherServlet.doService(DispatcherServlet.java:979)
	at org.springframework.web.servlet.FrameworkServlet.processRequest(FrameworkServlet.java:1014)
	at org.springframework.web.servlet.FrameworkServlet.doGet(FrameworkServlet.java:903)
	at jakarta.servlet.http.HttpServlet.service(HttpServlet.java:564)
	at org.springframework.web.servlet.FrameworkServlet.service(FrameworkServlet.java:885)
	at jakarta.servlet.http.HttpServlet.service(HttpServlet.java:658)
	at org.apache.catalina.core.ApplicationFilterChain.internalDoFilter(ApplicationFilterChain.java:205)
	at org.apache.catalina.core.ApplicationFilterChain.doFilter(ApplicationFilterChain.java:149)
	at org.apache.tomcat.websocket.server.WsFilter.doFilter(WsFilter.java:51)
	at org.apache.catalina.core.ApplicationFilterChain.internalDoFilter(ApplicationFilterChain.java:174)
	at org.apache.catalina.core.ApplicationFilterChain.doFilter(ApplicationFilterChain.java:149)
	at org.springframework.web.filter.OncePerRequestFilter.doFilter(OncePerRequestFilter.java:110)
	at org.apache.catalina.core.ApplicationFilterChain.internalDoFilter(ApplicationFilterChain.java:174)
	at org.apache.catalina.core.ApplicationFilterChain.doFilter(ApplicationFilterChain.java:149)
	at org.springframework.web.filter.OncePerRequestFilter.doFilter(OncePerRequestFilter.java:110)
	at org.apache.catalina.core.ApplicationFilterChain.internalDoFilter(ApplicationFilterChain.java:174)
	at org.apache.catalina.core.ApplicationFilterChain.doFilter(ApplicationFilterChain.java:149)
	at org.springframework.security.web.FilterChainProxy.lambda$doFilterInternal$3(FilterChainProxy.java:231)
	at org.springframework.security.web.FilterChainProxy$VirtualFilterChain.doFilter(FilterChainProxy.java:365)
	at org.springframework.security.web.access.intercept.AuthorizationFilter.doFilter(AuthorizationFilter.java:100)
	at org.springframework.security.web.FilterChainProxy$VirtualFilterChain.doFilter(FilterChainProxy.java:374)
	at org.springframework.security.web.access.ExceptionTranslationFilter.doFilter(ExceptionTranslationFilter.java:126)
	at org.springframework.security.web.access.ExceptionTranslationFilter.doFilter(ExceptionTranslationFilter.java:120)
	at org.springframework.security.web.FilterChainProxy$VirtualFilterChain.doFilter(FilterChainProxy.java:374)
	at org.springframework.security.web.session.SessionManagementFilter.doFilter(SessionManagementFilter.java:131)
	at org.springframework.security.web.session.SessionManagementFilter.doFilter(SessionManagementFilter.java:85)
	at org.springframework.security.web.FilterChainProxy$VirtualFilterChain.doFilter(FilterChainProxy.java:374)
	at org.springframework.security.web.authentication.AnonymousAuthenticationFilter.doFilter(AnonymousAuthenticationFilter.java:100)
	at org.springframework.security.web.FilterChainProxy$VirtualFilterChain.doFilter(FilterChainProxy.java:374)
	at org.springframework.security.web.servletapi.SecurityContextHolderAwareRequestFilter.doFilter(SecurityContextHolderAwareRequestFilter.java:179)
	at org.springframework.security.web.FilterChainProxy$VirtualFilterChain.doFilter(FilterChainProxy.java:374)
	at org.springframework.security.web.savedrequest.RequestCacheAwareFilter.doFilter(RequestCacheAwareFilter.java:63)
	at org.springframework.security.web.FilterChainProxy$VirtualFilterChain.doFilter(FilterChainProxy.java:374)
	at com.pes.security.filter.JwtAuthenticationFilter.doFilterInternal(JwtAuthenticationFilter.java:67)
	at org.springframework.web.filter.OncePerRequestFilter.doFilter(OncePerRequestFilter.java:116)
	at org.springframework.security.web.FilterChainProxy$VirtualFilterChain.doFilter(FilterChainProxy.java:374)
	at org.springframework.security.web.authentication.logout.LogoutFilter.doFilter(LogoutFilter.java:107)
	at org.springframework.security.web.authentication.logout.LogoutFilter.doFilter(LogoutFilter.java:93)
	at org.springframework.security.web.FilterChainProxy$VirtualFilterChain.doFilter(FilterChainProxy.java:374)
	at org.springframework.web.filter.CorsFilter.doFilterInternal(CorsFilter.java:91)
	at org.springframework.web.filter.OncePerRequestFilter.doFilter(OncePerRequestFilter.java:116)
	at org.springframework.security.web.FilterChainProxy$VirtualFilterChain.doFilter(FilterChainProxy.java:374)
	at org.springframework.security.web.header.HeaderWriterFilter.doHeadersAfter(HeaderWriterFilter.java:90)
	at org.springframework.security.web.header.HeaderWriterFilter.doFilterInternal(HeaderWriterFilter.java:75)
	at org.springframework.web.filter.OncePerRequestFilter.doFilter(OncePerRequestFilter.java:116)
	at org.springframework.security.web.FilterChainProxy$VirtualFilterChain.doFilter(FilterChainProxy.java:374)
	at org.springframework.security.web.context.SecurityContextHolderFilter.doFilter(SecurityContextHolderFilter.java:82)
	at org.springframework.security.web.context.SecurityContextHolderFilter.doFilter(SecurityContextHolderFilter.java:69)
	at org.springframework.security.web.FilterChainProxy$VirtualFilterChain.doFilter(FilterChainProxy.java:374)
	at org.springframework.security.web.context.request.async.WebAsyncManagerIntegrationFilter.doFilterInternal(WebAsyncManagerIntegrationFilter.java:62)
	at org.springframework.web.filter.OncePerRequestFilter.doFilter(OncePerRequestFilter.java:116)
	at org.springframework.security.web.FilterChainProxy$VirtualFilterChain.doFilter(FilterChainProxy.java:374)
	at org.springframework.security.web.session.DisableEncodeUrlFilter.doFilterInternal(DisableEncodeUrlFilter.java:42)
	at org.springframework.web.filter.OncePerRequestFilter.doFilter(OncePerRequestFilter.java:116)
	at org.springframework.security.web.FilterChainProxy$VirtualFilterChain.doFilter(FilterChainProxy.java:374)
	at org.springframework.security.web.FilterChainProxy.doFilterInternal(FilterChainProxy.java:233)
	at org.springframework.security.web.FilterChainProxy.doFilter(FilterChainProxy.java:191)
	at org.springframework.web.filter.DelegatingFilterProxy.invokeDelegate(DelegatingFilterProxy.java:352)
	at org.springframework.web.filter.DelegatingFilterProxy.doFilter(DelegatingFilterProxy.java:268)
	at org.apache.catalina.core.ApplicationFilterChain.internalDoFilter(ApplicationFilterChain.java:174)
	at org.apache.catalina.core.ApplicationFilterChain.doFilter(ApplicationFilterChain.java:149)
	at org.springframework.web.filter.RequestContextFilter.doFilterInternal(RequestContextFilter.java:100)
	at org.springframework.web.filter.OncePerRequestFilter.doFilter(OncePerRequestFilter.java:116)
	at org.apache.catalina.core.ApplicationFilterChain.internalDoFilter(ApplicationFilterChain.java:174)
	at org.apache.catalina.core.ApplicationFilterChain.doFilter(ApplicationFilterChain.java:149)
	at org.springframework.web.filter.FormContentFilter.doFilterInternal(FormContentFilter.java:93)
	at org.springframework.web.filter.OncePerRequestFilter.doFilter(OncePerRequestFilter.java:116)
	at org.apache.catalina.core.ApplicationFilterChain.internalDoFilter(ApplicationFilterChain.java:174)
	at org.apache.catalina.core.ApplicationFilterChain.doFilter(ApplicationFilterChain.java:149)
	at org.springframework.web.filter.CharacterEncodingFilter.doFilterInternal(CharacterEncodingFilter.java:201)
	at org.springframework.web.filter.OncePerRequestFilter.doFilter(OncePerRequestFilter.java:116)
	at org.apache.catalina.core.ApplicationFilterChain.internalDoFilter(ApplicationFilterChain.java:174)
	at org.apache.catalina.core.ApplicationFilterChain.doFilter(ApplicationFilterChain.java:149)
	at org.apache.catalina.core.StandardWrapperValve.invoke(StandardWrapperValve.java:167)
	at org.apache.catalina.core.StandardContextValve.invoke(StandardContextValve.java:90)
	at org.apache.catalina.authenticator.AuthenticatorBase.invoke(AuthenticatorBase.java:482)
	at org.apache.catalina.core.StandardHostValve.invoke(StandardHostValve.java:115)
	at org.apache.catalina.valves.ErrorReportValve.invoke(ErrorReportValve.java:93)
	at org.apache.catalina.core.StandardEngineValve.invoke(StandardEngineValve.java:74)
	at org.apache.catalina.connector.CoyoteAdapter.service(CoyoteAdapter.java:340)
	at org.apache.coyote.http11.Http11Processor.service(Http11Processor.java:391)
	at org.apache.coyote.AbstractProcessorLight.process(AbstractProcessorLight.java:63)
	at org.apache.coyote.AbstractProtocol$ConnectionHandler.process(AbstractProtocol.java:896)
	at org.apache.tomcat.util.net.NioEndpoint$SocketProcessor.doRun(NioEndpoint.java:1744)
	at org.apache.tomcat.util.net.SocketProcessorBase.run(SocketProcessorBase.java:52)
	at org.apache.tomcat.util.threads.ThreadPoolExecutor.runWorker(ThreadPoolExecutor.java:1191)
	at org.apache.tomcat.util.threads.ThreadPoolExecutor$Worker.run(ThreadPoolExecutor.java:659)
	at org.apache.tomcat.util.threads.TaskThread$WrappingRunnable.run(TaskThread.java:61)
	at java.base/java.lang.Thread.run(Thread.java:842)
2026-08-07 16:46:38.251 [http-nio-8080-exec-7] DEBUG o.s.security.web.FilterChainProxy - Securing GET /logout
2026-08-07 16:46:38.251 [http-nio-8080-exec-7] DEBUG o.s.s.w.a.logout.LogoutFilter - Logging out [null]
2026-08-07 16:46:38.251 [http-nio-8080-exec-7] DEBUG o.s.s.web.DefaultRedirectStrategy - Redirecting to /login?logout
2026-08-07 16:46:38.257 [http-nio-8080-exec-8] DEBUG o.s.security.web.FilterChainProxy - Securing GET /login?logout
2026-08-07 16:46:38.258 [http-nio-8080-exec-8] DEBUG c.p.mapper.SysUserMapper.selectList - ==>  Preparing: SELECT id,username,password,nickname,email,phone,status,create_time,update_time,version FROM sys_user WHERE (username = ?)
2026-08-07 16:46:38.258 [http-nio-8080-exec-8] DEBUG c.p.mapper.SysUserMapper.selectList - ==> Parameters: admin(String)
2026-08-07 16:46:38.258 [http-nio-8080-exec-8] DEBUG c.p.mapper.SysUserMapper.selectList - <==      Total: 1
2026-08-07 16:46:38.262 [http-nio-8080-exec-8] DEBUG c.p.m.SysUserRoleMapper.selectList - ==>  Preparing: SELECT id,user_id,role_id FROM sys_user_role WHERE (user_id = ?)
2026-08-07 16:46:38.262 [http-nio-8080-exec-8] DEBUG c.p.m.SysUserRoleMapper.selectList - ==> Parameters: 1(Long)
2026-08-07 16:46:38.263 [http-nio-8080-exec-8] DEBUG c.p.m.SysUserRoleMapper.selectList - <==      Total: 1
2026-08-07 16:46:38.265 [http-nio-8080-exec-8] DEBUG c.p.mapper.SysRoleMapper.selectById - ==>  Preparing: SELECT id,name,code,description,status,create_time,update_time,version FROM sys_role WHERE id=?
2026-08-07 16:46:38.265 [http-nio-8080-exec-8] DEBUG c.p.mapper.SysRoleMapper.selectById - ==> Parameters: 1(Long)
2026-08-07 16:46:38.265 [http-nio-8080-exec-8] DEBUG c.p.mapper.SysRoleMapper.selectById - <==      Total: 1
2026-08-07 16:46:38.265 [http-nio-8080-exec-8] DEBUG c.p.m.S.selectMenuByRoleId - ==>  Preparing: SELECT m.* FROM sys_menu m INNER JOIN sys_role_menu rm ON m.id = rm.menu_id WHERE rm.role_id = ?
2026-08-07 16:46:38.265 [http-nio-8080-exec-8] DEBUG c.p.m.S.selectMenuByRoleId - ==> Parameters: 1(Long)
2026-08-07 16:46:38.265 [http-nio-8080-exec-8] DEBUG c.p.m.S.selectMenuByRoleId - <==      Total: 21
2026-08-07 16:46:38.269 [http-nio-8080-exec-8] DEBUG o.s.security.web.FilterChainProxy - Secured GET /login?logout
2026-08-07 16:46:38.269 [http-nio-8080-exec-8] ERROR c.p.exception.GlobalExceptionHandler - [系统异常] GET /login — HttpRequestMethodNotSupportedException: Request method 'GET' is not supported
org.springframework.web.HttpRequestMethodNotSupportedException: Request method 'GET' is not supported
	at org.springframework.web.servlet.mvc.method.RequestMappingInfoHandlerMapping.handleNoMatch(RequestMappingInfoHandlerMapping.java:265)
	at org.springframework.web.servlet.handler.AbstractHandlerMethodMapping.lookupHandlerMethod(AbstractHandlerMethodMapping.java:441)
	at org.springframework.web.servlet.handler.AbstractHandlerMethodMapping.getHandlerInternal(AbstractHandlerMethodMapping.java:382)
	at org.springframework.web.servlet.mvc.method.RequestMappingInfoHandlerMapping.getHandlerInternal(RequestMappingInfoHandlerMapping.java:126)
	at org.springframework.web.servlet.mvc.method.RequestMappingInfoHandlerMapping.getHandlerInternal(RequestMappingInfoHandlerMapping.java:68)
	at org.springframework.web.servlet.handler.AbstractHandlerMapping.getHandler(AbstractHandlerMapping.java:507)
	at org.springframework.web.servlet.DispatcherServlet.getHandler(DispatcherServlet.java:1283)
	at org.springframework.web.servlet.DispatcherServlet.doDispatch(DispatcherServlet.java:1065)
	at org.springframework.web.servlet.DispatcherServlet.doService(DispatcherServlet.java:979)
	at org.springframework.web.servlet.FrameworkServlet.processRequest(FrameworkServlet.java:1014)
	at org.springframework.web.servlet.FrameworkServlet.doGet(FrameworkServlet.java:903)
	at jakarta.servlet.http.HttpServlet.service(HttpServlet.java:564)
	at org.springframework.web.servlet.FrameworkServlet.service(FrameworkServlet.java:885)
	at jakarta.servlet.http.HttpServlet.service(HttpServlet.java:658)
	at org.apache.catalina.core.ApplicationFilterChain.internalDoFilter(ApplicationFilterChain.java:205)
	at org.apache.catalina.core.ApplicationFilterChain.doFilter(ApplicationFilterChain.java:149)
	at org.apache.tomcat.websocket.server.WsFilter.doFilter(WsFilter.java:51)
	at org.apache.catalina.core.ApplicationFilterChain.internalDoFilter(ApplicationFilterChain.java:174)
	at org.apache.catalina.core.ApplicationFilterChain.doFilter(ApplicationFilterChain.java:149)
	at org.springframework.web.filter.OncePerRequestFilter.doFilter(OncePerRequestFilter.java:110)
	at org.apache.catalina.core.ApplicationFilterChain.internalDoFilter(ApplicationFilterChain.java:174)
	at org.apache.catalina.core.ApplicationFilterChain.doFilter(ApplicationFilterChain.java:149)
	at org.springframework.web.filter.OncePerRequestFilter.doFilter(OncePerRequestFilter.java:110)
	at org.apache.catalina.core.ApplicationFilterChain.internalDoFilter(ApplicationFilterChain.java:174)
	at org.apache.catalina.core.ApplicationFilterChain.doFilter(ApplicationFilterChain.java:149)
	at org.springframework.security.web.FilterChainProxy.lambda$doFilterInternal$3(FilterChainProxy.java:231)
	at org.springframework.security.web.FilterChainProxy$VirtualFilterChain.doFilter(FilterChainProxy.java:365)
	at org.springframework.security.web.access.intercept.AuthorizationFilter.doFilter(AuthorizationFilter.java:100)
	at org.springframework.security.web.FilterChainProxy$VirtualFilterChain.doFilter(FilterChainProxy.java:374)
	at org.springframework.security.web.access.ExceptionTranslationFilter.doFilter(ExceptionTranslationFilter.java:126)
	at org.springframework.security.web.access.ExceptionTranslationFilter.doFilter(ExceptionTranslationFilter.java:120)
	at org.springframework.security.web.FilterChainProxy$VirtualFilterChain.doFilter(FilterChainProxy.java:374)
	at org.springframework.security.web.session.SessionManagementFilter.doFilter(SessionManagementFilter.java:131)
	at org.springframework.security.web.session.SessionManagementFilter.doFilter(SessionManagementFilter.java:85)
	at org.springframework.security.web.FilterChainProxy$VirtualFilterChain.doFilter(FilterChainProxy.java:374)
	at org.springframework.security.web.authentication.AnonymousAuthenticationFilter.doFilter(AnonymousAuthenticationFilter.java:100)
	at org.springframework.security.web.FilterChainProxy$VirtualFilterChain.doFilter(FilterChainProxy.java:374)
	at org.springframework.security.web.servletapi.SecurityContextHolderAwareRequestFilter.doFilter(SecurityContextHolderAwareRequestFilter.java:179)
	at org.springframework.security.web.FilterChainProxy$VirtualFilterChain.doFilter(FilterChainProxy.java:374)
	at org.springframework.security.web.savedrequest.RequestCacheAwareFilter.doFilter(RequestCacheAwareFilter.java:63)
	at org.springframework.security.web.FilterChainProxy$VirtualFilterChain.doFilter(FilterChainProxy.java:374)
	at com.pes.security.filter.JwtAuthenticationFilter.doFilterInternal(JwtAuthenticationFilter.java:67)
	at org.springframework.web.filter.OncePerRequestFilter.doFilter(OncePerRequestFilter.java:116)
	at org.springframework.security.web.FilterChainProxy$VirtualFilterChain.doFilter(FilterChainProxy.java:374)
	at org.springframework.security.web.authentication.logout.LogoutFilter.doFilter(LogoutFilter.java:107)
	at org.springframework.security.web.authentication.logout.LogoutFilter.doFilter(LogoutFilter.java:93)
	at org.springframework.security.web.FilterChainProxy$VirtualFilterChain.doFilter(FilterChainProxy.java:374)
	at org.springframework.web.filter.CorsFilter.doFilterInternal(CorsFilter.java:91)
	at org.springframework.web.filter.OncePerRequestFilter.doFilter(OncePerRequestFilter.java:116)
	at org.springframework.security.web.FilterChainProxy$VirtualFilterChain.doFilter(FilterChainProxy.java:374)
	at org.springframework.security.web.header.HeaderWriterFilter.doHeadersAfter(HeaderWriterFilter.java:90)
	at org.springframework.security.web.header.HeaderWriterFilter.doFilterInternal(HeaderWriterFilter.java:75)
	at org.springframework.web.filter.OncePerRequestFilter.doFilter(OncePerRequestFilter.java:116)
	at org.springframework.security.web.FilterChainProxy$VirtualFilterChain.doFilter(FilterChainProxy.java:374)
	at org.springframework.security.web.context.SecurityContextHolderFilter.doFilter(SecurityContextHolderFilter.java:82)
	at org.springframework.security.web.context.SecurityContextHolderFilter.doFilter(SecurityContextHolderFilter.java:69)
	at org.springframework.security.web.FilterChainProxy$VirtualFilterChain.doFilter(FilterChainProxy.java:374)
	at org.springframework.security.web.context.request.async.WebAsyncManagerIntegrationFilter.doFilterInternal(WebAsyncManagerIntegrationFilter.java:62)
	at org.springframework.web.filter.OncePerRequestFilter.doFilter(OncePerRequestFilter.java:116)
	at org.springframework.security.web.FilterChainProxy$VirtualFilterChain.doFilter(FilterChainProxy.java:374)
	at org.springframework.security.web.session.DisableEncodeUrlFilter.doFilterInternal(DisableEncodeUrlFilter.java:42)
	at org.springframework.web.filter.OncePerRequestFilter.doFilter(OncePerRequestFilter.java:116)
	at org.springframework.security.web.FilterChainProxy$VirtualFilterChain.doFilter(FilterChainProxy.java:374)
	at org.springframework.security.web.FilterChainProxy.doFilterInternal(FilterChainProxy.java:233)
	at org.springframework.security.web.FilterChainProxy.doFilter(FilterChainProxy.java:191)
	at org.springframework.web.filter.DelegatingFilterProxy.invokeDelegate(DelegatingFilterProxy.java:352)
	at org.springframework.web.filter.DelegatingFilterProxy.doFilter(DelegatingFilterProxy.java:268)
	at org.apache.catalina.core.ApplicationFilterChain.internalDoFilter(ApplicationFilterChain.java:174)
	at org.apache.catalina.core.ApplicationFilterChain.doFilter(ApplicationFilterChain.java:149)
	at org.springframework.web.filter.RequestContextFilter.doFilterInternal(RequestContextFilter.java:100)
	at org.springframework.web.filter.OncePerRequestFilter.doFilter(OncePerRequestFilter.java:116)
	at org.apache.catalina.core.ApplicationFilterChain.internalDoFilter(ApplicationFilterChain.java:174)
	at org.apache.catalina.core.ApplicationFilterChain.doFilter(ApplicationFilterChain.java:149)
	at org.springframework.web.filter.FormContentFilter.doFilterInternal(FormContentFilter.java:93)
	at org.springframework.web.filter.OncePerRequestFilter.doFilter(OncePerRequestFilter.java:116)
	at org.apache.catalina.core.ApplicationFilterChain.internalDoFilter(ApplicationFilterChain.java:174)
	at org.apache.catalina.core.ApplicationFilterChain.doFilter(ApplicationFilterChain.java:149)
	at org.springframework.web.filter.CharacterEncodingFilter.doFilterInternal(CharacterEncodingFilter.java:201)
	at org.springframework.web.filter.OncePerRequestFilter.doFilter(OncePerRequestFilter.java:116)
	at org.apache.catalina.core.ApplicationFilterChain.internalDoFilter(ApplicationFilterChain.java:174)
	at org.apache.catalina.core.ApplicationFilterChain.doFilter(ApplicationFilterChain.java:149)
	at org.apache.catalina.core.StandardWrapperValve.invoke(StandardWrapperValve.java:167)
	at org.apache.catalina.core.StandardContextValve.invoke(StandardContextValve.java:90)
	at org.apache.catalina.authenticator.AuthenticatorBase.invoke(AuthenticatorBase.java:482)
	at org.apache.catalina.core.StandardHostValve.invoke(StandardHostValve.java:115)
	at org.apache.catalina.valves.ErrorReportValve.invoke(ErrorReportValve.java:93)
	at org.apache.catalina.core.StandardEngineValve.invoke(StandardEngineValve.java:74)
	at org.apache.catalina.connector.CoyoteAdapter.service(CoyoteAdapter.java:340)
	at org.apache.coyote.http11.Http11Processor.service(Http11Processor.java:391)
	at org.apache.coyote.AbstractProcessorLight.process(AbstractProcessorLight.java:63)
	at org.apache.coyote.AbstractProtocol$ConnectionHandler.process(AbstractProtocol.java:896)
	at org.apache.tomcat.util.net.NioEndpoint$SocketProcessor.doRun(NioEndpoint.java:1744)
	at org.apache.tomcat.util.net.SocketProcessorBase.run(SocketProcessorBase.java:52)
	at org.apache.tomcat.util.threads.ThreadPoolExecutor.runWorker(ThreadPoolExecutor.java:1191)
	at org.apache.tomcat.util.threads.ThreadPoolExecutor$Worker.run(ThreadPoolExecutor.java:659)
	at org.apache.tomcat.util.threads.TaskThread$WrappingRunnable.run(TaskThread.java:61)
	at java.base/java.lang.Thread.run(Thread.java:842)
2026-08-07 16:46:43.493 [http-nio-8080-exec-1] DEBUG o.s.security.web.FilterChainProxy - Securing POST /logout
2026-08-07 16:46:43.493 [http-nio-8080-exec-1] DEBUG o.s.s.w.a.logout.LogoutFilter - Logging out [null]
2026-08-07 16:46:43.493 [http-nio-8080-exec-1] DEBUG o.s.s.web.DefaultRedirectStrategy - Redirecting to /login?logout
2026-08-07 16:46:43.496 [http-nio-8080-exec-10] DEBUG o.s.security.web.FilterChainProxy - Securing GET /login?logout
2026-08-07 16:46:43.499 [http-nio-8080-exec-10] DEBUG c.p.mapper.SysUserMapper.selectList - ==>  Preparing: SELECT id,username,password,nickname,email,phone,status,create_time,update_time,version FROM sys_user WHERE (username = ?)
2026-08-07 16:46:43.499 [http-nio-8080-exec-10] DEBUG c.p.mapper.SysUserMapper.selectList - ==> Parameters: admin(String)
2026-08-07 16:46:43.501 [http-nio-8080-exec-10] DEBUG c.p.mapper.SysUserMapper.selectList - <==      Total: 1
2026-08-07 16:46:43.501 [http-nio-8080-exec-10] DEBUG c.p.m.SysUserRoleMapper.selectList - ==>  Preparing: SELECT id,user_id,role_id FROM sys_user_role WHERE (user_id = ?)
2026-08-07 16:46:43.501 [http-nio-8080-exec-10] DEBUG c.p.m.SysUserRoleMapper.selectList - ==> Parameters: 1(Long)
2026-08-07 16:46:43.501 [http-nio-8080-exec-10] DEBUG c.p.m.SysUserRoleMapper.selectList - <==      Total: 1
2026-08-07 16:46:43.501 [http-nio-8080-exec-10] DEBUG c.p.mapper.SysRoleMapper.selectById - ==>  Preparing: SELECT id,name,code,description,status,create_time,update_time,version FROM sys_role WHERE id=?
2026-08-07 16:46:43.501 [http-nio-8080-exec-10] DEBUG c.p.mapper.SysRoleMapper.selectById - ==> Parameters: 1(Long)
2026-08-07 16:46:43.504 [http-nio-8080-exec-10] DEBUG c.p.mapper.SysRoleMapper.selectById - <==      Total: 1
2026-08-07 16:46:43.504 [http-nio-8080-exec-10] DEBUG c.p.m.S.selectMenuByRoleId - ==>  Preparing: SELECT m.* FROM sys_menu m INNER JOIN sys_role_menu rm ON m.id = rm.menu_id WHERE rm.role_id = ?
2026-08-07 16:46:43.504 [http-nio-8080-exec-10] DEBUG c.p.m.S.selectMenuByRoleId - ==> Parameters: 1(Long)
2026-08-07 16:46:43.506 [http-nio-8080-exec-10] DEBUG c.p.m.S.selectMenuByRoleId - <==      Total: 21
2026-08-07 16:46:43.508 [http-nio-8080-exec-10] DEBUG o.s.security.web.FilterChainProxy - Secured GET /login?logout
2026-08-07 16:46:43.508 [http-nio-8080-exec-10] ERROR c.p.exception.GlobalExceptionHandler - [系统异常] GET /login — HttpRequestMethodNotSupportedException: Request method 'GET' is not supported
org.springframework.web.HttpRequestMethodNotSupportedException: Request method 'GET' is not supported
	at org.springframework.web.servlet.mvc.method.RequestMappingInfoHandlerMapping.handleNoMatch(RequestMappingInfoHandlerMapping.java:265)
	at org.springframework.web.servlet.handler.AbstractHandlerMethodMapping.lookupHandlerMethod(AbstractHandlerMethodMapping.java:441)
	at org.springframework.web.servlet.handler.AbstractHandlerMethodMapping.getHandlerInternal(AbstractHandlerMethodMapping.java:382)
	at org.springframework.web.servlet.mvc.method.RequestMappingInfoHandlerMapping.getHandlerInternal(RequestMappingInfoHandlerMapping.java:126)
	at org.springframework.web.servlet.mvc.method.RequestMappingInfoHandlerMapping.getHandlerInternal(RequestMappingInfoHandlerMapping.java:68)
	at org.springframework.web.servlet.handler.AbstractHandlerMapping.getHandler(AbstractHandlerMapping.java:507)
	at org.springframework.web.servlet.DispatcherServlet.getHandler(DispatcherServlet.java:1283)
	at org.springframework.web.servlet.DispatcherServlet.doDispatch(DispatcherServlet.java:1065)
	at org.springframework.web.servlet.DispatcherServlet.doService(DispatcherServlet.java:979)
	at org.springframework.web.servlet.FrameworkServlet.processRequest(FrameworkServlet.java:1014)
	at org.springframework.web.servlet.FrameworkServlet.doGet(FrameworkServlet.java:903)
	at jakarta.servlet.http.HttpServlet.service(HttpServlet.java:564)
	at org.springframework.web.servlet.FrameworkServlet.service(FrameworkServlet.java:885)
	at jakarta.servlet.http.HttpServlet.service(HttpServlet.java:658)
	at org.apache.catalina.core.ApplicationFilterChain.internalDoFilter(ApplicationFilterChain.java:205)
	at org.apache.catalina.core.ApplicationFilterChain.doFilter(ApplicationFilterChain.java:149)
	at org.apache.tomcat.websocket.server.WsFilter.doFilter(WsFilter.java:51)
	at org.apache.catalina.core.ApplicationFilterChain.internalDoFilter(ApplicationFilterChain.java:174)
	at org.apache.catalina.core.ApplicationFilterChain.doFilter(ApplicationFilterChain.java:149)
	at org.springframework.web.filter.OncePerRequestFilter.doFilter(OncePerRequestFilter.java:110)
	at org.apache.catalina.core.ApplicationFilterChain.internalDoFilter(ApplicationFilterChain.java:174)
	at org.apache.catalina.core.ApplicationFilterChain.doFilter(ApplicationFilterChain.java:149)
	at org.springframework.web.filter.OncePerRequestFilter.doFilter(OncePerRequestFilter.java:110)
	at org.apache.catalina.core.ApplicationFilterChain.internalDoFilter(ApplicationFilterChain.java:174)
	at org.apache.catalina.core.ApplicationFilterChain.doFilter(ApplicationFilterChain.java:149)
	at org.springframework.security.web.FilterChainProxy.lambda$doFilterInternal$3(FilterChainProxy.java:231)
	at org.springframework.security.web.FilterChainProxy$VirtualFilterChain.doFilter(FilterChainProxy.java:365)
	at org.springframework.security.web.access.intercept.AuthorizationFilter.doFilter(AuthorizationFilter.java:100)
	at org.springframework.security.web.FilterChainProxy$VirtualFilterChain.doFilter(FilterChainProxy.java:374)
	at org.springframework.security.web.access.ExceptionTranslationFilter.doFilter(ExceptionTranslationFilter.java:126)
	at org.springframework.security.web.access.ExceptionTranslationFilter.doFilter(ExceptionTranslationFilter.java:120)
	at org.springframework.security.web.FilterChainProxy$VirtualFilterChain.doFilter(FilterChainProxy.java:374)
	at org.springframework.security.web.session.SessionManagementFilter.doFilter(SessionManagementFilter.java:131)
	at org.springframework.security.web.session.SessionManagementFilter.doFilter(SessionManagementFilter.java:85)
	at org.springframework.security.web.FilterChainProxy$VirtualFilterChain.doFilter(FilterChainProxy.java:374)
	at org.springframework.security.web.authentication.AnonymousAuthenticationFilter.doFilter(AnonymousAuthenticationFilter.java:100)
	at org.springframework.security.web.FilterChainProxy$VirtualFilterChain.doFilter(FilterChainProxy.java:374)
	at org.springframework.security.web.servletapi.SecurityContextHolderAwareRequestFilter.doFilter(SecurityContextHolderAwareRequestFilter.java:179)
	at org.springframework.security.web.FilterChainProxy$VirtualFilterChain.doFilter(FilterChainProxy.java:374)
	at org.springframework.security.web.savedrequest.RequestCacheAwareFilter.doFilter(RequestCacheAwareFilter.java:63)
	at org.springframework.security.web.FilterChainProxy$VirtualFilterChain.doFilter(FilterChainProxy.java:374)
	at com.pes.security.filter.JwtAuthenticationFilter.doFilterInternal(JwtAuthenticationFilter.java:67)
	at org.springframework.web.filter.OncePerRequestFilter.doFilter(OncePerRequestFilter.java:116)
	at org.springframework.security.web.FilterChainProxy$VirtualFilterChain.doFilter(FilterChainProxy.java:374)
	at org.springframework.security.web.authentication.logout.LogoutFilter.doFilter(LogoutFilter.java:107)
	at org.springframework.security.web.authentication.logout.LogoutFilter.doFilter(LogoutFilter.java:93)
	at org.springframework.security.web.FilterChainProxy$VirtualFilterChain.doFilter(FilterChainProxy.java:374)
	at org.springframework.web.filter.CorsFilter.doFilterInternal(CorsFilter.java:91)
	at org.springframework.web.filter.OncePerRequestFilter.doFilter(OncePerRequestFilter.java:116)
	at org.springframework.security.web.FilterChainProxy$VirtualFilterChain.doFilter(FilterChainProxy.java:374)
	at org.springframework.security.web.header.HeaderWriterFilter.doHeadersAfter(HeaderWriterFilter.java:90)
	at org.springframework.security.web.header.HeaderWriterFilter.doFilterInternal(HeaderWriterFilter.java:75)
	at org.springframework.web.filter.OncePerRequestFilter.doFilter(OncePerRequestFilter.java:116)
	at org.springframework.security.web.FilterChainProxy$VirtualFilterChain.doFilter(FilterChainProxy.java:374)
	at org.springframework.security.web.context.SecurityContextHolderFilter.doFilter(SecurityContextHolderFilter.java:82)
	at org.springframework.security.web.context.SecurityContextHolderFilter.doFilter(SecurityContextHolderFilter.java:69)
	at org.springframework.security.web.FilterChainProxy$VirtualFilterChain.doFilter(FilterChainProxy.java:374)
	at org.springframework.security.web.context.request.async.WebAsyncManagerIntegrationFilter.doFilterInternal(WebAsyncManagerIntegrationFilter.java:62)
	at org.springframework.web.filter.OncePerRequestFilter.doFilter(OncePerRequestFilter.java:116)
	at org.springframework.security.web.FilterChainProxy$VirtualFilterChain.doFilter(FilterChainProxy.java:374)
	at org.springframework.security.web.session.DisableEncodeUrlFilter.doFilterInternal(DisableEncodeUrlFilter.java:42)
	at org.springframework.web.filter.OncePerRequestFilter.doFilter(OncePerRequestFilter.java:116)
	at org.springframework.security.web.FilterChainProxy$VirtualFilterChain.doFilter(FilterChainProxy.java:374)
	at org.springframework.security.web.FilterChainProxy.doFilterInternal(FilterChainProxy.java:233)
	at org.springframework.security.web.FilterChainProxy.doFilter(FilterChainProxy.java:191)
	at org.springframework.web.filter.DelegatingFilterProxy.invokeDelegate(DelegatingFilterProxy.java:352)
	at org.springframework.web.filter.DelegatingFilterProxy.doFilter(DelegatingFilterProxy.java:268)
	at org.apache.catalina.core.ApplicationFilterChain.internalDoFilter(ApplicationFilterChain.java:174)
	at org.apache.catalina.core.ApplicationFilterChain.doFilter(ApplicationFilterChain.java:149)
	at org.springframework.web.filter.RequestContextFilter.doFilterInternal(RequestContextFilter.java:100)
	at org.springframework.web.filter.OncePerRequestFilter.doFilter(OncePerRequestFilter.java:116)
	at org.apache.catalina.core.ApplicationFilterChain.internalDoFilter(ApplicationFilterChain.java:174)
	at org.apache.catalina.core.ApplicationFilterChain.doFilter(ApplicationFilterChain.java:149)
	at org.springframework.web.filter.FormContentFilter.doFilterInternal(FormContentFilter.java:93)
	at org.springframework.web.filter.OncePerRequestFilter.doFilter(OncePerRequestFilter.java:116)
	at org.apache.catalina.core.ApplicationFilterChain.internalDoFilter(ApplicationFilterChain.java:174)
	at org.apache.catalina.core.ApplicationFilterChain.doFilter(ApplicationFilterChain.java:149)
	at org.springframework.web.filter.CharacterEncodingFilter.doFilterInternal(CharacterEncodingFilter.java:201)
	at org.springframework.web.filter.OncePerRequestFilter.doFilter(OncePerRequestFilter.java:116)
	at org.apache.catalina.core.ApplicationFilterChain.internalDoFilter(ApplicationFilterChain.java:174)
	at org.apache.catalina.core.ApplicationFilterChain.doFilter(ApplicationFilterChain.java:149)
	at org.apache.catalina.core.StandardWrapperValve.invoke(StandardWrapperValve.java:167)
	at org.apache.catalina.core.StandardContextValve.invoke(StandardContextValve.java:90)
	at org.apache.catalina.authenticator.AuthenticatorBase.invoke(AuthenticatorBase.java:482)
	at org.apache.catalina.core.StandardHostValve.invoke(StandardHostValve.java:115)
	at org.apache.catalina.valves.ErrorReportValve.invoke(ErrorReportValve.java:93)
	at org.apache.catalina.core.StandardEngineValve.invoke(StandardEngineValve.java:74)
	at org.apache.catalina.connector.CoyoteAdapter.service(CoyoteAdapter.java:340)
	at org.apache.coyote.http11.Http11Processor.service(Http11Processor.java:391)
	at org.apache.coyote.AbstractProcessorLight.process(AbstractProcessorLight.java:63)
	at org.apache.coyote.AbstractProtocol$ConnectionHandler.process(AbstractProtocol.java:896)
	at org.apache.tomcat.util.net.NioEndpoint$SocketProcessor.doRun(NioEndpoint.java:1744)
	at org.apache.tomcat.util.net.SocketProcessorBase.run(SocketProcessorBase.java:52)
	at org.apache.tomcat.util.threads.ThreadPoolExecutor.runWorker(ThreadPoolExecutor.java:1191)
	at org.apache.tomcat.util.threads.ThreadPoolExecutor$Worker.run(ThreadPoolExecutor.java:659)
	at org.apache.tomcat.util.threads.TaskThread$WrappingRunnable.run(TaskThread.java:61)
	at java.base/java.lang.Thread.run(Thread.java:842)
2026-08-07 16:48:10.900 [SpringApplicationShutdownHook] INFO  com.zaxxer.hikari.HikariDataSource - HikariPool-1 - Shutdown initiated...
2026-08-07 16:48:10.903 [SpringApplicationShutdownHook] INFO  com.zaxxer.hikari.HikariDataSource - HikariPool-1 - Shutdown completed.
2026-08-07 16:48:15.940 [background-preinit] INFO  o.h.validator.internal.util.Version - HV000001: Hibernate Validator 8.0.1.Final
2026-08-07 16:48:15.975 [main] INFO  com.pes.PesApplication - Starting PesApplication using Java 17.0.12 with PID 30264 (E:\PES\pes-java\target\classes started by ASUS in E:\PES)
2026-08-07 16:48:15.975 [main] DEBUG com.pes.PesApplication - Running with Spring Boot v3.2.0, Spring v6.1.1
2026-08-07 16:48:15.976 [main] INFO  com.pes.PesApplication - The following 1 profile is active: "dev"
2026-08-07 16:48:16.552 [main] INFO  o.s.d.r.c.RepositoryConfigurationDelegate - Multiple Spring Data modules found, entering strict repository configuration mode
2026-08-07 16:48:16.553 [main] INFO  o.s.d.r.c.RepositoryConfigurationDelegate - Bootstrapping Spring Data Redis repositories in DEFAULT mode.
2026-08-07 16:48:16.581 [main] INFO  o.s.d.r.c.RepositoryConfigurationDelegate - Finished Spring Data repository scanning in 17 ms. Found 0 Redis repository interfaces.
2026-08-07 16:48:17.171 [main] INFO  o.s.b.w.e.tomcat.TomcatWebServer - Tomcat initialized with port 8080 (http)
2026-08-07 16:48:17.178 [main] INFO  o.a.coyote.http11.Http11NioProtocol - Initializing ProtocolHandler ["http-nio-8080"]
2026-08-07 16:48:17.179 [main] INFO  o.a.catalina.core.StandardService - Starting service [Tomcat]
2026-08-07 16:48:17.179 [main] INFO  o.a.catalina.core.StandardEngine - Starting Servlet engine: [Apache Tomcat/10.1.16]
2026-08-07 16:48:17.233 [main] INFO  o.a.c.c.C.[Tomcat].[localhost].[/] - Initializing Spring embedded WebApplicationContext
2026-08-07 16:48:17.233 [main] INFO  o.s.b.w.s.c.ServletWebServerApplicationContext - Root WebApplicationContext: initialization completed in 1220 ms
2026-08-07 16:48:17.364 [main] INFO  com.zaxxer.hikari.HikariDataSource - HikariPool-1 - Starting...
2026-08-07 16:48:17.643 [main] INFO  com.zaxxer.hikari.pool.HikariPool - HikariPool-1 - Added connection com.mysql.cj.jdbc.ConnectionImpl@54275b5d
2026-08-07 16:48:17.645 [main] INFO  com.zaxxer.hikari.HikariDataSource - HikariPool-1 - Start completed.
2026-08-07 16:48:17.896 [main] DEBUG c.p.s.filter.JwtAuthenticationFilter - Filter 'jwtAuthenticationFilter' configured for use
2026-08-07 16:48:18.459 [main] INFO  com.pes.utils.RedisUtils - Redis 连接成功
2026-08-07 16:48:18.791 [main] INFO  o.s.s.web.DefaultSecurityFilterChain - Will secure any request with [org.springframework.security.web.session.DisableEncodeUrlFilter@4a7ac98b, org.springframework.security.web.context.request.async.WebAsyncManagerIntegrationFilter@35e3f3b8, org.springframework.security.web.context.SecurityContextHolderFilter@109188b4, org.springframework.security.web.header.HeaderWriterFilter@5857d723, org.springframework.web.filter.CorsFilter@7f030c72, com.pes.security.filter.JwtAuthenticationFilter@15914bb5, org.springframework.security.web.savedrequest.RequestCacheAwareFilter@14580edc, org.springframework.security.web.servletapi.SecurityContextHolderAwareRequestFilter@3f2a7ca0, org.springframework.security.web.authentication.AnonymousAuthenticationFilter@13bf5fd, org.springframework.security.web.session.SessionManagementFilter@7cb38a6a, org.springframework.security.web.access.ExceptionTranslationFilter@7bb3294c, org.springframework.security.web.access.intercept.AuthorizationFilter@76c85485]
2026-08-07 16:48:19.024 [main] INFO  o.a.coyote.http11.Http11NioProtocol - Starting ProtocolHandler ["http-nio-8080"]
2026-08-07 16:48:19.035 [main] INFO  o.s.b.w.e.tomcat.TomcatWebServer - Tomcat started on port 8080 (http) with context path ''
2026-08-07 16:48:19.039 [main] INFO  com.pes.PesApplication - Started PesApplication in 3.544 seconds (process running for 4.21)
2026-08-07 16:48:58.714 [http-nio-8080-exec-2] INFO  o.a.c.c.C.[Tomcat].[localhost].[/] - Initializing Spring DispatcherServlet 'dispatcherServlet'
2026-08-07 16:48:58.714 [http-nio-8080-exec-2] INFO  o.s.web.servlet.DispatcherServlet - Initializing Servlet 'dispatcherServlet'
2026-08-07 16:48:58.714 [http-nio-8080-exec-2] INFO  o.s.web.servlet.DispatcherServlet - Completed initialization in 0 ms
2026-08-07 16:48:58.714 [http-nio-8080-exec-2] DEBUG o.s.security.web.FilterChainProxy - Securing POST /logout
2026-08-07 16:48:58.849 [http-nio-8080-exec-2] DEBUG c.p.mapper.SysUserMapper.selectList - ==>  Preparing: SELECT id,username,password,nickname,email,phone,status,create_time,update_time,version FROM sys_user WHERE (username = ?)
2026-08-07 16:48:58.864 [http-nio-8080-exec-2] DEBUG c.p.mapper.SysUserMapper.selectList - ==> Parameters: admin(String)
2026-08-07 16:48:58.881 [http-nio-8080-exec-2] DEBUG c.p.mapper.SysUserMapper.selectList - <==      Total: 1
2026-08-07 16:48:58.893 [http-nio-8080-exec-2] DEBUG c.p.m.SysUserRoleMapper.selectList - ==>  Preparing: SELECT id,user_id,role_id FROM sys_user_role WHERE (user_id = ?)
2026-08-07 16:48:58.893 [http-nio-8080-exec-2] DEBUG c.p.m.SysUserRoleMapper.selectList - ==> Parameters: 1(Long)
2026-08-07 16:48:58.895 [http-nio-8080-exec-2] DEBUG c.p.m.SysUserRoleMapper.selectList - <==      Total: 1
2026-08-07 16:48:58.895 [http-nio-8080-exec-2] DEBUG c.p.mapper.SysRoleMapper.selectById - ==>  Preparing: SELECT id,name,code,description,status,create_time,update_time,version FROM sys_role WHERE id=?
2026-08-07 16:48:58.895 [http-nio-8080-exec-2] DEBUG c.p.mapper.SysRoleMapper.selectById - ==> Parameters: 1(Long)
2026-08-07 16:48:58.895 [http-nio-8080-exec-2] DEBUG c.p.mapper.SysRoleMapper.selectById - <==      Total: 1
2026-08-07 16:48:58.895 [http-nio-8080-exec-2] DEBUG c.p.m.S.selectMenuByRoleId - ==>  Preparing: SELECT m.* FROM sys_menu m INNER JOIN sys_role_menu rm ON m.id = rm.menu_id WHERE rm.role_id = ?
2026-08-07 16:48:58.895 [http-nio-8080-exec-2] DEBUG c.p.m.S.selectMenuByRoleId - ==> Parameters: 1(Long)
2026-08-07 16:48:58.906 [http-nio-8080-exec-2] DEBUG c.p.m.S.selectMenuByRoleId - <==      Total: 21
2026-08-07 16:48:58.918 [http-nio-8080-exec-2] DEBUG o.s.security.web.FilterChainProxy - Secured POST /logout
2026-08-07 17:23:52.244 [HikariPool-1 housekeeper] WARN  com.zaxxer.hikari.pool.HikariPool - HikariPool-1 - Thread starvation or clock leap detected (housekeeper delta=5m3s986ms304µs).
2026-08-07 18:15:21.686 [HikariPool-1 housekeeper] WARN  com.zaxxer.hikari.pool.HikariPool - HikariPool-1 - Thread starvation or clock leap detected (housekeeper delta=11m28s828ms268µs800ns).
2026-08-07 18:17:36.544 [http-nio-8080-exec-4] DEBUG o.s.security.web.FilterChainProxy - Securing GET /dashboard/stats
2026-08-07 18:17:36.550 [http-nio-8080-exec-4] DEBUG o.s.s.w.a.AnonymousAuthenticationFilter - Set SecurityContextHolder to anonymous SecurityContext
2026-08-07 18:19:20.365 [http-nio-8080-exec-8] DEBUG o.s.security.web.FilterChainProxy - Securing GET /dashboard/stats
2026-08-07 18:19:20.381 [http-nio-8080-exec-8] DEBUG c.p.mapper.SysUserMapper.selectList - ==>  Preparing: SELECT id,username,password,nickname,email,phone,status,create_time,update_time,version FROM sys_user WHERE (username = ?)
2026-08-07 18:19:20.381 [http-nio-8080-exec-8] DEBUG c.p.mapper.SysUserMapper.selectList - ==> Parameters: admin(String)
2026-08-07 18:19:20.387 [http-nio-8080-exec-8] DEBUG c.p.mapper.SysUserMapper.selectList - <==      Total: 1
2026-08-07 18:19:20.387 [http-nio-8080-exec-8] DEBUG c.p.m.SysUserRoleMapper.selectList - ==>  Preparing: SELECT id,user_id,role_id FROM sys_user_role WHERE (user_id = ?)
2026-08-07 18:19:20.387 [http-nio-8080-exec-8] DEBUG c.p.m.SysUserRoleMapper.selectList - ==> Parameters: 1(Long)
2026-08-07 18:19:20.392 [http-nio-8080-exec-8] DEBUG c.p.m.SysUserRoleMapper.selectList - <==      Total: 1
2026-08-07 18:19:20.392 [http-nio-8080-exec-8] DEBUG c.p.mapper.SysRoleMapper.selectById - ==>  Preparing: SELECT id,name,code,description,status,create_time,update_time,version FROM sys_role WHERE id=?
2026-08-07 18:19:20.392 [http-nio-8080-exec-8] DEBUG c.p.mapper.SysRoleMapper.selectById - ==> Parameters: 1(Long)
2026-08-07 18:19:20.392 [http-nio-8080-exec-8] DEBUG c.p.mapper.SysRoleMapper.selectById - <==      Total: 1
2026-08-07 18:19:20.392 [http-nio-8080-exec-8] DEBUG c.p.m.S.selectMenuByRoleId - ==>  Preparing: SELECT m.* FROM sys_menu m INNER JOIN sys_role_menu rm ON m.id = rm.menu_id WHERE rm.role_id = ?
2026-08-07 18:19:20.392 [http-nio-8080-exec-8] DEBUG c.p.m.S.selectMenuByRoleId - ==> Parameters: 1(Long)
2026-08-07 18:19:20.398 [http-nio-8080-exec-8] DEBUG c.p.m.S.selectMenuByRoleId - <==      Total: 21
2026-08-07 18:19:20.398 [http-nio-8080-exec-8] DEBUG o.s.security.web.FilterChainProxy - Secured GET /dashboard/stats
2026-08-07 18:19:20.410 [http-nio-8080-exec-8] DEBUG c.p.mapper.SysUserMapper.selectCount - ==>  Preparing: SELECT COUNT( * ) AS total FROM sys_user
2026-08-07 18:19:20.410 [http-nio-8080-exec-8] DEBUG c.p.mapper.SysUserMapper.selectCount - ==> Parameters: 
2026-08-07 18:19:20.417 [http-nio-8080-exec-8] DEBUG c.p.mapper.SysUserMapper.selectCount - <==      Total: 1
2026-08-07 18:19:20.417 [http-nio-8080-exec-8] DEBUG c.p.mapper.SysRoleMapper.selectCount - ==>  Preparing: SELECT COUNT( * ) AS total FROM sys_role
2026-08-07 18:19:20.420 [http-nio-8080-exec-8] DEBUG c.p.mapper.SysRoleMapper.selectCount - ==> Parameters: 
2026-08-07 18:19:20.421 [http-nio-8080-exec-8] DEBUG c.p.mapper.SysRoleMapper.selectCount - <==      Total: 1
2026-08-07 18:19:20.421 [http-nio-8080-exec-8] DEBUG c.p.mapper.SysMenuMapper.selectCount - ==>  Preparing: SELECT COUNT( * ) AS total FROM sys_menu
2026-08-07 18:19:20.423 [http-nio-8080-exec-8] DEBUG c.p.mapper.SysMenuMapper.selectCount - ==> Parameters: 
2026-08-07 18:19:20.423 [http-nio-8080-exec-8] DEBUG c.p.mapper.SysMenuMapper.selectCount - <==      Total: 1
2026-08-07 18:43:00.031 [HikariPool-1 housekeeper] WARN  com.zaxxer.hikari.pool.HikariPool - HikariPool-1 - Thread starvation or clock leap detected (housekeeper delta=17m8s184ms791µs200ns).
2026-08-07 19:38:54.523 [HikariPool-1 housekeeper] WARN  com.zaxxer.hikari.pool.HikariPool - HikariPool-1 - Thread starvation or clock leap detected (housekeeper delta=41m24s305ms307µs800ns).
2026-08-07 19:39:28.906 [http-nio-8080-exec-1] DEBUG o.s.security.web.FilterChainProxy - Securing GET /users
2026-08-07 19:39:28.909 [http-nio-8080-exec-1] DEBUG c.p.mapper.SysUserMapper.selectList - ==>  Preparing: SELECT id,username,password,nickname,email,phone,status,create_time,update_time,version FROM sys_user WHERE (username = ?)
2026-08-07 19:39:28.909 [http-nio-8080-exec-1] DEBUG c.p.mapper.SysUserMapper.selectList - ==> Parameters: admin(String)
2026-08-07 19:39:28.913 [http-nio-8080-exec-1] DEBUG c.p.mapper.SysUserMapper.selectList - <==      Total: 1
2026-08-07 19:39:28.915 [http-nio-8080-exec-1] DEBUG c.p.m.SysUserRoleMapper.selectList - ==>  Preparing: SELECT id,user_id,role_id FROM sys_user_role WHERE (user_id = ?)
2026-08-07 19:39:28.915 [http-nio-8080-exec-1] DEBUG c.p.m.SysUserRoleMapper.selectList - ==> Parameters: 1(Long)
2026-08-07 19:39:28.916 [http-nio-8080-exec-1] DEBUG c.p.m.SysUserRoleMapper.selectList - <==      Total: 1
2026-08-07 19:39:28.918 [http-nio-8080-exec-1] DEBUG c.p.mapper.SysRoleMapper.selectById - ==>  Preparing: SELECT id,name,code,description,status,create_time,update_time,version FROM sys_role WHERE id=?
2026-08-07 19:39:28.918 [http-nio-8080-exec-1] DEBUG c.p.mapper.SysRoleMapper.selectById - ==> Parameters: 1(Long)
2026-08-07 19:39:28.920 [http-nio-8080-exec-1] DEBUG c.p.mapper.SysRoleMapper.selectById - <==      Total: 1
2026-08-07 19:39:28.920 [http-nio-8080-exec-1] DEBUG c.p.m.S.selectMenuByRoleId - ==>  Preparing: SELECT m.* FROM sys_menu m INNER JOIN sys_role_menu rm ON m.id = rm.menu_id WHERE rm.role_id = ?
2026-08-07 19:39:28.920 [http-nio-8080-exec-1] DEBUG c.p.m.S.selectMenuByRoleId - ==> Parameters: 1(Long)
2026-08-07 19:39:28.923 [http-nio-8080-exec-1] DEBUG c.p.m.S.selectMenuByRoleId - <==      Total: 21
2026-08-07 19:39:28.925 [http-nio-8080-exec-1] DEBUG o.s.security.web.FilterChainProxy - Secured GET /users
2026-08-07 19:39:28.968 [http-nio-8080-exec-1] DEBUG c.p.mapper.SysUserMapper.selectList - ==>  Preparing: SELECT id,username,password,nickname,email,phone,status,create_time,update_time,version FROM sys_user ORDER BY id ASC
2026-08-07 19:39:28.969 [http-nio-8080-exec-1] DEBUG c.p.mapper.SysUserMapper.selectList - ==> Parameters: 
2026-08-07 19:39:28.974 [http-nio-8080-exec-1] DEBUG c.p.mapper.SysUserMapper.selectList - <==      Total: 8
2026-08-07 19:41:43.329 [http-nio-8080-exec-5] DEBUG o.s.security.web.FilterChainProxy - Securing GET /users/options
2026-08-07 19:41:43.331 [http-nio-8080-exec-5] DEBUG c.p.mapper.SysUserMapper.selectList - ==>  Preparing: SELECT id,username,password,nickname,email,phone,status,create_time,update_time,version FROM sys_user WHERE (username = ?)
2026-08-07 19:41:43.331 [http-nio-8080-exec-5] DEBUG c.p.mapper.SysUserMapper.selectList - ==> Parameters: admin(String)
2026-08-07 19:41:43.334 [http-nio-8080-exec-5] DEBUG c.p.mapper.SysUserMapper.selectList - <==      Total: 1
2026-08-07 19:41:43.334 [http-nio-8080-exec-5] DEBUG c.p.m.SysUserRoleMapper.selectList - ==>  Preparing: SELECT id,user_id,role_id FROM sys_user_role WHERE (user_id = ?)
2026-08-07 19:41:43.334 [http-nio-8080-exec-5] DEBUG c.p.m.SysUserRoleMapper.selectList - ==> Parameters: 1(Long)
2026-08-07 19:41:43.334 [http-nio-8080-exec-5] DEBUG c.p.m.SysUserRoleMapper.selectList - <==      Total: 1
2026-08-07 19:41:43.334 [http-nio-8080-exec-5] DEBUG c.p.mapper.SysRoleMapper.selectById - ==>  Preparing: SELECT id,name,code,description,status,create_time,update_time,version FROM sys_role WHERE id=?
2026-08-07 19:41:43.334 [http-nio-8080-exec-5] DEBUG c.p.mapper.SysRoleMapper.selectById - ==> Parameters: 1(Long)
2026-08-07 19:41:43.334 [http-nio-8080-exec-5] DEBUG c.p.mapper.SysRoleMapper.selectById - <==      Total: 1
2026-08-07 19:41:43.334 [http-nio-8080-exec-5] DEBUG c.p.m.S.selectMenuByRoleId - ==>  Preparing: SELECT m.* FROM sys_menu m INNER JOIN sys_role_menu rm ON m.id = rm.menu_id WHERE rm.role_id = ?
2026-08-07 19:41:43.334 [http-nio-8080-exec-5] DEBUG c.p.m.S.selectMenuByRoleId - ==> Parameters: 1(Long)
2026-08-07 19:41:43.340 [http-nio-8080-exec-5] DEBUG c.p.m.S.selectMenuByRoleId - <==      Total: 21
2026-08-07 19:41:43.340 [http-nio-8080-exec-5] DEBUG o.s.security.web.FilterChainProxy - Secured GET /users/options
2026-08-07 19:41:43.342 [http-nio-8080-exec-5] DEBUG c.p.mapper.SysUserMapper.selectList - ==>  Preparing: SELECT id,username,password,nickname,email,phone,status,create_time,update_time,version FROM sys_user ORDER BY id ASC
2026-08-07 19:41:43.342 [http-nio-8080-exec-5] DEBUG c.p.mapper.SysUserMapper.selectList - ==> Parameters: 
2026-08-07 19:41:43.344 [http-nio-8080-exec-5] DEBUG c.p.mapper.SysUserMapper.selectList - <==      Total: 8
2026-08-07 19:42:58.608 [http-nio-8080-exec-6] DEBUG o.s.security.web.FilterChainProxy - Securing GET /users/profile
2026-08-07 19:42:58.610 [http-nio-8080-exec-6] DEBUG c.p.mapper.SysUserMapper.selectList - ==>  Preparing: SELECT id,username,password,nickname,email,phone,status,create_time,update_time,version FROM sys_user WHERE (username = ?)
2026-08-07 19:42:58.610 [http-nio-8080-exec-6] DEBUG c.p.mapper.SysUserMapper.selectList - ==> Parameters: admin(String)
2026-08-07 19:42:58.610 [http-nio-8080-exec-6] DEBUG c.p.mapper.SysUserMapper.selectList - <==      Total: 1
2026-08-07 19:42:58.610 [http-nio-8080-exec-6] DEBUG c.p.m.SysUserRoleMapper.selectList - ==>  Preparing: SELECT id,user_id,role_id FROM sys_user_role WHERE (user_id = ?)
2026-08-07 19:42:58.610 [http-nio-8080-exec-6] DEBUG c.p.m.SysUserRoleMapper.selectList - ==> Parameters: 1(Long)
2026-08-07 19:42:58.610 [http-nio-8080-exec-6] DEBUG c.p.m.SysUserRoleMapper.selectList - <==      Total: 1
2026-08-07 19:42:58.616 [http-nio-8080-exec-6] DEBUG c.p.mapper.SysRoleMapper.selectById - ==>  Preparing: SELECT id,name,code,description,status,create_time,update_time,version FROM sys_role WHERE id=?
2026-08-07 19:42:58.616 [http-nio-8080-exec-6] DEBUG c.p.mapper.SysRoleMapper.selectById - ==> Parameters: 1(Long)
2026-08-07 19:42:58.616 [http-nio-8080-exec-6] DEBUG c.p.mapper.SysRoleMapper.selectById - <==      Total: 1
2026-08-07 19:42:58.618 [http-nio-8080-exec-6] DEBUG c.p.m.S.selectMenuByRoleId - ==>  Preparing: SELECT m.* FROM sys_menu m INNER JOIN sys_role_menu rm ON m.id = rm.menu_id WHERE rm.role_id = ?
2026-08-07 19:42:58.618 [http-nio-8080-exec-6] DEBUG c.p.m.S.selectMenuByRoleId - ==> Parameters: 1(Long)
2026-08-07 19:42:58.618 [http-nio-8080-exec-6] DEBUG c.p.m.S.selectMenuByRoleId - <==      Total: 21
2026-08-07 19:42:58.618 [http-nio-8080-exec-6] DEBUG o.s.security.web.FilterChainProxy - Secured GET /users/profile
2026-08-07 19:42:58.623 [http-nio-8080-exec-6] DEBUG c.p.mapper.SysUserMapper.selectList - ==>  Preparing: SELECT id,username,password,nickname,email,phone,status,create_time,update_time,version FROM sys_user WHERE (username = ?)
2026-08-07 19:42:58.623 [http-nio-8080-exec-6] DEBUG c.p.mapper.SysUserMapper.selectList - ==> Parameters: admin(String)
2026-08-07 19:42:58.623 [http-nio-8080-exec-6] DEBUG c.p.mapper.SysUserMapper.selectList - <==      Total: 1
2026-08-07 19:45:25.249 [http-nio-8080-exec-10] DEBUG o.s.security.web.FilterChainProxy - Securing PUT /users/profile
2026-08-07 19:45:25.251 [http-nio-8080-exec-10] DEBUG c.p.mapper.SysUserMapper.selectList - ==>  Preparing: SELECT id,username,password,nickname,email,phone,status,create_time,update_time,version FROM sys_user WHERE (username = ?)
2026-08-07 19:45:25.251 [http-nio-8080-exec-10] DEBUG c.p.mapper.SysUserMapper.selectList - ==> Parameters: admin(String)
2026-08-07 19:45:25.251 [http-nio-8080-exec-10] DEBUG c.p.mapper.SysUserMapper.selectList - <==      Total: 1
2026-08-07 19:45:25.251 [http-nio-8080-exec-10] DEBUG c.p.m.SysUserRoleMapper.selectList - ==>  Preparing: SELECT id,user_id,role_id FROM sys_user_role WHERE (user_id = ?)
2026-08-07 19:45:25.251 [http-nio-8080-exec-10] DEBUG c.p.m.SysUserRoleMapper.selectList - ==> Parameters: 1(Long)
2026-08-07 19:45:25.251 [http-nio-8080-exec-10] DEBUG c.p.m.SysUserRoleMapper.selectList - <==      Total: 1
2026-08-07 19:45:25.251 [http-nio-8080-exec-10] DEBUG c.p.mapper.SysRoleMapper.selectById - ==>  Preparing: SELECT id,name,code,description,status,create_time,update_time,version FROM sys_role WHERE id=?
2026-08-07 19:45:25.251 [http-nio-8080-exec-10] DEBUG c.p.mapper.SysRoleMapper.selectById - ==> Parameters: 1(Long)
2026-08-07 19:45:25.255 [http-nio-8080-exec-10] DEBUG c.p.mapper.SysRoleMapper.selectById - <==      Total: 1
2026-08-07 19:45:25.256 [http-nio-8080-exec-10] DEBUG c.p.m.S.selectMenuByRoleId - ==>  Preparing: SELECT m.* FROM sys_menu m INNER JOIN sys_role_menu rm ON m.id = rm.menu_id WHERE rm.role_id = ?
2026-08-07 19:45:25.256 [http-nio-8080-exec-10] DEBUG c.p.m.S.selectMenuByRoleId - ==> Parameters: 1(Long)
2026-08-07 19:45:25.259 [http-nio-8080-exec-10] DEBUG c.p.m.S.selectMenuByRoleId - <==      Total: 21
2026-08-07 19:45:25.261 [http-nio-8080-exec-10] DEBUG o.s.security.web.FilterChainProxy - Secured PUT /users/profile
2026-08-07 19:45:25.312 [http-nio-8080-exec-10] DEBUG c.p.mapper.SysUserMapper.selectList - ==>  Preparing: SELECT id,username,password,nickname,email,phone,status,create_time,update_time,version FROM sys_user WHERE (username = ?)
2026-08-07 19:45:25.312 [http-nio-8080-exec-10] DEBUG c.p.mapper.SysUserMapper.selectList - ==> Parameters: admin(String)
2026-08-07 19:45:25.313 [http-nio-8080-exec-10] DEBUG c.p.mapper.SysUserMapper.selectList - <==      Total: 1
2026-08-07 19:45:25.319 [http-nio-8080-exec-10] DEBUG c.p.mapper.SysUserMapper.updateById - ==>  Preparing: UPDATE sys_user SET username=?, password=?, nickname=?, email=?, phone=?, status=?, create_time=?, update_time=?, version=? WHERE id=? AND version=?
2026-08-07 19:45:25.323 [http-nio-8080-exec-10] DEBUG c.p.mapper.SysUserMapper.updateById - ==> Parameters: admin(String), $2a$10$s9TNg6NhFV31m9NOUzze3.iwlldKIoUS4MkgUXXJyYTsjPAUCaFrW(String), 新昵称(String), new@pes.com(String), 13800000000(String), 1(Integer), 2026-08-07T16:48:17(LocalDateTime), 2026-08-07T19:45:25.319133400(LocalDateTime), 2(Integer), 1(Long), 1(Integer)
2026-08-07 19:45:25.324 [http-nio-8080-exec-10] DEBUG c.p.mapper.SysUserMapper.updateById - <==    Updates: 1
2026-08-07 19:45:45.096 [http-nio-8080-exec-1] DEBUG o.s.security.web.FilterChainProxy - Securing PUT /users/profile
2026-08-07 19:45:45.101 [http-nio-8080-exec-1] DEBUG c.p.mapper.SysUserMapper.selectList - ==>  Preparing: SELECT id,username,password,nickname,email,phone,status,create_time,update_time,version FROM sys_user WHERE (username = ?)
2026-08-07 19:45:45.101 [http-nio-8080-exec-1] DEBUG c.p.mapper.SysUserMapper.selectList - ==> Parameters: admin(String)
2026-08-07 19:45:45.101 [http-nio-8080-exec-1] DEBUG c.p.mapper.SysUserMapper.selectList - <==      Total: 1
2026-08-07 19:45:45.104 [http-nio-8080-exec-1] DEBUG c.p.m.SysUserRoleMapper.selectList - ==>  Preparing: SELECT id,user_id,role_id FROM sys_user_role WHERE (user_id = ?)
2026-08-07 19:45:45.105 [http-nio-8080-exec-1] DEBUG c.p.m.SysUserRoleMapper.selectList - ==> Parameters: 1(Long)
2026-08-07 19:45:45.105 [http-nio-8080-exec-1] DEBUG c.p.m.SysUserRoleMapper.selectList - <==      Total: 1
2026-08-07 19:45:45.105 [http-nio-8080-exec-1] DEBUG c.p.mapper.SysRoleMapper.selectById - ==>  Preparing: SELECT id,name,code,description,status,create_time,update_time,version FROM sys_role WHERE id=?
2026-08-07 19:45:45.105 [http-nio-8080-exec-1] DEBUG c.p.mapper.SysRoleMapper.selectById - ==> Parameters: 1(Long)
2026-08-07 19:45:45.105 [http-nio-8080-exec-1] DEBUG c.p.mapper.SysRoleMapper.selectById - <==      Total: 1
2026-08-07 19:45:45.105 [http-nio-8080-exec-1] DEBUG c.p.m.S.selectMenuByRoleId - ==>  Preparing: SELECT m.* FROM sys_menu m INNER JOIN sys_role_menu rm ON m.id = rm.menu_id WHERE rm.role_id = ?
2026-08-07 19:45:45.105 [http-nio-8080-exec-1] DEBUG c.p.m.S.selectMenuByRoleId - ==> Parameters: 1(Long)
2026-08-07 19:45:45.111 [http-nio-8080-exec-1] DEBUG c.p.m.S.selectMenuByRoleId - <==      Total: 21
2026-08-07 19:45:45.111 [http-nio-8080-exec-1] DEBUG o.s.security.web.FilterChainProxy - Secured PUT /users/profile
2026-08-07 19:45:45.114 [http-nio-8080-exec-1] DEBUG c.p.mapper.SysUserMapper.selectList - ==>  Preparing: SELECT id,username,password,nickname,email,phone,status,create_time,update_time,version FROM sys_user WHERE (username = ?)
2026-08-07 19:45:45.114 [http-nio-8080-exec-1] DEBUG c.p.mapper.SysUserMapper.selectList - ==> Parameters: admin(String)
2026-08-07 19:45:45.116 [http-nio-8080-exec-1] DEBUG c.p.mapper.SysUserMapper.selectList - <==      Total: 1
2026-08-07 19:45:45.118 [http-nio-8080-exec-1] DEBUG c.p.mapper.SysUserMapper.updateById - ==>  Preparing: UPDATE sys_user SET username=?, password=?, nickname=?, email=?, phone=?, status=?, create_time=?, update_time=?, version=? WHERE id=? AND version=?
2026-08-07 19:45:45.118 [http-nio-8080-exec-1] DEBUG c.p.mapper.SysUserMapper.updateById - ==> Parameters: admin(String), $2a$10$s9TNg6NhFV31m9NOUzze3.iwlldKIoUS4MkgUXXJyYTsjPAUCaFrW(String), 超级管理员(String), new@pes.com(String), 13800000000(String), 1(Integer), 2026-08-07T16:48:17(LocalDateTime), 2026-08-07T19:45:45.116106900(LocalDateTime), 3(Integer), 1(Long), 2(Integer)
2026-08-07 19:45:45.120 [http-nio-8080-exec-1] DEBUG c.p.mapper.SysUserMapper.updateById - <==    Updates: 1
2026-08-07 19:46:54.225 [http-nio-8080-exec-5] DEBUG o.s.security.web.FilterChainProxy - Securing PUT /users/password
2026-08-07 19:46:54.225 [http-nio-8080-exec-5] DEBUG c.p.mapper.SysUserMapper.selectList - ==>  Preparing: SELECT id,username,password,nickname,email,phone,status,create_time,update_time,version FROM sys_user WHERE (username = ?)
2026-08-07 19:46:54.225 [http-nio-8080-exec-5] DEBUG c.p.mapper.SysUserMapper.selectList - ==> Parameters: admin(String)
2026-08-07 19:46:54.225 [http-nio-8080-exec-5] DEBUG c.p.mapper.SysUserMapper.selectList - <==      Total: 1
2026-08-07 19:46:54.225 [http-nio-8080-exec-5] DEBUG c.p.m.SysUserRoleMapper.selectList - ==>  Preparing: SELECT id,user_id,role_id FROM sys_user_role WHERE (user_id = ?)
2026-08-07 19:46:54.225 [http-nio-8080-exec-5] DEBUG c.p.m.SysUserRoleMapper.selectList - ==> Parameters: 1(Long)
2026-08-07 19:46:54.225 [http-nio-8080-exec-5] DEBUG c.p.m.SysUserRoleMapper.selectList - <==      Total: 1
2026-08-07 19:46:54.225 [http-nio-8080-exec-5] DEBUG c.p.mapper.SysRoleMapper.selectById - ==>  Preparing: SELECT id,name,code,description,status,create_time,update_time,version FROM sys_role WHERE id=?
2026-08-07 19:46:54.225 [http-nio-8080-exec-5] DEBUG c.p.mapper.SysRoleMapper.selectById - ==> Parameters: 1(Long)
2026-08-07 19:46:54.225 [http-nio-8080-exec-5] DEBUG c.p.mapper.SysRoleMapper.selectById - <==      Total: 1
2026-08-07 19:46:54.225 [http-nio-8080-exec-5] DEBUG c.p.m.S.selectMenuByRoleId - ==>  Preparing: SELECT m.* FROM sys_menu m INNER JOIN sys_role_menu rm ON m.id = rm.menu_id WHERE rm.role_id = ?
2026-08-07 19:46:54.225 [http-nio-8080-exec-5] DEBUG c.p.m.S.selectMenuByRoleId - ==> Parameters: 1(Long)
2026-08-07 19:46:54.233 [http-nio-8080-exec-5] DEBUG c.p.m.S.selectMenuByRoleId - <==      Total: 21
2026-08-07 19:46:54.233 [http-nio-8080-exec-5] DEBUG o.s.security.web.FilterChainProxy - Secured PUT /users/password
2026-08-07 19:46:54.233 [http-nio-8080-exec-5] DEBUG c.p.mapper.SysUserMapper.selectList - ==>  Preparing: SELECT id,username,password,nickname,email,phone,status,create_time,update_time,version FROM sys_user WHERE (username = ?)
2026-08-07 19:46:54.239 [http-nio-8080-exec-5] DEBUG c.p.mapper.SysUserMapper.selectList - ==> Parameters: admin(String)
2026-08-07 19:46:54.239 [http-nio-8080-exec-5] DEBUG c.p.mapper.SysUserMapper.selectList - <==      Total: 1
2026-08-07 19:46:54.368 [http-nio-8080-exec-5] DEBUG c.p.mapper.SysUserMapper.updateById - ==>  Preparing: UPDATE sys_user SET username=?, password=?, nickname=?, email=?, phone=?, status=?, create_time=?, update_time=?, version=? WHERE id=? AND version=?
2026-08-07 19:46:54.368 [http-nio-8080-exec-5] DEBUG c.p.mapper.SysUserMapper.updateById - ==> Parameters: admin(String), $2a$10$75.Tpc2CcKc92v2i3yzmeehTA.j6vQpBd2vMsu1AWZ2ZvisG7LvOa(String), 超级管理员(String), new@pes.com(String), 13800000000(String), 1(Integer), 2026-08-07T16:48:17(LocalDateTime), 2026-08-07T19:46:54.368821700(LocalDateTime), 4(Integer), 1(Long), 3(Integer)
2026-08-07 19:46:54.376 [http-nio-8080-exec-5] DEBUG c.p.mapper.SysUserMapper.updateById - <==    Updates: 1
2026-08-07 19:47:19.139 [http-nio-8080-exec-4] DEBUG o.s.security.web.FilterChainProxy - Securing PUT /users/password
2026-08-07 19:47:19.141 [http-nio-8080-exec-4] DEBUG c.p.mapper.SysUserMapper.selectList - ==>  Preparing: SELECT id,username,password,nickname,email,phone,status,create_time,update_time,version FROM sys_user WHERE (username = ?)
2026-08-07 19:47:19.141 [http-nio-8080-exec-4] DEBUG c.p.mapper.SysUserMapper.selectList - ==> Parameters: admin(String)
2026-08-07 19:47:19.143 [http-nio-8080-exec-4] DEBUG c.p.mapper.SysUserMapper.selectList - <==      Total: 1
2026-08-07 19:47:19.144 [http-nio-8080-exec-4] DEBUG c.p.m.SysUserRoleMapper.selectList - ==>  Preparing: SELECT id,user_id,role_id FROM sys_user_role WHERE (user_id = ?)
2026-08-07 19:47:19.144 [http-nio-8080-exec-4] DEBUG c.p.m.SysUserRoleMapper.selectList - ==> Parameters: 1(Long)
2026-08-07 19:47:19.145 [http-nio-8080-exec-4] DEBUG c.p.m.SysUserRoleMapper.selectList - <==      Total: 1
2026-08-07 19:47:19.146 [http-nio-8080-exec-4] DEBUG c.p.mapper.SysRoleMapper.selectById - ==>  Preparing: SELECT id,name,code,description,status,create_time,update_time,version FROM sys_role WHERE id=?
2026-08-07 19:47:19.146 [http-nio-8080-exec-4] DEBUG c.p.mapper.SysRoleMapper.selectById - ==> Parameters: 1(Long)
2026-08-07 19:47:19.147 [http-nio-8080-exec-4] DEBUG c.p.mapper.SysRoleMapper.selectById - <==      Total: 1
2026-08-07 19:47:19.148 [http-nio-8080-exec-4] DEBUG c.p.m.S.selectMenuByRoleId - ==>  Preparing: SELECT m.* FROM sys_menu m INNER JOIN sys_role_menu rm ON m.id = rm.menu_id WHERE rm.role_id = ?
2026-08-07 19:47:19.148 [http-nio-8080-exec-4] DEBUG c.p.m.S.selectMenuByRoleId - ==> Parameters: 1(Long)
2026-08-07 19:47:19.149 [http-nio-8080-exec-4] DEBUG c.p.m.S.selectMenuByRoleId - <==      Total: 21
2026-08-07 19:47:19.149 [http-nio-8080-exec-4] DEBUG o.s.security.web.FilterChainProxy - Secured PUT /users/password
2026-08-07 19:47:19.149 [http-nio-8080-exec-4] DEBUG c.p.mapper.SysUserMapper.selectList - ==>  Preparing: SELECT id,username,password,nickname,email,phone,status,create_time,update_time,version FROM sys_user WHERE (username = ?)
2026-08-07 19:47:19.149 [http-nio-8080-exec-4] DEBUG c.p.mapper.SysUserMapper.selectList - ==> Parameters: admin(String)
2026-08-07 19:47:19.149 [http-nio-8080-exec-4] DEBUG c.p.mapper.SysUserMapper.selectList - <==      Total: 1
2026-08-07 19:47:19.221 [http-nio-8080-exec-4] WARN  c.p.exception.GlobalExceptionHandler - [业务异常] PUT /users/password — code=400, httpStatus=400, msg=原密码不正确
2026-08-07 19:47:35.022 [http-nio-8080-exec-6] DEBUG o.s.security.web.FilterChainProxy - Securing PUT /users/password
2026-08-07 19:47:35.026 [http-nio-8080-exec-6] DEBUG c.p.mapper.SysUserMapper.selectList - ==>  Preparing: SELECT id,username,password,nickname,email,phone,status,create_time,update_time,version FROM sys_user WHERE (username = ?)
2026-08-07 19:47:35.026 [http-nio-8080-exec-6] DEBUG c.p.mapper.SysUserMapper.selectList - ==> Parameters: admin(String)
2026-08-07 19:47:35.026 [http-nio-8080-exec-6] DEBUG c.p.mapper.SysUserMapper.selectList - <==      Total: 1
2026-08-07 19:47:35.028 [http-nio-8080-exec-6] DEBUG c.p.m.SysUserRoleMapper.selectList - ==>  Preparing: SELECT id,user_id,role_id FROM sys_user_role WHERE (user_id = ?)
2026-08-07 19:47:35.028 [http-nio-8080-exec-6] DEBUG c.p.m.SysUserRoleMapper.selectList - ==> Parameters: 1(Long)
2026-08-07 19:47:35.029 [http-nio-8080-exec-6] DEBUG c.p.m.SysUserRoleMapper.selectList - <==      Total: 1
2026-08-07 19:47:35.029 [http-nio-8080-exec-6] DEBUG c.p.mapper.SysRoleMapper.selectById - ==>  Preparing: SELECT id,name,code,description,status,create_time,update_time,version FROM sys_role WHERE id=?
2026-08-07 19:47:35.029 [http-nio-8080-exec-6] DEBUG c.p.mapper.SysRoleMapper.selectById - ==> Parameters: 1(Long)
2026-08-07 19:47:35.029 [http-nio-8080-exec-6] DEBUG c.p.mapper.SysRoleMapper.selectById - <==      Total: 1
2026-08-07 19:47:35.030 [http-nio-8080-exec-6] DEBUG c.p.m.S.selectMenuByRoleId - ==>  Preparing: SELECT m.* FROM sys_menu m INNER JOIN sys_role_menu rm ON m.id = rm.menu_id WHERE rm.role_id = ?
2026-08-07 19:47:35.030 [http-nio-8080-exec-6] DEBUG c.p.m.S.selectMenuByRoleId - ==> Parameters: 1(Long)
2026-08-07 19:47:35.032 [http-nio-8080-exec-6] DEBUG c.p.m.S.selectMenuByRoleId - <==      Total: 21
2026-08-07 19:47:35.032 [http-nio-8080-exec-6] DEBUG o.s.security.web.FilterChainProxy - Secured PUT /users/password
2026-08-07 19:47:35.032 [http-nio-8080-exec-6] DEBUG c.p.mapper.SysUserMapper.selectList - ==>  Preparing: SELECT id,username,password,nickname,email,phone,status,create_time,update_time,version FROM sys_user WHERE (username = ?)
2026-08-07 19:47:35.035 [http-nio-8080-exec-6] DEBUG c.p.mapper.SysUserMapper.selectList - ==> Parameters: admin(String)
2026-08-07 19:47:35.035 [http-nio-8080-exec-6] DEBUG c.p.mapper.SysUserMapper.selectList - <==      Total: 1
2026-08-07 19:47:35.163 [http-nio-8080-exec-6] DEBUG c.p.mapper.SysUserMapper.updateById - ==>  Preparing: UPDATE sys_user SET username=?, password=?, nickname=?, email=?, phone=?, status=?, create_time=?, update_time=?, version=? WHERE id=? AND version=?
2026-08-07 19:47:35.164 [http-nio-8080-exec-6] DEBUG c.p.mapper.SysUserMapper.updateById - ==> Parameters: admin(String), $2a$10$l9DLWZY8Ltzdw0e/3ddu6.Y7qxMaM4NypNUVmKoFxMhWDfX6H7Qc.(String), 超级管理员(String), new@pes.com(String), 13800000000(String), 1(Integer), 2026-08-07T16:48:17(LocalDateTime), 2026-08-07T19:47:35.163460100(LocalDateTime), 5(Integer), 1(Long), 4(Integer)
2026-08-07 19:47:35.167 [http-nio-8080-exec-6] DEBUG c.p.mapper.SysUserMapper.updateById - <==    Updates: 1
2026-08-07 19:49:15.915 [http-nio-8080-exec-10] DEBUG o.s.security.web.FilterChainProxy - Securing GET /users/1
2026-08-07 19:49:15.915 [http-nio-8080-exec-10] DEBUG c.p.mapper.SysUserMapper.selectList - ==>  Preparing: SELECT id,username,password,nickname,email,phone,status,create_time,update_time,version FROM sys_user WHERE (username = ?)
2026-08-07 19:49:15.917 [http-nio-8080-exec-10] DEBUG c.p.mapper.SysUserMapper.selectList - ==> Parameters: admin(String)
2026-08-07 19:49:15.917 [http-nio-8080-exec-10] DEBUG c.p.mapper.SysUserMapper.selectList - <==      Total: 1
2026-08-07 19:49:15.917 [http-nio-8080-exec-10] DEBUG c.p.m.SysUserRoleMapper.selectList - ==>  Preparing: SELECT id,user_id,role_id FROM sys_user_role WHERE (user_id = ?)
2026-08-07 19:49:15.917 [http-nio-8080-exec-10] DEBUG c.p.m.SysUserRoleMapper.selectList - ==> Parameters: 1(Long)
2026-08-07 19:49:15.917 [http-nio-8080-exec-10] DEBUG c.p.m.SysUserRoleMapper.selectList - <==      Total: 1
2026-08-07 19:49:15.920 [http-nio-8080-exec-10] DEBUG c.p.mapper.SysRoleMapper.selectById - ==>  Preparing: SELECT id,name,code,description,status,create_time,update_time,version FROM sys_role WHERE id=?
2026-08-07 19:49:15.920 [http-nio-8080-exec-10] DEBUG c.p.mapper.SysRoleMapper.selectById - ==> Parameters: 1(Long)
2026-08-07 19:49:15.920 [http-nio-8080-exec-10] DEBUG c.p.mapper.SysRoleMapper.selectById - <==      Total: 1
2026-08-07 19:49:15.920 [http-nio-8080-exec-10] DEBUG c.p.m.S.selectMenuByRoleId - ==>  Preparing: SELECT m.* FROM sys_menu m INNER JOIN sys_role_menu rm ON m.id = rm.menu_id WHERE rm.role_id = ?
2026-08-07 19:49:15.920 [http-nio-8080-exec-10] DEBUG c.p.m.S.selectMenuByRoleId - ==> Parameters: 1(Long)
2026-08-07 19:49:15.920 [http-nio-8080-exec-10] DEBUG c.p.m.S.selectMenuByRoleId - <==      Total: 21
2026-08-07 19:49:15.924 [http-nio-8080-exec-10] DEBUG o.s.security.web.FilterChainProxy - Secured GET /users/1
2026-08-07 19:49:15.931 [http-nio-8080-exec-10] DEBUG c.p.mapper.SysUserMapper.selectById - ==>  Preparing: SELECT id,username,password,nickname,email,phone,status,create_time,update_time,version FROM sys_user WHERE id=?
2026-08-07 19:49:15.931 [http-nio-8080-exec-10] DEBUG c.p.mapper.SysUserMapper.selectById - ==> Parameters: 1(Long)
2026-08-07 19:49:15.931 [http-nio-8080-exec-10] DEBUG c.p.mapper.SysUserMapper.selectById - <==      Total: 1
2026-08-07 19:49:22.820 [http-nio-8080-exec-1] DEBUG o.s.security.web.FilterChainProxy - Securing GET /users/2
2026-08-07 19:49:22.823 [http-nio-8080-exec-1] DEBUG c.p.mapper.SysUserMapper.selectList - ==>  Preparing: SELECT id,username,password,nickname,email,phone,status,create_time,update_time,version FROM sys_user WHERE (username = ?)
2026-08-07 19:49:22.823 [http-nio-8080-exec-1] DEBUG c.p.mapper.SysUserMapper.selectList - ==> Parameters: admin(String)
2026-08-07 19:49:22.823 [http-nio-8080-exec-1] DEBUG c.p.mapper.SysUserMapper.selectList - <==      Total: 1
2026-08-07 19:49:22.823 [http-nio-8080-exec-1] DEBUG c.p.m.SysUserRoleMapper.selectList - ==>  Preparing: SELECT id,user_id,role_id FROM sys_user_role WHERE (user_id = ?)
2026-08-07 19:49:22.823 [http-nio-8080-exec-1] DEBUG c.p.m.SysUserRoleMapper.selectList - ==> Parameters: 1(Long)
2026-08-07 19:49:22.823 [http-nio-8080-exec-1] DEBUG c.p.m.SysUserRoleMapper.selectList - <==      Total: 1
2026-08-07 19:49:22.823 [http-nio-8080-exec-1] DEBUG c.p.mapper.SysRoleMapper.selectById - ==>  Preparing: SELECT id,name,code,description,status,create_time,update_time,version FROM sys_role WHERE id=?
2026-08-07 19:49:22.823 [http-nio-8080-exec-1] DEBUG c.p.mapper.SysRoleMapper.selectById - ==> Parameters: 1(Long)
2026-08-07 19:49:22.823 [http-nio-8080-exec-1] DEBUG c.p.mapper.SysRoleMapper.selectById - <==      Total: 1
2026-08-07 19:49:22.823 [http-nio-8080-exec-1] DEBUG c.p.m.S.selectMenuByRoleId - ==>  Preparing: SELECT m.* FROM sys_menu m INNER JOIN sys_role_menu rm ON m.id = rm.menu_id WHERE rm.role_id = ?
2026-08-07 19:49:22.823 [http-nio-8080-exec-1] DEBUG c.p.m.S.selectMenuByRoleId - ==> Parameters: 1(Long)
2026-08-07 19:49:22.823 [http-nio-8080-exec-1] DEBUG c.p.m.S.selectMenuByRoleId - <==      Total: 21
2026-08-07 19:49:22.823 [http-nio-8080-exec-1] DEBUG o.s.security.web.FilterChainProxy - Secured GET /users/2
2026-08-07 19:49:22.830 [http-nio-8080-exec-1] DEBUG c.p.mapper.SysUserMapper.selectById - ==>  Preparing: SELECT id,username,password,nickname,email,phone,status,create_time,update_time,version FROM sys_user WHERE id=?
2026-08-07 19:49:22.830 [http-nio-8080-exec-1] DEBUG c.p.mapper.SysUserMapper.selectById - ==> Parameters: 2(Long)
2026-08-07 19:49:22.831 [http-nio-8080-exec-1] DEBUG c.p.mapper.SysUserMapper.selectById - <==      Total: 1
2026-08-07 19:50:29.989 [http-nio-8080-exec-5] DEBUG o.s.security.web.FilterChainProxy - Securing POST /users
2026-08-07 19:50:29.989 [http-nio-8080-exec-5] DEBUG c.p.mapper.SysUserMapper.selectList - ==>  Preparing: SELECT id,username,password,nickname,email,phone,status,create_time,update_time,version FROM sys_user WHERE (username = ?)
2026-08-07 19:50:29.989 [http-nio-8080-exec-5] DEBUG c.p.mapper.SysUserMapper.selectList - ==> Parameters: admin(String)
2026-08-07 19:50:29.989 [http-nio-8080-exec-5] DEBUG c.p.mapper.SysUserMapper.selectList - <==      Total: 1
2026-08-07 19:50:29.989 [http-nio-8080-exec-5] DEBUG c.p.m.SysUserRoleMapper.selectList - ==>  Preparing: SELECT id,user_id,role_id FROM sys_user_role WHERE (user_id = ?)
2026-08-07 19:50:29.989 [http-nio-8080-exec-5] DEBUG c.p.m.SysUserRoleMapper.selectList - ==> Parameters: 1(Long)
2026-08-07 19:50:29.989 [http-nio-8080-exec-5] DEBUG c.p.m.SysUserRoleMapper.selectList - <==      Total: 1
2026-08-07 19:50:29.989 [http-nio-8080-exec-5] DEBUG c.p.mapper.SysRoleMapper.selectById - ==>  Preparing: SELECT id,name,code,description,status,create_time,update_time,version FROM sys_role WHERE id=?
2026-08-07 19:50:29.989 [http-nio-8080-exec-5] DEBUG c.p.mapper.SysRoleMapper.selectById - ==> Parameters: 1(Long)
2026-08-07 19:50:29.989 [http-nio-8080-exec-5] DEBUG c.p.mapper.SysRoleMapper.selectById - <==      Total: 1
2026-08-07 19:50:29.996 [http-nio-8080-exec-5] DEBUG c.p.m.S.selectMenuByRoleId - ==>  Preparing: SELECT m.* FROM sys_menu m INNER JOIN sys_role_menu rm ON m.id = rm.menu_id WHERE rm.role_id = ?
2026-08-07 19:50:29.997 [http-nio-8080-exec-5] DEBUG c.p.m.S.selectMenuByRoleId - ==> Parameters: 1(Long)
2026-08-07 19:50:29.998 [http-nio-8080-exec-5] DEBUG c.p.m.S.selectMenuByRoleId - <==      Total: 21
2026-08-07 19:50:29.998 [http-nio-8080-exec-5] DEBUG o.s.security.web.FilterChainProxy - Secured POST /users
2026-08-07 19:50:30.008 [http-nio-8080-exec-5] DEBUG c.p.mapper.SysUserMapper.selectCount - ==>  Preparing: SELECT COUNT( * ) AS total FROM sys_user WHERE (username = ?)
2026-08-07 19:50:30.008 [http-nio-8080-exec-5] DEBUG c.p.mapper.SysUserMapper.selectCount - ==> Parameters: testuser01(String)
2026-08-07 19:50:30.019 [http-nio-8080-exec-5] DEBUG c.p.mapper.SysUserMapper.selectCount - <==      Total: 1
2026-08-07 19:50:30.086 [http-nio-8080-exec-5] DEBUG com.pes.mapper.SysUserMapper.insert - ==>  Preparing: INSERT INTO sys_user ( username, password, nickname, email, phone, status, create_time, update_time ) VALUES ( ?, ?, ?, ?, ?, ?, ?, ? )
2026-08-07 19:50:30.086 [http-nio-8080-exec-5] DEBUG com.pes.mapper.SysUserMapper.insert - ==> Parameters: testuser01(String), $2a$10$wHg10JDb32NDPL2fWtr3i.RZsqCsao3c9RJWyRf7eYeaOdk8Nllo.(String), 测试用户01(String), test01@pes.com(String), 13800000111(String), 1(Integer), 2026-08-07T19:50:30.086101(LocalDateTime), 2026-08-07T19:50:30.086101(LocalDateTime)
2026-08-07 19:50:30.091 [http-nio-8080-exec-5] DEBUG com.pes.mapper.SysUserMapper.insert - <==    Updates: 1
2026-08-07 19:52:04.164 [http-nio-8080-exec-6] DEBUG o.s.security.web.FilterChainProxy - Securing PUT /users/2
2026-08-07 19:52:04.164 [http-nio-8080-exec-6] DEBUG o.s.s.w.a.AnonymousAuthenticationFilter - Set SecurityContextHolder to anonymous SecurityContext
2026-08-07 19:52:24.062 [http-nio-8080-exec-8] DEBUG o.s.security.web.FilterChainProxy - Securing PUT /users/2
2026-08-07 19:52:24.062 [http-nio-8080-exec-8] DEBUG c.p.mapper.SysUserMapper.selectList - ==>  Preparing: SELECT id,username,password,nickname,email,phone,status,create_time,update_time,version FROM sys_user WHERE (username = ?)
2026-08-07 19:52:24.062 [http-nio-8080-exec-8] DEBUG c.p.mapper.SysUserMapper.selectList - ==> Parameters: admin(String)
2026-08-07 19:52:24.067 [http-nio-8080-exec-8] DEBUG c.p.mapper.SysUserMapper.selectList - <==      Total: 1
2026-08-07 19:52:24.067 [http-nio-8080-exec-8] DEBUG c.p.m.SysUserRoleMapper.selectList - ==>  Preparing: SELECT id,user_id,role_id FROM sys_user_role WHERE (user_id = ?)
2026-08-07 19:52:24.067 [http-nio-8080-exec-8] DEBUG c.p.m.SysUserRoleMapper.selectList - ==> Parameters: 1(Long)
2026-08-07 19:52:24.067 [http-nio-8080-exec-8] DEBUG c.p.m.SysUserRoleMapper.selectList - <==      Total: 1
2026-08-07 19:52:24.067 [http-nio-8080-exec-8] DEBUG c.p.mapper.SysRoleMapper.selectById - ==>  Preparing: SELECT id,name,code,description,status,create_time,update_time,version FROM sys_role WHERE id=?
2026-08-07 19:52:24.067 [http-nio-8080-exec-8] DEBUG c.p.mapper.SysRoleMapper.selectById - ==> Parameters: 1(Long)
2026-08-07 19:52:24.067 [http-nio-8080-exec-8] DEBUG c.p.mapper.SysRoleMapper.selectById - <==      Total: 1
2026-08-07 19:52:24.067 [http-nio-8080-exec-8] DEBUG c.p.m.S.selectMenuByRoleId - ==>  Preparing: SELECT m.* FROM sys_menu m INNER JOIN sys_role_menu rm ON m.id = rm.menu_id WHERE rm.role_id = ?
2026-08-07 19:52:24.067 [http-nio-8080-exec-8] DEBUG c.p.m.S.selectMenuByRoleId - ==> Parameters: 1(Long)
2026-08-07 19:52:24.067 [http-nio-8080-exec-8] DEBUG c.p.m.S.selectMenuByRoleId - <==      Total: 21
2026-08-07 19:52:24.067 [http-nio-8080-exec-8] DEBUG o.s.security.web.FilterChainProxy - Secured PUT /users/2
2026-08-07 19:52:24.073 [http-nio-8080-exec-8] DEBUG c.p.mapper.SysUserMapper.selectById - ==>  Preparing: SELECT id,username,password,nickname,email,phone,status,create_time,update_time,version FROM sys_user WHERE id=?
2026-08-07 19:52:24.073 [http-nio-8080-exec-8] DEBUG c.p.mapper.SysUserMapper.selectById - ==> Parameters: 2(Long)
2026-08-07 19:52:24.073 [http-nio-8080-exec-8] DEBUG c.p.mapper.SysUserMapper.selectById - <==      Total: 1
2026-08-07 19:52:24.073 [http-nio-8080-exec-8] DEBUG c.p.mapper.SysUserMapper.selectCount - ==>  Preparing: SELECT COUNT( * ) AS total FROM sys_user WHERE (username = ? AND id <> ?)
2026-08-07 19:52:24.078 [http-nio-8080-exec-8] DEBUG c.p.mapper.SysUserMapper.selectCount - ==> Parameters: null, 2(Long)
2026-08-07 19:52:24.078 [http-nio-8080-exec-8] DEBUG c.p.mapper.SysUserMapper.selectCount - <==      Total: 1
2026-08-07 19:52:24.078 [http-nio-8080-exec-8] DEBUG c.p.mapper.SysUserMapper.updateById - ==>  Preparing: UPDATE sys_user SET password=?, nickname=?, email=?, status=?, create_time=?, update_time=?, version=? WHERE id=? AND version=?
2026-08-07 19:52:24.078 [http-nio-8080-exec-8] DEBUG c.p.mapper.SysUserMapper.updateById - ==> Parameters: $2a$10$s9TNg6NhFV31m9NOUzze3.iwlldKIoUS4MkgUXXJyYTsjPAUCaFrW(String), 测试修改用户名(String), updated@pes.com(String), 0(Integer), 2026-08-07T16:48:17(LocalDateTime), 2026-08-07T19:52:24.078500(LocalDateTime), 2(Integer), 2(Long), 1(Integer)
2026-08-07 19:52:24.078 [http-nio-8080-exec-8] DEBUG c.p.mapper.SysUserMapper.updateById - <==    Updates: 1
2026-08-07 19:52:24.078 [http-nio-8080-exec-8] DEBUG c.p.mapper.SysUserRoleMapper.delete - ==>  Preparing: DELETE FROM sys_user_role WHERE (user_id = ?)
2026-08-07 19:52:24.078 [http-nio-8080-exec-8] DEBUG c.p.mapper.SysUserRoleMapper.delete - ==> Parameters: 2(Long)
2026-08-07 19:52:24.078 [http-nio-8080-exec-8] DEBUG c.p.mapper.SysUserRoleMapper.delete - <==    Updates: 1
2026-08-07 19:53:52.862 [http-nio-8080-exec-1] DEBUG o.s.security.web.FilterChainProxy - Securing DELETE /users/9
2026-08-07 19:53:52.862 [http-nio-8080-exec-1] DEBUG c.p.mapper.SysUserMapper.selectList - ==>  Preparing: SELECT id,username,password,nickname,email,phone,status,create_time,update_time,version FROM sys_user WHERE (username = ?)
2026-08-07 19:53:52.862 [http-nio-8080-exec-1] DEBUG c.p.mapper.SysUserMapper.selectList - ==> Parameters: admin(String)
2026-08-07 19:53:52.862 [http-nio-8080-exec-1] DEBUG c.p.mapper.SysUserMapper.selectList - <==      Total: 1
2026-08-07 19:53:52.866 [http-nio-8080-exec-1] DEBUG c.p.m.SysUserRoleMapper.selectList - ==>  Preparing: SELECT id,user_id,role_id FROM sys_user_role WHERE (user_id = ?)
2026-08-07 19:53:52.866 [http-nio-8080-exec-1] DEBUG c.p.m.SysUserRoleMapper.selectList - ==> Parameters: 1(Long)
2026-08-07 19:53:52.866 [http-nio-8080-exec-1] DEBUG c.p.m.SysUserRoleMapper.selectList - <==      Total: 1
2026-08-07 19:53:52.866 [http-nio-8080-exec-1] DEBUG c.p.mapper.SysRoleMapper.selectById - ==>  Preparing: SELECT id,name,code,description,status,create_time,update_time,version FROM sys_role WHERE id=?
2026-08-07 19:53:52.866 [http-nio-8080-exec-1] DEBUG c.p.mapper.SysRoleMapper.selectById - ==> Parameters: 1(Long)
2026-08-07 19:53:52.866 [http-nio-8080-exec-1] DEBUG c.p.mapper.SysRoleMapper.selectById - <==      Total: 1
2026-08-07 19:53:52.866 [http-nio-8080-exec-1] DEBUG c.p.m.S.selectMenuByRoleId - ==>  Preparing: SELECT m.* FROM sys_menu m INNER JOIN sys_role_menu rm ON m.id = rm.menu_id WHERE rm.role_id = ?
2026-08-07 19:53:52.866 [http-nio-8080-exec-1] DEBUG c.p.m.S.selectMenuByRoleId - ==> Parameters: 1(Long)
2026-08-07 19:53:52.866 [http-nio-8080-exec-1] DEBUG c.p.m.S.selectMenuByRoleId - <==      Total: 21
2026-08-07 19:53:52.866 [http-nio-8080-exec-1] DEBUG o.s.security.web.FilterChainProxy - Secured DELETE /users/9
2026-08-07 19:53:52.866 [http-nio-8080-exec-1] DEBUG c.p.mapper.SysUserMapper.selectById - ==>  Preparing: SELECT id,username,password,nickname,email,phone,status,create_time,update_time,version FROM sys_user WHERE id=?
2026-08-07 19:53:52.866 [http-nio-8080-exec-1] DEBUG c.p.mapper.SysUserMapper.selectById - ==> Parameters: 9(Long)
2026-08-07 19:53:52.872 [http-nio-8080-exec-1] DEBUG c.p.mapper.SysUserMapper.selectById - <==      Total: 0
2026-08-07 19:53:52.873 [http-nio-8080-exec-1] WARN  c.p.exception.GlobalExceptionHandler - [业务异常] DELETE /users/9 — code=1001, httpStatus=404, msg=用户不存在
2026-08-07 19:53:59.828 [http-nio-8080-exec-2] DEBUG o.s.security.web.FilterChainProxy - Securing DELETE /users/8
2026-08-07 19:53:59.833 [http-nio-8080-exec-2] DEBUG c.p.mapper.SysUserMapper.selectList - ==>  Preparing: SELECT id,username,password,nickname,email,phone,status,create_time,update_time,version FROM sys_user WHERE (username = ?)
2026-08-07 19:53:59.833 [http-nio-8080-exec-2] DEBUG c.p.mapper.SysUserMapper.selectList - ==> Parameters: admin(String)
2026-08-07 19:53:59.833 [http-nio-8080-exec-2] DEBUG c.p.mapper.SysUserMapper.selectList - <==      Total: 1
2026-08-07 19:53:59.833 [http-nio-8080-exec-2] DEBUG c.p.m.SysUserRoleMapper.selectList - ==>  Preparing: SELECT id,user_id,role_id FROM sys_user_role WHERE (user_id = ?)
2026-08-07 19:53:59.833 [http-nio-8080-exec-2] DEBUG c.p.m.SysUserRoleMapper.selectList - ==> Parameters: 1(Long)
2026-08-07 19:53:59.833 [http-nio-8080-exec-2] DEBUG c.p.m.SysUserRoleMapper.selectList - <==      Total: 1
2026-08-07 19:53:59.833 [http-nio-8080-exec-2] DEBUG c.p.mapper.SysRoleMapper.selectById - ==>  Preparing: SELECT id,name,code,description,status,create_time,update_time,version FROM sys_role WHERE id=?
2026-08-07 19:53:59.833 [http-nio-8080-exec-2] DEBUG c.p.mapper.SysRoleMapper.selectById - ==> Parameters: 1(Long)
2026-08-07 19:53:59.833 [http-nio-8080-exec-2] DEBUG c.p.mapper.SysRoleMapper.selectById - <==      Total: 1
2026-08-07 19:53:59.833 [http-nio-8080-exec-2] DEBUG c.p.m.S.selectMenuByRoleId - ==>  Preparing: SELECT m.* FROM sys_menu m INNER JOIN sys_role_menu rm ON m.id = rm.menu_id WHERE rm.role_id = ?
2026-08-07 19:53:59.833 [http-nio-8080-exec-2] DEBUG c.p.m.S.selectMenuByRoleId - ==> Parameters: 1(Long)
2026-08-07 19:53:59.839 [http-nio-8080-exec-2] DEBUG c.p.m.S.selectMenuByRoleId - <==      Total: 21
2026-08-07 19:53:59.839 [http-nio-8080-exec-2] DEBUG o.s.security.web.FilterChainProxy - Secured DELETE /users/8
2026-08-07 19:53:59.839 [http-nio-8080-exec-2] DEBUG c.p.mapper.SysUserMapper.selectById - ==>  Preparing: SELECT id,username,password,nickname,email,phone,status,create_time,update_time,version FROM sys_user WHERE id=?
2026-08-07 19:53:59.839 [http-nio-8080-exec-2] DEBUG c.p.mapper.SysUserMapper.selectById - ==> Parameters: 8(Long)
2026-08-07 19:53:59.839 [http-nio-8080-exec-2] DEBUG c.p.mapper.SysUserMapper.selectById - <==      Total: 1
2026-08-07 19:53:59.839 [http-nio-8080-exec-2] DEBUG c.p.mapper.SysUserMapper.deleteById - ==>  Preparing: DELETE FROM sys_user WHERE id=?
2026-08-07 19:53:59.839 [http-nio-8080-exec-2] DEBUG c.p.mapper.SysUserMapper.deleteById - ==> Parameters: 8(Long)
2026-08-07 19:53:59.839 [http-nio-8080-exec-2] DEBUG c.p.mapper.SysUserMapper.deleteById - <==    Updates: 1
2026-08-07 19:53:59.843 [http-nio-8080-exec-2] DEBUG c.p.mapper.SysUserRoleMapper.delete - ==>  Preparing: DELETE FROM sys_user_role WHERE (user_id = ?)
2026-08-07 19:53:59.843 [http-nio-8080-exec-2] DEBUG c.p.mapper.SysUserRoleMapper.delete - ==> Parameters: 8(Long)
2026-08-07 19:53:59.843 [http-nio-8080-exec-2] DEBUG c.p.mapper.SysUserRoleMapper.delete - <==    Updates: 1
2026-08-07 19:56:14.226 [http-nio-8080-exec-4] DEBUG o.s.security.web.FilterChainProxy - Securing GET /roles
2026-08-07 19:56:14.229 [http-nio-8080-exec-4] DEBUG c.p.mapper.SysUserMapper.selectList - ==>  Preparing: SELECT id,username,password,nickname,email,phone,status,create_time,update_time,version FROM sys_user WHERE (username = ?)
2026-08-07 19:56:14.229 [http-nio-8080-exec-4] DEBUG c.p.mapper.SysUserMapper.selectList - ==> Parameters: admin(String)
2026-08-07 19:56:14.229 [http-nio-8080-exec-4] DEBUG c.p.mapper.SysUserMapper.selectList - <==      Total: 1
2026-08-07 19:56:14.229 [http-nio-8080-exec-4] DEBUG c.p.m.SysUserRoleMapper.selectList - ==>  Preparing: SELECT id,user_id,role_id FROM sys_user_role WHERE (user_id = ?)
2026-08-07 19:56:14.229 [http-nio-8080-exec-4] DEBUG c.p.m.SysUserRoleMapper.selectList - ==> Parameters: 1(Long)
2026-08-07 19:56:14.232 [http-nio-8080-exec-4] DEBUG c.p.m.SysUserRoleMapper.selectList - <==      Total: 1
2026-08-07 19:56:14.232 [http-nio-8080-exec-4] DEBUG c.p.mapper.SysRoleMapper.selectById - ==>  Preparing: SELECT id,name,code,description,status,create_time,update_time,version FROM sys_role WHERE id=?
2026-08-07 19:56:14.232 [http-nio-8080-exec-4] DEBUG c.p.mapper.SysRoleMapper.selectById - ==> Parameters: 1(Long)
2026-08-07 19:56:14.233 [http-nio-8080-exec-4] DEBUG c.p.mapper.SysRoleMapper.selectById - <==      Total: 1
2026-08-07 19:56:14.233 [http-nio-8080-exec-4] DEBUG c.p.m.S.selectMenuByRoleId - ==>  Preparing: SELECT m.* FROM sys_menu m INNER JOIN sys_role_menu rm ON m.id = rm.menu_id WHERE rm.role_id = ?
2026-08-07 19:56:14.233 [http-nio-8080-exec-4] DEBUG c.p.m.S.selectMenuByRoleId - ==> Parameters: 1(Long)
2026-08-07 19:56:14.233 [http-nio-8080-exec-4] DEBUG c.p.m.S.selectMenuByRoleId - <==      Total: 21
2026-08-07 19:56:14.233 [http-nio-8080-exec-4] DEBUG o.s.security.web.FilterChainProxy - Secured GET /roles
2026-08-07 19:56:14.237 [http-nio-8080-exec-4] DEBUG c.p.mapper.SysRoleMapper.selectList - ==>  Preparing: SELECT id,name,code,description,status,create_time,update_time,version FROM sys_role ORDER BY id ASC
2026-08-07 19:56:14.237 [http-nio-8080-exec-4] DEBUG c.p.mapper.SysRoleMapper.selectList - ==> Parameters: 
2026-08-07 19:56:14.237 [http-nio-8080-exec-4] DEBUG c.p.mapper.SysRoleMapper.selectList - <==      Total: 5
2026-08-07 19:57:01.992 [http-nio-8080-exec-7] DEBUG o.s.security.web.FilterChainProxy - Securing GET /roles/1
2026-08-07 19:57:01.992 [http-nio-8080-exec-7] DEBUG c.p.mapper.SysUserMapper.selectList - ==>  Preparing: SELECT id,username,password,nickname,email,phone,status,create_time,update_time,version FROM sys_user WHERE (username = ?)
2026-08-07 19:57:01.992 [http-nio-8080-exec-7] DEBUG c.p.mapper.SysUserMapper.selectList - ==> Parameters: admin(String)
2026-08-07 19:57:01.992 [http-nio-8080-exec-7] DEBUG c.p.mapper.SysUserMapper.selectList - <==      Total: 1
2026-08-07 19:57:01.992 [http-nio-8080-exec-7] DEBUG c.p.m.SysUserRoleMapper.selectList - ==>  Preparing: SELECT id,user_id,role_id FROM sys_user_role WHERE (user_id = ?)
2026-08-07 19:57:01.992 [http-nio-8080-exec-7] DEBUG c.p.m.SysUserRoleMapper.selectList - ==> Parameters: 1(Long)
2026-08-07 19:57:01.992 [http-nio-8080-exec-7] DEBUG c.p.m.SysUserRoleMapper.selectList - <==      Total: 1
2026-08-07 19:57:01.992 [http-nio-8080-exec-7] DEBUG c.p.mapper.SysRoleMapper.selectById - ==>  Preparing: SELECT id,name,code,description,status,create_time,update_time,version FROM sys_role WHERE id=?
2026-08-07 19:57:01.992 [http-nio-8080-exec-7] DEBUG c.p.mapper.SysRoleMapper.selectById - ==> Parameters: 1(Long)
2026-08-07 19:57:01.992 [http-nio-8080-exec-7] DEBUG c.p.mapper.SysRoleMapper.selectById - <==      Total: 1
2026-08-07 19:57:01.992 [http-nio-8080-exec-7] DEBUG c.p.m.S.selectMenuByRoleId - ==>  Preparing: SELECT m.* FROM sys_menu m INNER JOIN sys_role_menu rm ON m.id = rm.menu_id WHERE rm.role_id = ?
2026-08-07 19:57:01.992 [http-nio-8080-exec-7] DEBUG c.p.m.S.selectMenuByRoleId - ==> Parameters: 1(Long)
2026-08-07 19:57:01.999 [http-nio-8080-exec-7] DEBUG c.p.m.S.selectMenuByRoleId - <==      Total: 21
2026-08-07 19:57:01.999 [http-nio-8080-exec-7] DEBUG o.s.security.web.FilterChainProxy - Secured GET /roles/1
2026-08-07 19:57:01.999 [http-nio-8080-exec-7] DEBUG c.p.mapper.SysRoleMapper.selectById - ==>  Preparing: SELECT id,name,code,description,status,create_time,update_time,version FROM sys_role WHERE id=?
2026-08-07 19:57:01.999 [http-nio-8080-exec-7] DEBUG c.p.mapper.SysRoleMapper.selectById - ==> Parameters: 1(Long)
2026-08-07 19:57:01.999 [http-nio-8080-exec-7] DEBUG c.p.mapper.SysRoleMapper.selectById - <==      Total: 1
2026-08-07 19:57:53.817 [http-nio-8080-exec-6] DEBUG o.s.security.web.FilterChainProxy - Securing GET /roles
2026-08-07 19:57:53.820 [http-nio-8080-exec-6] DEBUG c.p.mapper.SysUserMapper.selectList - ==>  Preparing: SELECT id,username,password,nickname,email,phone,status,create_time,update_time,version FROM sys_user WHERE (username = ?)
2026-08-07 19:57:53.820 [http-nio-8080-exec-6] DEBUG c.p.mapper.SysUserMapper.selectList - ==> Parameters: admin(String)
2026-08-07 19:57:53.820 [http-nio-8080-exec-6] DEBUG c.p.mapper.SysUserMapper.selectList - <==      Total: 1
2026-08-07 19:57:53.822 [http-nio-8080-exec-6] DEBUG c.p.m.SysUserRoleMapper.selectList - ==>  Preparing: SELECT id,user_id,role_id FROM sys_user_role WHERE (user_id = ?)
2026-08-07 19:57:53.822 [http-nio-8080-exec-6] DEBUG c.p.m.SysUserRoleMapper.selectList - ==> Parameters: 1(Long)
2026-08-07 19:57:53.822 [http-nio-8080-exec-6] DEBUG c.p.m.SysUserRoleMapper.selectList - <==      Total: 1
2026-08-07 19:57:53.822 [http-nio-8080-exec-6] DEBUG c.p.mapper.SysRoleMapper.selectById - ==>  Preparing: SELECT id,name,code,description,status,create_time,update_time,version FROM sys_role WHERE id=?
2026-08-07 19:57:53.823 [http-nio-8080-exec-6] DEBUG c.p.mapper.SysRoleMapper.selectById - ==> Parameters: 1(Long)
2026-08-07 19:57:53.823 [http-nio-8080-exec-6] DEBUG c.p.mapper.SysRoleMapper.selectById - <==      Total: 1
2026-08-07 19:57:53.823 [http-nio-8080-exec-6] DEBUG c.p.m.S.selectMenuByRoleId - ==>  Preparing: SELECT m.* FROM sys_menu m INNER JOIN sys_role_menu rm ON m.id = rm.menu_id WHERE rm.role_id = ?
2026-08-07 19:57:53.823 [http-nio-8080-exec-6] DEBUG c.p.m.S.selectMenuByRoleId - ==> Parameters: 1(Long)
2026-08-07 19:57:53.825 [http-nio-8080-exec-6] DEBUG c.p.m.S.selectMenuByRoleId - <==      Total: 21
2026-08-07 19:57:53.825 [http-nio-8080-exec-6] DEBUG o.s.security.web.FilterChainProxy - Secured GET /roles
2026-08-07 19:57:53.825 [http-nio-8080-exec-6] DEBUG c.p.mapper.SysRoleMapper.selectList - ==>  Preparing: SELECT id,name,code,description,status,create_time,update_time,version FROM sys_role ORDER BY id ASC
2026-08-07 19:57:53.825 [http-nio-8080-exec-6] DEBUG c.p.mapper.SysRoleMapper.selectList - ==> Parameters: 
2026-08-07 19:57:53.828 [http-nio-8080-exec-6] DEBUG c.p.mapper.SysRoleMapper.selectList - <==      Total: 5
2026-08-07 19:58:17.014 [http-nio-8080-exec-8] DEBUG o.s.security.web.FilterChainProxy - Securing POST /roles
2026-08-07 19:58:17.019 [http-nio-8080-exec-8] DEBUG c.p.mapper.SysUserMapper.selectList - ==>  Preparing: SELECT id,username,password,nickname,email,phone,status,create_time,update_time,version FROM sys_user WHERE (username = ?)
2026-08-07 19:58:17.019 [http-nio-8080-exec-8] DEBUG c.p.mapper.SysUserMapper.selectList - ==> Parameters: admin(String)
2026-08-07 19:58:17.019 [http-nio-8080-exec-8] DEBUG c.p.mapper.SysUserMapper.selectList - <==      Total: 1
2026-08-07 19:58:17.019 [http-nio-8080-exec-8] DEBUG c.p.m.SysUserRoleMapper.selectList - ==>  Preparing: SELECT id,user_id,role_id FROM sys_user_role WHERE (user_id = ?)
2026-08-07 19:58:17.019 [http-nio-8080-exec-8] DEBUG c.p.m.SysUserRoleMapper.selectList - ==> Parameters: 1(Long)
2026-08-07 19:58:17.019 [http-nio-8080-exec-8] DEBUG c.p.m.SysUserRoleMapper.selectList - <==      Total: 1
2026-08-07 19:58:17.021 [http-nio-8080-exec-8] DEBUG c.p.mapper.SysRoleMapper.selectById - ==>  Preparing: SELECT id,name,code,description,status,create_time,update_time,version FROM sys_role WHERE id=?
2026-08-07 19:58:17.021 [http-nio-8080-exec-8] DEBUG c.p.mapper.SysRoleMapper.selectById - ==> Parameters: 1(Long)
2026-08-07 19:58:17.021 [http-nio-8080-exec-8] DEBUG c.p.mapper.SysRoleMapper.selectById - <==      Total: 1
2026-08-07 19:58:17.021 [http-nio-8080-exec-8] DEBUG c.p.m.S.selectMenuByRoleId - ==>  Preparing: SELECT m.* FROM sys_menu m INNER JOIN sys_role_menu rm ON m.id = rm.menu_id WHERE rm.role_id = ?
2026-08-07 19:58:17.021 [http-nio-8080-exec-8] DEBUG c.p.m.S.selectMenuByRoleId - ==> Parameters: 1(Long)
2026-08-07 19:58:17.021 [http-nio-8080-exec-8] DEBUG c.p.m.S.selectMenuByRoleId - <==      Total: 21
2026-08-07 19:58:17.021 [http-nio-8080-exec-8] DEBUG o.s.security.web.FilterChainProxy - Secured POST /roles
2026-08-07 19:58:17.025 [http-nio-8080-exec-8] DEBUG c.p.mapper.SysRoleMapper.selectCount - ==>  Preparing: SELECT COUNT( * ) AS total FROM sys_role WHERE (code = ?)
2026-08-07 19:58:17.025 [http-nio-8080-exec-8] DEBUG c.p.mapper.SysRoleMapper.selectCount - ==> Parameters: null
2026-08-07 19:58:17.027 [http-nio-8080-exec-8] DEBUG c.p.mapper.SysRoleMapper.selectCount - <==      Total: 1
2026-08-07 19:58:17.027 [http-nio-8080-exec-8] DEBUG com.pes.mapper.SysRoleMapper.insert - ==>  Preparing: INSERT INTO sys_role ( description, status, create_time, update_time ) VALUES ( ?, ?, ?, ? )
2026-08-07 19:58:17.027 [http-nio-8080-exec-8] DEBUG com.pes.mapper.SysRoleMapper.insert - ==> Parameters: 这是一个测试角色(String), 1(Integer), 2026-08-07T19:58:17.027945900(LocalDateTime), 2026-08-07T19:58:17.027945900(LocalDateTime)
2026-08-07 19:58:17.169 [http-nio-8080-exec-8] ERROR c.p.exception.GlobalExceptionHandler - [系统异常] POST /roles — DataIntegrityViolationException: 
### Error updating database.  Cause: java.sql.SQLException: Field 'name' doesn't have a default value
### The error may exist in com/pes/mapper/SysRoleMapper.java (best guess)
### The error may involve com.pes.mapper.SysRoleMapper.insert-Inline
### The error occurred while setting parameters
### SQL: INSERT INTO sys_role  ( description, status, create_time, update_time )  VALUES (  ?, ?, ?, ?  )
### Cause: java.sql.SQLException: Field 'name' doesn't have a default value
; Field 'name' doesn't have a default value
org.springframework.dao.DataIntegrityViolationException: 
### Error updating database.  Cause: java.sql.SQLException: Field 'name' doesn't have a default value
### The error may exist in com/pes/mapper/SysRoleMapper.java (best guess)
### The error may involve com.pes.mapper.SysRoleMapper.insert-Inline
### The error occurred while setting parameters
### SQL: INSERT INTO sys_role  ( description, status, create_time, update_time )  VALUES (  ?, ?, ?, ?  )
### Cause: java.sql.SQLException: Field 'name' doesn't have a default value
; Field 'name' doesn't have a default value
	at org.springframework.jdbc.support.SQLErrorCodeSQLExceptionTranslator.doTranslate(SQLErrorCodeSQLExceptionTranslator.java:258)
	at org.springframework.jdbc.support.AbstractFallbackSQLExceptionTranslator.translate(AbstractFallbackSQLExceptionTranslator.java:107)
	at org.mybatis.spring.MyBatisExceptionTranslator.translateExceptionIfPossible(MyBatisExceptionTranslator.java:92)
	at org.mybatis.spring.SqlSessionTemplate$SqlSessionInterceptor.invoke(SqlSessionTemplate.java:439)
	at jdk.proxy2/jdk.proxy2.$Proxy80.insert(Unknown Source)
	at org.mybatis.spring.SqlSessionTemplate.insert(SqlSessionTemplate.java:272)
	at com.baomidou.mybatisplus.core.override.MybatisMapperMethod.execute(MybatisMapperMethod.java:59)
	at com.baomidou.mybatisplus.core.override.MybatisMapperProxy$PlainMethodInvoker.invoke(MybatisMapperProxy.java:152)
	at com.baomidou.mybatisplus.core.override.MybatisMapperProxy.invoke(MybatisMapperProxy.java:89)
	at jdk.proxy2/jdk.proxy2.$Proxy87.insert(Unknown Source)
	at com.pes.service.impl.SysRoleServiceImpl.create(SysRoleServiceImpl.java:51)
	at java.base/jdk.internal.reflect.NativeMethodAccessorImpl.invoke0(Native Method)
	at java.base/jdk.internal.reflect.NativeMethodAccessorImpl.invoke(NativeMethodAccessorImpl.java:77)
	at java.base/jdk.internal.reflect.DelegatingMethodAccessorImpl.invoke(DelegatingMethodAccessorImpl.java:43)
	at java.base/java.lang.reflect.Method.invoke(Method.java:568)
	at org.springframework.aop.support.AopUtils.invokeJoinpointUsingReflection(AopUtils.java:352)
	at org.springframework.aop.framework.CglibAopProxy$DynamicAdvisedInterceptor.intercept(CglibAopProxy.java:713)
	at com.pes.service.impl.SysRoleServiceImpl$$SpringCGLIB$$0.create(<generated>)
	at com.pes.controller.RoleController.create(RoleController.java:64)
	at java.base/jdk.internal.reflect.NativeMethodAccessorImpl.invoke0(Native Method)
	at java.base/jdk.internal.reflect.NativeMethodAccessorImpl.invoke(NativeMethodAccessorImpl.java:77)
	at java.base/jdk.internal.reflect.DelegatingMethodAccessorImpl.invoke(DelegatingMethodAccessorImpl.java:43)
	at java.base/java.lang.reflect.Method.invoke(Method.java:568)
	at org.springframework.aop.support.AopUtils.invokeJoinpointUsingReflection(AopUtils.java:352)
	at org.springframework.aop.framework.ReflectiveMethodInvocation.invokeJoinpoint(ReflectiveMethodInvocation.java:196)
	at org.springframework.aop.framework.ReflectiveMethodInvocation.proceed(ReflectiveMethodInvocation.java:163)
	at org.springframework.aop.framework.CglibAopProxy$CglibMethodInvocation.proceed(CglibAopProxy.java:765)
	at org.springframework.aop.aspectj.MethodInvocationProceedingJoinPoint.proceed(MethodInvocationProceedingJoinPoint.java:89)
	at com.pes.aspect.PermissionAspect.checkPermission(PermissionAspect.java:72)
	at java.base/jdk.internal.reflect.NativeMethodAccessorImpl.invoke0(Native Method)
	at java.base/jdk.internal.reflect.NativeMethodAccessorImpl.invoke(NativeMethodAccessorImpl.java:77)
	at java.base/jdk.internal.reflect.DelegatingMethodAccessorImpl.invoke(DelegatingMethodAccessorImpl.java:43)
	at java.base/java.lang.reflect.Method.invoke(Method.java:568)
	at org.springframework.aop.aspectj.AbstractAspectJAdvice.invokeAdviceMethodWithGivenArgs(AbstractAspectJAdvice.java:637)
	at org.springframework.aop.aspectj.AbstractAspectJAdvice.invokeAdviceMethod(AbstractAspectJAdvice.java:627)
	at org.springframework.aop.aspectj.AspectJAroundAdvice.invoke(AspectJAroundAdvice.java:71)
	at org.springframework.aop.framework.ReflectiveMethodInvocation.proceed(ReflectiveMethodInvocation.java:173)
	at org.springframework.aop.framework.CglibAopProxy$CglibMethodInvocation.proceed(CglibAopProxy.java:765)
	at org.springframework.aop.interceptor.ExposeInvocationInterceptor.invoke(ExposeInvocationInterceptor.java:97)
	at org.springframework.aop.framework.ReflectiveMethodInvocation.proceed(ReflectiveMethodInvocation.java:184)
	at org.springframework.aop.framework.CglibAopProxy$CglibMethodInvocation.proceed(CglibAopProxy.java:765)
	at org.springframework.aop.framework.CglibAopProxy$DynamicAdvisedInterceptor.intercept(CglibAopProxy.java:717)
	at com.pes.controller.RoleController$$SpringCGLIB$$0.create(<generated>)
	at java.base/jdk.internal.reflect.NativeMethodAccessorImpl.invoke0(Native Method)
	at java.base/jdk.internal.reflect.NativeMethodAccessorImpl.invoke(NativeMethodAccessorImpl.java:77)
	at java.base/jdk.internal.reflect.DelegatingMethodAccessorImpl.invoke(DelegatingMethodAccessorImpl.java:43)
	at java.base/java.lang.reflect.Method.invoke(Method.java:568)
	at org.springframework.web.method.support.InvocableHandlerMethod.doInvoke(InvocableHandlerMethod.java:254)
	at org.springframework.web.method.support.InvocableHandlerMethod.invokeForRequest(InvocableHandlerMethod.java:182)
	at org.springframework.web.servlet.mvc.method.annotation.ServletInvocableHandlerMethod.invokeAndHandle(ServletInvocableHandlerMethod.java:118)
	at org.springframework.web.servlet.mvc.method.annotation.RequestMappingHandlerAdapter.invokeHandlerMethod(RequestMappingHandlerAdapter.java:917)
	at org.springframework.web.servlet.mvc.method.annotation.RequestMappingHandlerAdapter.handleInternal(RequestMappingHandlerAdapter.java:829)
	at org.springframework.web.servlet.mvc.method.AbstractHandlerMethodAdapter.handle(AbstractHandlerMethodAdapter.java:87)
	at org.springframework.web.servlet.DispatcherServlet.doDispatch(DispatcherServlet.java:1089)
	at org.springframework.web.servlet.DispatcherServlet.doService(DispatcherServlet.java:979)
	at org.springframework.web.servlet.FrameworkServlet.processRequest(FrameworkServlet.java:1014)
	at org.springframework.web.servlet.FrameworkServlet.doPost(FrameworkServlet.java:914)
	at jakarta.servlet.http.HttpServlet.service(HttpServlet.java:590)
	at org.springframework.web.servlet.FrameworkServlet.service(FrameworkServlet.java:885)
	at jakarta.servlet.http.HttpServlet.service(HttpServlet.java:658)
	at org.apache.catalina.core.ApplicationFilterChain.internalDoFilter(ApplicationFilterChain.java:205)
	at org.apache.catalina.core.ApplicationFilterChain.doFilter(ApplicationFilterChain.java:149)
	at org.apache.tomcat.websocket.server.WsFilter.doFilter(WsFilter.java:51)
	at org.apache.catalina.core.ApplicationFilterChain.internalDoFilter(ApplicationFilterChain.java:174)
	at org.apache.catalina.core.ApplicationFilterChain.doFilter(ApplicationFilterChain.java:149)
	at org.springframework.web.filter.OncePerRequestFilter.doFilter(OncePerRequestFilter.java:110)
	at org.apache.catalina.core.ApplicationFilterChain.internalDoFilter(ApplicationFilterChain.java:174)
	at org.apache.catalina.core.ApplicationFilterChain.doFilter(ApplicationFilterChain.java:149)
	at org.springframework.web.filter.OncePerRequestFilter.doFilter(OncePerRequestFilter.java:110)
	at org.apache.catalina.core.ApplicationFilterChain.internalDoFilter(ApplicationFilterChain.java:174)
	at org.apache.catalina.core.ApplicationFilterChain.doFilter(ApplicationFilterChain.java:149)
	at org.springframework.security.web.FilterChainProxy.lambda$doFilterInternal$3(FilterChainProxy.java:231)
	at org.springframework.security.web.FilterChainProxy$VirtualFilterChain.doFilter(FilterChainProxy.java:365)
	at org.springframework.security.web.access.intercept.AuthorizationFilter.doFilter(AuthorizationFilter.java:100)
	at org.springframework.security.web.FilterChainProxy$VirtualFilterChain.doFilter(FilterChainProxy.java:374)
	at org.springframework.security.web.access.ExceptionTranslationFilter.doFilter(ExceptionTranslationFilter.java:126)
	at org.springframework.security.web.access.ExceptionTranslationFilter.doFilter(ExceptionTranslationFilter.java:120)
	at org.springframework.security.web.FilterChainProxy$VirtualFilterChain.doFilter(FilterChainProxy.java:374)
	at org.springframework.security.web.session.SessionManagementFilter.doFilter(SessionManagementFilter.java:131)
	at org.springframework.security.web.session.SessionManagementFilter.doFilter(SessionManagementFilter.java:85)
	at org.springframework.security.web.FilterChainProxy$VirtualFilterChain.doFilter(FilterChainProxy.java:374)
	at org.springframework.security.web.authentication.AnonymousAuthenticationFilter.doFilter(AnonymousAuthenticationFilter.java:100)
	at org.springframework.security.web.FilterChainProxy$VirtualFilterChain.doFilter(FilterChainProxy.java:374)
	at org.springframework.security.web.servletapi.SecurityContextHolderAwareRequestFilter.doFilter(SecurityContextHolderAwareRequestFilter.java:179)
	at org.springframework.security.web.FilterChainProxy$VirtualFilterChain.doFilter(FilterChainProxy.java:374)
	at org.springframework.security.web.savedrequest.RequestCacheAwareFilter.doFilter(RequestCacheAwareFilter.java:63)
	at org.springframework.security.web.FilterChainProxy$VirtualFilterChain.doFilter(FilterChainProxy.java:374)
	at com.pes.security.filter.JwtAuthenticationFilter.doFilterInternal(JwtAuthenticationFilter.java:67)
	at org.springframework.web.filter.OncePerRequestFilter.doFilter(OncePerRequestFilter.java:116)
	at org.springframework.security.web.FilterChainProxy$VirtualFilterChain.doFilter(FilterChainProxy.java:374)
	at org.springframework.web.filter.CorsFilter.doFilterInternal(CorsFilter.java:91)
	at org.springframework.web.filter.OncePerRequestFilter.doFilter(OncePerRequestFilter.java:116)
	at org.springframework.security.web.FilterChainProxy$VirtualFilterChain.doFilter(FilterChainProxy.java:374)
	at org.springframework.security.web.header.HeaderWriterFilter.doHeadersAfter(HeaderWriterFilter.java:90)
	at org.springframework.security.web.header.HeaderWriterFilter.doFilterInternal(HeaderWriterFilter.java:75)
	at org.springframework.web.filter.OncePerRequestFilter.doFilter(OncePerRequestFilter.java:116)
	at org.springframework.security.web.FilterChainProxy$VirtualFilterChain.doFilter(FilterChainProxy.java:374)
	at org.springframework.security.web.context.SecurityContextHolderFilter.doFilter(SecurityContextHolderFilter.java:82)
	at org.springframework.security.web.context.SecurityContextHolderFilter.doFilter(SecurityContextHolderFilter.java:69)
	at org.springframework.security.web.FilterChainProxy$VirtualFilterChain.doFilter(FilterChainProxy.java:374)
	at org.springframework.security.web.context.request.async.WebAsyncManagerIntegrationFilter.doFilterInternal(WebAsyncManagerIntegrationFilter.java:62)
	at org.springframework.web.filter.OncePerRequestFilter.doFilter(OncePerRequestFilter.java:116)
	at org.springframework.security.web.FilterChainProxy$VirtualFilterChain.doFilter(FilterChainProxy.java:374)
	at org.springframework.security.web.session.DisableEncodeUrlFilter.doFilterInternal(DisableEncodeUrlFilter.java:42)
	at org.springframework.web.filter.OncePerRequestFilter.doFilter(OncePerRequestFilter.java:116)
	at org.springframework.security.web.FilterChainProxy$VirtualFilterChain.doFilter(FilterChainProxy.java:374)
	at org.springframework.security.web.FilterChainProxy.doFilterInternal(FilterChainProxy.java:233)
	at org.springframework.security.web.FilterChainProxy.doFilter(FilterChainProxy.java:191)
	at org.springframework.web.filter.DelegatingFilterProxy.invokeDelegate(DelegatingFilterProxy.java:352)
	at org.springframework.web.filter.DelegatingFilterProxy.doFilter(DelegatingFilterProxy.java:268)
	at org.apache.catalina.core.ApplicationFilterChain.internalDoFilter(ApplicationFilterChain.java:174)
	at org.apache.catalina.core.ApplicationFilterChain.doFilter(ApplicationFilterChain.java:149)
	at org.springframework.web.filter.RequestContextFilter.doFilterInternal(RequestContextFilter.java:100)
	at org.springframework.web.filter.OncePerRequestFilter.doFilter(OncePerRequestFilter.java:116)
	at org.apache.catalina.core.ApplicationFilterChain.internalDoFilter(ApplicationFilterChain.java:174)
	at org.apache.catalina.core.ApplicationFilterChain.doFilter(ApplicationFilterChain.java:149)
	at org.springframework.web.filter.FormContentFilter.doFilterInternal(FormContentFilter.java:93)
	at org.springframework.web.filter.OncePerRequestFilter.doFilter(OncePerRequestFilter.java:116)
	at org.apache.catalina.core.ApplicationFilterChain.internalDoFilter(ApplicationFilterChain.java:174)
	at org.apache.catalina.core.ApplicationFilterChain.doFilter(ApplicationFilterChain.java:149)
	at org.springframework.web.filter.CharacterEncodingFilter.doFilterInternal(CharacterEncodingFilter.java:201)
	at org.springframework.web.filter.OncePerRequestFilter.doFilter(OncePerRequestFilter.java:116)
	at org.apache.catalina.core.ApplicationFilterChain.internalDoFilter(ApplicationFilterChain.java:174)
	at org.apache.catalina.core.ApplicationFilterChain.doFilter(ApplicationFilterChain.java:149)
	at org.apache.catalina.core.StandardWrapperValve.invoke(StandardWrapperValve.java:167)
	at org.apache.catalina.core.StandardContextValve.invoke(StandardContextValve.java:90)
	at org.apache.catalina.authenticator.AuthenticatorBase.invoke(AuthenticatorBase.java:482)
	at org.apache.catalina.core.StandardHostValve.invoke(StandardHostValve.java:115)
	at org.apache.catalina.valves.ErrorReportValve.invoke(ErrorReportValve.java:93)
	at org.apache.catalina.core.StandardEngineValve.invoke(StandardEngineValve.java:74)
	at org.apache.catalina.connector.CoyoteAdapter.service(CoyoteAdapter.java:340)
	at org.apache.coyote.http11.Http11Processor.service(Http11Processor.java:391)
	at org.apache.coyote.AbstractProcessorLight.process(AbstractProcessorLight.java:63)
	at org.apache.coyote.AbstractProtocol$ConnectionHandler.process(AbstractProtocol.java:896)
	at org.apache.tomcat.util.net.NioEndpoint$SocketProcessor.doRun(NioEndpoint.java:1744)
	at org.apache.tomcat.util.net.SocketProcessorBase.run(SocketProcessorBase.java:52)
	at org.apache.tomcat.util.threads.ThreadPoolExecutor.runWorker(ThreadPoolExecutor.java:1191)
	at org.apache.tomcat.util.threads.ThreadPoolExecutor$Worker.run(ThreadPoolExecutor.java:659)
	at org.apache.tomcat.util.threads.TaskThread$WrappingRunnable.run(TaskThread.java:61)
	at java.base/java.lang.Thread.run(Thread.java:842)
Caused by: java.sql.SQLException: Field 'name' doesn't have a default value
	at com.mysql.cj.jdbc.exceptions.SQLError.createSQLException(SQLError.java:130)
	at com.mysql.cj.jdbc.exceptions.SQLExceptionsMapping.translateException(SQLExceptionsMapping.java:122)
	at com.mysql.cj.jdbc.ClientPreparedStatement.executeInternal(ClientPreparedStatement.java:916)
	at com.mysql.cj.jdbc.ClientPreparedStatement.execute(ClientPreparedStatement.java:354)
	at com.zaxxer.hikari.pool.ProxyPreparedStatement.execute(ProxyPreparedStatement.java:44)
	at com.zaxxer.hikari.pool.HikariProxyPreparedStatement.execute(HikariProxyPreparedStatement.java)
	at jdk.internal.reflect.GeneratedMethodAccessor40.invoke(Unknown Source)
	at java.base/jdk.internal.reflect.DelegatingMethodAccessorImpl.invoke(DelegatingMethodAccessorImpl.java:43)
	at java.base/java.lang.reflect.Method.invoke(Method.java:568)
	at org.apache.ibatis.logging.jdbc.PreparedStatementLogger.invoke(PreparedStatementLogger.java:58)
	at jdk.proxy3/jdk.proxy3.$Proxy134.execute(Unknown Source)
	at org.apache.ibatis.executor.statement.PreparedStatementHandler.update(PreparedStatementHandler.java:48)
	at org.apache.ibatis.executor.statement.RoutingStatementHandler.update(RoutingStatementHandler.java:75)
	at java.base/jdk.internal.reflect.NativeMethodAccessorImpl.invoke0(Native Method)
	at java.base/jdk.internal.reflect.NativeMethodAccessorImpl.invoke(NativeMethodAccessorImpl.java:77)
	at java.base/jdk.internal.reflect.DelegatingMethodAccessorImpl.invoke(DelegatingMethodAccessorImpl.java:43)
	at java.base/java.lang.reflect.Method.invoke(Method.java:568)
	at org.apache.ibatis.plugin.Plugin.invoke(Plugin.java:61)
	at jdk.proxy2/jdk.proxy2.$Proxy133.update(Unknown Source)
	at org.apache.ibatis.executor.SimpleExecutor.doUpdate(SimpleExecutor.java:50)
	at org.apache.ibatis.executor.BaseExecutor.update(BaseExecutor.java:117)
	at org.apache.ibatis.executor.CachingExecutor.update(CachingExecutor.java:76)
	at java.base/jdk.internal.reflect.NativeMethodAccessorImpl.invoke0(Native Method)
	at java.base/jdk.internal.reflect.NativeMethodAccessorImpl.invoke(NativeMethodAccessorImpl.java:77)
	at java.base/jdk.internal.reflect.DelegatingMethodAccessorImpl.invoke(DelegatingMethodAccessorImpl.java:43)
	at java.base/java.lang.reflect.Method.invoke(Method.java:568)
	at org.apache.ibatis.plugin.Invocation.proceed(Invocation.java:49)
	at com.baomidou.mybatisplus.extension.plugins.MybatisPlusInterceptor.intercept(MybatisPlusInterceptor.java:106)
	at org.apache.ibatis.plugin.Plugin.invoke(Plugin.java:59)
	at jdk.proxy2/jdk.proxy2.$Proxy132.update(Unknown Source)
	at org.apache.ibatis.session.defaults.DefaultSqlSession.update(DefaultSqlSession.java:197)
	at org.apache.ibatis.session.defaults.DefaultSqlSession.insert(DefaultSqlSession.java:184)
	at java.base/jdk.internal.reflect.NativeMethodAccessorImpl.invoke0(Native Method)
	at java.base/jdk.internal.reflect.NativeMethodAccessorImpl.invoke(NativeMethodAccessorImpl.java:77)
	at java.base/jdk.internal.reflect.DelegatingMethodAccessorImpl.invoke(DelegatingMethodAccessorImpl.java:43)
	at java.base/java.lang.reflect.Method.invoke(Method.java:568)
	at org.mybatis.spring.SqlSessionTemplate$SqlSessionInterceptor.invoke(SqlSessionTemplate.java:425)
	... 136 common frames omitted
2026-08-07 19:59:37.846 [http-nio-8080-exec-10] DEBUG o.s.security.web.FilterChainProxy - Securing POST /roles
2026-08-07 19:59:37.846 [http-nio-8080-exec-10] DEBUG c.p.mapper.SysUserMapper.selectList - ==>  Preparing: SELECT id,username,password,nickname,email,phone,status,create_time,update_time,version FROM sys_user WHERE (username = ?)
2026-08-07 19:59:37.846 [http-nio-8080-exec-10] DEBUG c.p.mapper.SysUserMapper.selectList - ==> Parameters: admin(String)
2026-08-07 19:59:37.846 [http-nio-8080-exec-10] DEBUG c.p.mapper.SysUserMapper.selectList - <==      Total: 1
2026-08-07 19:59:37.846 [http-nio-8080-exec-10] DEBUG c.p.m.SysUserRoleMapper.selectList - ==>  Preparing: SELECT id,user_id,role_id FROM sys_user_role WHERE (user_id = ?)
2026-08-07 19:59:37.853 [http-nio-8080-exec-10] DEBUG c.p.m.SysUserRoleMapper.selectList - ==> Parameters: 1(Long)
2026-08-07 19:59:37.853 [http-nio-8080-exec-10] DEBUG c.p.m.SysUserRoleMapper.selectList - <==      Total: 1
2026-08-07 19:59:37.853 [http-nio-8080-exec-10] DEBUG c.p.mapper.SysRoleMapper.selectById - ==>  Preparing: SELECT id,name,code,description,status,create_time,update_time,version FROM sys_role WHERE id=?
2026-08-07 19:59:37.853 [http-nio-8080-exec-10] DEBUG c.p.mapper.SysRoleMapper.selectById - ==> Parameters: 1(Long)
2026-08-07 19:59:37.853 [http-nio-8080-exec-10] DEBUG c.p.mapper.SysRoleMapper.selectById - <==      Total: 1
2026-08-07 19:59:37.853 [http-nio-8080-exec-10] DEBUG c.p.m.S.selectMenuByRoleId - ==>  Preparing: SELECT m.* FROM sys_menu m INNER JOIN sys_role_menu rm ON m.id = rm.menu_id WHERE rm.role_id = ?
2026-08-07 19:59:37.853 [http-nio-8080-exec-10] DEBUG c.p.m.S.selectMenuByRoleId - ==> Parameters: 1(Long)
2026-08-07 19:59:37.853 [http-nio-8080-exec-10] DEBUG c.p.m.S.selectMenuByRoleId - <==      Total: 21
2026-08-07 19:59:37.853 [http-nio-8080-exec-10] DEBUG o.s.security.web.FilterChainProxy - Secured POST /roles
2026-08-07 19:59:37.857 [http-nio-8080-exec-10] DEBUG c.p.mapper.SysRoleMapper.selectCount - ==>  Preparing: SELECT COUNT( * ) AS total FROM sys_role WHERE (code = ?)
2026-08-07 19:59:37.857 [http-nio-8080-exec-10] DEBUG c.p.mapper.SysRoleMapper.selectCount - ==> Parameters: null
2026-08-07 19:59:37.857 [http-nio-8080-exec-10] DEBUG c.p.mapper.SysRoleMapper.selectCount - <==      Total: 1
2026-08-07 19:59:37.860 [http-nio-8080-exec-10] DEBUG com.pes.mapper.SysRoleMapper.insert - ==>  Preparing: INSERT INTO sys_role ( name, description, status, create_time, update_time ) VALUES ( ?, ?, ?, ?, ? )
2026-08-07 19:59:37.860 [http-nio-8080-exec-10] DEBUG com.pes.mapper.SysRoleMapper.insert - ==> Parameters: 测试角色(String), 这是一个测试角色(String), 1(Integer), 2026-08-07T19:59:37.860041500(LocalDateTime), 2026-08-07T19:59:37.860041500(LocalDateTime)
2026-08-07 19:59:37.860 [http-nio-8080-exec-10] ERROR c.p.exception.GlobalExceptionHandler - [系统异常] POST /roles — DataIntegrityViolationException: 
### Error updating database.  Cause: java.sql.SQLException: Field 'code' doesn't have a default value
### The error may exist in com/pes/mapper/SysRoleMapper.java (best guess)
### The error may involve com.pes.mapper.SysRoleMapper.insert-Inline
### The error occurred while setting parameters
### SQL: INSERT INTO sys_role  ( name,  description, status, create_time, update_time )  VALUES (  ?,  ?, ?, ?, ?  )
### Cause: java.sql.SQLException: Field 'code' doesn't have a default value
; Field 'code' doesn't have a default value
org.springframework.dao.DataIntegrityViolationException: 
### Error updating database.  Cause: java.sql.SQLException: Field 'code' doesn't have a default value
### The error may exist in com/pes/mapper/SysRoleMapper.java (best guess)
### The error may involve com.pes.mapper.SysRoleMapper.insert-Inline
### The error occurred while setting parameters
### SQL: INSERT INTO sys_role  ( name,  description, status, create_time, update_time )  VALUES (  ?,  ?, ?, ?, ?  )
### Cause: java.sql.SQLException: Field 'code' doesn't have a default value
; Field 'code' doesn't have a default value
	at org.springframework.jdbc.support.SQLErrorCodeSQLExceptionTranslator.doTranslate(SQLErrorCodeSQLExceptionTranslator.java:258)
	at org.springframework.jdbc.support.AbstractFallbackSQLExceptionTranslator.translate(AbstractFallbackSQLExceptionTranslator.java:107)
	at org.mybatis.spring.MyBatisExceptionTranslator.translateExceptionIfPossible(MyBatisExceptionTranslator.java:92)
	at org.mybatis.spring.SqlSessionTemplate$SqlSessionInterceptor.invoke(SqlSessionTemplate.java:439)
	at jdk.proxy2/jdk.proxy2.$Proxy80.insert(Unknown Source)
	at org.mybatis.spring.SqlSessionTemplate.insert(SqlSessionTemplate.java:272)
	at com.baomidou.mybatisplus.core.override.MybatisMapperMethod.execute(MybatisMapperMethod.java:59)
	at com.baomidou.mybatisplus.core.override.MybatisMapperProxy$PlainMethodInvoker.invoke(MybatisMapperProxy.java:152)
	at com.baomidou.mybatisplus.core.override.MybatisMapperProxy.invoke(MybatisMapperProxy.java:89)
	at jdk.proxy2/jdk.proxy2.$Proxy87.insert(Unknown Source)
	at com.pes.service.impl.SysRoleServiceImpl.create(SysRoleServiceImpl.java:51)
	at java.base/jdk.internal.reflect.NativeMethodAccessorImpl.invoke0(Native Method)
	at java.base/jdk.internal.reflect.NativeMethodAccessorImpl.invoke(NativeMethodAccessorImpl.java:77)
	at java.base/jdk.internal.reflect.DelegatingMethodAccessorImpl.invoke(DelegatingMethodAccessorImpl.java:43)
	at java.base/java.lang.reflect.Method.invoke(Method.java:568)
	at org.springframework.aop.support.AopUtils.invokeJoinpointUsingReflection(AopUtils.java:352)
	at org.springframework.aop.framework.CglibAopProxy$DynamicAdvisedInterceptor.intercept(CglibAopProxy.java:713)
	at com.pes.service.impl.SysRoleServiceImpl$$SpringCGLIB$$0.create(<generated>)
	at com.pes.controller.RoleController.create(RoleController.java:64)
	at java.base/jdk.internal.reflect.NativeMethodAccessorImpl.invoke0(Native Method)
	at java.base/jdk.internal.reflect.NativeMethodAccessorImpl.invoke(NativeMethodAccessorImpl.java:77)
	at java.base/jdk.internal.reflect.DelegatingMethodAccessorImpl.invoke(DelegatingMethodAccessorImpl.java:43)
	at java.base/java.lang.reflect.Method.invoke(Method.java:568)
	at org.springframework.aop.support.AopUtils.invokeJoinpointUsingReflection(AopUtils.java:352)
	at org.springframework.aop.framework.ReflectiveMethodInvocation.invokeJoinpoint(ReflectiveMethodInvocation.java:196)
	at org.springframework.aop.framework.ReflectiveMethodInvocation.proceed(ReflectiveMethodInvocation.java:163)
	at org.springframework.aop.framework.CglibAopProxy$CglibMethodInvocation.proceed(CglibAopProxy.java:765)
	at org.springframework.aop.aspectj.MethodInvocationProceedingJoinPoint.proceed(MethodInvocationProceedingJoinPoint.java:89)
	at com.pes.aspect.PermissionAspect.checkPermission(PermissionAspect.java:72)
	at java.base/jdk.internal.reflect.NativeMethodAccessorImpl.invoke0(Native Method)
	at java.base/jdk.internal.reflect.NativeMethodAccessorImpl.invoke(NativeMethodAccessorImpl.java:77)
	at java.base/jdk.internal.reflect.DelegatingMethodAccessorImpl.invoke(DelegatingMethodAccessorImpl.java:43)
	at java.base/java.lang.reflect.Method.invoke(Method.java:568)
	at org.springframework.aop.aspectj.AbstractAspectJAdvice.invokeAdviceMethodWithGivenArgs(AbstractAspectJAdvice.java:637)
	at org.springframework.aop.aspectj.AbstractAspectJAdvice.invokeAdviceMethod(AbstractAspectJAdvice.java:627)
	at org.springframework.aop.aspectj.AspectJAroundAdvice.invoke(AspectJAroundAdvice.java:71)
	at org.springframework.aop.framework.ReflectiveMethodInvocation.proceed(ReflectiveMethodInvocation.java:173)
	at org.springframework.aop.framework.CglibAopProxy$CglibMethodInvocation.proceed(CglibAopProxy.java:765)
	at org.springframework.aop.interceptor.ExposeInvocationInterceptor.invoke(ExposeInvocationInterceptor.java:97)
	at org.springframework.aop.framework.ReflectiveMethodInvocation.proceed(ReflectiveMethodInvocation.java:184)
	at org.springframework.aop.framework.CglibAopProxy$CglibMethodInvocation.proceed(CglibAopProxy.java:765)
	at org.springframework.aop.framework.CglibAopProxy$DynamicAdvisedInterceptor.intercept(CglibAopProxy.java:717)
	at com.pes.controller.RoleController$$SpringCGLIB$$0.create(<generated>)
	at java.base/jdk.internal.reflect.NativeMethodAccessorImpl.invoke0(Native Method)
	at java.base/jdk.internal.reflect.NativeMethodAccessorImpl.invoke(NativeMethodAccessorImpl.java:77)
	at java.base/jdk.internal.reflect.DelegatingMethodAccessorImpl.invoke(DelegatingMethodAccessorImpl.java:43)
	at java.base/java.lang.reflect.Method.invoke(Method.java:568)
	at org.springframework.web.method.support.InvocableHandlerMethod.doInvoke(InvocableHandlerMethod.java:254)
	at org.springframework.web.method.support.InvocableHandlerMethod.invokeForRequest(InvocableHandlerMethod.java:182)
	at org.springframework.web.servlet.mvc.method.annotation.ServletInvocableHandlerMethod.invokeAndHandle(ServletInvocableHandlerMethod.java:118)
	at org.springframework.web.servlet.mvc.method.annotation.RequestMappingHandlerAdapter.invokeHandlerMethod(RequestMappingHandlerAdapter.java:917)
	at org.springframework.web.servlet.mvc.method.annotation.RequestMappingHandlerAdapter.handleInternal(RequestMappingHandlerAdapter.java:829)
	at org.springframework.web.servlet.mvc.method.AbstractHandlerMethodAdapter.handle(AbstractHandlerMethodAdapter.java:87)
	at org.springframework.web.servlet.DispatcherServlet.doDispatch(DispatcherServlet.java:1089)
	at org.springframework.web.servlet.DispatcherServlet.doService(DispatcherServlet.java:979)
	at org.springframework.web.servlet.FrameworkServlet.processRequest(FrameworkServlet.java:1014)
	at org.springframework.web.servlet.FrameworkServlet.doPost(FrameworkServlet.java:914)
	at jakarta.servlet.http.HttpServlet.service(HttpServlet.java:590)
	at org.springframework.web.servlet.FrameworkServlet.service(FrameworkServlet.java:885)
	at jakarta.servlet.http.HttpServlet.service(HttpServlet.java:658)
	at org.apache.catalina.core.ApplicationFilterChain.internalDoFilter(ApplicationFilterChain.java:205)
	at org.apache.catalina.core.ApplicationFilterChain.doFilter(ApplicationFilterChain.java:149)
	at org.apache.tomcat.websocket.server.WsFilter.doFilter(WsFilter.java:51)
	at org.apache.catalina.core.ApplicationFilterChain.internalDoFilter(ApplicationFilterChain.java:174)
	at org.apache.catalina.core.ApplicationFilterChain.doFilter(ApplicationFilterChain.java:149)
	at org.springframework.web.filter.OncePerRequestFilter.doFilter(OncePerRequestFilter.java:110)
	at org.apache.catalina.core.ApplicationFilterChain.internalDoFilter(ApplicationFilterChain.java:174)
	at org.apache.catalina.core.ApplicationFilterChain.doFilter(ApplicationFilterChain.java:149)
	at org.springframework.web.filter.OncePerRequestFilter.doFilter(OncePerRequestFilter.java:110)
	at org.apache.catalina.core.ApplicationFilterChain.internalDoFilter(ApplicationFilterChain.java:174)
	at org.apache.catalina.core.ApplicationFilterChain.doFilter(ApplicationFilterChain.java:149)
	at org.springframework.security.web.FilterChainProxy.lambda$doFilterInternal$3(FilterChainProxy.java:231)
	at org.springframework.security.web.FilterChainProxy$VirtualFilterChain.doFilter(FilterChainProxy.java:365)
	at org.springframework.security.web.access.intercept.AuthorizationFilter.doFilter(AuthorizationFilter.java:100)
	at org.springframework.security.web.FilterChainProxy$VirtualFilterChain.doFilter(FilterChainProxy.java:374)
	at org.springframework.security.web.access.ExceptionTranslationFilter.doFilter(ExceptionTranslationFilter.java:126)
	at org.springframework.security.web.access.ExceptionTranslationFilter.doFilter(ExceptionTranslationFilter.java:120)
	at org.springframework.security.web.FilterChainProxy$VirtualFilterChain.doFilter(FilterChainProxy.java:374)
	at org.springframework.security.web.session.SessionManagementFilter.doFilter(SessionManagementFilter.java:131)
	at org.springframework.security.web.session.SessionManagementFilter.doFilter(SessionManagementFilter.java:85)
	at org.springframework.security.web.FilterChainProxy$VirtualFilterChain.doFilter(FilterChainProxy.java:374)
	at org.springframework.security.web.authentication.AnonymousAuthenticationFilter.doFilter(AnonymousAuthenticationFilter.java:100)
	at org.springframework.security.web.FilterChainProxy$VirtualFilterChain.doFilter(FilterChainProxy.java:374)
	at org.springframework.security.web.servletapi.SecurityContextHolderAwareRequestFilter.doFilter(SecurityContextHolderAwareRequestFilter.java:179)
	at org.springframework.security.web.FilterChainProxy$VirtualFilterChain.doFilter(FilterChainProxy.java:374)
	at org.springframework.security.web.savedrequest.RequestCacheAwareFilter.doFilter(RequestCacheAwareFilter.java:63)
	at org.springframework.security.web.FilterChainProxy$VirtualFilterChain.doFilter(FilterChainProxy.java:374)
	at com.pes.security.filter.JwtAuthenticationFilter.doFilterInternal(JwtAuthenticationFilter.java:67)
	at org.springframework.web.filter.OncePerRequestFilter.doFilter(OncePerRequestFilter.java:116)
	at org.springframework.security.web.FilterChainProxy$VirtualFilterChain.doFilter(FilterChainProxy.java:374)
	at org.springframework.web.filter.CorsFilter.doFilterInternal(CorsFilter.java:91)
	at org.springframework.web.filter.OncePerRequestFilter.doFilter(OncePerRequestFilter.java:116)
	at org.springframework.security.web.FilterChainProxy$VirtualFilterChain.doFilter(FilterChainProxy.java:374)
	at org.springframework.security.web.header.HeaderWriterFilter.doHeadersAfter(HeaderWriterFilter.java:90)
	at org.springframework.security.web.header.HeaderWriterFilter.doFilterInternal(HeaderWriterFilter.java:75)
	at org.springframework.web.filter.OncePerRequestFilter.doFilter(OncePerRequestFilter.java:116)
	at org.springframework.security.web.FilterChainProxy$VirtualFilterChain.doFilter(FilterChainProxy.java:374)
	at org.springframework.security.web.context.SecurityContextHolderFilter.doFilter(SecurityContextHolderFilter.java:82)
	at org.springframework.security.web.context.SecurityContextHolderFilter.doFilter(SecurityContextHolderFilter.java:69)
	at org.springframework.security.web.FilterChainProxy$VirtualFilterChain.doFilter(FilterChainProxy.java:374)
	at org.springframework.security.web.context.request.async.WebAsyncManagerIntegrationFilter.doFilterInternal(WebAsyncManagerIntegrationFilter.java:62)
	at org.springframework.web.filter.OncePerRequestFilter.doFilter(OncePerRequestFilter.java:116)
	at org.springframework.security.web.FilterChainProxy$VirtualFilterChain.doFilter(FilterChainProxy.java:374)
	at org.springframework.security.web.session.DisableEncodeUrlFilter.doFilterInternal(DisableEncodeUrlFilter.java:42)
	at org.springframework.web.filter.OncePerRequestFilter.doFilter(OncePerRequestFilter.java:116)
	at org.springframework.security.web.FilterChainProxy$VirtualFilterChain.doFilter(FilterChainProxy.java:374)
	at org.springframework.security.web.FilterChainProxy.doFilterInternal(FilterChainProxy.java:233)
	at org.springframework.security.web.FilterChainProxy.doFilter(FilterChainProxy.java:191)
	at org.springframework.web.filter.DelegatingFilterProxy.invokeDelegate(DelegatingFilterProxy.java:352)
	at org.springframework.web.filter.DelegatingFilterProxy.doFilter(DelegatingFilterProxy.java:268)
	at org.apache.catalina.core.ApplicationFilterChain.internalDoFilter(ApplicationFilterChain.java:174)
	at org.apache.catalina.core.ApplicationFilterChain.doFilter(ApplicationFilterChain.java:149)
	at org.springframework.web.filter.RequestContextFilter.doFilterInternal(RequestContextFilter.java:100)
	at org.springframework.web.filter.OncePerRequestFilter.doFilter(OncePerRequestFilter.java:116)
	at org.apache.catalina.core.ApplicationFilterChain.internalDoFilter(ApplicationFilterChain.java:174)
	at org.apache.catalina.core.ApplicationFilterChain.doFilter(ApplicationFilterChain.java:149)
	at org.springframework.web.filter.FormContentFilter.doFilterInternal(FormContentFilter.java:93)
	at org.springframework.web.filter.OncePerRequestFilter.doFilter(OncePerRequestFilter.java:116)
	at org.apache.catalina.core.ApplicationFilterChain.internalDoFilter(ApplicationFilterChain.java:174)
	at org.apache.catalina.core.ApplicationFilterChain.doFilter(ApplicationFilterChain.java:149)
	at org.springframework.web.filter.CharacterEncodingFilter.doFilterInternal(CharacterEncodingFilter.java:201)
	at org.springframework.web.filter.OncePerRequestFilter.doFilter(OncePerRequestFilter.java:116)
	at org.apache.catalina.core.ApplicationFilterChain.internalDoFilter(ApplicationFilterChain.java:174)
	at org.apache.catalina.core.ApplicationFilterChain.doFilter(ApplicationFilterChain.java:149)
	at org.apache.catalina.core.StandardWrapperValve.invoke(StandardWrapperValve.java:167)
	at org.apache.catalina.core.StandardContextValve.invoke(StandardContextValve.java:90)
	at org.apache.catalina.authenticator.AuthenticatorBase.invoke(AuthenticatorBase.java:482)
	at org.apache.catalina.core.StandardHostValve.invoke(StandardHostValve.java:115)
	at org.apache.catalina.valves.ErrorReportValve.invoke(ErrorReportValve.java:93)
	at org.apache.catalina.core.StandardEngineValve.invoke(StandardEngineValve.java:74)
	at org.apache.catalina.connector.CoyoteAdapter.service(CoyoteAdapter.java:340)
	at org.apache.coyote.http11.Http11Processor.service(Http11Processor.java:391)
	at org.apache.coyote.AbstractProcessorLight.process(AbstractProcessorLight.java:63)
	at org.apache.coyote.AbstractProtocol$ConnectionHandler.process(AbstractProtocol.java:896)
	at org.apache.tomcat.util.net.NioEndpoint$SocketProcessor.doRun(NioEndpoint.java:1744)
	at org.apache.tomcat.util.net.SocketProcessorBase.run(SocketProcessorBase.java:52)
	at org.apache.tomcat.util.threads.ThreadPoolExecutor.runWorker(ThreadPoolExecutor.java:1191)
	at org.apache.tomcat.util.threads.ThreadPoolExecutor$Worker.run(ThreadPoolExecutor.java:659)
	at org.apache.tomcat.util.threads.TaskThread$WrappingRunnable.run(TaskThread.java:61)
	at java.base/java.lang.Thread.run(Thread.java:842)
Caused by: java.sql.SQLException: Field 'code' doesn't have a default value
	at com.mysql.cj.jdbc.exceptions.SQLError.createSQLException(SQLError.java:130)
	at com.mysql.cj.jdbc.exceptions.SQLExceptionsMapping.translateException(SQLExceptionsMapping.java:122)
	at com.mysql.cj.jdbc.ClientPreparedStatement.executeInternal(ClientPreparedStatement.java:916)
	at com.mysql.cj.jdbc.ClientPreparedStatement.execute(ClientPreparedStatement.java:354)
	at com.zaxxer.hikari.pool.ProxyPreparedStatement.execute(ProxyPreparedStatement.java:44)
	at com.zaxxer.hikari.pool.HikariProxyPreparedStatement.execute(HikariProxyPreparedStatement.java)
	at jdk.internal.reflect.GeneratedMethodAccessor40.invoke(Unknown Source)
	at java.base/jdk.internal.reflect.DelegatingMethodAccessorImpl.invoke(DelegatingMethodAccessorImpl.java:43)
	at java.base/java.lang.reflect.Method.invoke(Method.java:568)
	at org.apache.ibatis.logging.jdbc.PreparedStatementLogger.invoke(PreparedStatementLogger.java:58)
	at jdk.proxy3/jdk.proxy3.$Proxy134.execute(Unknown Source)
	at org.apache.ibatis.executor.statement.PreparedStatementHandler.update(PreparedStatementHandler.java:48)
	at org.apache.ibatis.executor.statement.RoutingStatementHandler.update(RoutingStatementHandler.java:75)
	at java.base/jdk.internal.reflect.NativeMethodAccessorImpl.invoke0(Native Method)
	at java.base/jdk.internal.reflect.NativeMethodAccessorImpl.invoke(NativeMethodAccessorImpl.java:77)
	at java.base/jdk.internal.reflect.DelegatingMethodAccessorImpl.invoke(DelegatingMethodAccessorImpl.java:43)
	at java.base/java.lang.reflect.Method.invoke(Method.java:568)
	at org.apache.ibatis.plugin.Plugin.invoke(Plugin.java:61)
	at jdk.proxy2/jdk.proxy2.$Proxy133.update(Unknown Source)
	at org.apache.ibatis.executor.SimpleExecutor.doUpdate(SimpleExecutor.java:50)
	at org.apache.ibatis.executor.BaseExecutor.update(BaseExecutor.java:117)
	at org.apache.ibatis.executor.CachingExecutor.update(CachingExecutor.java:76)
	at java.base/jdk.internal.reflect.NativeMethodAccessorImpl.invoke0(Native Method)
	at java.base/jdk.internal.reflect.NativeMethodAccessorImpl.invoke(NativeMethodAccessorImpl.java:77)
	at java.base/jdk.internal.reflect.DelegatingMethodAccessorImpl.invoke(DelegatingMethodAccessorImpl.java:43)
	at java.base/java.lang.reflect.Method.invoke(Method.java:568)
	at org.apache.ibatis.plugin.Invocation.proceed(Invocation.java:49)
	at com.baomidou.mybatisplus.extension.plugins.MybatisPlusInterceptor.intercept(MybatisPlusInterceptor.java:106)
	at org.apache.ibatis.plugin.Plugin.invoke(Plugin.java:59)
	at jdk.proxy2/jdk.proxy2.$Proxy132.update(Unknown Source)
	at org.apache.ibatis.session.defaults.DefaultSqlSession.update(DefaultSqlSession.java:197)
	at org.apache.ibatis.session.defaults.DefaultSqlSession.insert(DefaultSqlSession.java:184)
	at java.base/jdk.internal.reflect.NativeMethodAccessorImpl.invoke0(Native Method)
	at java.base/jdk.internal.reflect.NativeMethodAccessorImpl.invoke(NativeMethodAccessorImpl.java:77)
	at java.base/jdk.internal.reflect.DelegatingMethodAccessorImpl.invoke(DelegatingMethodAccessorImpl.java:43)
	at java.base/java.lang.reflect.Method.invoke(Method.java:568)
	at org.mybatis.spring.SqlSessionTemplate$SqlSessionInterceptor.invoke(SqlSessionTemplate.java:425)
	... 136 common frames omitted
2026-08-07 19:59:50.102 [http-nio-8080-exec-2] DEBUG o.s.security.web.FilterChainProxy - Securing POST /roles
2026-08-07 19:59:50.104 [http-nio-8080-exec-2] DEBUG c.p.mapper.SysUserMapper.selectList - ==>  Preparing: SELECT id,username,password,nickname,email,phone,status,create_time,update_time,version FROM sys_user WHERE (username = ?)
2026-08-07 19:59:50.104 [http-nio-8080-exec-2] DEBUG c.p.mapper.SysUserMapper.selectList - ==> Parameters: admin(String)
2026-08-07 19:59:50.104 [http-nio-8080-exec-2] DEBUG c.p.mapper.SysUserMapper.selectList - <==      Total: 1
2026-08-07 19:59:50.104 [http-nio-8080-exec-2] DEBUG c.p.m.SysUserRoleMapper.selectList - ==>  Preparing: SELECT id,user_id,role_id FROM sys_user_role WHERE (user_id = ?)
2026-08-07 19:59:50.104 [http-nio-8080-exec-2] DEBUG c.p.m.SysUserRoleMapper.selectList - ==> Parameters: 1(Long)
2026-08-07 19:59:50.104 [http-nio-8080-exec-2] DEBUG c.p.m.SysUserRoleMapper.selectList - <==      Total: 1
2026-08-07 19:59:50.104 [http-nio-8080-exec-2] DEBUG c.p.mapper.SysRoleMapper.selectById - ==>  Preparing: SELECT id,name,code,description,status,create_time,update_time,version FROM sys_role WHERE id=?
2026-08-07 19:59:50.104 [http-nio-8080-exec-2] DEBUG c.p.mapper.SysRoleMapper.selectById - ==> Parameters: 1(Long)
2026-08-07 19:59:50.104 [http-nio-8080-exec-2] DEBUG c.p.mapper.SysRoleMapper.selectById - <==      Total: 1
2026-08-07 19:59:50.104 [http-nio-8080-exec-2] DEBUG c.p.m.S.selectMenuByRoleId - ==>  Preparing: SELECT m.* FROM sys_menu m INNER JOIN sys_role_menu rm ON m.id = rm.menu_id WHERE rm.role_id = ?
2026-08-07 19:59:50.104 [http-nio-8080-exec-2] DEBUG c.p.m.S.selectMenuByRoleId - ==> Parameters: 1(Long)
2026-08-07 19:59:50.110 [http-nio-8080-exec-2] DEBUG c.p.m.S.selectMenuByRoleId - <==      Total: 21
2026-08-07 19:59:50.110 [http-nio-8080-exec-2] DEBUG o.s.security.web.FilterChainProxy - Secured POST /roles
2026-08-07 19:59:50.112 [http-nio-8080-exec-2] DEBUG c.p.mapper.SysRoleMapper.selectCount - ==>  Preparing: SELECT COUNT( * ) AS total FROM sys_role WHERE (code = ?)
2026-08-07 19:59:50.112 [http-nio-8080-exec-2] DEBUG c.p.mapper.SysRoleMapper.selectCount - ==> Parameters: test_role(String)
2026-08-07 19:59:50.112 [http-nio-8080-exec-2] DEBUG c.p.mapper.SysRoleMapper.selectCount - <==      Total: 1
2026-08-07 19:59:50.114 [http-nio-8080-exec-2] DEBUG com.pes.mapper.SysRoleMapper.insert - ==>  Preparing: INSERT INTO sys_role ( name, code, description, status, create_time, update_time ) VALUES ( ?, ?, ?, ?, ?, ? )
2026-08-07 19:59:50.114 [http-nio-8080-exec-2] DEBUG com.pes.mapper.SysRoleMapper.insert - ==> Parameters: 测试角色(String), test_role(String), 这是一个测试角色(String), 1(Integer), 2026-08-07T19:59:50.114719200(LocalDateTime), 2026-08-07T19:59:50.114719200(LocalDateTime)
2026-08-07 19:59:50.114 [http-nio-8080-exec-2] DEBUG com.pes.mapper.SysRoleMapper.insert - <==    Updates: 1
2026-08-07 20:00:13.607 [http-nio-8080-exec-3] DEBUG o.s.security.web.FilterChainProxy - Securing GET /roles
2026-08-07 20:00:13.609 [http-nio-8080-exec-3] DEBUG c.p.mapper.SysUserMapper.selectList - ==>  Preparing: SELECT id,username,password,nickname,email,phone,status,create_time,update_time,version FROM sys_user WHERE (username = ?)
2026-08-07 20:00:13.609 [http-nio-8080-exec-3] DEBUG c.p.mapper.SysUserMapper.selectList - ==> Parameters: admin(String)
2026-08-07 20:00:13.611 [http-nio-8080-exec-3] DEBUG c.p.mapper.SysUserMapper.selectList - <==      Total: 1
2026-08-07 20:00:13.612 [http-nio-8080-exec-3] DEBUG c.p.m.SysUserRoleMapper.selectList - ==>  Preparing: SELECT id,user_id,role_id FROM sys_user_role WHERE (user_id = ?)
2026-08-07 20:00:13.612 [http-nio-8080-exec-3] DEBUG c.p.m.SysUserRoleMapper.selectList - ==> Parameters: 1(Long)
2026-08-07 20:00:13.612 [http-nio-8080-exec-3] DEBUG c.p.m.SysUserRoleMapper.selectList - <==      Total: 1
2026-08-07 20:00:13.614 [http-nio-8080-exec-3] DEBUG c.p.mapper.SysRoleMapper.selectById - ==>  Preparing: SELECT id,name,code,description,status,create_time,update_time,version FROM sys_role WHERE id=?
2026-08-07 20:00:13.614 [http-nio-8080-exec-3] DEBUG c.p.mapper.SysRoleMapper.selectById - ==> Parameters: 1(Long)
2026-08-07 20:00:13.614 [http-nio-8080-exec-3] DEBUG c.p.mapper.SysRoleMapper.selectById - <==      Total: 1
2026-08-07 20:00:13.614 [http-nio-8080-exec-3] DEBUG c.p.m.S.selectMenuByRoleId - ==>  Preparing: SELECT m.* FROM sys_menu m INNER JOIN sys_role_menu rm ON m.id = rm.menu_id WHERE rm.role_id = ?
2026-08-07 20:00:13.614 [http-nio-8080-exec-3] DEBUG c.p.m.S.selectMenuByRoleId - ==> Parameters: 1(Long)
2026-08-07 20:00:13.614 [http-nio-8080-exec-3] DEBUG c.p.m.S.selectMenuByRoleId - <==      Total: 21
2026-08-07 20:00:13.617 [http-nio-8080-exec-3] DEBUG o.s.security.web.FilterChainProxy - Secured GET /roles
2026-08-07 20:00:13.617 [http-nio-8080-exec-3] DEBUG c.p.mapper.SysRoleMapper.selectList - ==>  Preparing: SELECT id,name,code,description,status,create_time,update_time,version FROM sys_role ORDER BY id ASC
2026-08-07 20:00:13.617 [http-nio-8080-exec-3] DEBUG c.p.mapper.SysRoleMapper.selectList - ==> Parameters: 
2026-08-07 20:00:13.617 [http-nio-8080-exec-3] DEBUG c.p.mapper.SysRoleMapper.selectList - <==      Total: 6
2026-08-07 20:00:56.274 [http-nio-8080-exec-5] DEBUG o.s.security.web.FilterChainProxy - Securing PUT /roles/6
2026-08-07 20:00:56.274 [http-nio-8080-exec-5] DEBUG c.p.mapper.SysUserMapper.selectList - ==>  Preparing: SELECT id,username,password,nickname,email,phone,status,create_time,update_time,version FROM sys_user WHERE (username = ?)
2026-08-07 20:00:56.274 [http-nio-8080-exec-5] DEBUG c.p.mapper.SysUserMapper.selectList - ==> Parameters: admin(String)
2026-08-07 20:00:56.274 [http-nio-8080-exec-5] DEBUG c.p.mapper.SysUserMapper.selectList - <==      Total: 1
2026-08-07 20:00:56.274 [http-nio-8080-exec-5] DEBUG c.p.m.SysUserRoleMapper.selectList - ==>  Preparing: SELECT id,user_id,role_id FROM sys_user_role WHERE (user_id = ?)
2026-08-07 20:00:56.274 [http-nio-8080-exec-5] DEBUG c.p.m.SysUserRoleMapper.selectList - ==> Parameters: 1(Long)
2026-08-07 20:00:56.274 [http-nio-8080-exec-5] DEBUG c.p.m.SysUserRoleMapper.selectList - <==      Total: 1
2026-08-07 20:00:56.274 [http-nio-8080-exec-5] DEBUG c.p.mapper.SysRoleMapper.selectById - ==>  Preparing: SELECT id,name,code,description,status,create_time,update_time,version FROM sys_role WHERE id=?
2026-08-07 20:00:56.274 [http-nio-8080-exec-5] DEBUG c.p.mapper.SysRoleMapper.selectById - ==> Parameters: 1(Long)
2026-08-07 20:00:56.274 [http-nio-8080-exec-5] DEBUG c.p.mapper.SysRoleMapper.selectById - <==      Total: 1
2026-08-07 20:00:56.274 [http-nio-8080-exec-5] DEBUG c.p.m.S.selectMenuByRoleId - ==>  Preparing: SELECT m.* FROM sys_menu m INNER JOIN sys_role_menu rm ON m.id = rm.menu_id WHERE rm.role_id = ?
2026-08-07 20:00:56.274 [http-nio-8080-exec-5] DEBUG c.p.m.S.selectMenuByRoleId - ==> Parameters: 1(Long)
2026-08-07 20:00:56.274 [http-nio-8080-exec-5] DEBUG c.p.m.S.selectMenuByRoleId - <==      Total: 21
2026-08-07 20:00:56.274 [http-nio-8080-exec-5] DEBUG o.s.security.web.FilterChainProxy - Secured PUT /roles/6
2026-08-07 20:00:56.284 [http-nio-8080-exec-5] DEBUG c.p.mapper.SysRoleMapper.selectById - ==>  Preparing: SELECT id,name,code,description,status,create_time,update_time,version FROM sys_role WHERE id=?
2026-08-07 20:00:56.284 [http-nio-8080-exec-5] DEBUG c.p.mapper.SysRoleMapper.selectById - ==> Parameters: 6(Long)
2026-08-07 20:00:56.284 [http-nio-8080-exec-5] DEBUG c.p.mapper.SysRoleMapper.selectById - <==      Total: 1
2026-08-07 20:00:56.284 [http-nio-8080-exec-5] DEBUG c.p.mapper.SysRoleMapper.selectCount - ==>  Preparing: SELECT COUNT( * ) AS total FROM sys_role WHERE (code = ? AND id <> ?)
2026-08-07 20:00:56.284 [http-nio-8080-exec-5] DEBUG c.p.mapper.SysRoleMapper.selectCount - ==> Parameters: null, 6(Long)
2026-08-07 20:00:56.284 [http-nio-8080-exec-5] DEBUG c.p.mapper.SysRoleMapper.selectCount - <==      Total: 1
2026-08-07 20:00:56.284 [http-nio-8080-exec-5] DEBUG c.p.mapper.SysRoleMapper.updateById - ==>  Preparing: UPDATE sys_role SET description=?, status=?, update_time=? WHERE id=?
2026-08-07 20:00:56.284 [http-nio-8080-exec-5] DEBUG c.p.mapper.SysRoleMapper.updateById - ==> Parameters: 修改后的描述(String), 1(Integer), 2026-08-07T20:00:56.284242100(LocalDateTime), 6(Long)
2026-08-07 20:00:56.290 [http-nio-8080-exec-5] DEBUG c.p.mapper.SysRoleMapper.updateById - <==    Updates: 1
2026-08-07 20:01:37.234 [http-nio-8080-exec-4] DEBUG o.s.security.web.FilterChainProxy - Securing DELETE /roles/6
2026-08-07 20:01:37.234 [http-nio-8080-exec-4] DEBUG c.p.mapper.SysUserMapper.selectList - ==>  Preparing: SELECT id,username,password,nickname,email,phone,status,create_time,update_time,version FROM sys_user WHERE (username = ?)
2026-08-07 20:01:37.234 [http-nio-8080-exec-4] DEBUG c.p.mapper.SysUserMapper.selectList - ==> Parameters: admin(String)
2026-08-07 20:01:37.234 [http-nio-8080-exec-4] DEBUG c.p.mapper.SysUserMapper.selectList - <==      Total: 1
2026-08-07 20:01:37.234 [http-nio-8080-exec-4] DEBUG c.p.m.SysUserRoleMapper.selectList - ==>  Preparing: SELECT id,user_id,role_id FROM sys_user_role WHERE (user_id = ?)
2026-08-07 20:01:37.234 [http-nio-8080-exec-4] DEBUG c.p.m.SysUserRoleMapper.selectList - ==> Parameters: 1(Long)
2026-08-07 20:01:37.234 [http-nio-8080-exec-4] DEBUG c.p.m.SysUserRoleMapper.selectList - <==      Total: 1
2026-08-07 20:01:37.234 [http-nio-8080-exec-4] DEBUG c.p.mapper.SysRoleMapper.selectById - ==>  Preparing: SELECT id,name,code,description,status,create_time,update_time,version FROM sys_role WHERE id=?
2026-08-07 20:01:37.234 [http-nio-8080-exec-4] DEBUG c.p.mapper.SysRoleMapper.selectById - ==> Parameters: 1(Long)
2026-08-07 20:01:37.239 [http-nio-8080-exec-4] DEBUG c.p.mapper.SysRoleMapper.selectById - <==      Total: 1
2026-08-07 20:01:37.239 [http-nio-8080-exec-4] DEBUG c.p.m.S.selectMenuByRoleId - ==>  Preparing: SELECT m.* FROM sys_menu m INNER JOIN sys_role_menu rm ON m.id = rm.menu_id WHERE rm.role_id = ?
2026-08-07 20:01:37.239 [http-nio-8080-exec-4] DEBUG c.p.m.S.selectMenuByRoleId - ==> Parameters: 1(Long)
2026-08-07 20:01:37.239 [http-nio-8080-exec-4] DEBUG c.p.m.S.selectMenuByRoleId - <==      Total: 21
2026-08-07 20:01:37.241 [http-nio-8080-exec-4] DEBUG o.s.security.web.FilterChainProxy - Secured DELETE /roles/6
2026-08-07 20:01:37.241 [http-nio-8080-exec-4] DEBUG c.p.mapper.SysRoleMapper.selectById - ==>  Preparing: SELECT id,name,code,description,status,create_time,update_time,version FROM sys_role WHERE id=?
2026-08-07 20:01:37.241 [http-nio-8080-exec-4] DEBUG c.p.mapper.SysRoleMapper.selectById - ==> Parameters: 6(Long)
2026-08-07 20:01:37.241 [http-nio-8080-exec-4] DEBUG c.p.mapper.SysRoleMapper.selectById - <==      Total: 1
2026-08-07 20:01:37.241 [http-nio-8080-exec-4] DEBUG c.p.mapper.SysRoleMapper.deleteById - ==>  Preparing: DELETE FROM sys_role WHERE id=?
2026-08-07 20:01:37.241 [http-nio-8080-exec-4] DEBUG c.p.mapper.SysRoleMapper.deleteById - ==> Parameters: 6(Long)
2026-08-07 20:01:37.241 [http-nio-8080-exec-4] DEBUG c.p.mapper.SysRoleMapper.deleteById - <==    Updates: 1
2026-08-07 20:01:37.246 [http-nio-8080-exec-4] DEBUG c.p.mapper.SysRoleMenuMapper.delete - ==>  Preparing: DELETE FROM sys_role_menu WHERE (role_id = ?)
2026-08-07 20:01:37.246 [http-nio-8080-exec-4] DEBUG c.p.mapper.SysRoleMenuMapper.delete - ==> Parameters: 6(Long)
2026-08-07 20:01:37.246 [http-nio-8080-exec-4] DEBUG c.p.mapper.SysRoleMenuMapper.delete - <==    Updates: 0
2026-08-07 20:03:00.923 [http-nio-8080-exec-8] DEBUG o.s.security.web.FilterChainProxy - Securing POST /roles/5/assign
2026-08-07 20:03:00.923 [http-nio-8080-exec-8] DEBUG c.p.mapper.SysUserMapper.selectList - ==>  Preparing: SELECT id,username,password,nickname,email,phone,status,create_time,update_time,version FROM sys_user WHERE (username = ?)
2026-08-07 20:03:00.923 [http-nio-8080-exec-8] DEBUG c.p.mapper.SysUserMapper.selectList - ==> Parameters: admin(String)
2026-08-07 20:03:00.923 [http-nio-8080-exec-8] DEBUG c.p.mapper.SysUserMapper.selectList - <==      Total: 1
2026-08-07 20:03:00.923 [http-nio-8080-exec-8] DEBUG c.p.m.SysUserRoleMapper.selectList - ==>  Preparing: SELECT id,user_id,role_id FROM sys_user_role WHERE (user_id = ?)
2026-08-07 20:03:00.923 [http-nio-8080-exec-8] DEBUG c.p.m.SysUserRoleMapper.selectList - ==> Parameters: 1(Long)
2026-08-07 20:03:00.923 [http-nio-8080-exec-8] DEBUG c.p.m.SysUserRoleMapper.selectList - <==      Total: 1
2026-08-07 20:03:00.923 [http-nio-8080-exec-8] DEBUG c.p.mapper.SysRoleMapper.selectById - ==>  Preparing: SELECT id,name,code,description,status,create_time,update_time,version FROM sys_role WHERE id=?
2026-08-07 20:03:00.923 [http-nio-8080-exec-8] DEBUG c.p.mapper.SysRoleMapper.selectById - ==> Parameters: 1(Long)
2026-08-07 20:03:00.923 [http-nio-8080-exec-8] DEBUG c.p.mapper.SysRoleMapper.selectById - <==      Total: 1
2026-08-07 20:03:00.923 [http-nio-8080-exec-8] DEBUG c.p.m.S.selectMenuByRoleId - ==>  Preparing: SELECT m.* FROM sys_menu m INNER JOIN sys_role_menu rm ON m.id = rm.menu_id WHERE rm.role_id = ?
2026-08-07 20:03:00.923 [http-nio-8080-exec-8] DEBUG c.p.m.S.selectMenuByRoleId - ==> Parameters: 1(Long)
2026-08-07 20:03:00.923 [http-nio-8080-exec-8] DEBUG c.p.m.S.selectMenuByRoleId - <==      Total: 21
2026-08-07 20:03:00.923 [http-nio-8080-exec-8] DEBUG o.s.security.web.FilterChainProxy - Secured POST /roles/5/assign
2026-08-07 20:03:00.933 [http-nio-8080-exec-8] WARN  c.p.exception.GlobalExceptionHandler - [权限不足] POST /roles/5/assign — 权限不足
2026-08-07 20:06:48.682 [SpringApplicationShutdownHook] INFO  com.zaxxer.hikari.HikariDataSource - HikariPool-1 - Shutdown initiated...
2026-08-07 20:06:48.684 [SpringApplicationShutdownHook] INFO  com.zaxxer.hikari.HikariDataSource - HikariPool-1 - Shutdown completed.
2026-08-07 20:06:51.229 [background-preinit] INFO  o.h.validator.internal.util.Version - HV000001: Hibernate Validator 8.0.1.Final
2026-08-07 20:06:51.261 [main] INFO  com.pes.PesApplication - Starting PesApplication using Java 17.0.12 with PID 30888 (E:\PES\pes-java\target\classes started by ASUS in E:\PES)
2026-08-07 20:06:51.261 [main] DEBUG com.pes.PesApplication - Running with Spring Boot v3.2.0, Spring v6.1.1
2026-08-07 20:06:51.262 [main] INFO  com.pes.PesApplication - The following 1 profile is active: "dev"
2026-08-07 20:06:51.802 [main] INFO  o.s.d.r.c.RepositoryConfigurationDelegate - Multiple Spring Data modules found, entering strict repository configuration mode
2026-08-07 20:06:51.803 [main] INFO  o.s.d.r.c.RepositoryConfigurationDelegate - Bootstrapping Spring Data Redis repositories in DEFAULT mode.
2026-08-07 20:06:51.829 [main] INFO  o.s.d.r.c.RepositoryConfigurationDelegate - Finished Spring Data repository scanning in 15 ms. Found 0 Redis repository interfaces.
2026-08-07 20:06:52.403 [main] INFO  o.s.b.w.e.tomcat.TomcatWebServer - Tomcat initialized with port 8080 (http)
2026-08-07 20:06:52.410 [main] INFO  o.a.coyote.http11.Http11NioProtocol - Initializing ProtocolHandler ["http-nio-8080"]
2026-08-07 20:06:52.411 [main] INFO  o.a.catalina.core.StandardService - Starting service [Tomcat]
2026-08-07 20:06:52.411 [main] INFO  o.a.catalina.core.StandardEngine - Starting Servlet engine: [Apache Tomcat/10.1.16]
2026-08-07 20:06:52.466 [main] INFO  o.a.c.c.C.[Tomcat].[localhost].[/] - Initializing Spring embedded WebApplicationContext
2026-08-07 20:06:52.467 [main] INFO  o.s.b.w.s.c.ServletWebServerApplicationContext - Root WebApplicationContext: initialization completed in 1172 ms
2026-08-07 20:06:52.602 [main] INFO  com.zaxxer.hikari.HikariDataSource - HikariPool-1 - Starting...
2026-08-07 20:06:52.902 [main] INFO  com.zaxxer.hikari.pool.HikariPool - HikariPool-1 - Added connection com.mysql.cj.jdbc.ConnectionImpl@4e8d9bb6
2026-08-07 20:06:52.905 [main] INFO  com.zaxxer.hikari.HikariDataSource - HikariPool-1 - Start completed.
2026-08-07 20:06:53.185 [main] DEBUG c.p.s.filter.JwtAuthenticationFilter - Filter 'jwtAuthenticationFilter' configured for use
2026-08-07 20:06:53.783 [main] INFO  com.pes.utils.RedisUtils - Redis 连接成功
2026-08-07 20:06:54.123 [main] INFO  o.s.s.web.DefaultSecurityFilterChain - Will secure any request with [org.springframework.security.web.session.DisableEncodeUrlFilter@20a46227, org.springframework.security.web.context.request.async.WebAsyncManagerIntegrationFilter@669469c9, org.springframework.security.web.context.SecurityContextHolderFilter@3f2169e9, org.springframework.security.web.header.HeaderWriterFilter@54f4734e, org.springframework.web.filter.CorsFilter@54234569, com.pes.security.filter.JwtAuthenticationFilter@4c8d45cf, org.springframework.security.web.savedrequest.RequestCacheAwareFilter@2b9615cb, org.springframework.security.web.servletapi.SecurityContextHolderAwareRequestFilter@1aea759d, org.springframework.security.web.authentication.AnonymousAuthenticationFilter@7f39ad3f, org.springframework.security.web.session.SessionManagementFilter@5ab06829, org.springframework.security.web.access.ExceptionTranslationFilter@2a317af7, org.springframework.security.web.access.intercept.AuthorizationFilter@8d23cd8]
2026-08-07 20:06:54.369 [main] INFO  o.a.coyote.http11.Http11NioProtocol - Starting ProtocolHandler ["http-nio-8080"]
2026-08-07 20:06:54.380 [main] INFO  o.s.b.w.e.tomcat.TomcatWebServer - Tomcat started on port 8080 (http) with context path ''
2026-08-07 20:06:54.385 [main] INFO  com.pes.PesApplication - Started PesApplication in 3.603 seconds (process running for 4.291)
2026-08-07 20:06:58.708 [http-nio-8080-exec-3] INFO  o.a.c.c.C.[Tomcat].[localhost].[/] - Initializing Spring DispatcherServlet 'dispatcherServlet'
2026-08-07 20:06:58.708 [http-nio-8080-exec-3] INFO  o.s.web.servlet.DispatcherServlet - Initializing Servlet 'dispatcherServlet'
2026-08-07 20:06:58.708 [http-nio-8080-exec-3] INFO  o.s.web.servlet.DispatcherServlet - Completed initialization in 0 ms
2026-08-07 20:06:58.719 [http-nio-8080-exec-3] DEBUG o.s.security.web.FilterChainProxy - Securing POST /roles/5/assign
2026-08-07 20:06:58.853 [http-nio-8080-exec-3] DEBUG c.p.mapper.SysUserMapper.selectList - ==>  Preparing: SELECT id,username,password,nickname,email,phone,status,create_time,update_time,version FROM sys_user WHERE (username = ?)
2026-08-07 20:06:58.870 [http-nio-8080-exec-3] DEBUG c.p.mapper.SysUserMapper.selectList - ==> Parameters: admin(String)
2026-08-07 20:06:58.886 [http-nio-8080-exec-3] DEBUG c.p.mapper.SysUserMapper.selectList - <==      Total: 1
2026-08-07 20:06:58.891 [http-nio-8080-exec-3] DEBUG c.p.m.SysUserRoleMapper.selectList - ==>  Preparing: SELECT id,user_id,role_id FROM sys_user_role WHERE (user_id = ?)
2026-08-07 20:06:58.891 [http-nio-8080-exec-3] DEBUG c.p.m.SysUserRoleMapper.selectList - ==> Parameters: 1(Long)
2026-08-07 20:06:58.891 [http-nio-8080-exec-3] DEBUG c.p.m.SysUserRoleMapper.selectList - <==      Total: 1
2026-08-07 20:06:58.891 [http-nio-8080-exec-3] DEBUG c.p.mapper.SysRoleMapper.selectById - ==>  Preparing: SELECT id,name,code,description,status,create_time,update_time,version FROM sys_role WHERE id=?
2026-08-07 20:06:58.891 [http-nio-8080-exec-3] DEBUG c.p.mapper.SysRoleMapper.selectById - ==> Parameters: 1(Long)
2026-08-07 20:06:58.891 [http-nio-8080-exec-3] DEBUG c.p.mapper.SysRoleMapper.selectById - <==      Total: 1
2026-08-07 20:06:58.891 [http-nio-8080-exec-3] DEBUG c.p.m.S.selectMenuByRoleId - ==>  Preparing: SELECT m.* FROM sys_menu m INNER JOIN sys_role_menu rm ON m.id = rm.menu_id WHERE rm.role_id = ?
2026-08-07 20:06:58.891 [http-nio-8080-exec-3] DEBUG c.p.m.S.selectMenuByRoleId - ==> Parameters: 1(Long)
2026-08-07 20:06:58.896 [http-nio-8080-exec-3] DEBUG c.p.m.S.selectMenuByRoleId - <==      Total: 0
2026-08-07 20:06:58.909 [http-nio-8080-exec-3] DEBUG o.s.security.web.FilterChainProxy - Secured POST /roles/5/assign
2026-08-07 20:06:58.967 [http-nio-8080-exec-3] WARN  c.p.exception.GlobalExceptionHandler - [权限不足] POST /roles/5/assign — 权限不足
2026-08-07 20:09:41.326 [SpringApplicationShutdownHook] INFO  com.zaxxer.hikari.HikariDataSource - HikariPool-1 - Shutdown initiated...
2026-08-07 20:09:41.330 [SpringApplicationShutdownHook] INFO  com.zaxxer.hikari.HikariDataSource - HikariPool-1 - Shutdown completed.
2026-08-07 20:09:43.430 [background-preinit] INFO  o.h.validator.internal.util.Version - HV000001: Hibernate Validator 8.0.1.Final
2026-08-07 20:09:43.459 [main] INFO  com.pes.PesApplication - Starting PesApplication using Java 17.0.12 with PID 27948 (E:\PES\pes-java\target\classes started by ASUS in E:\PES)
2026-08-07 20:09:43.459 [main] DEBUG com.pes.PesApplication - Running with Spring Boot v3.2.0, Spring v6.1.1
2026-08-07 20:09:43.460 [main] INFO  com.pes.PesApplication - The following 1 profile is active: "dev"
2026-08-07 20:09:43.991 [main] INFO  o.s.d.r.c.RepositoryConfigurationDelegate - Multiple Spring Data modules found, entering strict repository configuration mode
2026-08-07 20:09:43.992 [main] INFO  o.s.d.r.c.RepositoryConfigurationDelegate - Bootstrapping Spring Data Redis repositories in DEFAULT mode.
2026-08-07 20:09:44.018 [main] INFO  o.s.d.r.c.RepositoryConfigurationDelegate - Finished Spring Data repository scanning in 16 ms. Found 0 Redis repository interfaces.
2026-08-07 20:09:44.620 [main] INFO  o.s.b.w.e.tomcat.TomcatWebServer - Tomcat initialized with port 8080 (http)
2026-08-07 20:09:44.630 [main] INFO  o.a.coyote.http11.Http11NioProtocol - Initializing ProtocolHandler ["http-nio-8080"]
2026-08-07 20:09:44.632 [main] INFO  o.a.catalina.core.StandardService - Starting service [Tomcat]
2026-08-07 20:09:44.632 [main] INFO  o.a.catalina.core.StandardEngine - Starting Servlet engine: [Apache Tomcat/10.1.16]
2026-08-07 20:09:44.687 [main] INFO  o.a.c.c.C.[Tomcat].[localhost].[/] - Initializing Spring embedded WebApplicationContext
2026-08-07 20:09:44.688 [main] INFO  o.s.b.w.s.c.ServletWebServerApplicationContext - Root WebApplicationContext: initialization completed in 1196 ms
2026-08-07 20:09:44.824 [main] INFO  com.zaxxer.hikari.HikariDataSource - HikariPool-1 - Starting...
2026-08-07 20:09:45.036 [main] INFO  com.zaxxer.hikari.pool.HikariPool - HikariPool-1 - Added connection com.mysql.cj.jdbc.ConnectionImpl@550fa96f
2026-08-07 20:09:45.037 [main] INFO  com.zaxxer.hikari.HikariDataSource - HikariPool-1 - Start completed.
2026-08-07 20:09:45.265 [main] DEBUG c.p.s.filter.JwtAuthenticationFilter - Filter 'jwtAuthenticationFilter' configured for use
2026-08-07 20:09:45.824 [main] INFO  com.pes.utils.RedisUtils - Redis 连接成功
2026-08-07 20:09:46.162 [main] INFO  o.s.s.web.DefaultSecurityFilterChain - Will secure any request with [org.springframework.security.web.session.DisableEncodeUrlFilter@1edf52e6, org.springframework.security.web.context.request.async.WebAsyncManagerIntegrationFilter@5ab06829, org.springframework.security.web.context.SecurityContextHolderFilter@7b38db21, org.springframework.security.web.header.HeaderWriterFilter@76c85485, org.springframework.web.filter.CorsFilter@50f3ba6a, com.pes.security.filter.JwtAuthenticationFilter@7742a276, org.springframework.security.web.savedrequest.RequestCacheAwareFilter@6a26eee6, org.springframework.security.web.servletapi.SecurityContextHolderAwareRequestFilter@4be1c797, org.springframework.security.web.authentication.AnonymousAuthenticationFilter@6075a4ea, org.springframework.security.web.session.SessionManagementFilter@26c1244c, org.springframework.security.web.access.ExceptionTranslationFilter@c247b02, org.springframework.security.web.access.intercept.AuthorizationFilter@6cfac0bd]
2026-08-07 20:09:46.406 [main] INFO  o.a.coyote.http11.Http11NioProtocol - Starting ProtocolHandler ["http-nio-8080"]
2026-08-07 20:09:46.417 [main] INFO  o.s.b.w.e.tomcat.TomcatWebServer - Tomcat started on port 8080 (http) with context path ''
2026-08-07 20:09:46.422 [main] INFO  com.pes.PesApplication - Started PesApplication in 3.365 seconds (process running for 3.955)
2026-08-07 20:10:35.449 [SpringApplicationShutdownHook] INFO  com.zaxxer.hikari.HikariDataSource - HikariPool-1 - Shutdown initiated...
2026-08-07 20:10:35.453 [SpringApplicationShutdownHook] INFO  com.zaxxer.hikari.HikariDataSource - HikariPool-1 - Shutdown completed.
2026-08-07 20:11:06.077 [background-preinit] INFO  o.h.validator.internal.util.Version - HV000001: Hibernate Validator 8.0.1.Final
2026-08-07 20:11:06.109 [main] INFO  com.pes.PesApplication - Starting PesApplication using Java 17.0.12 with PID 1620 (E:\PES\pes-java\target\classes started by ASUS in E:\PES)
2026-08-07 20:11:06.110 [main] DEBUG com.pes.PesApplication - Running with Spring Boot v3.2.0, Spring v6.1.1
2026-08-07 20:11:06.110 [main] INFO  com.pes.PesApplication - The following 1 profile is active: "dev"
2026-08-07 20:11:06.717 [main] INFO  o.s.d.r.c.RepositoryConfigurationDelegate - Multiple Spring Data modules found, entering strict repository configuration mode
2026-08-07 20:11:06.719 [main] INFO  o.s.d.r.c.RepositoryConfigurationDelegate - Bootstrapping Spring Data Redis repositories in DEFAULT mode.
2026-08-07 20:11:06.750 [main] INFO  o.s.d.r.c.RepositoryConfigurationDelegate - Finished Spring Data repository scanning in 19 ms. Found 0 Redis repository interfaces.
2026-08-07 20:11:07.358 [main] INFO  o.s.b.w.e.tomcat.TomcatWebServer - Tomcat initialized with port 8080 (http)
2026-08-07 20:11:07.364 [main] INFO  o.a.coyote.http11.Http11NioProtocol - Initializing ProtocolHandler ["http-nio-8080"]
2026-08-07 20:11:07.365 [main] INFO  o.a.catalina.core.StandardService - Starting service [Tomcat]
2026-08-07 20:11:07.365 [main] INFO  o.a.catalina.core.StandardEngine - Starting Servlet engine: [Apache Tomcat/10.1.16]
2026-08-07 20:11:07.413 [main] INFO  o.a.c.c.C.[Tomcat].[localhost].[/] - Initializing Spring embedded WebApplicationContext
2026-08-07 20:11:07.413 [main] INFO  o.s.b.w.s.c.ServletWebServerApplicationContext - Root WebApplicationContext: initialization completed in 1270 ms
2026-08-07 20:11:07.539 [main] INFO  com.zaxxer.hikari.HikariDataSource - HikariPool-1 - Starting...
2026-08-07 20:11:07.760 [main] INFO  com.zaxxer.hikari.pool.HikariPool - HikariPool-1 - Added connection com.mysql.cj.jdbc.ConnectionImpl@778113f2
2026-08-07 20:11:07.762 [main] INFO  com.zaxxer.hikari.HikariDataSource - HikariPool-1 - Start completed.
2026-08-07 20:11:08.000 [main] DEBUG c.p.s.filter.JwtAuthenticationFilter - Filter 'jwtAuthenticationFilter' configured for use
2026-08-07 20:11:08.567 [main] INFO  com.pes.utils.RedisUtils - Redis 连接成功
2026-08-07 20:11:08.923 [main] INFO  o.s.s.web.DefaultSecurityFilterChain - Will secure any request with [org.springframework.security.web.session.DisableEncodeUrlFilter@6e149395, org.springframework.security.web.context.request.async.WebAsyncManagerIntegrationFilter@19bbb216, org.springframework.security.web.context.SecurityContextHolderFilter@2dbf8cfc, org.springframework.security.web.header.HeaderWriterFilter@ecfff32, org.springframework.web.filter.CorsFilter@2e426dd2, com.pes.security.filter.JwtAuthenticationFilter@65d90b7f, org.springframework.security.web.savedrequest.RequestCacheAwareFilter@e76134d, org.springframework.security.web.servletapi.SecurityContextHolderAwareRequestFilter@2a317af7, org.springframework.security.web.authentication.AnonymousAuthenticationFilter@6cfac0bd, org.springframework.security.web.session.SessionManagementFilter@127320df, org.springframework.security.web.access.ExceptionTranslationFilter@7f09ff10, org.springframework.security.web.access.intercept.AuthorizationFilter@25da1dc9]
2026-08-07 20:11:09.180 [main] INFO  o.a.coyote.http11.Http11NioProtocol - Starting ProtocolHandler ["http-nio-8080"]
2026-08-07 20:11:09.190 [main] INFO  o.s.b.w.e.tomcat.TomcatWebServer - Tomcat started on port 8080 (http) with context path ''
2026-08-07 20:11:09.196 [main] INFO  com.pes.PesApplication - Started PesApplication in 3.577 seconds (process running for 4.165)
2026-08-07 20:12:27.151 [http-nio-8080-exec-2] INFO  o.a.c.c.C.[Tomcat].[localhost].[/] - Initializing Spring DispatcherServlet 'dispatcherServlet'
2026-08-07 20:12:27.151 [http-nio-8080-exec-2] INFO  o.s.web.servlet.DispatcherServlet - Initializing Servlet 'dispatcherServlet'
2026-08-07 20:12:27.151 [http-nio-8080-exec-2] INFO  o.s.web.servlet.DispatcherServlet - Completed initialization in 0 ms
2026-08-07 20:12:27.161 [http-nio-8080-exec-2] DEBUG o.s.security.web.FilterChainProxy - Securing GET /captcha
2026-08-07 20:12:27.172 [http-nio-8080-exec-2] DEBUG o.s.s.w.a.AnonymousAuthenticationFilter - Set SecurityContextHolder to anonymous SecurityContext
2026-08-07 20:12:27.183 [http-nio-8080-exec-2] DEBUG o.s.security.web.FilterChainProxy - Secured GET /captcha
2026-08-07 20:13:19.312 [SpringApplicationShutdownHook] INFO  com.zaxxer.hikari.HikariDataSource - HikariPool-1 - Shutdown initiated...
2026-08-07 20:13:19.318 [SpringApplicationShutdownHook] INFO  com.zaxxer.hikari.HikariDataSource - HikariPool-1 - Shutdown completed.
2026-08-07 20:13:21.983 [background-preinit] INFO  o.h.validator.internal.util.Version - HV000001: Hibernate Validator 8.0.1.Final
2026-08-07 20:13:22.023 [main] INFO  com.pes.PesApplication - Starting PesApplication using Java 17.0.12 with PID 7748 (E:\PES\pes-java\target\classes started by ASUS in E:\PES)
2026-08-07 20:13:22.023 [main] DEBUG com.pes.PesApplication - Running with Spring Boot v3.2.0, Spring v6.1.1
2026-08-07 20:13:22.024 [main] INFO  com.pes.PesApplication - The following 1 profile is active: "dev"
2026-08-07 20:13:22.689 [main] INFO  o.s.d.r.c.RepositoryConfigurationDelegate - Multiple Spring Data modules found, entering strict repository configuration mode
2026-08-07 20:13:22.690 [main] INFO  o.s.d.r.c.RepositoryConfigurationDelegate - Bootstrapping Spring Data Redis repositories in DEFAULT mode.
2026-08-07 20:13:22.722 [main] INFO  o.s.d.r.c.RepositoryConfigurationDelegate - Finished Spring Data repository scanning in 19 ms. Found 0 Redis repository interfaces.
2026-08-07 20:13:23.345 [main] INFO  o.s.b.w.e.tomcat.TomcatWebServer - Tomcat initialized with port 8080 (http)
2026-08-07 20:13:23.353 [main] INFO  o.a.coyote.http11.Http11NioProtocol - Initializing ProtocolHandler ["http-nio-8080"]
2026-08-07 20:13:23.355 [main] INFO  o.a.catalina.core.StandardService - Starting service [Tomcat]
2026-08-07 20:13:23.355 [main] INFO  o.a.catalina.core.StandardEngine - Starting Servlet engine: [Apache Tomcat/10.1.16]
2026-08-07 20:13:23.412 [main] INFO  o.a.c.c.C.[Tomcat].[localhost].[/] - Initializing Spring embedded WebApplicationContext
2026-08-07 20:13:23.414 [main] INFO  o.s.b.w.s.c.ServletWebServerApplicationContext - Root WebApplicationContext: initialization completed in 1349 ms
2026-08-07 20:13:23.560 [main] INFO  com.zaxxer.hikari.HikariDataSource - HikariPool-1 - Starting...
2026-08-07 20:13:23.768 [main] INFO  com.zaxxer.hikari.pool.HikariPool - HikariPool-1 - Added connection com.mysql.cj.jdbc.ConnectionImpl@74bbc273
2026-08-07 20:13:23.770 [main] INFO  com.zaxxer.hikari.HikariDataSource - HikariPool-1 - Start completed.
2026-08-07 20:13:24.011 [main] DEBUG c.p.s.filter.JwtAuthenticationFilter - Filter 'jwtAuthenticationFilter' configured for use
2026-08-07 20:13:24.644 [main] INFO  com.pes.utils.RedisUtils - Redis 连接成功
2026-08-07 20:13:25.015 [main] INFO  o.s.s.web.DefaultSecurityFilterChain - Will secure any request with [org.springframework.security.web.session.DisableEncodeUrlFilter@6a26eee6, org.springframework.security.web.context.request.async.WebAsyncManagerIntegrationFilter@4be1c797, org.springframework.security.web.context.SecurityContextHolderFilter@2eafb4e7, org.springframework.security.web.header.HeaderWriterFilter@109188b4, org.springframework.web.filter.CorsFilter@4e5d5ac1, com.pes.security.filter.JwtAuthenticationFilter@3de88f64, org.springframework.security.web.savedrequest.RequestCacheAwareFilter@18d14de3, org.springframework.security.web.servletapi.SecurityContextHolderAwareRequestFilter@469bd719, org.springframework.security.web.authentication.AnonymousAuthenticationFilter@76bdfc19, org.springframework.security.web.session.SessionManagementFilter@4a7ac98b, org.springframework.security.web.access.ExceptionTranslationFilter@7983a5d5, org.springframework.security.web.access.intercept.AuthorizationFilter@7b38db21]
2026-08-07 20:13:25.269 [main] INFO  o.a.coyote.http11.Http11NioProtocol - Starting ProtocolHandler ["http-nio-8080"]
2026-08-07 20:13:25.284 [main] INFO  o.s.b.w.e.tomcat.TomcatWebServer - Tomcat started on port 8080 (http) with context path ''
2026-08-07 20:13:25.291 [main] INFO  com.pes.PesApplication - Started PesApplication in 3.893 seconds (process running for 4.713)
2026-08-07 20:18:07.004 [http-nio-8080-exec-1] INFO  o.a.c.c.C.[Tomcat].[localhost].[/] - Initializing Spring DispatcherServlet 'dispatcherServlet'
2026-08-07 20:18:07.004 [http-nio-8080-exec-1] INFO  o.s.web.servlet.DispatcherServlet - Initializing Servlet 'dispatcherServlet'
2026-08-07 20:18:07.005 [http-nio-8080-exec-1] INFO  o.s.web.servlet.DispatcherServlet - Completed initialization in 1 ms
2026-08-07 20:18:07.011 [http-nio-8080-exec-1] DEBUG o.s.security.web.FilterChainProxy - Securing GET /captcha
2026-08-07 20:18:07.017 [http-nio-8080-exec-1] DEBUG o.s.s.w.a.AnonymousAuthenticationFilter - Set SecurityContextHolder to anonymous SecurityContext
2026-08-07 20:18:07.025 [http-nio-8080-exec-1] DEBUG o.s.security.web.FilterChainProxy - Secured GET /captcha
2026-08-07 20:19:43.149 [SpringApplicationShutdownHook] INFO  com.zaxxer.hikari.HikariDataSource - HikariPool-1 - Shutdown initiated...
2026-08-07 20:19:43.154 [SpringApplicationShutdownHook] INFO  com.zaxxer.hikari.HikariDataSource - HikariPool-1 - Shutdown completed.
2026-08-07 20:19:45.340 [background-preinit] INFO  o.h.validator.internal.util.Version - HV000001: Hibernate Validator 8.0.1.Final
2026-08-07 20:19:45.373 [main] INFO  com.pes.PesApplication - Starting PesApplication using Java 17.0.12 with PID 29724 (E:\PES\pes-java\target\classes started by ASUS in E:\PES)
2026-08-07 20:19:45.374 [main] DEBUG com.pes.PesApplication - Running with Spring Boot v3.2.0, Spring v6.1.1
2026-08-07 20:19:45.375 [main] INFO  com.pes.PesApplication - The following 1 profile is active: "dev"
2026-08-07 20:19:45.928 [main] INFO  o.s.d.r.c.RepositoryConfigurationDelegate - Multiple Spring Data modules found, entering strict repository configuration mode
2026-08-07 20:19:45.930 [main] INFO  o.s.d.r.c.RepositoryConfigurationDelegate - Bootstrapping Spring Data Redis repositories in DEFAULT mode.
2026-08-07 20:19:45.959 [main] INFO  o.s.d.r.c.RepositoryConfigurationDelegate - Finished Spring Data repository scanning in 18 ms. Found 0 Redis repository interfaces.
2026-08-07 20:19:46.599 [main] INFO  o.s.b.w.e.tomcat.TomcatWebServer - Tomcat initialized with port 8080 (http)
2026-08-07 20:19:46.606 [main] INFO  o.a.coyote.http11.Http11NioProtocol - Initializing ProtocolHandler ["http-nio-8080"]
2026-08-07 20:19:46.608 [main] INFO  o.a.catalina.core.StandardService - Starting service [Tomcat]
2026-08-07 20:19:46.608 [main] INFO  o.a.catalina.core.StandardEngine - Starting Servlet engine: [Apache Tomcat/10.1.16]
2026-08-07 20:19:46.663 [main] INFO  o.a.c.c.C.[Tomcat].[localhost].[/] - Initializing Spring embedded WebApplicationContext
2026-08-07 20:19:46.664 [main] INFO  o.s.b.w.s.c.ServletWebServerApplicationContext - Root WebApplicationContext: initialization completed in 1251 ms
2026-08-07 20:19:46.821 [main] INFO  com.zaxxer.hikari.HikariDataSource - HikariPool-1 - Starting...
2026-08-07 20:19:47.038 [main] INFO  com.zaxxer.hikari.pool.HikariPool - HikariPool-1 - Added connection com.mysql.cj.jdbc.ConnectionImpl@7752c0e7
2026-08-07 20:19:47.039 [main] INFO  com.zaxxer.hikari.HikariDataSource - HikariPool-1 - Start completed.
2026-08-07 20:19:47.340 [main] DEBUG c.p.s.filter.JwtAuthenticationFilter - Filter 'jwtAuthenticationFilter' configured for use
2026-08-07 20:19:47.985 [main] INFO  com.pes.utils.RedisUtils - Redis 连接成功
2026-08-07 20:19:48.347 [main] INFO  o.s.s.web.DefaultSecurityFilterChain - Will secure any request with [org.springframework.security.web.session.DisableEncodeUrlFilter@7891742e, org.springframework.security.web.context.request.async.WebAsyncManagerIntegrationFilter@2bbaf983, org.springframework.security.web.context.SecurityContextHolderFilter@3976910, org.springframework.security.web.header.HeaderWriterFilter@579ee82, org.springframework.web.filter.CorsFilter@2ec0ca83, com.pes.security.filter.JwtAuthenticationFilter@3cb04dd, org.springframework.security.web.savedrequest.RequestCacheAwareFilter@19bbb216, org.springframework.security.web.servletapi.SecurityContextHolderAwareRequestFilter@6cfac0bd, org.springframework.security.web.authentication.AnonymousAuthenticationFilter@781bd9dd, org.springframework.security.web.session.SessionManagementFilter@25890ce3, org.springframework.security.web.access.ExceptionTranslationFilter@f6e3b67, org.springframework.security.web.access.intercept.AuthorizationFilter@1e49a77e]
2026-08-07 20:19:48.606 [main] INFO  o.a.coyote.http11.Http11NioProtocol - Starting ProtocolHandler ["http-nio-8080"]
2026-08-07 20:19:48.618 [main] INFO  o.s.b.w.e.tomcat.TomcatWebServer - Tomcat started on port 8080 (http) with context path ''
2026-08-07 20:19:48.624 [main] INFO  com.pes.PesApplication - Started PesApplication in 3.704 seconds (process running for 4.366)
2026-08-07 20:19:50.813 [http-nio-8080-exec-1] INFO  o.a.c.c.C.[Tomcat].[localhost].[/] - Initializing Spring DispatcherServlet 'dispatcherServlet'
2026-08-07 20:19:50.813 [http-nio-8080-exec-1] INFO  o.s.web.servlet.DispatcherServlet - Initializing Servlet 'dispatcherServlet'
2026-08-07 20:19:50.814 [http-nio-8080-exec-1] INFO  o.s.web.servlet.DispatcherServlet - Completed initialization in 0 ms
2026-08-07 20:19:50.821 [http-nio-8080-exec-1] DEBUG o.s.security.web.FilterChainProxy - Securing GET /captcha
2026-08-07 20:19:50.828 [http-nio-8080-exec-1] DEBUG o.s.s.w.a.AnonymousAuthenticationFilter - Set SecurityContextHolder to anonymous SecurityContext
2026-08-07 20:19:50.834 [http-nio-8080-exec-1] DEBUG o.s.security.web.FilterChainProxy - Secured GET /captcha
2026-08-07 20:19:53.487 [http-nio-8080-exec-2] DEBUG o.s.security.web.FilterChainProxy - Securing GET /captcha
2026-08-07 20:19:53.488 [http-nio-8080-exec-2] DEBUG o.s.s.w.a.AnonymousAuthenticationFilter - Set SecurityContextHolder to anonymous SecurityContext
2026-08-07 20:19:53.489 [http-nio-8080-exec-2] DEBUG o.s.security.web.FilterChainProxy - Secured GET /captcha
2026-08-07 20:22:25.889 [http-nio-8080-exec-3] DEBUG o.s.security.web.FilterChainProxy - Securing POST /login
2026-08-07 20:22:25.900 [http-nio-8080-exec-3] DEBUG o.s.s.w.a.AnonymousAuthenticationFilter - Set SecurityContextHolder to anonymous SecurityContext
2026-08-07 20:22:25.901 [http-nio-8080-exec-3] DEBUG o.s.security.web.FilterChainProxy - Secured POST /login
2026-08-07 20:22:26.107 [http-nio-8080-exec-3] DEBUG c.p.mapper.SysUserMapper.selectList - ==>  Preparing: SELECT id,username,password,nickname,email,phone,status,create_time,update_time,version FROM sys_user WHERE (username = ?)
2026-08-07 20:22:26.120 [http-nio-8080-exec-3] DEBUG c.p.mapper.SysUserMapper.selectList - ==> Parameters: admin(String)
2026-08-07 20:22:26.141 [http-nio-8080-exec-3] DEBUG c.p.mapper.SysUserMapper.selectList - <==      Total: 1
2026-08-07 20:22:26.144 [http-nio-8080-exec-3] DEBUG c.p.m.SysUserRoleMapper.selectList - ==>  Preparing: SELECT id,user_id,role_id FROM sys_user_role WHERE (user_id = ?)
2026-08-07 20:22:26.144 [http-nio-8080-exec-3] DEBUG c.p.m.SysUserRoleMapper.selectList - ==> Parameters: 1(Long)
2026-08-07 20:22:26.144 [http-nio-8080-exec-3] DEBUG c.p.m.SysUserRoleMapper.selectList - <==      Total: 1
2026-08-07 20:22:26.144 [http-nio-8080-exec-3] DEBUG c.p.mapper.SysRoleMapper.selectById - ==>  Preparing: SELECT id,name,code,description,status,create_time,update_time,version FROM sys_role WHERE id=?
2026-08-07 20:22:26.144 [http-nio-8080-exec-3] DEBUG c.p.mapper.SysRoleMapper.selectById - ==> Parameters: 1(Long)
2026-08-07 20:22:26.144 [http-nio-8080-exec-3] DEBUG c.p.mapper.SysRoleMapper.selectById - <==      Total: 1
2026-08-07 20:22:26.144 [http-nio-8080-exec-3] DEBUG c.p.m.S.selectMenuByRoleId - ==>  Preparing: SELECT m.* FROM sys_menu m INNER JOIN sys_role_menu rm ON m.id = rm.menu_id WHERE rm.role_id = ?
2026-08-07 20:22:26.144 [http-nio-8080-exec-3] DEBUG c.p.m.S.selectMenuByRoleId - ==> Parameters: 1(Long)
2026-08-07 20:22:26.144 [http-nio-8080-exec-3] DEBUG c.p.m.S.selectMenuByRoleId - <==      Total: 0
2026-08-07 20:22:26.212 [http-nio-8080-exec-3] DEBUG o.s.s.a.d.DaoAuthenticationProvider - Authenticated user
2026-08-07 20:22:26.266 [http-nio-8080-exec-3] DEBUG c.p.mapper.SysUserMapper.selectList - ==>  Preparing: SELECT id,username,password,nickname,email,phone,status,create_time,update_time,version FROM sys_user WHERE (username = ?)
2026-08-07 20:22:26.266 [http-nio-8080-exec-3] DEBUG c.p.mapper.SysUserMapper.selectList - ==> Parameters: admin(String)
2026-08-07 20:22:26.268 [http-nio-8080-exec-3] DEBUG c.p.mapper.SysUserMapper.selectList - <==      Total: 1
2026-08-07 20:22:26.268 [http-nio-8080-exec-3] DEBUG c.p.m.SysUserRoleMapper.selectList - ==>  Preparing: SELECT id,user_id,role_id FROM sys_user_role WHERE (user_id = ?)
2026-08-07 20:22:26.268 [http-nio-8080-exec-3] DEBUG c.p.m.SysUserRoleMapper.selectList - ==> Parameters: 1(Long)
2026-08-07 20:22:26.268 [http-nio-8080-exec-3] DEBUG c.p.m.SysUserRoleMapper.selectList - <==      Total: 1
2026-08-07 20:22:26.268 [http-nio-8080-exec-3] DEBUG c.p.mapper.SysRoleMapper.selectById - ==>  Preparing: SELECT id,name,code,description,status,create_time,update_time,version FROM sys_role WHERE id=?
2026-08-07 20:22:26.268 [http-nio-8080-exec-3] DEBUG c.p.mapper.SysRoleMapper.selectById - ==> Parameters: 1(Long)
2026-08-07 20:22:26.268 [http-nio-8080-exec-3] DEBUG c.p.mapper.SysRoleMapper.selectById - <==      Total: 1
2026-08-07 20:22:26.268 [http-nio-8080-exec-3] DEBUG c.p.m.SysRoleMenuMapper.selectList - ==>  Preparing: SELECT id,role_id,menu_id FROM sys_role_menu WHERE (role_id = ?)
2026-08-07 20:22:26.268 [http-nio-8080-exec-3] DEBUG c.p.m.SysRoleMenuMapper.selectList - ==> Parameters: 1(Long)
2026-08-07 20:22:26.268 [http-nio-8080-exec-3] DEBUG c.p.m.SysRoleMenuMapper.selectList - <==      Total: 0
2026-08-07 20:22:26.274 [http-nio-8080-exec-3] DEBUG c.p.mapper.SysLoginLogMapper.insert - ==>  Preparing: INSERT INTO sys_login_log ( username, status, login_time ) VALUES ( ?, ?, ? )
2026-08-07 20:22:26.274 [http-nio-8080-exec-3] DEBUG c.p.mapper.SysLoginLogMapper.insert - ==> Parameters: admin(String), 1(Integer), null
2026-08-07 20:22:26.274 [http-nio-8080-exec-3] DEBUG c.p.mapper.SysLoginLogMapper.insert - <==    Updates: 1
2026-08-07 20:22:26.291 [http-nio-8080-exec-4] DEBUG o.s.security.web.FilterChainProxy - Securing GET /menus/tree
2026-08-07 20:22:26.320 [http-nio-8080-exec-4] DEBUG c.p.mapper.SysUserMapper.selectList - ==>  Preparing: SELECT id,username,password,nickname,email,phone,status,create_time,update_time,version FROM sys_user WHERE (username = ?)
2026-08-07 20:22:26.320 [http-nio-8080-exec-4] DEBUG c.p.mapper.SysUserMapper.selectList - ==> Parameters: admin(String)
2026-08-07 20:22:26.320 [http-nio-8080-exec-4] DEBUG c.p.mapper.SysUserMapper.selectList - <==      Total: 1
2026-08-07 20:22:26.320 [http-nio-8080-exec-4] DEBUG c.p.m.SysUserRoleMapper.selectList - ==>  Preparing: SELECT id,user_id,role_id FROM sys_user_role WHERE (user_id = ?)
2026-08-07 20:22:26.320 [http-nio-8080-exec-4] DEBUG c.p.m.SysUserRoleMapper.selectList - ==> Parameters: 1(Long)
2026-08-07 20:22:26.320 [http-nio-8080-exec-4] DEBUG c.p.m.SysUserRoleMapper.selectList - <==      Total: 1
2026-08-07 20:22:26.320 [http-nio-8080-exec-4] DEBUG c.p.mapper.SysRoleMapper.selectById - ==>  Preparing: SELECT id,name,code,description,status,create_time,update_time,version FROM sys_role WHERE id=?
2026-08-07 20:22:26.320 [http-nio-8080-exec-4] DEBUG c.p.mapper.SysRoleMapper.selectById - ==> Parameters: 1(Long)
2026-08-07 20:22:26.320 [http-nio-8080-exec-4] DEBUG c.p.mapper.SysRoleMapper.selectById - <==      Total: 1
2026-08-07 20:22:26.320 [http-nio-8080-exec-4] DEBUG c.p.m.S.selectMenuByRoleId - ==>  Preparing: SELECT m.* FROM sys_menu m INNER JOIN sys_role_menu rm ON m.id = rm.menu_id WHERE rm.role_id = ?
2026-08-07 20:22:26.320 [http-nio-8080-exec-4] DEBUG c.p.m.S.selectMenuByRoleId - ==> Parameters: 1(Long)
2026-08-07 20:22:26.320 [http-nio-8080-exec-4] DEBUG c.p.m.S.selectMenuByRoleId - <==      Total: 0
2026-08-07 20:22:26.331 [http-nio-8080-exec-4] DEBUG o.s.security.web.FilterChainProxy - Secured GET /menus/tree
2026-08-07 20:22:26.331 [http-nio-8080-exec-4] DEBUG c.p.mapper.SysMenuMapper.selectList - ==>  Preparing: SELECT id,parent_id,name,path,component,icon,permission,sort,type,status,create_time,update_time,version FROM sys_menu ORDER BY sort ASC
2026-08-07 20:22:26.331 [http-nio-8080-exec-4] DEBUG c.p.mapper.SysMenuMapper.selectList - ==> Parameters: 
2026-08-07 20:22:26.331 [http-nio-8080-exec-4] DEBUG c.p.mapper.SysMenuMapper.selectList - <==      Total: 0
2026-08-07 20:22:26.563 [http-nio-8080-exec-5] DEBUG o.s.security.web.FilterChainProxy - Securing GET /dashboard/stats
2026-08-07 20:22:26.569 [http-nio-8080-exec-5] DEBUG c.p.mapper.SysUserMapper.selectList - ==>  Preparing: SELECT id,username,password,nickname,email,phone,status,create_time,update_time,version FROM sys_user WHERE (username = ?)
2026-08-07 20:22:26.569 [http-nio-8080-exec-5] DEBUG c.p.mapper.SysUserMapper.selectList - ==> Parameters: admin(String)
2026-08-07 20:22:26.569 [http-nio-8080-exec-5] DEBUG c.p.mapper.SysUserMapper.selectList - <==      Total: 1
2026-08-07 20:22:26.572 [http-nio-8080-exec-5] DEBUG c.p.m.SysUserRoleMapper.selectList - ==>  Preparing: SELECT id,user_id,role_id FROM sys_user_role WHERE (user_id = ?)
2026-08-07 20:22:26.572 [http-nio-8080-exec-5] DEBUG c.p.m.SysUserRoleMapper.selectList - ==> Parameters: 1(Long)
2026-08-07 20:22:26.574 [http-nio-8080-exec-5] DEBUG c.p.m.SysUserRoleMapper.selectList - <==      Total: 1
2026-08-07 20:22:26.576 [http-nio-8080-exec-5] DEBUG c.p.mapper.SysRoleMapper.selectById - ==>  Preparing: SELECT id,name,code,description,status,create_time,update_time,version FROM sys_role WHERE id=?
2026-08-07 20:22:26.577 [http-nio-8080-exec-5] DEBUG c.p.mapper.SysRoleMapper.selectById - ==> Parameters: 1(Long)
2026-08-07 20:22:26.578 [http-nio-8080-exec-5] DEBUG c.p.mapper.SysRoleMapper.selectById - <==      Total: 1
2026-08-07 20:22:26.580 [http-nio-8080-exec-5] DEBUG c.p.m.S.selectMenuByRoleId - ==>  Preparing: SELECT m.* FROM sys_menu m INNER JOIN sys_role_menu rm ON m.id = rm.menu_id WHERE rm.role_id = ?
2026-08-07 20:22:26.580 [http-nio-8080-exec-5] DEBUG c.p.m.S.selectMenuByRoleId - ==> Parameters: 1(Long)
2026-08-07 20:22:26.580 [http-nio-8080-exec-5] DEBUG c.p.m.S.selectMenuByRoleId - <==      Total: 0
2026-08-07 20:22:26.581 [http-nio-8080-exec-5] DEBUG o.s.security.web.FilterChainProxy - Secured GET /dashboard/stats
2026-08-07 20:22:26.582 [http-nio-8080-exec-5] DEBUG c.p.mapper.SysUserMapper.selectCount - ==>  Preparing: SELECT COUNT( * ) AS total FROM sys_user
2026-08-07 20:22:26.582 [http-nio-8080-exec-5] DEBUG c.p.mapper.SysUserMapper.selectCount - ==> Parameters: 
2026-08-07 20:22:26.583 [http-nio-8080-exec-5] DEBUG c.p.mapper.SysUserMapper.selectCount - <==      Total: 1
2026-08-07 20:22:26.585 [http-nio-8080-exec-5] DEBUG c.p.mapper.SysRoleMapper.selectCount - ==>  Preparing: SELECT COUNT( * ) AS total FROM sys_role
2026-08-07 20:22:26.585 [http-nio-8080-exec-5] DEBUG c.p.mapper.SysRoleMapper.selectCount - ==> Parameters: 
2026-08-07 20:22:26.586 [http-nio-8080-exec-5] DEBUG c.p.mapper.SysRoleMapper.selectCount - <==      Total: 1
2026-08-07 20:22:26.586 [http-nio-8080-exec-5] DEBUG c.p.mapper.SysMenuMapper.selectCount - ==>  Preparing: SELECT COUNT( * ) AS total FROM sys_menu
2026-08-07 20:22:26.587 [http-nio-8080-exec-5] DEBUG c.p.mapper.SysMenuMapper.selectCount - ==> Parameters: 
2026-08-07 20:22:26.587 [http-nio-8080-exec-5] DEBUG c.p.mapper.SysMenuMapper.selectCount - <==      Total: 1
2026-08-07 20:22:32.607 [http-nio-8080-exec-6] DEBUG o.s.security.web.FilterChainProxy - Securing GET /menus/tree
2026-08-07 20:22:32.611 [http-nio-8080-exec-6] DEBUG c.p.mapper.SysUserMapper.selectList - ==>  Preparing: SELECT id,username,password,nickname,email,phone,status,create_time,update_time,version FROM sys_user WHERE (username = ?)
2026-08-07 20:22:32.611 [http-nio-8080-exec-6] DEBUG c.p.mapper.SysUserMapper.selectList - ==> Parameters: admin(String)
2026-08-07 20:22:32.612 [http-nio-8080-exec-6] DEBUG c.p.mapper.SysUserMapper.selectList - <==      Total: 1
2026-08-07 20:22:32.613 [http-nio-8080-exec-6] DEBUG c.p.m.SysUserRoleMapper.selectList - ==>  Preparing: SELECT id,user_id,role_id FROM sys_user_role WHERE (user_id = ?)
2026-08-07 20:22:32.613 [http-nio-8080-exec-6] DEBUG c.p.m.SysUserRoleMapper.selectList - ==> Parameters: 1(Long)
2026-08-07 20:22:32.615 [http-nio-8080-exec-6] DEBUG c.p.m.SysUserRoleMapper.selectList - <==      Total: 1
2026-08-07 20:22:32.615 [http-nio-8080-exec-6] DEBUG c.p.mapper.SysRoleMapper.selectById - ==>  Preparing: SELECT id,name,code,description,status,create_time,update_time,version FROM sys_role WHERE id=?
2026-08-07 20:22:32.616 [http-nio-8080-exec-6] DEBUG c.p.mapper.SysRoleMapper.selectById - ==> Parameters: 1(Long)
2026-08-07 20:22:32.617 [http-nio-8080-exec-6] DEBUG c.p.mapper.SysRoleMapper.selectById - <==      Total: 1
2026-08-07 20:22:32.619 [http-nio-8080-exec-6] DEBUG c.p.m.S.selectMenuByRoleId - ==>  Preparing: SELECT m.* FROM sys_menu m INNER JOIN sys_role_menu rm ON m.id = rm.menu_id WHERE rm.role_id = ?
2026-08-07 20:22:32.619 [http-nio-8080-exec-6] DEBUG c.p.m.S.selectMenuByRoleId - ==> Parameters: 1(Long)
2026-08-07 20:22:32.620 [http-nio-8080-exec-6] DEBUG c.p.m.S.selectMenuByRoleId - <==      Total: 0
2026-08-07 20:22:32.621 [http-nio-8080-exec-6] DEBUG o.s.security.web.FilterChainProxy - Secured GET /menus/tree
2026-08-07 20:22:32.622 [http-nio-8080-exec-6] DEBUG c.p.mapper.SysMenuMapper.selectList - ==>  Preparing: SELECT id,parent_id,name,path,component,icon,permission,sort,type,status,create_time,update_time,version FROM sys_menu ORDER BY sort ASC
2026-08-07 20:22:32.623 [http-nio-8080-exec-6] DEBUG c.p.mapper.SysMenuMapper.selectList - ==> Parameters: 
2026-08-07 20:22:32.623 [http-nio-8080-exec-6] DEBUG c.p.mapper.SysMenuMapper.selectList - <==      Total: 0
2026-08-07 20:22:32.677 [http-nio-8080-exec-7] DEBUG o.s.security.web.FilterChainProxy - Securing GET /dashboard/stats
2026-08-07 20:22:32.678 [http-nio-8080-exec-7] DEBUG c.p.mapper.SysUserMapper.selectList - ==>  Preparing: SELECT id,username,password,nickname,email,phone,status,create_time,update_time,version FROM sys_user WHERE (username = ?)
2026-08-07 20:22:32.680 [http-nio-8080-exec-7] DEBUG c.p.mapper.SysUserMapper.selectList - ==> Parameters: admin(String)
2026-08-07 20:22:32.681 [http-nio-8080-exec-7] DEBUG c.p.mapper.SysUserMapper.selectList - <==      Total: 1
2026-08-07 20:22:32.682 [http-nio-8080-exec-7] DEBUG c.p.m.SysUserRoleMapper.selectList - ==>  Preparing: SELECT id,user_id,role_id FROM sys_user_role WHERE (user_id = ?)
2026-08-07 20:22:32.683 [http-nio-8080-exec-7] DEBUG c.p.m.SysUserRoleMapper.selectList - ==> Parameters: 1(Long)
2026-08-07 20:22:32.683 [http-nio-8080-exec-7] DEBUG c.p.m.SysUserRoleMapper.selectList - <==      Total: 1
2026-08-07 20:22:32.685 [http-nio-8080-exec-7] DEBUG c.p.mapper.SysRoleMapper.selectById - ==>  Preparing: SELECT id,name,code,description,status,create_time,update_time,version FROM sys_role WHERE id=?
2026-08-07 20:22:32.686 [http-nio-8080-exec-7] DEBUG c.p.mapper.SysRoleMapper.selectById - ==> Parameters: 1(Long)
2026-08-07 20:22:32.686 [http-nio-8080-exec-7] DEBUG c.p.mapper.SysRoleMapper.selectById - <==      Total: 1
2026-08-07 20:22:32.686 [http-nio-8080-exec-7] DEBUG c.p.m.S.selectMenuByRoleId - ==>  Preparing: SELECT m.* FROM sys_menu m INNER JOIN sys_role_menu rm ON m.id = rm.menu_id WHERE rm.role_id = ?
2026-08-07 20:22:32.686 [http-nio-8080-exec-7] DEBUG c.p.m.S.selectMenuByRoleId - ==> Parameters: 1(Long)
2026-08-07 20:22:32.686 [http-nio-8080-exec-7] DEBUG c.p.m.S.selectMenuByRoleId - <==      Total: 0
2026-08-07 20:22:32.690 [http-nio-8080-exec-7] DEBUG o.s.security.web.FilterChainProxy - Secured GET /dashboard/stats
2026-08-07 20:22:32.690 [http-nio-8080-exec-7] DEBUG c.p.mapper.SysUserMapper.selectCount - ==>  Preparing: SELECT COUNT( * ) AS total FROM sys_user
2026-08-07 20:22:32.690 [http-nio-8080-exec-7] DEBUG c.p.mapper.SysUserMapper.selectCount - ==> Parameters: 
2026-08-07 20:22:32.693 [http-nio-8080-exec-7] DEBUG c.p.mapper.SysUserMapper.selectCount - <==      Total: 1
2026-08-07 20:22:32.693 [http-nio-8080-exec-7] DEBUG c.p.mapper.SysRoleMapper.selectCount - ==>  Preparing: SELECT COUNT( * ) AS total FROM sys_role
2026-08-07 20:22:32.693 [http-nio-8080-exec-7] DEBUG c.p.mapper.SysRoleMapper.selectCount - ==> Parameters: 
2026-08-07 20:22:32.693 [http-nio-8080-exec-7] DEBUG c.p.mapper.SysRoleMapper.selectCount - <==      Total: 1
2026-08-07 20:22:32.693 [http-nio-8080-exec-7] DEBUG c.p.mapper.SysMenuMapper.selectCount - ==>  Preparing: SELECT COUNT( * ) AS total FROM sys_menu
2026-08-07 20:22:32.693 [http-nio-8080-exec-7] DEBUG c.p.mapper.SysMenuMapper.selectCount - ==> Parameters: 
2026-08-07 20:22:32.693 [http-nio-8080-exec-7] DEBUG c.p.mapper.SysMenuMapper.selectCount - <==      Total: 1
2026-08-07 20:22:51.036 [http-nio-8080-exec-8] DEBUG o.s.security.web.FilterChainProxy - Securing GET /menus/tree
2026-08-07 20:22:51.041 [http-nio-8080-exec-8] DEBUG c.p.mapper.SysUserMapper.selectList - ==>  Preparing: SELECT id,username,password,nickname,email,phone,status,create_time,update_time,version FROM sys_user WHERE (username = ?)
2026-08-07 20:22:51.042 [http-nio-8080-exec-8] DEBUG c.p.mapper.SysUserMapper.selectList - ==> Parameters: admin(String)
2026-08-07 20:22:51.042 [http-nio-8080-exec-8] DEBUG c.p.mapper.SysUserMapper.selectList - <==      Total: 1
2026-08-07 20:22:51.042 [http-nio-8080-exec-8] DEBUG c.p.m.SysUserRoleMapper.selectList - ==>  Preparing: SELECT id,user_id,role_id FROM sys_user_role WHERE (user_id = ?)
2026-08-07 20:22:51.042 [http-nio-8080-exec-8] DEBUG c.p.m.SysUserRoleMapper.selectList - ==> Parameters: 1(Long)
2026-08-07 20:22:51.042 [http-nio-8080-exec-8] DEBUG c.p.m.SysUserRoleMapper.selectList - <==      Total: 1
2026-08-07 20:22:51.042 [http-nio-8080-exec-8] DEBUG c.p.mapper.SysRoleMapper.selectById - ==>  Preparing: SELECT id,name,code,description,status,create_time,update_time,version FROM sys_role WHERE id=?
2026-08-07 20:22:51.046 [http-nio-8080-exec-8] DEBUG c.p.mapper.SysRoleMapper.selectById - ==> Parameters: 1(Long)
2026-08-07 20:22:51.046 [http-nio-8080-exec-8] DEBUG c.p.mapper.SysRoleMapper.selectById - <==      Total: 1
2026-08-07 20:22:51.046 [http-nio-8080-exec-8] DEBUG c.p.m.S.selectMenuByRoleId - ==>  Preparing: SELECT m.* FROM sys_menu m INNER JOIN sys_role_menu rm ON m.id = rm.menu_id WHERE rm.role_id = ?
2026-08-07 20:22:51.046 [http-nio-8080-exec-8] DEBUG c.p.m.S.selectMenuByRoleId - ==> Parameters: 1(Long)
2026-08-07 20:22:51.046 [http-nio-8080-exec-8] DEBUG c.p.m.S.selectMenuByRoleId - <==      Total: 0
2026-08-07 20:22:51.046 [http-nio-8080-exec-8] DEBUG o.s.security.web.FilterChainProxy - Secured GET /menus/tree
2026-08-07 20:22:51.046 [http-nio-8080-exec-8] DEBUG c.p.mapper.SysMenuMapper.selectList - ==>  Preparing: SELECT id,parent_id,name,path,component,icon,permission,sort,type,status,create_time,update_time,version FROM sys_menu ORDER BY sort ASC
2026-08-07 20:22:51.046 [http-nio-8080-exec-8] DEBUG c.p.mapper.SysMenuMapper.selectList - ==> Parameters: 
2026-08-07 20:22:51.046 [http-nio-8080-exec-8] DEBUG c.p.mapper.SysMenuMapper.selectList - <==      Total: 0
2026-08-07 20:22:51.116 [http-nio-8080-exec-9] DEBUG o.s.security.web.FilterChainProxy - Securing GET /users/profile
2026-08-07 20:22:51.118 [http-nio-8080-exec-9] DEBUG c.p.mapper.SysUserMapper.selectList - ==>  Preparing: SELECT id,username,password,nickname,email,phone,status,create_time,update_time,version FROM sys_user WHERE (username = ?)
2026-08-07 20:22:51.119 [http-nio-8080-exec-9] DEBUG c.p.mapper.SysUserMapper.selectList - ==> Parameters: admin(String)
2026-08-07 20:22:51.121 [http-nio-8080-exec-9] DEBUG c.p.mapper.SysUserMapper.selectList - <==      Total: 1
2026-08-07 20:22:51.122 [http-nio-8080-exec-9] DEBUG c.p.m.SysUserRoleMapper.selectList - ==>  Preparing: SELECT id,user_id,role_id FROM sys_user_role WHERE (user_id = ?)
2026-08-07 20:22:51.122 [http-nio-8080-exec-9] DEBUG c.p.m.SysUserRoleMapper.selectList - ==> Parameters: 1(Long)
2026-08-07 20:22:51.124 [http-nio-8080-exec-9] DEBUG c.p.m.SysUserRoleMapper.selectList - <==      Total: 1
2026-08-07 20:22:51.124 [http-nio-8080-exec-9] DEBUG c.p.mapper.SysRoleMapper.selectById - ==>  Preparing: SELECT id,name,code,description,status,create_time,update_time,version FROM sys_role WHERE id=?
2026-08-07 20:22:51.124 [http-nio-8080-exec-9] DEBUG c.p.mapper.SysRoleMapper.selectById - ==> Parameters: 1(Long)
2026-08-07 20:22:51.124 [http-nio-8080-exec-9] DEBUG c.p.mapper.SysRoleMapper.selectById - <==      Total: 1
2026-08-07 20:22:51.124 [http-nio-8080-exec-9] DEBUG c.p.m.S.selectMenuByRoleId - ==>  Preparing: SELECT m.* FROM sys_menu m INNER JOIN sys_role_menu rm ON m.id = rm.menu_id WHERE rm.role_id = ?
2026-08-07 20:22:51.124 [http-nio-8080-exec-9] DEBUG c.p.m.S.selectMenuByRoleId - ==> Parameters: 1(Long)
2026-08-07 20:22:51.126 [http-nio-8080-exec-9] DEBUG c.p.m.S.selectMenuByRoleId - <==      Total: 0
2026-08-07 20:22:51.127 [http-nio-8080-exec-9] DEBUG o.s.security.web.FilterChainProxy - Secured GET /users/profile
2026-08-07 20:22:51.129 [http-nio-8080-exec-9] DEBUG c.p.mapper.SysUserMapper.selectList - ==>  Preparing: SELECT id,username,password,nickname,email,phone,status,create_time,update_time,version FROM sys_user WHERE (username = ?)
2026-08-07 20:22:51.129 [http-nio-8080-exec-9] DEBUG c.p.mapper.SysUserMapper.selectList - ==> Parameters: admin(String)
2026-08-07 20:22:51.130 [http-nio-8080-exec-9] DEBUG c.p.mapper.SysUserMapper.selectList - <==      Total: 1
2026-08-07 20:31:00.063 [SpringApplicationShutdownHook] INFO  com.zaxxer.hikari.HikariDataSource - HikariPool-1 - Shutdown initiated...
2026-08-07 20:31:00.067 [SpringApplicationShutdownHook] INFO  com.zaxxer.hikari.HikariDataSource - HikariPool-1 - Shutdown completed.
2026-08-07 20:31:02.383 [background-preinit] INFO  o.h.validator.internal.util.Version - HV000001: Hibernate Validator 8.0.1.Final
2026-08-07 20:31:02.414 [main] INFO  com.pes.PesApplication - Starting PesApplication using Java 17.0.12 with PID 18632 (E:\PES\pes-java\target\classes started by ASUS in E:\PES)
2026-08-07 20:31:02.414 [main] DEBUG com.pes.PesApplication - Running with Spring Boot v3.2.0, Spring v6.1.1
2026-08-07 20:31:02.415 [main] INFO  com.pes.PesApplication - The following 1 profile is active: "dev"
2026-08-07 20:31:02.982 [main] INFO  o.s.d.r.c.RepositoryConfigurationDelegate - Multiple Spring Data modules found, entering strict repository configuration mode
2026-08-07 20:31:02.984 [main] INFO  o.s.d.r.c.RepositoryConfigurationDelegate - Bootstrapping Spring Data Redis repositories in DEFAULT mode.
2026-08-07 20:31:03.010 [main] INFO  o.s.d.r.c.RepositoryConfigurationDelegate - Finished Spring Data repository scanning in 16 ms. Found 0 Redis repository interfaces.
2026-08-07 20:31:03.558 [main] INFO  o.s.b.w.e.tomcat.TomcatWebServer - Tomcat initialized with port 8080 (http)
2026-08-07 20:31:03.564 [main] INFO  o.a.coyote.http11.Http11NioProtocol - Initializing ProtocolHandler ["http-nio-8080"]
2026-08-07 20:31:03.565 [main] INFO  o.a.catalina.core.StandardService - Starting service [Tomcat]
2026-08-07 20:31:03.565 [main] INFO  o.a.catalina.core.StandardEngine - Starting Servlet engine: [Apache Tomcat/10.1.16]
2026-08-07 20:31:03.611 [main] INFO  o.a.c.c.C.[Tomcat].[localhost].[/] - Initializing Spring embedded WebApplicationContext
2026-08-07 20:31:03.611 [main] INFO  o.s.b.w.s.c.ServletWebServerApplicationContext - Root WebApplicationContext: initialization completed in 1164 ms
2026-08-07 20:31:03.735 [main] INFO  com.zaxxer.hikari.HikariDataSource - HikariPool-1 - Starting...
2026-08-07 20:31:03.954 [main] INFO  com.zaxxer.hikari.pool.HikariPool - HikariPool-1 - Added connection com.mysql.cj.jdbc.ConnectionImpl@16ccd2bc
2026-08-07 20:31:03.955 [main] INFO  com.zaxxer.hikari.HikariDataSource - HikariPool-1 - Start completed.
2026-08-07 20:31:04.172 [main] DEBUG c.p.s.filter.JwtAuthenticationFilter - Filter 'jwtAuthenticationFilter' configured for use
2026-08-07 20:31:04.732 [main] INFO  com.pes.utils.RedisUtils - Redis 连接成功
2026-08-07 20:31:05.073 [main] INFO  o.s.s.web.DefaultSecurityFilterChain - Will secure any request with [org.springframework.security.web.session.DisableEncodeUrlFilter@15405ba1, org.springframework.security.web.context.request.async.WebAsyncManagerIntegrationFilter@f6e3b67, org.springframework.security.web.context.SecurityContextHolderFilter@66576bd2, org.springframework.security.web.header.HeaderWriterFilter@6ac4f31d, org.springframework.web.filter.CorsFilter@2166c48a, com.pes.security.filter.JwtAuthenticationFilter@3fd5d679, org.springframework.security.web.savedrequest.RequestCacheAwareFilter@7f09ff10, org.springframework.security.web.servletapi.SecurityContextHolderAwareRequestFilter@531b1778, org.springframework.security.web.authentication.AnonymousAuthenticationFilter@1dc2c13c, org.springframework.security.web.session.SessionManagementFilter@23e297d9, org.springframework.security.web.access.ExceptionTranslationFilter@4fea9f19, org.springframework.security.web.access.intercept.AuthorizationFilter@18d14de3]
2026-08-07 20:31:05.317 [main] INFO  o.a.coyote.http11.Http11NioProtocol - Starting ProtocolHandler ["http-nio-8080"]
2026-08-07 20:31:05.325 [main] INFO  o.s.b.w.e.tomcat.TomcatWebServer - Tomcat started on port 8080 (http) with context path ''
2026-08-07 20:31:05.330 [main] INFO  com.pes.PesApplication - Started PesApplication in 3.399 seconds (process running for 4.058)
2026-08-07 20:31:11.530 [http-nio-8080-exec-1] INFO  o.a.c.c.C.[Tomcat].[localhost].[/] - Initializing Spring DispatcherServlet 'dispatcherServlet'
2026-08-07 20:31:11.531 [http-nio-8080-exec-1] INFO  o.s.web.servlet.DispatcherServlet - Initializing Servlet 'dispatcherServlet'
2026-08-07 20:31:11.531 [http-nio-8080-exec-1] INFO  o.s.web.servlet.DispatcherServlet - Completed initialization in 0 ms
2026-08-07 20:31:11.537 [http-nio-8080-exec-1] DEBUG o.s.security.web.FilterChainProxy - Securing GET /menus/tree
2026-08-07 20:31:11.665 [http-nio-8080-exec-1] DEBUG c.p.mapper.SysUserMapper.selectList - ==>  Preparing: SELECT id,username,password,nickname,email,phone,status,create_time,update_time,version FROM sys_user WHERE (username = ?)
2026-08-07 20:31:11.680 [http-nio-8080-exec-1] DEBUG c.p.mapper.SysUserMapper.selectList - ==> Parameters: admin(String)
2026-08-07 20:31:11.697 [http-nio-8080-exec-1] DEBUG c.p.mapper.SysUserMapper.selectList - <==      Total: 1
2026-08-07 20:31:11.704 [http-nio-8080-exec-1] DEBUG c.p.m.SysUserRoleMapper.selectList - ==>  Preparing: SELECT id,user_id,role_id FROM sys_user_role WHERE (user_id = ?)
2026-08-07 20:31:11.704 [http-nio-8080-exec-1] DEBUG c.p.m.SysUserRoleMapper.selectList - ==> Parameters: 1(Long)
2026-08-07 20:31:11.709 [http-nio-8080-exec-1] DEBUG c.p.m.SysUserRoleMapper.selectList - <==      Total: 1
2026-08-07 20:31:11.709 [http-nio-8080-exec-1] DEBUG c.p.mapper.SysRoleMapper.selectById - ==>  Preparing: SELECT id,name,code,description,status,create_time,update_time,version FROM sys_role WHERE id=?
2026-08-07 20:31:11.709 [http-nio-8080-exec-1] DEBUG c.p.mapper.SysRoleMapper.selectById - ==> Parameters: 1(Long)
2026-08-07 20:31:11.709 [http-nio-8080-exec-1] DEBUG c.p.mapper.SysRoleMapper.selectById - <==      Total: 1
2026-08-07 20:31:11.713 [http-nio-8080-exec-1] DEBUG c.p.m.S.selectMenuByRoleId - ==>  Preparing: SELECT m.* FROM sys_menu m INNER JOIN sys_role_menu rm ON m.id = rm.menu_id WHERE rm.role_id = ?
2026-08-07 20:31:11.713 [http-nio-8080-exec-1] DEBUG c.p.m.S.selectMenuByRoleId - ==> Parameters: 1(Long)
2026-08-07 20:31:11.717 [http-nio-8080-exec-1] DEBUG c.p.m.S.selectMenuByRoleId - <==      Total: 22
2026-08-07 20:31:11.735 [http-nio-8080-exec-1] DEBUG o.s.security.web.FilterChainProxy - Secured GET /menus/tree
2026-08-07 20:31:11.755 [http-nio-8080-exec-1] DEBUG c.p.mapper.SysMenuMapper.selectList - ==>  Preparing: SELECT id,parent_id,name,path,component,icon,permission,sort,type,status,create_time,update_time,version FROM sys_menu ORDER BY sort ASC
2026-08-07 20:31:11.755 [http-nio-8080-exec-1] DEBUG c.p.mapper.SysMenuMapper.selectList - ==> Parameters: 
2026-08-07 20:31:11.758 [http-nio-8080-exec-1] DEBUG c.p.mapper.SysMenuMapper.selectList - <==      Total: 22
2026-08-07 20:31:12.038 [http-nio-8080-exec-3] DEBUG o.s.security.web.FilterChainProxy - Securing GET /dashboard/stats
2026-08-07 20:31:12.041 [http-nio-8080-exec-3] DEBUG c.p.mapper.SysUserMapper.selectList - ==>  Preparing: SELECT id,username,password,nickname,email,phone,status,create_time,update_time,version FROM sys_user WHERE (username = ?)
2026-08-07 20:31:12.042 [http-nio-8080-exec-3] DEBUG c.p.mapper.SysUserMapper.selectList - ==> Parameters: admin(String)
2026-08-07 20:31:12.043 [http-nio-8080-exec-3] DEBUG c.p.mapper.SysUserMapper.selectList - <==      Total: 1
2026-08-07 20:31:12.045 [http-nio-8080-exec-3] DEBUG c.p.m.SysUserRoleMapper.selectList - ==>  Preparing: SELECT id,user_id,role_id FROM sys_user_role WHERE (user_id = ?)
2026-08-07 20:31:12.045 [http-nio-8080-exec-3] DEBUG c.p.m.SysUserRoleMapper.selectList - ==> Parameters: 1(Long)
2026-08-07 20:31:12.046 [http-nio-8080-exec-3] DEBUG c.p.m.SysUserRoleMapper.selectList - <==      Total: 1
2026-08-07 20:31:12.046 [http-nio-8080-exec-3] DEBUG c.p.mapper.SysRoleMapper.selectById - ==>  Preparing: SELECT id,name,code,description,status,create_time,update_time,version FROM sys_role WHERE id=?
2026-08-07 20:31:12.047 [http-nio-8080-exec-3] DEBUG c.p.mapper.SysRoleMapper.selectById - ==> Parameters: 1(Long)
2026-08-07 20:31:12.048 [http-nio-8080-exec-3] DEBUG c.p.mapper.SysRoleMapper.selectById - <==      Total: 1
2026-08-07 20:31:12.049 [http-nio-8080-exec-3] DEBUG c.p.m.S.selectMenuByRoleId - ==>  Preparing: SELECT m.* FROM sys_menu m INNER JOIN sys_role_menu rm ON m.id = rm.menu_id WHERE rm.role_id = ?
2026-08-07 20:31:12.049 [http-nio-8080-exec-3] DEBUG c.p.m.S.selectMenuByRoleId - ==> Parameters: 1(Long)
2026-08-07 20:31:12.049 [http-nio-8080-exec-3] DEBUG c.p.m.S.selectMenuByRoleId - <==      Total: 22
2026-08-07 20:31:12.049 [http-nio-8080-exec-3] DEBUG o.s.security.web.FilterChainProxy - Secured GET /dashboard/stats
2026-08-07 20:31:12.055 [http-nio-8080-exec-3] DEBUG c.p.mapper.SysUserMapper.selectCount - ==>  Preparing: SELECT COUNT( * ) AS total FROM sys_user
2026-08-07 20:31:12.055 [http-nio-8080-exec-3] DEBUG c.p.mapper.SysUserMapper.selectCount - ==> Parameters: 
2026-08-07 20:31:12.059 [http-nio-8080-exec-3] DEBUG c.p.mapper.SysUserMapper.selectCount - <==      Total: 1
2026-08-07 20:31:12.060 [http-nio-8080-exec-3] DEBUG c.p.mapper.SysRoleMapper.selectCount - ==>  Preparing: SELECT COUNT( * ) AS total FROM sys_role
2026-08-07 20:31:12.060 [http-nio-8080-exec-3] DEBUG c.p.mapper.SysRoleMapper.selectCount - ==> Parameters: 
2026-08-07 20:31:12.061 [http-nio-8080-exec-3] DEBUG c.p.mapper.SysRoleMapper.selectCount - <==      Total: 1
2026-08-07 20:31:12.062 [http-nio-8080-exec-3] DEBUG c.p.mapper.SysMenuMapper.selectCount - ==>  Preparing: SELECT COUNT( * ) AS total FROM sys_menu
2026-08-07 20:31:12.062 [http-nio-8080-exec-3] DEBUG c.p.mapper.SysMenuMapper.selectCount - ==> Parameters: 
2026-08-07 20:31:12.066 [http-nio-8080-exec-3] DEBUG c.p.mapper.SysMenuMapper.selectCount - <==      Total: 1
2026-08-07 20:32:16.235 [http-nio-8080-exec-2] DEBUG o.s.security.web.FilterChainProxy - Securing GET /menus/tree
2026-08-07 20:32:16.238 [http-nio-8080-exec-2] DEBUG c.p.mapper.SysUserMapper.selectList - ==>  Preparing: SELECT id,username,password,nickname,email,phone,status,create_time,update_time,version FROM sys_user WHERE (username = ?)
2026-08-07 20:32:16.238 [http-nio-8080-exec-2] DEBUG c.p.mapper.SysUserMapper.selectList - ==> Parameters: admin(String)
2026-08-07 20:32:16.240 [http-nio-8080-exec-2] DEBUG c.p.mapper.SysUserMapper.selectList - <==      Total: 1
2026-08-07 20:32:16.240 [http-nio-8080-exec-2] DEBUG c.p.m.SysUserRoleMapper.selectList - ==>  Preparing: SELECT id,user_id,role_id FROM sys_user_role WHERE (user_id = ?)
2026-08-07 20:32:16.241 [http-nio-8080-exec-2] DEBUG c.p.m.SysUserRoleMapper.selectList - ==> Parameters: 1(Long)
2026-08-07 20:32:16.241 [http-nio-8080-exec-2] DEBUG c.p.m.SysUserRoleMapper.selectList - <==      Total: 1
2026-08-07 20:32:16.242 [http-nio-8080-exec-2] DEBUG c.p.mapper.SysRoleMapper.selectById - ==>  Preparing: SELECT id,name,code,description,status,create_time,update_time,version FROM sys_role WHERE id=?
2026-08-07 20:32:16.242 [http-nio-8080-exec-2] DEBUG c.p.mapper.SysRoleMapper.selectById - ==> Parameters: 1(Long)
2026-08-07 20:32:16.243 [http-nio-8080-exec-2] DEBUG c.p.mapper.SysRoleMapper.selectById - <==      Total: 1
2026-08-07 20:32:16.243 [http-nio-8080-exec-2] DEBUG c.p.m.S.selectMenuByRoleId - ==>  Preparing: SELECT m.* FROM sys_menu m INNER JOIN sys_role_menu rm ON m.id = rm.menu_id WHERE rm.role_id = ?
2026-08-07 20:32:16.244 [http-nio-8080-exec-2] DEBUG c.p.m.S.selectMenuByRoleId - ==> Parameters: 1(Long)
2026-08-07 20:32:16.248 [http-nio-8080-exec-2] DEBUG c.p.m.S.selectMenuByRoleId - <==      Total: 22
2026-08-07 20:32:16.249 [http-nio-8080-exec-2] DEBUG o.s.security.web.FilterChainProxy - Secured GET /menus/tree
2026-08-07 20:32:16.250 [http-nio-8080-exec-2] DEBUG c.p.mapper.SysMenuMapper.selectList - ==>  Preparing: SELECT id,parent_id,name,path,component,icon,permission,sort,type,status,create_time,update_time,version FROM sys_menu ORDER BY sort ASC
2026-08-07 20:32:16.251 [http-nio-8080-exec-2] DEBUG c.p.mapper.SysMenuMapper.selectList - ==> Parameters: 
2026-08-07 20:32:16.253 [http-nio-8080-exec-2] DEBUG c.p.mapper.SysMenuMapper.selectList - <==      Total: 22
2026-08-07 20:32:16.407 [http-nio-8080-exec-4] DEBUG o.s.security.web.FilterChainProxy - Securing GET /dashboard/stats
2026-08-07 20:32:16.409 [http-nio-8080-exec-4] DEBUG c.p.mapper.SysUserMapper.selectList - ==>  Preparing: SELECT id,username,password,nickname,email,phone,status,create_time,update_time,version FROM sys_user WHERE (username = ?)
2026-08-07 20:32:16.410 [http-nio-8080-exec-4] DEBUG c.p.mapper.SysUserMapper.selectList - ==> Parameters: admin(String)
2026-08-07 20:32:16.412 [http-nio-8080-exec-4] DEBUG c.p.mapper.SysUserMapper.selectList - <==      Total: 1
2026-08-07 20:32:16.413 [http-nio-8080-exec-4] DEBUG c.p.m.SysUserRoleMapper.selectList - ==>  Preparing: SELECT id,user_id,role_id FROM sys_user_role WHERE (user_id = ?)
2026-08-07 20:32:16.414 [http-nio-8080-exec-4] DEBUG c.p.m.SysUserRoleMapper.selectList - ==> Parameters: 1(Long)
2026-08-07 20:32:16.415 [http-nio-8080-exec-4] DEBUG c.p.m.SysUserRoleMapper.selectList - <==      Total: 1
2026-08-07 20:32:16.415 [http-nio-8080-exec-4] DEBUG c.p.mapper.SysRoleMapper.selectById - ==>  Preparing: SELECT id,name,code,description,status,create_time,update_time,version FROM sys_role WHERE id=?
2026-08-07 20:32:16.416 [http-nio-8080-exec-4] DEBUG c.p.mapper.SysRoleMapper.selectById - ==> Parameters: 1(Long)
2026-08-07 20:32:16.417 [http-nio-8080-exec-4] DEBUG c.p.mapper.SysRoleMapper.selectById - <==      Total: 1
2026-08-07 20:32:16.417 [http-nio-8080-exec-4] DEBUG c.p.m.S.selectMenuByRoleId - ==>  Preparing: SELECT m.* FROM sys_menu m INNER JOIN sys_role_menu rm ON m.id = rm.menu_id WHERE rm.role_id = ?
2026-08-07 20:32:16.417 [http-nio-8080-exec-4] DEBUG c.p.m.S.selectMenuByRoleId - ==> Parameters: 1(Long)
2026-08-07 20:32:16.417 [http-nio-8080-exec-4] DEBUG c.p.m.S.selectMenuByRoleId - <==      Total: 22
2026-08-07 20:32:16.423 [http-nio-8080-exec-4] DEBUG o.s.security.web.FilterChainProxy - Secured GET /dashboard/stats
2026-08-07 20:32:16.423 [http-nio-8080-exec-4] DEBUG c.p.mapper.SysUserMapper.selectCount - ==>  Preparing: SELECT COUNT( * ) AS total FROM sys_user
2026-08-07 20:32:16.424 [http-nio-8080-exec-4] DEBUG c.p.mapper.SysUserMapper.selectCount - ==> Parameters: 
2026-08-07 20:32:16.426 [http-nio-8080-exec-4] DEBUG c.p.mapper.SysUserMapper.selectCount - <==      Total: 1
2026-08-07 20:32:16.427 [http-nio-8080-exec-4] DEBUG c.p.mapper.SysRoleMapper.selectCount - ==>  Preparing: SELECT COUNT( * ) AS total FROM sys_role
2026-08-07 20:32:16.427 [http-nio-8080-exec-4] DEBUG c.p.mapper.SysRoleMapper.selectCount - ==> Parameters: 
2026-08-07 20:32:16.430 [http-nio-8080-exec-4] DEBUG c.p.mapper.SysRoleMapper.selectCount - <==      Total: 1
2026-08-07 20:32:16.431 [http-nio-8080-exec-4] DEBUG c.p.mapper.SysMenuMapper.selectCount - ==>  Preparing: SELECT COUNT( * ) AS total FROM sys_menu
2026-08-07 20:32:16.432 [http-nio-8080-exec-4] DEBUG c.p.mapper.SysMenuMapper.selectCount - ==> Parameters: 
2026-08-07 20:32:16.435 [http-nio-8080-exec-4] DEBUG c.p.mapper.SysMenuMapper.selectCount - <==      Total: 1
2026-08-07 20:32:22.047 [http-nio-8080-exec-5] DEBUG o.s.security.web.FilterChainProxy - Securing GET /users
2026-08-07 20:32:22.050 [http-nio-8080-exec-5] DEBUG c.p.mapper.SysUserMapper.selectList - ==>  Preparing: SELECT id,username,password,nickname,email,phone,status,create_time,update_time,version FROM sys_user WHERE (username = ?)
2026-08-07 20:32:22.050 [http-nio-8080-exec-5] DEBUG c.p.mapper.SysUserMapper.selectList - ==> Parameters: admin(String)
2026-08-07 20:32:22.051 [http-nio-8080-exec-5] DEBUG c.p.mapper.SysUserMapper.selectList - <==      Total: 1
2026-08-07 20:32:22.052 [http-nio-8080-exec-5] DEBUG c.p.m.SysUserRoleMapper.selectList - ==>  Preparing: SELECT id,user_id,role_id FROM sys_user_role WHERE (user_id = ?)
2026-08-07 20:32:22.052 [http-nio-8080-exec-5] DEBUG c.p.m.SysUserRoleMapper.selectList - ==> Parameters: 1(Long)
2026-08-07 20:32:22.054 [http-nio-8080-exec-5] DEBUG c.p.m.SysUserRoleMapper.selectList - <==      Total: 1
2026-08-07 20:32:22.054 [http-nio-8080-exec-5] DEBUG c.p.mapper.SysRoleMapper.selectById - ==>  Preparing: SELECT id,name,code,description,status,create_time,update_time,version FROM sys_role WHERE id=?
2026-08-07 20:32:22.054 [http-nio-8080-exec-5] DEBUG c.p.mapper.SysRoleMapper.selectById - ==> Parameters: 1(Long)
2026-08-07 20:32:22.054 [http-nio-8080-exec-5] DEBUG c.p.mapper.SysRoleMapper.selectById - <==      Total: 1
2026-08-07 20:32:22.054 [http-nio-8080-exec-5] DEBUG c.p.m.S.selectMenuByRoleId - ==>  Preparing: SELECT m.* FROM sys_menu m INNER JOIN sys_role_menu rm ON m.id = rm.menu_id WHERE rm.role_id = ?
2026-08-07 20:32:22.054 [http-nio-8080-exec-5] DEBUG c.p.m.S.selectMenuByRoleId - ==> Parameters: 1(Long)
2026-08-07 20:32:22.057 [http-nio-8080-exec-5] DEBUG c.p.m.S.selectMenuByRoleId - <==      Total: 22
2026-08-07 20:32:22.058 [http-nio-8080-exec-5] DEBUG o.s.security.web.FilterChainProxy - Secured GET /users
2026-08-07 20:32:22.064 [http-nio-8080-exec-5] DEBUG c.p.mapper.SysUserMapper.selectList - ==>  Preparing: SELECT id,username,password,nickname,email,phone,status,create_time,update_time,version FROM sys_user ORDER BY id ASC
2026-08-07 20:32:22.064 [http-nio-8080-exec-5] DEBUG c.p.mapper.SysUserMapper.selectList - ==> Parameters: 
2026-08-07 20:32:22.064 [http-nio-8080-exec-5] DEBUG c.p.mapper.SysUserMapper.selectList - <==      Total: 8
2026-08-07 20:32:25.209 [http-nio-8080-exec-6] DEBUG o.s.security.web.FilterChainProxy - Securing GET /roles
2026-08-07 20:32:25.212 [http-nio-8080-exec-6] DEBUG c.p.mapper.SysUserMapper.selectList - ==>  Preparing: SELECT id,username,password,nickname,email,phone,status,create_time,update_time,version FROM sys_user WHERE (username = ?)
2026-08-07 20:32:25.212 [http-nio-8080-exec-6] DEBUG c.p.mapper.SysUserMapper.selectList - ==> Parameters: admin(String)
2026-08-07 20:32:25.213 [http-nio-8080-exec-6] DEBUG c.p.mapper.SysUserMapper.selectList - <==      Total: 1
2026-08-07 20:32:25.213 [http-nio-8080-exec-6] DEBUG c.p.m.SysUserRoleMapper.selectList - ==>  Preparing: SELECT id,user_id,role_id FROM sys_user_role WHERE (user_id = ?)
2026-08-07 20:32:25.213 [http-nio-8080-exec-6] DEBUG c.p.m.SysUserRoleMapper.selectList - ==> Parameters: 1(Long)
2026-08-07 20:32:25.213 [http-nio-8080-exec-6] DEBUG c.p.m.SysUserRoleMapper.selectList - <==      Total: 1
2026-08-07 20:32:25.213 [http-nio-8080-exec-6] DEBUG c.p.mapper.SysRoleMapper.selectById - ==>  Preparing: SELECT id,name,code,description,status,create_time,update_time,version FROM sys_role WHERE id=?
2026-08-07 20:32:25.213 [http-nio-8080-exec-6] DEBUG c.p.mapper.SysRoleMapper.selectById - ==> Parameters: 1(Long)
2026-08-07 20:32:25.218 [http-nio-8080-exec-6] DEBUG c.p.mapper.SysRoleMapper.selectById - <==      Total: 1
2026-08-07 20:32:25.218 [http-nio-8080-exec-6] DEBUG c.p.m.S.selectMenuByRoleId - ==>  Preparing: SELECT m.* FROM sys_menu m INNER JOIN sys_role_menu rm ON m.id = rm.menu_id WHERE rm.role_id = ?
2026-08-07 20:32:25.218 [http-nio-8080-exec-6] DEBUG c.p.m.S.selectMenuByRoleId - ==> Parameters: 1(Long)
2026-08-07 20:32:25.220 [http-nio-8080-exec-6] DEBUG c.p.m.S.selectMenuByRoleId - <==      Total: 22
2026-08-07 20:32:25.220 [http-nio-8080-exec-6] DEBUG o.s.security.web.FilterChainProxy - Secured GET /roles
2026-08-07 20:32:25.223 [http-nio-8080-exec-6] DEBUG c.p.mapper.SysRoleMapper.selectList - ==>  Preparing: SELECT id,name,code,description,status,create_time,update_time,version FROM sys_role ORDER BY id ASC
2026-08-07 20:32:25.223 [http-nio-8080-exec-6] DEBUG c.p.mapper.SysRoleMapper.selectList - ==> Parameters: 
2026-08-07 20:32:25.223 [http-nio-8080-exec-6] DEBUG c.p.mapper.SysRoleMapper.selectList - <==      Total: 5
2026-08-07 20:32:27.818 [http-nio-8080-exec-7] DEBUG o.s.security.web.FilterChainProxy - Securing GET /menus/tree
2026-08-07 20:32:27.821 [http-nio-8080-exec-7] DEBUG c.p.mapper.SysUserMapper.selectList - ==>  Preparing: SELECT id,username,password,nickname,email,phone,status,create_time,update_time,version FROM sys_user WHERE (username = ?)
2026-08-07 20:32:27.821 [http-nio-8080-exec-7] DEBUG c.p.mapper.SysUserMapper.selectList - ==> Parameters: admin(String)
2026-08-07 20:32:27.823 [http-nio-8080-exec-7] DEBUG c.p.mapper.SysUserMapper.selectList - <==      Total: 1
2026-08-07 20:32:27.823 [http-nio-8080-exec-7] DEBUG c.p.m.SysUserRoleMapper.selectList - ==>  Preparing: SELECT id,user_id,role_id FROM sys_user_role WHERE (user_id = ?)
2026-08-07 20:32:27.824 [http-nio-8080-exec-7] DEBUG c.p.m.SysUserRoleMapper.selectList - ==> Parameters: 1(Long)
2026-08-07 20:32:27.825 [http-nio-8080-exec-7] DEBUG c.p.m.SysUserRoleMapper.selectList - <==      Total: 1
2026-08-07 20:32:27.825 [http-nio-8080-exec-7] DEBUG c.p.mapper.SysRoleMapper.selectById - ==>  Preparing: SELECT id,name,code,description,status,create_time,update_time,version FROM sys_role WHERE id=?
2026-08-07 20:32:27.825 [http-nio-8080-exec-7] DEBUG c.p.mapper.SysRoleMapper.selectById - ==> Parameters: 1(Long)
2026-08-07 20:32:27.826 [http-nio-8080-exec-7] DEBUG c.p.mapper.SysRoleMapper.selectById - <==      Total: 1
2026-08-07 20:32:27.826 [http-nio-8080-exec-7] DEBUG c.p.m.S.selectMenuByRoleId - ==>  Preparing: SELECT m.* FROM sys_menu m INNER JOIN sys_role_menu rm ON m.id = rm.menu_id WHERE rm.role_id = ?
2026-08-07 20:32:27.826 [http-nio-8080-exec-7] DEBUG c.p.m.S.selectMenuByRoleId - ==> Parameters: 1(Long)
2026-08-07 20:32:27.829 [http-nio-8080-exec-7] DEBUG c.p.m.S.selectMenuByRoleId - <==      Total: 22
2026-08-07 20:32:27.829 [http-nio-8080-exec-7] DEBUG o.s.security.web.FilterChainProxy - Secured GET /menus/tree
2026-08-07 20:32:27.831 [http-nio-8080-exec-7] DEBUG c.p.mapper.SysMenuMapper.selectList - ==>  Preparing: SELECT id,parent_id,name,path,component,icon,permission,sort,type,status,create_time,update_time,version FROM sys_menu ORDER BY sort ASC
2026-08-07 20:32:27.831 [http-nio-8080-exec-7] DEBUG c.p.mapper.SysMenuMapper.selectList - ==> Parameters: 
2026-08-07 20:32:27.832 [http-nio-8080-exec-7] DEBUG c.p.mapper.SysMenuMapper.selectList - <==      Total: 22
2026-08-07 20:32:40.106 [http-nio-8080-exec-8] DEBUG o.s.security.web.FilterChainProxy - Securing GET /dashboard/stats
2026-08-07 20:32:40.109 [http-nio-8080-exec-8] DEBUG c.p.mapper.SysUserMapper.selectList - ==>  Preparing: SELECT id,username,password,nickname,email,phone,status,create_time,update_time,version FROM sys_user WHERE (username = ?)
2026-08-07 20:32:40.109 [http-nio-8080-exec-8] DEBUG c.p.mapper.SysUserMapper.selectList - ==> Parameters: admin(String)
2026-08-07 20:32:40.111 [http-nio-8080-exec-8] DEBUG c.p.mapper.SysUserMapper.selectList - <==      Total: 1
2026-08-07 20:32:40.113 [http-nio-8080-exec-8] DEBUG c.p.m.SysUserRoleMapper.selectList - ==>  Preparing: SELECT id,user_id,role_id FROM sys_user_role WHERE (user_id = ?)
2026-08-07 20:32:40.113 [http-nio-8080-exec-8] DEBUG c.p.m.SysUserRoleMapper.selectList - ==> Parameters: 1(Long)
2026-08-07 20:32:40.115 [http-nio-8080-exec-8] DEBUG c.p.m.SysUserRoleMapper.selectList - <==      Total: 1
2026-08-07 20:32:40.115 [http-nio-8080-exec-8] DEBUG c.p.mapper.SysRoleMapper.selectById - ==>  Preparing: SELECT id,name,code,description,status,create_time,update_time,version FROM sys_role WHERE id=?
2026-08-07 20:32:40.116 [http-nio-8080-exec-8] DEBUG c.p.mapper.SysRoleMapper.selectById - ==> Parameters: 1(Long)
2026-08-07 20:32:40.117 [http-nio-8080-exec-8] DEBUG c.p.mapper.SysRoleMapper.selectById - <==      Total: 1
2026-08-07 20:32:40.117 [http-nio-8080-exec-8] DEBUG c.p.m.S.selectMenuByRoleId - ==>  Preparing: SELECT m.* FROM sys_menu m INNER JOIN sys_role_menu rm ON m.id = rm.menu_id WHERE rm.role_id = ?
2026-08-07 20:32:40.117 [http-nio-8080-exec-8] DEBUG c.p.m.S.selectMenuByRoleId - ==> Parameters: 1(Long)
2026-08-07 20:32:40.118 [http-nio-8080-exec-8] DEBUG c.p.m.S.selectMenuByRoleId - <==      Total: 22
2026-08-07 20:32:40.119 [http-nio-8080-exec-8] DEBUG o.s.security.web.FilterChainProxy - Secured GET /dashboard/stats
2026-08-07 20:32:40.120 [http-nio-8080-exec-8] DEBUG c.p.mapper.SysUserMapper.selectCount - ==>  Preparing: SELECT COUNT( * ) AS total FROM sys_user
2026-08-07 20:32:40.120 [http-nio-8080-exec-8] DEBUG c.p.mapper.SysUserMapper.selectCount - ==> Parameters: 
2026-08-07 20:32:40.121 [http-nio-8080-exec-8] DEBUG c.p.mapper.SysUserMapper.selectCount - <==      Total: 1
2026-08-07 20:32:40.123 [http-nio-8080-exec-8] DEBUG c.p.mapper.SysRoleMapper.selectCount - ==>  Preparing: SELECT COUNT( * ) AS total FROM sys_role
2026-08-07 20:32:40.123 [http-nio-8080-exec-8] DEBUG c.p.mapper.SysRoleMapper.selectCount - ==> Parameters: 
2026-08-07 20:32:40.125 [http-nio-8080-exec-8] DEBUG c.p.mapper.SysRoleMapper.selectCount - <==      Total: 1
2026-08-07 20:32:40.125 [http-nio-8080-exec-8] DEBUG c.p.mapper.SysMenuMapper.selectCount - ==>  Preparing: SELECT COUNT( * ) AS total FROM sys_menu
2026-08-07 20:32:40.125 [http-nio-8080-exec-8] DEBUG c.p.mapper.SysMenuMapper.selectCount - ==> Parameters: 
2026-08-07 20:32:40.127 [http-nio-8080-exec-8] DEBUG c.p.mapper.SysMenuMapper.selectCount - <==      Total: 1
2026-08-07 20:34:42.362 [http-nio-8080-exec-9] DEBUG o.s.security.web.FilterChainProxy - Securing GET /menus/tree
2026-08-07 20:34:42.368 [http-nio-8080-exec-9] DEBUG c.p.mapper.SysUserMapper.selectList - ==>  Preparing: SELECT id,username,password,nickname,email,phone,status,create_time,update_time,version FROM sys_user WHERE (username = ?)
2026-08-07 20:34:42.368 [http-nio-8080-exec-9] DEBUG c.p.mapper.SysUserMapper.selectList - ==> Parameters: admin(String)
2026-08-07 20:34:42.370 [http-nio-8080-exec-9] DEBUG c.p.mapper.SysUserMapper.selectList - <==      Total: 1
2026-08-07 20:34:42.370 [http-nio-8080-exec-9] DEBUG c.p.m.SysUserRoleMapper.selectList - ==>  Preparing: SELECT id,user_id,role_id FROM sys_user_role WHERE (user_id = ?)
2026-08-07 20:34:42.370 [http-nio-8080-exec-9] DEBUG c.p.m.SysUserRoleMapper.selectList - ==> Parameters: 1(Long)
2026-08-07 20:34:42.372 [http-nio-8080-exec-9] DEBUG c.p.m.SysUserRoleMapper.selectList - <==      Total: 1
2026-08-07 20:34:42.372 [http-nio-8080-exec-9] DEBUG c.p.mapper.SysRoleMapper.selectById - ==>  Preparing: SELECT id,name,code,description,status,create_time,update_time,version FROM sys_role WHERE id=?
2026-08-07 20:34:42.373 [http-nio-8080-exec-9] DEBUG c.p.mapper.SysRoleMapper.selectById - ==> Parameters: 1(Long)
2026-08-07 20:34:42.373 [http-nio-8080-exec-9] DEBUG c.p.mapper.SysRoleMapper.selectById - <==      Total: 1
2026-08-07 20:34:42.374 [http-nio-8080-exec-9] DEBUG c.p.m.S.selectMenuByRoleId - ==>  Preparing: SELECT m.* FROM sys_menu m INNER JOIN sys_role_menu rm ON m.id = rm.menu_id WHERE rm.role_id = ?
2026-08-07 20:34:42.374 [http-nio-8080-exec-9] DEBUG c.p.m.S.selectMenuByRoleId - ==> Parameters: 1(Long)
2026-08-07 20:34:42.375 [http-nio-8080-exec-9] DEBUG c.p.m.S.selectMenuByRoleId - <==      Total: 22
2026-08-07 20:34:42.376 [http-nio-8080-exec-9] DEBUG o.s.security.web.FilterChainProxy - Secured GET /menus/tree
2026-08-07 20:34:42.378 [http-nio-8080-exec-9] DEBUG c.p.mapper.SysMenuMapper.selectList - ==>  Preparing: SELECT id,parent_id,name,path,component,icon,permission,sort,type,status,create_time,update_time,version FROM sys_menu ORDER BY sort ASC
2026-08-07 20:34:42.378 [http-nio-8080-exec-9] DEBUG c.p.mapper.SysMenuMapper.selectList - ==> Parameters: 
2026-08-07 20:34:42.384 [http-nio-8080-exec-9] DEBUG c.p.mapper.SysMenuMapper.selectList - <==      Total: 22
2026-08-07 20:34:42.446 [http-nio-8080-exec-10] DEBUG o.s.security.web.FilterChainProxy - Securing GET /dashboard/stats
2026-08-07 20:34:42.448 [http-nio-8080-exec-10] DEBUG c.p.mapper.SysUserMapper.selectList - ==>  Preparing: SELECT id,username,password,nickname,email,phone,status,create_time,update_time,version FROM sys_user WHERE (username = ?)
2026-08-07 20:34:42.449 [http-nio-8080-exec-10] DEBUG c.p.mapper.SysUserMapper.selectList - ==> Parameters: admin(String)
2026-08-07 20:34:42.450 [http-nio-8080-exec-10] DEBUG c.p.mapper.SysUserMapper.selectList - <==      Total: 1
2026-08-07 20:34:42.450 [http-nio-8080-exec-10] DEBUG c.p.m.SysUserRoleMapper.selectList - ==>  Preparing: SELECT id,user_id,role_id FROM sys_user_role WHERE (user_id = ?)
2026-08-07 20:34:42.450 [http-nio-8080-exec-10] DEBUG c.p.m.SysUserRoleMapper.selectList - ==> Parameters: 1(Long)
2026-08-07 20:34:42.451 [http-nio-8080-exec-10] DEBUG c.p.m.SysUserRoleMapper.selectList - <==      Total: 1
2026-08-07 20:34:42.451 [http-nio-8080-exec-10] DEBUG c.p.mapper.SysRoleMapper.selectById - ==>  Preparing: SELECT id,name,code,description,status,create_time,update_time,version FROM sys_role WHERE id=?
2026-08-07 20:34:42.451 [http-nio-8080-exec-10] DEBUG c.p.mapper.SysRoleMapper.selectById - ==> Parameters: 1(Long)
2026-08-07 20:34:42.451 [http-nio-8080-exec-10] DEBUG c.p.mapper.SysRoleMapper.selectById - <==      Total: 1
2026-08-07 20:34:42.451 [http-nio-8080-exec-10] DEBUG c.p.m.S.selectMenuByRoleId - ==>  Preparing: SELECT m.* FROM sys_menu m INNER JOIN sys_role_menu rm ON m.id = rm.menu_id WHERE rm.role_id = ?
2026-08-07 20:34:42.451 [http-nio-8080-exec-10] DEBUG c.p.m.S.selectMenuByRoleId - ==> Parameters: 1(Long)
2026-08-07 20:34:42.454 [http-nio-8080-exec-10] DEBUG c.p.m.S.selectMenuByRoleId - <==      Total: 22
2026-08-07 20:34:42.455 [http-nio-8080-exec-10] DEBUG o.s.security.web.FilterChainProxy - Secured GET /dashboard/stats
2026-08-07 20:34:42.456 [http-nio-8080-exec-10] DEBUG c.p.mapper.SysUserMapper.selectCount - ==>  Preparing: SELECT COUNT( * ) AS total FROM sys_user
2026-08-07 20:34:42.456 [http-nio-8080-exec-10] DEBUG c.p.mapper.SysUserMapper.selectCount - ==> Parameters: 
2026-08-07 20:34:42.458 [http-nio-8080-exec-10] DEBUG c.p.mapper.SysUserMapper.selectCount - <==      Total: 1
2026-08-07 20:34:42.458 [http-nio-8080-exec-10] DEBUG c.p.mapper.SysRoleMapper.selectCount - ==>  Preparing: SELECT COUNT( * ) AS total FROM sys_role
2026-08-07 20:34:42.458 [http-nio-8080-exec-10] DEBUG c.p.mapper.SysRoleMapper.selectCount - ==> Parameters: 
2026-08-07 20:34:42.460 [http-nio-8080-exec-10] DEBUG c.p.mapper.SysRoleMapper.selectCount - <==      Total: 1
2026-08-07 20:34:42.461 [http-nio-8080-exec-10] DEBUG c.p.mapper.SysMenuMapper.selectCount - ==>  Preparing: SELECT COUNT( * ) AS total FROM sys_menu
2026-08-07 20:34:42.461 [http-nio-8080-exec-10] DEBUG c.p.mapper.SysMenuMapper.selectCount - ==> Parameters: 
2026-08-07 20:34:42.461 [http-nio-8080-exec-10] DEBUG c.p.mapper.SysMenuMapper.selectCount - <==      Total: 1
2026-08-07 20:34:49.046 [SpringApplicationShutdownHook] INFO  com.zaxxer.hikari.HikariDataSource - HikariPool-1 - Shutdown initiated...
2026-08-07 20:34:49.051 [SpringApplicationShutdownHook] INFO  com.zaxxer.hikari.HikariDataSource - HikariPool-1 - Shutdown completed.
2026-08-07 20:34:52.710 [background-preinit] INFO  o.h.validator.internal.util.Version - HV000001: Hibernate Validator 8.0.1.Final
2026-08-07 20:34:52.739 [main] INFO  com.pes.PesApplication - Starting PesApplication using Java 17.0.12 with PID 7632 (E:\PES\pes-java\target\classes started by ASUS in E:\PES)
2026-08-07 20:34:52.739 [main] DEBUG com.pes.PesApplication - Running with Spring Boot v3.2.0, Spring v6.1.1
2026-08-07 20:34:52.740 [main] INFO  com.pes.PesApplication - The following 1 profile is active: "dev"
2026-08-07 20:34:53.246 [main] INFO  o.s.d.r.c.RepositoryConfigurationDelegate - Multiple Spring Data modules found, entering strict repository configuration mode
2026-08-07 20:34:53.247 [main] INFO  o.s.d.r.c.RepositoryConfigurationDelegate - Bootstrapping Spring Data Redis repositories in DEFAULT mode.
2026-08-07 20:34:53.273 [main] INFO  o.s.d.r.c.RepositoryConfigurationDelegate - Finished Spring Data repository scanning in 16 ms. Found 0 Redis repository interfaces.
2026-08-07 20:34:53.817 [main] INFO  o.s.b.w.e.tomcat.TomcatWebServer - Tomcat initialized with port 8080 (http)
2026-08-07 20:34:53.823 [main] INFO  o.a.coyote.http11.Http11NioProtocol - Initializing ProtocolHandler ["http-nio-8080"]
2026-08-07 20:34:53.824 [main] INFO  o.a.catalina.core.StandardService - Starting service [Tomcat]
2026-08-07 20:34:53.824 [main] INFO  o.a.catalina.core.StandardEngine - Starting Servlet engine: [Apache Tomcat/10.1.16]
2026-08-07 20:34:53.871 [main] INFO  o.a.c.c.C.[Tomcat].[localhost].[/] - Initializing Spring embedded WebApplicationContext
2026-08-07 20:34:53.872 [main] INFO  o.s.b.w.s.c.ServletWebServerApplicationContext - Root WebApplicationContext: initialization completed in 1102 ms
2026-08-07 20:34:53.999 [main] INFO  com.zaxxer.hikari.HikariDataSource - HikariPool-1 - Starting...
2026-08-07 20:34:54.205 [main] INFO  com.zaxxer.hikari.pool.HikariPool - HikariPool-1 - Added connection com.mysql.cj.jdbc.ConnectionImpl@401926df
2026-08-07 20:34:54.207 [main] INFO  com.zaxxer.hikari.HikariDataSource - HikariPool-1 - Start completed.
2026-08-07 20:34:54.421 [main] DEBUG c.p.s.filter.JwtAuthenticationFilter - Filter 'jwtAuthenticationFilter' configured for use
2026-08-07 20:34:54.970 [main] INFO  com.pes.utils.RedisUtils - Redis 连接成功
2026-08-07 20:34:55.309 [main] INFO  o.s.s.web.DefaultSecurityFilterChain - Will secure any request with [org.springframework.security.web.session.DisableEncodeUrlFilter@65294247, org.springframework.security.web.context.request.async.WebAsyncManagerIntegrationFilter@4a7ac98b, org.springframework.security.web.context.SecurityContextHolderFilter@3113595e, org.springframework.security.web.header.HeaderWriterFilter@f391e52, org.springframework.web.filter.CorsFilter@2570b316, com.pes.security.filter.JwtAuthenticationFilter@22899683, org.springframework.security.web.savedrequest.RequestCacheAwareFilter@7091a016, org.springframework.security.web.servletapi.SecurityContextHolderAwareRequestFilter@14580edc, org.springframework.security.web.authentication.AnonymousAuthenticationFilter@35e3f3b8, org.springframework.security.web.session.SessionManagementFilter@3182143c, org.springframework.security.web.access.ExceptionTranslationFilter@71ac5723, org.springframework.security.web.access.intercept.AuthorizationFilter@78f1d29]
2026-08-07 20:34:55.543 [main] INFO  o.a.coyote.http11.Http11NioProtocol - Starting ProtocolHandler ["http-nio-8080"]
2026-08-07 20:34:55.552 [main] INFO  o.s.b.w.e.tomcat.TomcatWebServer - Tomcat started on port 8080 (http) with context path ''
2026-08-07 20:34:55.557 [main] INFO  com.pes.PesApplication - Started PesApplication in 3.199 seconds (process running for 3.796)
2026-08-07 20:35:00.099 [http-nio-8080-exec-1] INFO  o.a.c.c.C.[Tomcat].[localhost].[/] - Initializing Spring DispatcherServlet 'dispatcherServlet'
2026-08-07 20:35:00.099 [http-nio-8080-exec-1] INFO  o.s.web.servlet.DispatcherServlet - Initializing Servlet 'dispatcherServlet'
2026-08-07 20:35:00.101 [http-nio-8080-exec-1] INFO  o.s.web.servlet.DispatcherServlet - Completed initialization in 2 ms
2026-08-07 20:35:00.107 [http-nio-8080-exec-1] DEBUG o.s.security.web.FilterChainProxy - Securing GET /menus/tree
2026-08-07 20:35:00.236 [http-nio-8080-exec-1] DEBUG c.p.mapper.SysUserMapper.selectList - ==>  Preparing: SELECT id,username,password,nickname,email,phone,status,create_time,update_time,version FROM sys_user WHERE (username = ?)
2026-08-07 20:35:00.245 [http-nio-8080-exec-1] DEBUG c.p.mapper.SysUserMapper.selectList - ==> Parameters: admin(String)
2026-08-07 20:35:00.262 [http-nio-8080-exec-1] DEBUG c.p.mapper.SysUserMapper.selectList - <==      Total: 1
2026-08-07 20:35:00.262 [http-nio-8080-exec-1] DEBUG c.p.m.SysUserRoleMapper.selectList - ==>  Preparing: SELECT id,user_id,role_id FROM sys_user_role WHERE (user_id = ?)
2026-08-07 20:35:00.262 [http-nio-8080-exec-1] DEBUG c.p.m.SysUserRoleMapper.selectList - ==> Parameters: 1(Long)
2026-08-07 20:35:00.262 [http-nio-8080-exec-1] DEBUG c.p.m.SysUserRoleMapper.selectList - <==      Total: 1
2026-08-07 20:35:00.262 [http-nio-8080-exec-1] DEBUG c.p.mapper.SysRoleMapper.selectById - ==>  Preparing: SELECT id,name,code,description,status,create_time,update_time,version FROM sys_role WHERE id=?
2026-08-07 20:35:00.262 [http-nio-8080-exec-1] DEBUG c.p.mapper.SysRoleMapper.selectById - ==> Parameters: 1(Long)
2026-08-07 20:35:00.272 [http-nio-8080-exec-1] DEBUG c.p.mapper.SysRoleMapper.selectById - <==      Total: 1
2026-08-07 20:35:00.272 [http-nio-8080-exec-1] DEBUG c.p.m.S.selectMenuByRoleId - ==>  Preparing: SELECT m.* FROM sys_menu m INNER JOIN sys_role_menu rm ON m.id = rm.menu_id WHERE rm.role_id = ?
2026-08-07 20:35:00.272 [http-nio-8080-exec-1] DEBUG c.p.m.S.selectMenuByRoleId - ==> Parameters: 1(Long)
2026-08-07 20:35:00.277 [http-nio-8080-exec-1] DEBUG c.p.m.S.selectMenuByRoleId - <==      Total: 22
2026-08-07 20:35:00.282 [http-nio-8080-exec-1] DEBUG o.s.security.web.FilterChainProxy - Secured GET /menus/tree
2026-08-07 20:35:00.304 [http-nio-8080-exec-1] DEBUG c.p.mapper.SysMenuMapper.selectList - ==>  Preparing: SELECT id,parent_id,name,path,component,icon,permission,sort,type,status,create_time,update_time,version FROM sys_menu ORDER BY sort ASC
2026-08-07 20:35:00.304 [http-nio-8080-exec-1] DEBUG c.p.mapper.SysMenuMapper.selectList - ==> Parameters: 
2026-08-07 20:35:00.307 [http-nio-8080-exec-1] DEBUG c.p.mapper.SysMenuMapper.selectList - <==      Total: 22
2026-08-07 20:35:00.415 [http-nio-8080-exec-2] DEBUG o.s.security.web.FilterChainProxy - Securing GET /dashboard/stats
2026-08-07 20:35:00.418 [http-nio-8080-exec-2] DEBUG c.p.mapper.SysUserMapper.selectList - ==>  Preparing: SELECT id,username,password,nickname,email,phone,status,create_time,update_time,version FROM sys_user WHERE (username = ?)
2026-08-07 20:35:00.418 [http-nio-8080-exec-2] DEBUG c.p.mapper.SysUserMapper.selectList - ==> Parameters: admin(String)
2026-08-07 20:35:00.420 [http-nio-8080-exec-2] DEBUG c.p.mapper.SysUserMapper.selectList - <==      Total: 1
2026-08-07 20:35:00.422 [http-nio-8080-exec-2] DEBUG c.p.m.SysUserRoleMapper.selectList - ==>  Preparing: SELECT id,user_id,role_id FROM sys_user_role WHERE (user_id = ?)
2026-08-07 20:35:00.422 [http-nio-8080-exec-2] DEBUG c.p.m.SysUserRoleMapper.selectList - ==> Parameters: 1(Long)
2026-08-07 20:35:00.425 [http-nio-8080-exec-2] DEBUG c.p.m.SysUserRoleMapper.selectList - <==      Total: 1
2026-08-07 20:35:00.425 [http-nio-8080-exec-2] DEBUG c.p.mapper.SysRoleMapper.selectById - ==>  Preparing: SELECT id,name,code,description,status,create_time,update_time,version FROM sys_role WHERE id=?
2026-08-07 20:35:00.425 [http-nio-8080-exec-2] DEBUG c.p.mapper.SysRoleMapper.selectById - ==> Parameters: 1(Long)
2026-08-07 20:35:00.427 [http-nio-8080-exec-2] DEBUG c.p.mapper.SysRoleMapper.selectById - <==      Total: 1
2026-08-07 20:35:00.428 [http-nio-8080-exec-2] DEBUG c.p.m.S.selectMenuByRoleId - ==>  Preparing: SELECT m.* FROM sys_menu m INNER JOIN sys_role_menu rm ON m.id = rm.menu_id WHERE rm.role_id = ?
2026-08-07 20:35:00.428 [http-nio-8080-exec-2] DEBUG c.p.m.S.selectMenuByRoleId - ==> Parameters: 1(Long)
2026-08-07 20:35:00.433 [http-nio-8080-exec-2] DEBUG c.p.m.S.selectMenuByRoleId - <==      Total: 22
2026-08-07 20:35:00.433 [http-nio-8080-exec-2] DEBUG o.s.security.web.FilterChainProxy - Secured GET /dashboard/stats
2026-08-07 20:35:00.433 [http-nio-8080-exec-2] DEBUG c.p.mapper.SysUserMapper.selectCount - ==>  Preparing: SELECT COUNT( * ) AS total FROM sys_user
2026-08-07 20:35:00.433 [http-nio-8080-exec-2] DEBUG c.p.mapper.SysUserMapper.selectCount - ==> Parameters: 
2026-08-07 20:35:00.438 [http-nio-8080-exec-2] DEBUG c.p.mapper.SysUserMapper.selectCount - <==      Total: 1
2026-08-07 20:35:00.439 [http-nio-8080-exec-2] DEBUG c.p.mapper.SysRoleMapper.selectCount - ==>  Preparing: SELECT COUNT( * ) AS total FROM sys_role
2026-08-07 20:35:00.439 [http-nio-8080-exec-2] DEBUG c.p.mapper.SysRoleMapper.selectCount - ==> Parameters: 
2026-08-07 20:35:00.439 [http-nio-8080-exec-2] DEBUG c.p.mapper.SysRoleMapper.selectCount - <==      Total: 1
2026-08-07 20:35:00.439 [http-nio-8080-exec-2] DEBUG c.p.mapper.SysMenuMapper.selectCount - ==>  Preparing: SELECT COUNT( * ) AS total FROM sys_menu WHERE (type = ?)
2026-08-07 20:35:00.439 [http-nio-8080-exec-2] DEBUG c.p.mapper.SysMenuMapper.selectCount - ==> Parameters: 1(Integer)
2026-08-07 20:35:00.444 [http-nio-8080-exec-2] DEBUG c.p.mapper.SysMenuMapper.selectCount - <==      Total: 1
2026-08-07 20:37:50.429 [SpringApplicationShutdownHook] INFO  com.zaxxer.hikari.HikariDataSource - HikariPool-1 - Shutdown initiated...
2026-08-07 20:37:50.434 [SpringApplicationShutdownHook] INFO  com.zaxxer.hikari.HikariDataSource - HikariPool-1 - Shutdown completed.
2026-08-07 20:37:53.973 [background-preinit] INFO  o.h.validator.internal.util.Version - HV000001: Hibernate Validator 8.0.1.Final
2026-08-07 20:37:54.002 [main] INFO  com.pes.PesApplication - Starting PesApplication using Java 17.0.12 with PID 33240 (E:\PES\pes-java\target\classes started by ASUS in E:\PES)
2026-08-07 20:37:54.002 [main] DEBUG com.pes.PesApplication - Running with Spring Boot v3.2.0, Spring v6.1.1
2026-08-07 20:37:54.002 [main] INFO  com.pes.PesApplication - The following 1 profile is active: "dev"
2026-08-07 20:37:54.508 [main] INFO  o.s.d.r.c.RepositoryConfigurationDelegate - Multiple Spring Data modules found, entering strict repository configuration mode
2026-08-07 20:37:54.510 [main] INFO  o.s.d.r.c.RepositoryConfigurationDelegate - Bootstrapping Spring Data Redis repositories in DEFAULT mode.
2026-08-07 20:37:54.537 [main] INFO  o.s.d.r.c.RepositoryConfigurationDelegate - Finished Spring Data repository scanning in 16 ms. Found 0 Redis repository interfaces.
2026-08-07 20:37:55.077 [main] INFO  o.s.b.w.e.tomcat.TomcatWebServer - Tomcat initialized with port 8080 (http)
2026-08-07 20:37:55.082 [main] INFO  o.a.coyote.http11.Http11NioProtocol - Initializing ProtocolHandler ["http-nio-8080"]
2026-08-07 20:37:55.084 [main] INFO  o.a.catalina.core.StandardService - Starting service [Tomcat]
2026-08-07 20:37:55.084 [main] INFO  o.a.catalina.core.StandardEngine - Starting Servlet engine: [Apache Tomcat/10.1.16]
2026-08-07 20:37:55.130 [main] INFO  o.a.c.c.C.[Tomcat].[localhost].[/] - Initializing Spring embedded WebApplicationContext
2026-08-07 20:37:55.131 [main] INFO  o.s.b.w.s.c.ServletWebServerApplicationContext - Root WebApplicationContext: initialization completed in 1098 ms
2026-08-07 20:37:55.254 [main] INFO  com.zaxxer.hikari.HikariDataSource - HikariPool-1 - Starting...
2026-08-07 20:37:55.468 [main] INFO  com.zaxxer.hikari.pool.HikariPool - HikariPool-1 - Added connection com.mysql.cj.jdbc.ConnectionImpl@31b6b0c7
2026-08-07 20:37:55.470 [main] INFO  com.zaxxer.hikari.HikariDataSource - HikariPool-1 - Start completed.
2026-08-07 20:37:55.685 [main] DEBUG c.p.s.filter.JwtAuthenticationFilter - Filter 'jwtAuthenticationFilter' configured for use
2026-08-07 20:37:56.245 [main] INFO  com.pes.utils.RedisUtils - Redis 连接成功
2026-08-07 20:37:56.584 [main] INFO  o.s.s.web.DefaultSecurityFilterChain - Will secure any request with [org.springframework.security.web.session.DisableEncodeUrlFilter@18d14de3, org.springframework.security.web.context.request.async.WebAsyncManagerIntegrationFilter@469bd719, org.springframework.security.web.context.SecurityContextHolderFilter@5e8e02a3, org.springframework.security.web.header.HeaderWriterFilter@4fea9f19, org.springframework.web.filter.CorsFilter@18513c23, com.pes.security.filter.JwtAuthenticationFilter@66a472b9, org.springframework.security.web.savedrequest.RequestCacheAwareFilter@66576bd2, org.springframework.security.web.servletapi.SecurityContextHolderAwareRequestFilter@51bc649e, org.springframework.security.web.authentication.AnonymousAuthenticationFilter@15405ba1, org.springframework.security.web.session.SessionManagementFilter@14580edc, org.springframework.security.web.access.ExceptionTranslationFilter@6e466fdf, org.springframework.security.web.access.intercept.AuthorizationFilter@2eafb4e7]
2026-08-07 20:37:56.821 [main] INFO  o.a.coyote.http11.Http11NioProtocol - Starting ProtocolHandler ["http-nio-8080"]
2026-08-07 20:37:56.830 [main] INFO  o.s.b.w.e.tomcat.TomcatWebServer - Tomcat started on port 8080 (http) with context path ''
2026-08-07 20:37:56.835 [main] INFO  com.pes.PesApplication - Started PesApplication in 3.233 seconds (process running for 3.876)
2026-08-07 20:38:01.438 [http-nio-8080-exec-1] INFO  o.a.c.c.C.[Tomcat].[localhost].[/] - Initializing Spring DispatcherServlet 'dispatcherServlet'
2026-08-07 20:38:01.438 [http-nio-8080-exec-1] INFO  o.s.web.servlet.DispatcherServlet - Initializing Servlet 'dispatcherServlet'
2026-08-07 20:38:01.439 [http-nio-8080-exec-1] INFO  o.s.web.servlet.DispatcherServlet - Completed initialization in 1 ms
2026-08-07 20:38:01.445 [http-nio-8080-exec-1] DEBUG o.s.security.web.FilterChainProxy - Securing GET /menus/tree
2026-08-07 20:38:01.566 [http-nio-8080-exec-1] DEBUG c.p.mapper.SysUserMapper.selectList - ==>  Preparing: SELECT id,username,password,nickname,email,phone,status,create_time,update_time,version FROM sys_user WHERE (username = ?)
2026-08-07 20:38:01.578 [http-nio-8080-exec-1] DEBUG c.p.mapper.SysUserMapper.selectList - ==> Parameters: admin(String)
2026-08-07 20:38:01.594 [http-nio-8080-exec-1] DEBUG c.p.mapper.SysUserMapper.selectList - <==      Total: 1
2026-08-07 20:38:01.597 [http-nio-8080-exec-1] DEBUG c.p.m.SysUserRoleMapper.selectList - ==>  Preparing: SELECT id,user_id,role_id FROM sys_user_role WHERE (user_id = ?)
2026-08-07 20:38:01.597 [http-nio-8080-exec-1] DEBUG c.p.m.SysUserRoleMapper.selectList - ==> Parameters: 1(Long)
2026-08-07 20:38:01.601 [http-nio-8080-exec-1] DEBUG c.p.m.SysUserRoleMapper.selectList - <==      Total: 1
2026-08-07 20:38:01.601 [http-nio-8080-exec-1] DEBUG c.p.mapper.SysRoleMapper.selectById - ==>  Preparing: SELECT id,name,code,description,status,create_time,update_time,version FROM sys_role WHERE id=?
2026-08-07 20:38:01.601 [http-nio-8080-exec-1] DEBUG c.p.mapper.SysRoleMapper.selectById - ==> Parameters: 1(Long)
2026-08-07 20:38:01.601 [http-nio-8080-exec-1] DEBUG c.p.mapper.SysRoleMapper.selectById - <==      Total: 1
2026-08-07 20:38:01.601 [http-nio-8080-exec-1] DEBUG c.p.m.S.selectMenuByRoleId - ==>  Preparing: SELECT m.* FROM sys_menu m INNER JOIN sys_role_menu rm ON m.id = rm.menu_id WHERE rm.role_id = ?
2026-08-07 20:38:01.601 [http-nio-8080-exec-1] DEBUG c.p.m.S.selectMenuByRoleId - ==> Parameters: 1(Long)
2026-08-07 20:38:01.610 [http-nio-8080-exec-1] DEBUG c.p.m.S.selectMenuByRoleId - <==      Total: 22
2026-08-07 20:38:01.618 [http-nio-8080-exec-1] DEBUG o.s.security.web.FilterChainProxy - Secured GET /menus/tree
2026-08-07 20:38:01.630 [http-nio-8080-exec-1] DEBUG c.p.mapper.SysMenuMapper.selectList - ==>  Preparing: SELECT id,parent_id,name,path,component,icon,permission,sort,type,status,create_time,update_time,version FROM sys_menu ORDER BY sort ASC
2026-08-07 20:38:01.630 [http-nio-8080-exec-1] DEBUG c.p.mapper.SysMenuMapper.selectList - ==> Parameters: 
2026-08-07 20:38:01.639 [http-nio-8080-exec-1] DEBUG c.p.mapper.SysMenuMapper.selectList - <==      Total: 22
2026-08-07 20:38:01.762 [http-nio-8080-exec-3] DEBUG o.s.security.web.FilterChainProxy - Securing GET /dashboard/stats
2026-08-07 20:38:01.766 [http-nio-8080-exec-3] DEBUG c.p.mapper.SysUserMapper.selectList - ==>  Preparing: SELECT id,username,password,nickname,email,phone,status,create_time,update_time,version FROM sys_user WHERE (username = ?)
2026-08-07 20:38:01.766 [http-nio-8080-exec-3] DEBUG c.p.mapper.SysUserMapper.selectList - ==> Parameters: admin(String)
2026-08-07 20:38:01.768 [http-nio-8080-exec-3] DEBUG c.p.mapper.SysUserMapper.selectList - <==      Total: 1
2026-08-07 20:38:01.768 [http-nio-8080-exec-3] DEBUG c.p.m.SysUserRoleMapper.selectList - ==>  Preparing: SELECT id,user_id,role_id FROM sys_user_role WHERE (user_id = ?)
2026-08-07 20:38:01.768 [http-nio-8080-exec-3] DEBUG c.p.m.SysUserRoleMapper.selectList - ==> Parameters: 1(Long)
2026-08-07 20:38:01.768 [http-nio-8080-exec-3] DEBUG c.p.m.SysUserRoleMapper.selectList - <==      Total: 1
2026-08-07 20:38:01.773 [http-nio-8080-exec-3] DEBUG c.p.mapper.SysRoleMapper.selectById - ==>  Preparing: SELECT id,name,code,description,status,create_time,update_time,version FROM sys_role WHERE id=?
2026-08-07 20:38:01.773 [http-nio-8080-exec-3] DEBUG c.p.mapper.SysRoleMapper.selectById - ==> Parameters: 1(Long)
2026-08-07 20:38:01.775 [http-nio-8080-exec-3] DEBUG c.p.mapper.SysRoleMapper.selectById - <==      Total: 1
2026-08-07 20:38:01.775 [http-nio-8080-exec-3] DEBUG c.p.m.S.selectMenuByRoleId - ==>  Preparing: SELECT m.* FROM sys_menu m INNER JOIN sys_role_menu rm ON m.id = rm.menu_id WHERE rm.role_id = ?
2026-08-07 20:38:01.776 [http-nio-8080-exec-3] DEBUG c.p.m.S.selectMenuByRoleId - ==> Parameters: 1(Long)
2026-08-07 20:38:01.778 [http-nio-8080-exec-3] DEBUG c.p.m.S.selectMenuByRoleId - <==      Total: 22
2026-08-07 20:38:01.781 [http-nio-8080-exec-3] DEBUG o.s.security.web.FilterChainProxy - Secured GET /dashboard/stats
2026-08-07 20:38:01.781 [http-nio-8080-exec-3] DEBUG c.p.mapper.SysUserMapper.selectCount - ==>  Preparing: SELECT COUNT( * ) AS total FROM sys_user
2026-08-07 20:38:01.781 [http-nio-8080-exec-3] DEBUG c.p.mapper.SysUserMapper.selectCount - ==> Parameters: 
2026-08-07 20:38:01.784 [http-nio-8080-exec-3] DEBUG c.p.mapper.SysUserMapper.selectCount - <==      Total: 1
2026-08-07 20:38:01.785 [http-nio-8080-exec-3] DEBUG c.p.mapper.SysRoleMapper.selectCount - ==>  Preparing: SELECT COUNT( * ) AS total FROM sys_role
2026-08-07 20:38:01.785 [http-nio-8080-exec-3] DEBUG c.p.mapper.SysRoleMapper.selectCount - ==> Parameters: 
2026-08-07 20:38:01.786 [http-nio-8080-exec-3] DEBUG c.p.mapper.SysRoleMapper.selectCount - <==      Total: 1
2026-08-07 20:38:01.788 [http-nio-8080-exec-3] DEBUG c.p.mapper.SysMenuMapper.selectCount - ==>  Preparing: SELECT COUNT( * ) AS total FROM sys_menu WHERE (type = ? AND component IS NOT NULL AND component <> ? AND component <> ?)
2026-08-07 20:38:01.788 [http-nio-8080-exec-3] DEBUG c.p.mapper.SysMenuMapper.selectCount - ==> Parameters: 1(Integer), (String), Layout(String)
2026-08-07 20:38:01.788 [http-nio-8080-exec-3] DEBUG c.p.mapper.SysMenuMapper.selectCount - <==      Total: 1
2026-08-07 20:53:32.972 [http-nio-8080-exec-2] DEBUG o.s.security.web.FilterChainProxy - Securing GET /menus/tree
2026-08-07 20:53:32.986 [http-nio-8080-exec-2] DEBUG c.p.mapper.SysUserMapper.selectList - ==>  Preparing: SELECT id,username,password,nickname,email,phone,status,create_time,update_time,version FROM sys_user WHERE (username = ?)
2026-08-07 20:53:32.987 [http-nio-8080-exec-2] DEBUG c.p.mapper.SysUserMapper.selectList - ==> Parameters: admin(String)
2026-08-07 20:53:32.989 [http-nio-8080-exec-2] DEBUG c.p.mapper.SysUserMapper.selectList - <==      Total: 1
2026-08-07 20:53:32.993 [http-nio-8080-exec-2] DEBUG c.p.m.SysUserRoleMapper.selectList - ==>  Preparing: SELECT id,user_id,role_id FROM sys_user_role WHERE (user_id = ?)
2026-08-07 20:53:32.994 [http-nio-8080-exec-2] DEBUG c.p.m.SysUserRoleMapper.selectList - ==> Parameters: 1(Long)
2026-08-07 20:53:32.995 [http-nio-8080-exec-2] DEBUG c.p.m.SysUserRoleMapper.selectList - <==      Total: 1
2026-08-07 20:53:32.996 [http-nio-8080-exec-2] DEBUG c.p.mapper.SysRoleMapper.selectById - ==>  Preparing: SELECT id,name,code,description,status,create_time,update_time,version FROM sys_role WHERE id=?
2026-08-07 20:53:32.998 [http-nio-8080-exec-2] DEBUG c.p.mapper.SysRoleMapper.selectById - ==> Parameters: 1(Long)
2026-08-07 20:53:33.001 [http-nio-8080-exec-2] DEBUG c.p.mapper.SysRoleMapper.selectById - <==      Total: 1
2026-08-07 20:53:33.004 [http-nio-8080-exec-2] DEBUG c.p.m.S.selectMenuByRoleId - ==>  Preparing: SELECT m.* FROM sys_menu m INNER JOIN sys_role_menu rm ON m.id = rm.menu_id WHERE rm.role_id = ?
2026-08-07 20:53:33.006 [http-nio-8080-exec-2] DEBUG c.p.m.S.selectMenuByRoleId - ==> Parameters: 1(Long)
2026-08-07 20:53:33.011 [http-nio-8080-exec-2] DEBUG c.p.m.S.selectMenuByRoleId - <==      Total: 22
2026-08-07 20:53:33.013 [http-nio-8080-exec-2] DEBUG o.s.security.web.FilterChainProxy - Secured GET /menus/tree
2026-08-07 20:53:33.017 [http-nio-8080-exec-2] DEBUG c.p.mapper.SysMenuMapper.selectList - ==>  Preparing: SELECT id,parent_id,name,path,component,icon,permission,sort,type,status,create_time,update_time,version FROM sys_menu ORDER BY sort ASC
2026-08-07 20:53:33.017 [http-nio-8080-exec-2] DEBUG c.p.mapper.SysMenuMapper.selectList - ==> Parameters: 
2026-08-07 20:53:33.017 [http-nio-8080-exec-2] DEBUG c.p.mapper.SysMenuMapper.selectList - <==      Total: 22
2026-08-07 20:53:33.205 [http-nio-8080-exec-4] DEBUG o.s.security.web.FilterChainProxy - Securing GET /dashboard/stats
2026-08-07 20:53:33.213 [http-nio-8080-exec-4] DEBUG c.p.mapper.SysUserMapper.selectList - ==>  Preparing: SELECT id,username,password,nickname,email,phone,status,create_time,update_time,version FROM sys_user WHERE (username = ?)
2026-08-07 20:53:33.213 [http-nio-8080-exec-4] DEBUG c.p.mapper.SysUserMapper.selectList - ==> Parameters: admin(String)
2026-08-07 20:53:33.217 [http-nio-8080-exec-4] DEBUG c.p.mapper.SysUserMapper.selectList - <==      Total: 1
2026-08-07 20:53:33.221 [http-nio-8080-exec-4] DEBUG c.p.m.SysUserRoleMapper.selectList - ==>  Preparing: SELECT id,user_id,role_id FROM sys_user_role WHERE (user_id = ?)
2026-08-07 20:53:33.221 [http-nio-8080-exec-4] DEBUG c.p.m.SysUserRoleMapper.selectList - ==> Parameters: 1(Long)
2026-08-07 20:53:33.221 [http-nio-8080-exec-4] DEBUG c.p.m.SysUserRoleMapper.selectList - <==      Total: 1
2026-08-07 20:53:33.221 [http-nio-8080-exec-4] DEBUG c.p.mapper.SysRoleMapper.selectById - ==>  Preparing: SELECT id,name,code,description,status,create_time,update_time,version FROM sys_role WHERE id=?
2026-08-07 20:53:33.221 [http-nio-8080-exec-4] DEBUG c.p.mapper.SysRoleMapper.selectById - ==> Parameters: 1(Long)
2026-08-07 20:53:33.228 [http-nio-8080-exec-4] DEBUG c.p.mapper.SysRoleMapper.selectById - <==      Total: 1
2026-08-07 20:53:33.228 [http-nio-8080-exec-4] DEBUG c.p.m.S.selectMenuByRoleId - ==>  Preparing: SELECT m.* FROM sys_menu m INNER JOIN sys_role_menu rm ON m.id = rm.menu_id WHERE rm.role_id = ?
2026-08-07 20:53:33.229 [http-nio-8080-exec-4] DEBUG c.p.m.S.selectMenuByRoleId - ==> Parameters: 1(Long)
2026-08-07 20:53:33.233 [http-nio-8080-exec-4] DEBUG c.p.m.S.selectMenuByRoleId - <==      Total: 22
2026-08-07 20:53:33.238 [http-nio-8080-exec-4] DEBUG o.s.security.web.FilterChainProxy - Secured GET /dashboard/stats
2026-08-07 20:53:33.241 [http-nio-8080-exec-4] DEBUG c.p.mapper.SysUserMapper.selectCount - ==>  Preparing: SELECT COUNT( * ) AS total FROM sys_user
2026-08-07 20:53:33.242 [http-nio-8080-exec-4] DEBUG c.p.mapper.SysUserMapper.selectCount - ==> Parameters: 
2026-08-07 20:53:33.248 [http-nio-8080-exec-4] DEBUG c.p.mapper.SysUserMapper.selectCount - <==      Total: 1
2026-08-07 20:53:33.248 [http-nio-8080-exec-4] DEBUG c.p.mapper.SysRoleMapper.selectCount - ==>  Preparing: SELECT COUNT( * ) AS total FROM sys_role
2026-08-07 20:53:33.249 [http-nio-8080-exec-4] DEBUG c.p.mapper.SysRoleMapper.selectCount - ==> Parameters: 
2026-08-07 20:53:33.253 [http-nio-8080-exec-4] DEBUG c.p.mapper.SysRoleMapper.selectCount - <==      Total: 1
2026-08-07 20:53:33.255 [http-nio-8080-exec-4] DEBUG c.p.mapper.SysMenuMapper.selectCount - ==>  Preparing: SELECT COUNT( * ) AS total FROM sys_menu WHERE (type = ? AND component IS NOT NULL AND component <> ? AND component <> ?)
2026-08-07 20:53:33.255 [http-nio-8080-exec-4] DEBUG c.p.mapper.SysMenuMapper.selectCount - ==> Parameters: 1(Integer), (String), Layout(String)
2026-08-07 20:53:33.256 [http-nio-8080-exec-4] DEBUG c.p.mapper.SysMenuMapper.selectCount - <==      Total: 1
2026-08-07 20:53:37.660 [HikariPool-1 housekeeper] WARN  com.zaxxer.hikari.pool.HikariPool - HikariPool-1 - Thread starvation or clock leap detected (housekeeper delta=10m42s21ms983µs).
2026-08-07 21:09:02.845 [http-nio-8080-exec-5] DEBUG o.s.security.web.FilterChainProxy - Securing GET /menus/tree
2026-08-07 21:09:02.848 [http-nio-8080-exec-5] DEBUG c.p.mapper.SysUserMapper.selectList - ==>  Preparing: SELECT id,username,password,nickname,email,phone,status,create_time,update_time,version FROM sys_user WHERE (username = ?)
2026-08-07 21:09:02.848 [http-nio-8080-exec-5] DEBUG c.p.mapper.SysUserMapper.selectList - ==> Parameters: admin(String)
2026-08-07 21:09:02.850 [http-nio-8080-exec-5] DEBUG c.p.mapper.SysUserMapper.selectList - <==      Total: 1
2026-08-07 21:09:02.851 [http-nio-8080-exec-5] DEBUG c.p.m.SysUserRoleMapper.selectList - ==>  Preparing: SELECT id,user_id,role_id FROM sys_user_role WHERE (user_id = ?)
2026-08-07 21:09:02.852 [http-nio-8080-exec-5] DEBUG c.p.m.SysUserRoleMapper.selectList - ==> Parameters: 1(Long)
2026-08-07 21:09:02.853 [http-nio-8080-exec-5] DEBUG c.p.m.SysUserRoleMapper.selectList - <==      Total: 1
2026-08-07 21:09:02.853 [http-nio-8080-exec-5] DEBUG c.p.mapper.SysRoleMapper.selectById - ==>  Preparing: SELECT id,name,code,description,status,create_time,update_time,version FROM sys_role WHERE id=?
2026-08-07 21:09:02.853 [http-nio-8080-exec-5] DEBUG c.p.mapper.SysRoleMapper.selectById - ==> Parameters: 1(Long)
2026-08-07 21:09:02.855 [http-nio-8080-exec-5] DEBUG c.p.mapper.SysRoleMapper.selectById - <==      Total: 1
2026-08-07 21:09:02.856 [http-nio-8080-exec-5] DEBUG c.p.m.S.selectMenuByRoleId - ==>  Preparing: SELECT m.* FROM sys_menu m INNER JOIN sys_role_menu rm ON m.id = rm.menu_id WHERE rm.role_id = ?
2026-08-07 21:09:02.856 [http-nio-8080-exec-5] DEBUG c.p.m.S.selectMenuByRoleId - ==> Parameters: 1(Long)
2026-08-07 21:09:02.858 [http-nio-8080-exec-5] DEBUG c.p.m.S.selectMenuByRoleId - <==      Total: 22
2026-08-07 21:09:02.859 [http-nio-8080-exec-5] DEBUG o.s.security.web.FilterChainProxy - Secured GET /menus/tree
2026-08-07 21:09:02.860 [http-nio-8080-exec-5] DEBUG c.p.mapper.SysMenuMapper.selectList - ==>  Preparing: SELECT id,parent_id,name,path,component,icon,permission,sort,type,status,create_time,update_time,version FROM sys_menu ORDER BY sort ASC
2026-08-07 21:09:02.860 [http-nio-8080-exec-5] DEBUG c.p.mapper.SysMenuMapper.selectList - ==> Parameters: 
2026-08-07 21:09:02.862 [http-nio-8080-exec-5] DEBUG c.p.mapper.SysMenuMapper.selectList - <==      Total: 22
2026-08-07 21:09:02.947 [http-nio-8080-exec-6] DEBUG o.s.security.web.FilterChainProxy - Securing GET /dashboard/stats
2026-08-07 21:09:02.951 [http-nio-8080-exec-6] DEBUG c.p.mapper.SysUserMapper.selectList - ==>  Preparing: SELECT id,username,password,nickname,email,phone,status,create_time,update_time,version FROM sys_user WHERE (username = ?)
2026-08-07 21:09:02.952 [http-nio-8080-exec-6] DEBUG c.p.mapper.SysUserMapper.selectList - ==> Parameters: admin(String)
2026-08-07 21:09:02.953 [http-nio-8080-exec-6] DEBUG c.p.mapper.SysUserMapper.selectList - <==      Total: 1
2026-08-07 21:09:02.954 [http-nio-8080-exec-6] DEBUG c.p.m.SysUserRoleMapper.selectList - ==>  Preparing: SELECT id,user_id,role_id FROM sys_user_role WHERE (user_id = ?)
2026-08-07 21:09:02.954 [http-nio-8080-exec-6] DEBUG c.p.m.SysUserRoleMapper.selectList - ==> Parameters: 1(Long)
2026-08-07 21:09:02.956 [http-nio-8080-exec-6] DEBUG c.p.m.SysUserRoleMapper.selectList - <==      Total: 1
2026-08-07 21:09:02.956 [http-nio-8080-exec-6] DEBUG c.p.mapper.SysRoleMapper.selectById - ==>  Preparing: SELECT id,name,code,description,status,create_time,update_time,version FROM sys_role WHERE id=?
2026-08-07 21:09:02.956 [http-nio-8080-exec-6] DEBUG c.p.mapper.SysRoleMapper.selectById - ==> Parameters: 1(Long)
2026-08-07 21:09:02.958 [http-nio-8080-exec-6] DEBUG c.p.mapper.SysRoleMapper.selectById - <==      Total: 1
2026-08-07 21:09:02.959 [http-nio-8080-exec-6] DEBUG c.p.m.S.selectMenuByRoleId - ==>  Preparing: SELECT m.* FROM sys_menu m INNER JOIN sys_role_menu rm ON m.id = rm.menu_id WHERE rm.role_id = ?
2026-08-07 21:09:02.959 [http-nio-8080-exec-6] DEBUG c.p.m.S.selectMenuByRoleId - ==> Parameters: 1(Long)
2026-08-07 21:09:02.961 [http-nio-8080-exec-6] DEBUG c.p.m.S.selectMenuByRoleId - <==      Total: 22
2026-08-07 21:09:02.964 [http-nio-8080-exec-6] DEBUG o.s.security.web.FilterChainProxy - Secured GET /dashboard/stats
2026-08-07 21:09:02.964 [http-nio-8080-exec-6] DEBUG c.p.mapper.SysUserMapper.selectCount - ==>  Preparing: SELECT COUNT( * ) AS total FROM sys_user
2026-08-07 21:09:02.964 [http-nio-8080-exec-6] DEBUG c.p.mapper.SysUserMapper.selectCount - ==> Parameters: 
2026-08-07 21:09:02.966 [http-nio-8080-exec-6] DEBUG c.p.mapper.SysUserMapper.selectCount - <==      Total: 1
2026-08-07 21:09:02.968 [http-nio-8080-exec-6] DEBUG c.p.mapper.SysRoleMapper.selectCount - ==>  Preparing: SELECT COUNT( * ) AS total FROM sys_role
2026-08-07 21:09:02.968 [http-nio-8080-exec-6] DEBUG c.p.mapper.SysRoleMapper.selectCount - ==> Parameters: 
2026-08-07 21:09:02.969 [http-nio-8080-exec-6] DEBUG c.p.mapper.SysRoleMapper.selectCount - <==      Total: 1
2026-08-07 21:09:02.970 [http-nio-8080-exec-6] DEBUG c.p.mapper.SysMenuMapper.selectCount - ==>  Preparing: SELECT COUNT( * ) AS total FROM sys_menu WHERE (type = ? AND component IS NOT NULL AND component <> ? AND component <> ?)
2026-08-07 21:09:02.970 [http-nio-8080-exec-6] DEBUG c.p.mapper.SysMenuMapper.selectCount - ==> Parameters: 1(Integer), (String), Layout(String)
2026-08-07 21:09:02.970 [http-nio-8080-exec-6] DEBUG c.p.mapper.SysMenuMapper.selectCount - <==      Total: 1
2026-08-07 21:20:16.959 [http-nio-8080-exec-7] DEBUG o.s.security.web.FilterChainProxy - Securing GET /users/profile
2026-08-07 21:20:16.961 [http-nio-8080-exec-7] DEBUG c.p.mapper.SysUserMapper.selectList - ==>  Preparing: SELECT id,username,password,nickname,email,phone,status,create_time,update_time,version FROM sys_user WHERE (username = ?)
2026-08-07 21:20:16.961 [http-nio-8080-exec-7] DEBUG c.p.mapper.SysUserMapper.selectList - ==> Parameters: admin(String)
2026-08-07 21:20:16.962 [http-nio-8080-exec-7] DEBUG c.p.mapper.SysUserMapper.selectList - <==      Total: 1
2026-08-07 21:20:16.964 [http-nio-8080-exec-7] DEBUG c.p.m.SysUserRoleMapper.selectList - ==>  Preparing: SELECT id,user_id,role_id FROM sys_user_role WHERE (user_id = ?)
2026-08-07 21:20:16.964 [http-nio-8080-exec-7] DEBUG c.p.m.SysUserRoleMapper.selectList - ==> Parameters: 1(Long)
2026-08-07 21:20:16.966 [http-nio-8080-exec-7] DEBUG c.p.m.SysUserRoleMapper.selectList - <==      Total: 1
2026-08-07 21:20:16.966 [http-nio-8080-exec-7] DEBUG c.p.mapper.SysRoleMapper.selectById - ==>  Preparing: SELECT id,name,code,description,status,create_time,update_time,version FROM sys_role WHERE id=?
2026-08-07 21:20:16.967 [http-nio-8080-exec-7] DEBUG c.p.mapper.SysRoleMapper.selectById - ==> Parameters: 1(Long)
2026-08-07 21:20:16.968 [http-nio-8080-exec-7] DEBUG c.p.mapper.SysRoleMapper.selectById - <==      Total: 1
2026-08-07 21:20:16.968 [http-nio-8080-exec-7] DEBUG c.p.m.S.selectMenuByRoleId - ==>  Preparing: SELECT m.* FROM sys_menu m INNER JOIN sys_role_menu rm ON m.id = rm.menu_id WHERE rm.role_id = ?
2026-08-07 21:20:16.968 [http-nio-8080-exec-7] DEBUG c.p.m.S.selectMenuByRoleId - ==> Parameters: 1(Long)
2026-08-07 21:20:16.970 [http-nio-8080-exec-7] DEBUG c.p.m.S.selectMenuByRoleId - <==      Total: 22
2026-08-07 21:20:16.971 [http-nio-8080-exec-7] DEBUG o.s.security.web.FilterChainProxy - Secured GET /users/profile
2026-08-07 21:20:16.972 [http-nio-8080-exec-7] DEBUG c.p.mapper.SysUserMapper.selectList - ==>  Preparing: SELECT id,username,password,nickname,email,phone,status,create_time,update_time,version FROM sys_user WHERE (username = ?)
2026-08-07 21:20:16.972 [http-nio-8080-exec-7] DEBUG c.p.mapper.SysUserMapper.selectList - ==> Parameters: admin(String)
2026-08-07 21:20:16.973 [http-nio-8080-exec-7] DEBUG c.p.mapper.SysUserMapper.selectList - <==      Total: 1
2026-08-07 21:20:27.520 [http-nio-8080-exec-8] DEBUG o.s.security.web.FilterChainProxy - Securing GET /captcha
2026-08-07 21:20:27.520 [http-nio-8080-exec-8] DEBUG o.s.s.w.a.AnonymousAuthenticationFilter - Set SecurityContextHolder to anonymous SecurityContext
2026-08-07 21:20:27.522 [http-nio-8080-exec-8] DEBUG o.s.security.web.FilterChainProxy - Secured GET /captcha
2026-08-07 21:20:42.007 [http-nio-8080-exec-9] DEBUG o.s.security.web.FilterChainProxy - Securing POST /login
2026-08-07 21:20:42.016 [http-nio-8080-exec-9] DEBUG o.s.s.w.a.AnonymousAuthenticationFilter - Set SecurityContextHolder to anonymous SecurityContext
2026-08-07 21:20:42.016 [http-nio-8080-exec-9] DEBUG o.s.security.web.FilterChainProxy - Secured POST /login
2026-08-07 21:20:42.157 [http-nio-8080-exec-9] DEBUG c.p.mapper.SysUserMapper.selectList - ==>  Preparing: SELECT id,username,password,nickname,email,phone,status,create_time,update_time,version FROM sys_user WHERE (username = ?)
2026-08-07 21:20:42.157 [http-nio-8080-exec-9] DEBUG c.p.mapper.SysUserMapper.selectList - ==> Parameters: admin(String)
2026-08-07 21:20:42.158 [http-nio-8080-exec-9] DEBUG c.p.mapper.SysUserMapper.selectList - <==      Total: 1
2026-08-07 21:20:42.158 [http-nio-8080-exec-9] DEBUG c.p.m.SysUserRoleMapper.selectList - ==>  Preparing: SELECT id,user_id,role_id FROM sys_user_role WHERE (user_id = ?)
2026-08-07 21:20:42.158 [http-nio-8080-exec-9] DEBUG c.p.m.SysUserRoleMapper.selectList - ==> Parameters: 1(Long)
2026-08-07 21:20:42.159 [http-nio-8080-exec-9] DEBUG c.p.m.SysUserRoleMapper.selectList - <==      Total: 1
2026-08-07 21:20:42.159 [http-nio-8080-exec-9] DEBUG c.p.mapper.SysRoleMapper.selectById - ==>  Preparing: SELECT id,name,code,description,status,create_time,update_time,version FROM sys_role WHERE id=?
2026-08-07 21:20:42.159 [http-nio-8080-exec-9] DEBUG c.p.mapper.SysRoleMapper.selectById - ==> Parameters: 1(Long)
2026-08-07 21:20:42.160 [http-nio-8080-exec-9] DEBUG c.p.mapper.SysRoleMapper.selectById - <==      Total: 1
2026-08-07 21:20:42.160 [http-nio-8080-exec-9] DEBUG c.p.m.S.selectMenuByRoleId - ==>  Preparing: SELECT m.* FROM sys_menu m INNER JOIN sys_role_menu rm ON m.id = rm.menu_id WHERE rm.role_id = ?
2026-08-07 21:20:42.160 [http-nio-8080-exec-9] DEBUG c.p.m.S.selectMenuByRoleId - ==> Parameters: 1(Long)
2026-08-07 21:20:42.162 [http-nio-8080-exec-9] DEBUG c.p.m.S.selectMenuByRoleId - <==      Total: 22
2026-08-07 21:20:42.236 [http-nio-8080-exec-9] DEBUG o.s.s.a.d.DaoAuthenticationProvider - Authenticated user
2026-08-07 21:20:42.250 [http-nio-8080-exec-9] DEBUG c.p.mapper.SysUserMapper.selectList - ==>  Preparing: SELECT id,username,password,nickname,email,phone,status,create_time,update_time,version FROM sys_user WHERE (username = ?)
2026-08-07 21:20:42.251 [http-nio-8080-exec-9] DEBUG c.p.mapper.SysUserMapper.selectList - ==> Parameters: admin(String)
2026-08-07 21:20:42.252 [http-nio-8080-exec-9] DEBUG c.p.mapper.SysUserMapper.selectList - <==      Total: 1
2026-08-07 21:20:42.255 [http-nio-8080-exec-9] DEBUG c.p.m.SysUserRoleMapper.selectList - ==>  Preparing: SELECT id,user_id,role_id FROM sys_user_role WHERE (user_id = ?)
2026-08-07 21:20:42.255 [http-nio-8080-exec-9] DEBUG c.p.m.SysUserRoleMapper.selectList - ==> Parameters: 1(Long)
2026-08-07 21:20:42.256 [http-nio-8080-exec-9] DEBUG c.p.m.SysUserRoleMapper.selectList - <==      Total: 1
2026-08-07 21:20:42.256 [http-nio-8080-exec-9] DEBUG c.p.mapper.SysRoleMapper.selectById - ==>  Preparing: SELECT id,name,code,description,status,create_time,update_time,version FROM sys_role WHERE id=?
2026-08-07 21:20:42.256 [http-nio-8080-exec-9] DEBUG c.p.mapper.SysRoleMapper.selectById - ==> Parameters: 1(Long)
2026-08-07 21:20:42.257 [http-nio-8080-exec-9] DEBUG c.p.mapper.SysRoleMapper.selectById - <==      Total: 1
2026-08-07 21:20:42.257 [http-nio-8080-exec-9] DEBUG c.p.m.SysRoleMenuMapper.selectList - ==>  Preparing: SELECT id,role_id,menu_id FROM sys_role_menu WHERE (role_id = ?)
2026-08-07 21:20:42.257 [http-nio-8080-exec-9] DEBUG c.p.m.SysRoleMenuMapper.selectList - ==> Parameters: 1(Long)
2026-08-07 21:20:42.259 [http-nio-8080-exec-9] DEBUG c.p.m.SysRoleMenuMapper.selectList - <==      Total: 22
2026-08-07 21:20:42.262 [http-nio-8080-exec-9] DEBUG c.p.m.SysMenuMapper.selectBatchIds - ==>  Preparing: SELECT id,parent_id,name,path,component,icon,permission,sort,type,status,create_time,update_time,version FROM sys_menu WHERE id IN ( ? , ? , ? , ? , ? , ? , ? , ? , ? , ? , ? , ? , ? , ? , ? , ? , ? , ? , ? , ? , ? , ? )
2026-08-07 21:20:42.263 [http-nio-8080-exec-9] DEBUG c.p.m.SysMenuMapper.selectBatchIds - ==> Parameters: 1(Long), 2(Long), 3(Long), 4(Long), 5(Long), 6(Long), 7(Long), 8(Long), 9(Long), 10(Long), 11(Long), 12(Long), 13(Long), 14(Long), 15(Long), 16(Long), 17(Long), 18(Long), 19(Long), 20(Long), 21(Long), 22(Long)
2026-08-07 21:20:42.266 [http-nio-8080-exec-9] DEBUG c.p.m.SysMenuMapper.selectBatchIds - <==      Total: 22
2026-08-07 21:20:42.269 [http-nio-8080-exec-9] DEBUG c.p.mapper.SysLoginLogMapper.insert - ==>  Preparing: INSERT INTO sys_login_log ( username, status, login_time ) VALUES ( ?, ?, ? )
2026-08-07 21:20:42.270 [http-nio-8080-exec-9] DEBUG c.p.mapper.SysLoginLogMapper.insert - ==> Parameters: admin(String), 1(Integer), null
2026-08-07 21:20:42.272 [http-nio-8080-exec-9] DEBUG c.p.mapper.SysLoginLogMapper.insert - <==    Updates: 1
2026-08-07 21:20:42.341 [http-nio-8080-exec-10] DEBUG o.s.security.web.FilterChainProxy - Securing GET /dashboard/stats
2026-08-07 21:20:42.345 [http-nio-8080-exec-10] DEBUG c.p.mapper.SysUserMapper.selectList - ==>  Preparing: SELECT id,username,password,nickname,email,phone,status,create_time,update_time,version FROM sys_user WHERE (username = ?)
2026-08-07 21:20:42.346 [http-nio-8080-exec-10] DEBUG c.p.mapper.SysUserMapper.selectList - ==> Parameters: admin(String)
2026-08-07 21:20:42.347 [http-nio-8080-exec-10] DEBUG c.p.mapper.SysUserMapper.selectList - <==      Total: 1
2026-08-07 21:20:42.347 [http-nio-8080-exec-10] DEBUG c.p.m.SysUserRoleMapper.selectList - ==>  Preparing: SELECT id,user_id,role_id FROM sys_user_role WHERE (user_id = ?)
2026-08-07 21:20:42.347 [http-nio-8080-exec-10] DEBUG c.p.m.SysUserRoleMapper.selectList - ==> Parameters: 1(Long)
2026-08-07 21:20:42.348 [http-nio-8080-exec-10] DEBUG c.p.m.SysUserRoleMapper.selectList - <==      Total: 1
2026-08-07 21:20:42.348 [http-nio-8080-exec-10] DEBUG c.p.mapper.SysRoleMapper.selectById - ==>  Preparing: SELECT id,name,code,description,status,create_time,update_time,version FROM sys_role WHERE id=?
2026-08-07 21:20:42.349 [http-nio-8080-exec-10] DEBUG c.p.mapper.SysRoleMapper.selectById - ==> Parameters: 1(Long)
2026-08-07 21:20:42.349 [http-nio-8080-exec-10] DEBUG c.p.mapper.SysRoleMapper.selectById - <==      Total: 1
2026-08-07 21:20:42.349 [http-nio-8080-exec-10] DEBUG c.p.m.S.selectMenuByRoleId - ==>  Preparing: SELECT m.* FROM sys_menu m INNER JOIN sys_role_menu rm ON m.id = rm.menu_id WHERE rm.role_id = ?
2026-08-07 21:20:42.350 [http-nio-8080-exec-10] DEBUG c.p.m.S.selectMenuByRoleId - ==> Parameters: 1(Long)
2026-08-07 21:20:42.351 [http-nio-8080-exec-10] DEBUG c.p.m.S.selectMenuByRoleId - <==      Total: 22
2026-08-07 21:20:42.353 [http-nio-8080-exec-10] DEBUG o.s.security.web.FilterChainProxy - Secured GET /dashboard/stats
2026-08-07 21:20:42.355 [http-nio-8080-exec-10] DEBUG c.p.mapper.SysUserMapper.selectCount - ==>  Preparing: SELECT COUNT( * ) AS total FROM sys_user
2026-08-07 21:20:42.355 [http-nio-8080-exec-10] DEBUG c.p.mapper.SysUserMapper.selectCount - ==> Parameters: 
2026-08-07 21:20:42.357 [http-nio-8080-exec-10] DEBUG c.p.mapper.SysUserMapper.selectCount - <==      Total: 1
2026-08-07 21:20:42.358 [http-nio-8080-exec-10] DEBUG c.p.mapper.SysRoleMapper.selectCount - ==>  Preparing: SELECT COUNT( * ) AS total FROM sys_role
2026-08-07 21:20:42.358 [http-nio-8080-exec-10] DEBUG c.p.mapper.SysRoleMapper.selectCount - ==> Parameters: 
2026-08-07 21:20:42.359 [http-nio-8080-exec-10] DEBUG c.p.mapper.SysRoleMapper.selectCount - <==      Total: 1
2026-08-07 21:20:42.360 [http-nio-8080-exec-10] DEBUG c.p.mapper.SysMenuMapper.selectCount - ==>  Preparing: SELECT COUNT( * ) AS total FROM sys_menu WHERE (type = ? AND component IS NOT NULL AND component <> ? AND component <> ?)
2026-08-07 21:20:42.360 [http-nio-8080-exec-10] DEBUG c.p.mapper.SysMenuMapper.selectCount - ==> Parameters: 1(Integer), (String), Layout(String)
2026-08-07 21:20:42.361 [http-nio-8080-exec-10] DEBUG c.p.mapper.SysMenuMapper.selectCount - <==      Total: 1
2026-08-07 21:20:45.619 [http-nio-8080-exec-1] DEBUG o.s.security.web.FilterChainProxy - Securing GET /users/profile
2026-08-07 21:20:45.621 [http-nio-8080-exec-1] DEBUG c.p.mapper.SysUserMapper.selectList - ==>  Preparing: SELECT id,username,password,nickname,email,phone,status,create_time,update_time,version FROM sys_user WHERE (username = ?)
2026-08-07 21:20:45.622 [http-nio-8080-exec-1] DEBUG c.p.mapper.SysUserMapper.selectList - ==> Parameters: admin(String)
2026-08-07 21:20:45.622 [http-nio-8080-exec-1] DEBUG c.p.mapper.SysUserMapper.selectList - <==      Total: 1
2026-08-07 21:20:45.623 [http-nio-8080-exec-1] DEBUG c.p.m.SysUserRoleMapper.selectList - ==>  Preparing: SELECT id,user_id,role_id FROM sys_user_role WHERE (user_id = ?)
2026-08-07 21:20:45.623 [http-nio-8080-exec-1] DEBUG c.p.m.SysUserRoleMapper.selectList - ==> Parameters: 1(Long)
2026-08-07 21:20:45.625 [http-nio-8080-exec-1] DEBUG c.p.m.SysUserRoleMapper.selectList - <==      Total: 1
2026-08-07 21:20:45.625 [http-nio-8080-exec-1] DEBUG c.p.mapper.SysRoleMapper.selectById - ==>  Preparing: SELECT id,name,code,description,status,create_time,update_time,version FROM sys_role WHERE id=?
2026-08-07 21:20:45.625 [http-nio-8080-exec-1] DEBUG c.p.mapper.SysRoleMapper.selectById - ==> Parameters: 1(Long)
2026-08-07 21:20:45.626 [http-nio-8080-exec-1] DEBUG c.p.mapper.SysRoleMapper.selectById - <==      Total: 1
2026-08-07 21:20:45.626 [http-nio-8080-exec-1] DEBUG c.p.m.S.selectMenuByRoleId - ==>  Preparing: SELECT m.* FROM sys_menu m INNER JOIN sys_role_menu rm ON m.id = rm.menu_id WHERE rm.role_id = ?
2026-08-07 21:20:45.626 [http-nio-8080-exec-1] DEBUG c.p.m.S.selectMenuByRoleId - ==> Parameters: 1(Long)
2026-08-07 21:20:45.627 [http-nio-8080-exec-1] DEBUG c.p.m.S.selectMenuByRoleId - <==      Total: 22
2026-08-07 21:20:45.627 [http-nio-8080-exec-1] DEBUG o.s.security.web.FilterChainProxy - Secured GET /users/profile
2026-08-07 21:20:45.628 [http-nio-8080-exec-1] DEBUG c.p.mapper.SysUserMapper.selectList - ==>  Preparing: SELECT id,username,password,nickname,email,phone,status,create_time,update_time,version FROM sys_user WHERE (username = ?)
2026-08-07 21:20:45.628 [http-nio-8080-exec-1] DEBUG c.p.mapper.SysUserMapper.selectList - ==> Parameters: admin(String)
2026-08-07 21:20:45.629 [http-nio-8080-exec-1] DEBUG c.p.mapper.SysUserMapper.selectList - <==      Total: 1
2026-08-07 21:52:51.760 [http-nio-8080-exec-3] DEBUG o.s.security.web.FilterChainProxy - Securing GET /menus/tree
2026-08-07 21:52:51.766 [http-nio-8080-exec-3] DEBUG c.p.mapper.SysUserMapper.selectList - ==>  Preparing: SELECT id,username,password,nickname,email,phone,status,create_time,update_time,version FROM sys_user WHERE (username = ?)
2026-08-07 21:52:51.767 [http-nio-8080-exec-3] DEBUG c.p.mapper.SysUserMapper.selectList - ==> Parameters: admin(String)
2026-08-07 21:52:51.769 [http-nio-8080-exec-3] DEBUG c.p.mapper.SysUserMapper.selectList - <==      Total: 1
2026-08-07 21:52:51.770 [http-nio-8080-exec-3] DEBUG c.p.m.SysUserRoleMapper.selectList - ==>  Preparing: SELECT id,user_id,role_id FROM sys_user_role WHERE (user_id = ?)
2026-08-07 21:52:51.770 [http-nio-8080-exec-3] DEBUG c.p.m.SysUserRoleMapper.selectList - ==> Parameters: 1(Long)
2026-08-07 21:52:51.771 [http-nio-8080-exec-3] DEBUG c.p.m.SysUserRoleMapper.selectList - <==      Total: 1
2026-08-07 21:52:51.772 [http-nio-8080-exec-3] DEBUG c.p.mapper.SysRoleMapper.selectById - ==>  Preparing: SELECT id,name,code,description,status,create_time,update_time,version FROM sys_role WHERE id=?
2026-08-07 21:52:51.772 [http-nio-8080-exec-3] DEBUG c.p.mapper.SysRoleMapper.selectById - ==> Parameters: 1(Long)
2026-08-07 21:52:51.773 [http-nio-8080-exec-3] DEBUG c.p.mapper.SysRoleMapper.selectById - <==      Total: 1
2026-08-07 21:52:51.773 [http-nio-8080-exec-3] DEBUG c.p.m.S.selectMenuByRoleId - ==>  Preparing: SELECT m.* FROM sys_menu m INNER JOIN sys_role_menu rm ON m.id = rm.menu_id WHERE rm.role_id = ?
2026-08-07 21:52:51.774 [http-nio-8080-exec-3] DEBUG c.p.m.S.selectMenuByRoleId - ==> Parameters: 1(Long)
2026-08-07 21:52:51.775 [http-nio-8080-exec-3] DEBUG c.p.m.S.selectMenuByRoleId - <==      Total: 22
2026-08-07 21:52:51.777 [http-nio-8080-exec-3] DEBUG o.s.security.web.FilterChainProxy - Secured GET /menus/tree
2026-08-07 21:52:51.778 [http-nio-8080-exec-3] DEBUG c.p.mapper.SysMenuMapper.selectList - ==>  Preparing: SELECT id,parent_id,name,path,component,icon,permission,sort,type,status,create_time,update_time,version FROM sys_menu ORDER BY sort ASC
2026-08-07 21:52:51.779 [http-nio-8080-exec-3] DEBUG c.p.mapper.SysMenuMapper.selectList - ==> Parameters: 
2026-08-07 21:52:51.782 [http-nio-8080-exec-3] DEBUG c.p.mapper.SysMenuMapper.selectList - <==      Total: 22
2026-08-07 21:52:51.911 [http-nio-8080-exec-2] DEBUG o.s.security.web.FilterChainProxy - Securing GET /users/profile
2026-08-07 21:52:51.914 [http-nio-8080-exec-2] DEBUG c.p.mapper.SysUserMapper.selectList - ==>  Preparing: SELECT id,username,password,nickname,email,phone,status,create_time,update_time,version FROM sys_user WHERE (username = ?)
2026-08-07 21:52:51.914 [http-nio-8080-exec-2] DEBUG c.p.mapper.SysUserMapper.selectList - ==> Parameters: admin(String)
2026-08-07 21:52:51.915 [http-nio-8080-exec-2] DEBUG c.p.mapper.SysUserMapper.selectList - <==      Total: 1
2026-08-07 21:52:51.916 [http-nio-8080-exec-2] DEBUG c.p.m.SysUserRoleMapper.selectList - ==>  Preparing: SELECT id,user_id,role_id FROM sys_user_role WHERE (user_id = ?)
2026-08-07 21:52:51.916 [http-nio-8080-exec-2] DEBUG c.p.m.SysUserRoleMapper.selectList - ==> Parameters: 1(Long)
2026-08-07 21:52:51.918 [http-nio-8080-exec-2] DEBUG c.p.m.SysUserRoleMapper.selectList - <==      Total: 1
2026-08-07 21:52:51.918 [http-nio-8080-exec-2] DEBUG c.p.mapper.SysRoleMapper.selectById - ==>  Preparing: SELECT id,name,code,description,status,create_time,update_time,version FROM sys_role WHERE id=?
2026-08-07 21:52:51.919 [http-nio-8080-exec-2] DEBUG c.p.mapper.SysRoleMapper.selectById - ==> Parameters: 1(Long)
2026-08-07 21:52:51.920 [http-nio-8080-exec-2] DEBUG c.p.mapper.SysRoleMapper.selectById - <==      Total: 1
2026-08-07 21:52:51.920 [http-nio-8080-exec-2] DEBUG c.p.m.S.selectMenuByRoleId - ==>  Preparing: SELECT m.* FROM sys_menu m INNER JOIN sys_role_menu rm ON m.id = rm.menu_id WHERE rm.role_id = ?
2026-08-07 21:52:51.921 [http-nio-8080-exec-2] DEBUG c.p.m.S.selectMenuByRoleId - ==> Parameters: 1(Long)
2026-08-07 21:52:51.922 [http-nio-8080-exec-2] DEBUG c.p.m.S.selectMenuByRoleId - <==      Total: 22
2026-08-07 21:52:51.923 [http-nio-8080-exec-2] DEBUG o.s.security.web.FilterChainProxy - Secured GET /users/profile
2026-08-07 21:52:51.926 [http-nio-8080-exec-2] DEBUG c.p.mapper.SysUserMapper.selectList - ==>  Preparing: SELECT id,username,password,nickname,email,phone,status,create_time,update_time,version FROM sys_user WHERE (username = ?)
2026-08-07 21:52:51.926 [http-nio-8080-exec-2] DEBUG c.p.mapper.SysUserMapper.selectList - ==> Parameters: admin(String)
2026-08-07 21:52:51.929 [http-nio-8080-exec-2] DEBUG c.p.mapper.SysUserMapper.selectList - <==      Total: 1
2026-08-07 21:52:54.719 [http-nio-8080-exec-4] DEBUG o.s.security.web.FilterChainProxy - Securing GET /dashboard/stats
2026-08-07 21:52:54.722 [http-nio-8080-exec-4] DEBUG c.p.mapper.SysUserMapper.selectList - ==>  Preparing: SELECT id,username,password,nickname,email,phone,status,create_time,update_time,version FROM sys_user WHERE (username = ?)
2026-08-07 21:52:54.722 [http-nio-8080-exec-4] DEBUG c.p.mapper.SysUserMapper.selectList - ==> Parameters: admin(String)
2026-08-07 21:52:54.723 [http-nio-8080-exec-4] DEBUG c.p.mapper.SysUserMapper.selectList - <==      Total: 1
2026-08-07 21:52:54.724 [http-nio-8080-exec-4] DEBUG c.p.m.SysUserRoleMapper.selectList - ==>  Preparing: SELECT id,user_id,role_id FROM sys_user_role WHERE (user_id = ?)
2026-08-07 21:52:54.724 [http-nio-8080-exec-4] DEBUG c.p.m.SysUserRoleMapper.selectList - ==> Parameters: 1(Long)
2026-08-07 21:52:54.724 [http-nio-8080-exec-4] DEBUG c.p.m.SysUserRoleMapper.selectList - <==      Total: 1
2026-08-07 21:52:54.725 [http-nio-8080-exec-4] DEBUG c.p.mapper.SysRoleMapper.selectById - ==>  Preparing: SELECT id,name,code,description,status,create_time,update_time,version FROM sys_role WHERE id=?
2026-08-07 21:52:54.725 [http-nio-8080-exec-4] DEBUG c.p.mapper.SysRoleMapper.selectById - ==> Parameters: 1(Long)
2026-08-07 21:52:54.725 [http-nio-8080-exec-4] DEBUG c.p.mapper.SysRoleMapper.selectById - <==      Total: 1
2026-08-07 21:52:54.726 [http-nio-8080-exec-4] DEBUG c.p.m.S.selectMenuByRoleId - ==>  Preparing: SELECT m.* FROM sys_menu m INNER JOIN sys_role_menu rm ON m.id = rm.menu_id WHERE rm.role_id = ?
2026-08-07 21:52:54.726 [http-nio-8080-exec-4] DEBUG c.p.m.S.selectMenuByRoleId - ==> Parameters: 1(Long)
2026-08-07 21:52:54.727 [http-nio-8080-exec-4] DEBUG c.p.m.S.selectMenuByRoleId - <==      Total: 22
2026-08-07 21:52:54.729 [http-nio-8080-exec-4] DEBUG o.s.security.web.FilterChainProxy - Secured GET /dashboard/stats
2026-08-07 21:52:54.729 [http-nio-8080-exec-4] DEBUG c.p.mapper.SysUserMapper.selectCount - ==>  Preparing: SELECT COUNT( * ) AS total FROM sys_user
2026-08-07 21:52:54.729 [http-nio-8080-exec-4] DEBUG c.p.mapper.SysUserMapper.selectCount - ==> Parameters: 
2026-08-07 21:52:54.732 [http-nio-8080-exec-4] DEBUG c.p.mapper.SysUserMapper.selectCount - <==      Total: 1
2026-08-07 21:52:54.732 [http-nio-8080-exec-4] DEBUG c.p.mapper.SysRoleMapper.selectCount - ==>  Preparing: SELECT COUNT( * ) AS total FROM sys_role
2026-08-07 21:52:54.733 [http-nio-8080-exec-4] DEBUG c.p.mapper.SysRoleMapper.selectCount - ==> Parameters: 
2026-08-07 21:52:54.734 [http-nio-8080-exec-4] DEBUG c.p.mapper.SysRoleMapper.selectCount - <==      Total: 1
2026-08-07 21:52:54.734 [http-nio-8080-exec-4] DEBUG c.p.mapper.SysMenuMapper.selectCount - ==>  Preparing: SELECT COUNT( * ) AS total FROM sys_menu WHERE (type = ? AND component IS NOT NULL AND component <> ? AND component <> ?)
2026-08-07 21:52:54.735 [http-nio-8080-exec-4] DEBUG c.p.mapper.SysMenuMapper.selectCount - ==> Parameters: 1(Integer), (String), Layout(String)
2026-08-07 21:52:54.737 [http-nio-8080-exec-4] DEBUG c.p.mapper.SysMenuMapper.selectCount - <==      Total: 1
2026-08-07 21:52:57.432 [http-nio-8080-exec-5] DEBUG o.s.security.web.FilterChainProxy - Securing GET /users
2026-08-07 21:52:57.435 [http-nio-8080-exec-5] DEBUG c.p.mapper.SysUserMapper.selectList - ==>  Preparing: SELECT id,username,password,nickname,email,phone,status,create_time,update_time,version FROM sys_user WHERE (username = ?)
2026-08-07 21:52:57.436 [http-nio-8080-exec-5] DEBUG c.p.mapper.SysUserMapper.selectList - ==> Parameters: admin(String)
2026-08-07 21:52:57.436 [http-nio-8080-exec-5] DEBUG c.p.mapper.SysUserMapper.selectList - <==      Total: 1
2026-08-07 21:52:57.437 [http-nio-8080-exec-5] DEBUG c.p.m.SysUserRoleMapper.selectList - ==>  Preparing: SELECT id,user_id,role_id FROM sys_user_role WHERE (user_id = ?)
2026-08-07 21:52:57.437 [http-nio-8080-exec-5] DEBUG c.p.m.SysUserRoleMapper.selectList - ==> Parameters: 1(Long)
2026-08-07 21:52:57.438 [http-nio-8080-exec-5] DEBUG c.p.m.SysUserRoleMapper.selectList - <==      Total: 1
2026-08-07 21:52:57.438 [http-nio-8080-exec-5] DEBUG c.p.mapper.SysRoleMapper.selectById - ==>  Preparing: SELECT id,name,code,description,status,create_time,update_time,version FROM sys_role WHERE id=?
2026-08-07 21:52:57.438 [http-nio-8080-exec-5] DEBUG c.p.mapper.SysRoleMapper.selectById - ==> Parameters: 1(Long)
2026-08-07 21:52:57.439 [http-nio-8080-exec-5] DEBUG c.p.mapper.SysRoleMapper.selectById - <==      Total: 1
2026-08-07 21:52:57.439 [http-nio-8080-exec-5] DEBUG c.p.m.S.selectMenuByRoleId - ==>  Preparing: SELECT m.* FROM sys_menu m INNER JOIN sys_role_menu rm ON m.id = rm.menu_id WHERE rm.role_id = ?
2026-08-07 21:52:57.440 [http-nio-8080-exec-5] DEBUG c.p.m.S.selectMenuByRoleId - ==> Parameters: 1(Long)
2026-08-07 21:52:57.441 [http-nio-8080-exec-5] DEBUG c.p.m.S.selectMenuByRoleId - <==      Total: 22
2026-08-07 21:52:57.442 [http-nio-8080-exec-5] DEBUG o.s.security.web.FilterChainProxy - Secured GET /users
2026-08-07 21:52:57.450 [http-nio-8080-exec-5] DEBUG c.p.mapper.SysUserMapper.selectList - ==>  Preparing: SELECT id,username,password,nickname,email,phone,status,create_time,update_time,version FROM sys_user ORDER BY id ASC
2026-08-07 21:52:57.450 [http-nio-8080-exec-5] DEBUG c.p.mapper.SysUserMapper.selectList - ==> Parameters: 
2026-08-07 21:52:57.451 [http-nio-8080-exec-5] DEBUG c.p.mapper.SysUserMapper.selectList - <==      Total: 8
2026-08-07 21:53:06.068 [http-nio-8080-exec-6] DEBUG o.s.security.web.FilterChainProxy - Securing PUT /users/1
2026-08-07 21:53:06.070 [http-nio-8080-exec-6] DEBUG c.p.mapper.SysUserMapper.selectList - ==>  Preparing: SELECT id,username,password,nickname,email,phone,status,create_time,update_time,version FROM sys_user WHERE (username = ?)
2026-08-07 21:53:06.071 [http-nio-8080-exec-6] DEBUG c.p.mapper.SysUserMapper.selectList - ==> Parameters: admin(String)
2026-08-07 21:53:06.072 [http-nio-8080-exec-6] DEBUG c.p.mapper.SysUserMapper.selectList - <==      Total: 1
2026-08-07 21:53:06.072 [http-nio-8080-exec-6] DEBUG c.p.m.SysUserRoleMapper.selectList - ==>  Preparing: SELECT id,user_id,role_id FROM sys_user_role WHERE (user_id = ?)
2026-08-07 21:53:06.072 [http-nio-8080-exec-6] DEBUG c.p.m.SysUserRoleMapper.selectList - ==> Parameters: 1(Long)
2026-08-07 21:53:06.073 [http-nio-8080-exec-6] DEBUG c.p.m.SysUserRoleMapper.selectList - <==      Total: 1
2026-08-07 21:53:06.073 [http-nio-8080-exec-6] DEBUG c.p.mapper.SysRoleMapper.selectById - ==>  Preparing: SELECT id,name,code,description,status,create_time,update_time,version FROM sys_role WHERE id=?
2026-08-07 21:53:06.073 [http-nio-8080-exec-6] DEBUG c.p.mapper.SysRoleMapper.selectById - ==> Parameters: 1(Long)
2026-08-07 21:53:06.076 [http-nio-8080-exec-6] DEBUG c.p.mapper.SysRoleMapper.selectById - <==      Total: 1
2026-08-07 21:53:06.077 [http-nio-8080-exec-6] DEBUG c.p.m.S.selectMenuByRoleId - ==>  Preparing: SELECT m.* FROM sys_menu m INNER JOIN sys_role_menu rm ON m.id = rm.menu_id WHERE rm.role_id = ?
2026-08-07 21:53:06.077 [http-nio-8080-exec-6] DEBUG c.p.m.S.selectMenuByRoleId - ==> Parameters: 1(Long)
2026-08-07 21:53:06.078 [http-nio-8080-exec-6] DEBUG c.p.m.S.selectMenuByRoleId - <==      Total: 22
2026-08-07 21:53:06.078 [http-nio-8080-exec-6] DEBUG o.s.security.web.FilterChainProxy - Secured PUT /users/1
2026-08-07 21:53:06.091 [http-nio-8080-exec-6] DEBUG c.p.mapper.SysUserMapper.selectById - ==>  Preparing: SELECT id,username,password,nickname,email,phone,status,create_time,update_time,version FROM sys_user WHERE id=?
2026-08-07 21:53:06.091 [http-nio-8080-exec-6] DEBUG c.p.mapper.SysUserMapper.selectById - ==> Parameters: 1(Long)
2026-08-07 21:53:06.092 [http-nio-8080-exec-6] DEBUG c.p.mapper.SysUserMapper.selectById - <==      Total: 1
2026-08-07 21:53:06.095 [http-nio-8080-exec-6] DEBUG c.p.mapper.SysUserMapper.updateById - ==>  Preparing: UPDATE sys_user SET username=?, password=?, nickname=?, email=?, phone=?, status=?, create_time=?, update_time=?, version=? WHERE id=? AND version=?
2026-08-07 21:53:06.096 [http-nio-8080-exec-6] DEBUG c.p.mapper.SysUserMapper.updateById - ==> Parameters: admin(String), $2a$10$s9TNg6NhFV31m9NOUzze3.iwlldKIoUS4MkgUXXJyYTsjPAUCaFrW(String), 超级管理员(String), admin@pes.com(String), 13800000002(String), 1(Integer), 2026-08-07T20:37:55(LocalDateTime), 2026-08-07T21:53:06.095570(LocalDateTime), 2(Integer), 1(Long), 1(Integer)
2026-08-07 21:53:06.100 [http-nio-8080-exec-6] DEBUG c.p.mapper.SysUserMapper.updateById - <==    Updates: 1
2026-08-07 21:53:06.101 [http-nio-8080-exec-6] DEBUG c.p.mapper.SysUserRoleMapper.delete - ==>  Preparing: DELETE FROM sys_user_role WHERE (user_id = ?)
2026-08-07 21:53:06.101 [http-nio-8080-exec-6] DEBUG c.p.mapper.SysUserRoleMapper.delete - ==> Parameters: 1(Long)
2026-08-07 21:53:06.102 [http-nio-8080-exec-6] DEBUG c.p.mapper.SysUserRoleMapper.delete - <==    Updates: 1
2026-08-07 21:53:06.119 [http-nio-8080-exec-7] DEBUG o.s.security.web.FilterChainProxy - Securing GET /users
2026-08-07 21:53:06.120 [http-nio-8080-exec-7] DEBUG c.p.mapper.SysUserMapper.selectList - ==>  Preparing: SELECT id,username,password,nickname,email,phone,status,create_time,update_time,version FROM sys_user WHERE (username = ?)
2026-08-07 21:53:06.121 [http-nio-8080-exec-7] DEBUG c.p.mapper.SysUserMapper.selectList - ==> Parameters: admin(String)
2026-08-07 21:53:06.122 [http-nio-8080-exec-7] DEBUG c.p.mapper.SysUserMapper.selectList - <==      Total: 1
2026-08-07 21:53:06.122 [http-nio-8080-exec-7] DEBUG c.p.m.SysUserRoleMapper.selectList - ==>  Preparing: SELECT id,user_id,role_id FROM sys_user_role WHERE (user_id = ?)
2026-08-07 21:53:06.122 [http-nio-8080-exec-7] DEBUG c.p.m.SysUserRoleMapper.selectList - ==> Parameters: 1(Long)
2026-08-07 21:53:06.123 [http-nio-8080-exec-7] DEBUG c.p.m.SysUserRoleMapper.selectList - <==      Total: 0
2026-08-07 21:53:06.123 [http-nio-8080-exec-7] DEBUG o.s.security.web.FilterChainProxy - Secured GET /users
2026-08-07 21:53:06.127 [http-nio-8080-exec-7] WARN  c.p.exception.GlobalExceptionHandler - [权限不足] GET /users — 权限不足
2026-08-07 21:53:20.177 [http-nio-8080-exec-8] DEBUG o.s.security.web.FilterChainProxy - Securing GET /menus/tree
2026-08-07 21:53:20.180 [http-nio-8080-exec-8] DEBUG c.p.mapper.SysUserMapper.selectList - ==>  Preparing: SELECT id,username,password,nickname,email,phone,status,create_time,update_time,version FROM sys_user WHERE (username = ?)
2026-08-07 21:53:20.181 [http-nio-8080-exec-8] DEBUG c.p.mapper.SysUserMapper.selectList - ==> Parameters: admin(String)
2026-08-07 21:53:20.182 [http-nio-8080-exec-8] DEBUG c.p.mapper.SysUserMapper.selectList - <==      Total: 1
2026-08-07 21:53:20.182 [http-nio-8080-exec-8] DEBUG c.p.m.SysUserRoleMapper.selectList - ==>  Preparing: SELECT id,user_id,role_id FROM sys_user_role WHERE (user_id = ?)
2026-08-07 21:53:20.182 [http-nio-8080-exec-8] DEBUG c.p.m.SysUserRoleMapper.selectList - ==> Parameters: 1(Long)
2026-08-07 21:53:20.183 [http-nio-8080-exec-8] DEBUG c.p.m.SysUserRoleMapper.selectList - <==      Total: 0
2026-08-07 21:53:20.184 [http-nio-8080-exec-8] DEBUG o.s.security.web.FilterChainProxy - Secured GET /menus/tree
2026-08-07 21:53:20.186 [http-nio-8080-exec-8] DEBUG c.p.mapper.SysMenuMapper.selectList - ==>  Preparing: SELECT id,parent_id,name,path,component,icon,permission,sort,type,status,create_time,update_time,version FROM sys_menu ORDER BY sort ASC
2026-08-07 21:53:20.187 [http-nio-8080-exec-8] DEBUG c.p.mapper.SysMenuMapper.selectList - ==> Parameters: 
2026-08-07 21:53:20.187 [http-nio-8080-exec-8] DEBUG c.p.mapper.SysMenuMapper.selectList - <==      Total: 22
2026-08-07 21:53:20.298 [http-nio-8080-exec-9] DEBUG o.s.security.web.FilterChainProxy - Securing GET /users
2026-08-07 21:53:20.300 [http-nio-8080-exec-9] DEBUG c.p.mapper.SysUserMapper.selectList - ==>  Preparing: SELECT id,username,password,nickname,email,phone,status,create_time,update_time,version FROM sys_user WHERE (username = ?)
2026-08-07 21:53:20.300 [http-nio-8080-exec-9] DEBUG c.p.mapper.SysUserMapper.selectList - ==> Parameters: admin(String)
2026-08-07 21:53:20.301 [http-nio-8080-exec-9] DEBUG c.p.mapper.SysUserMapper.selectList - <==      Total: 1
2026-08-07 21:53:20.302 [http-nio-8080-exec-9] DEBUG c.p.m.SysUserRoleMapper.selectList - ==>  Preparing: SELECT id,user_id,role_id FROM sys_user_role WHERE (user_id = ?)
2026-08-07 21:53:20.302 [http-nio-8080-exec-9] DEBUG c.p.m.SysUserRoleMapper.selectList - ==> Parameters: 1(Long)
2026-08-07 21:53:20.302 [http-nio-8080-exec-9] DEBUG c.p.m.SysUserRoleMapper.selectList - <==      Total: 0
2026-08-07 21:53:20.303 [http-nio-8080-exec-9] DEBUG o.s.security.web.FilterChainProxy - Secured GET /users
2026-08-07 21:53:20.304 [http-nio-8080-exec-9] WARN  c.p.exception.GlobalExceptionHandler - [权限不足] GET /users — 权限不足
2026-08-07 21:53:22.248 [http-nio-8080-exec-10] DEBUG o.s.security.web.FilterChainProxy - Securing GET /menus/tree
2026-08-07 21:53:22.250 [http-nio-8080-exec-10] DEBUG c.p.mapper.SysUserMapper.selectList - ==>  Preparing: SELECT id,username,password,nickname,email,phone,status,create_time,update_time,version FROM sys_user WHERE (username = ?)
2026-08-07 21:53:22.251 [http-nio-8080-exec-10] DEBUG c.p.mapper.SysUserMapper.selectList - ==> Parameters: admin(String)
2026-08-07 21:53:22.252 [http-nio-8080-exec-10] DEBUG c.p.mapper.SysUserMapper.selectList - <==      Total: 1
2026-08-07 21:53:22.252 [http-nio-8080-exec-10] DEBUG c.p.m.SysUserRoleMapper.selectList - ==>  Preparing: SELECT id,user_id,role_id FROM sys_user_role WHERE (user_id = ?)
2026-08-07 21:53:22.252 [http-nio-8080-exec-10] DEBUG c.p.m.SysUserRoleMapper.selectList - ==> Parameters: 1(Long)
2026-08-07 21:53:22.253 [http-nio-8080-exec-10] DEBUG c.p.m.SysUserRoleMapper.selectList - <==      Total: 0
2026-08-07 21:53:22.255 [http-nio-8080-exec-10] DEBUG o.s.security.web.FilterChainProxy - Secured GET /menus/tree
2026-08-07 21:53:22.255 [http-nio-8080-exec-10] DEBUG c.p.mapper.SysMenuMapper.selectList - ==>  Preparing: SELECT id,parent_id,name,path,component,icon,permission,sort,type,status,create_time,update_time,version FROM sys_menu ORDER BY sort ASC
2026-08-07 21:53:22.255 [http-nio-8080-exec-10] DEBUG c.p.mapper.SysMenuMapper.selectList - ==> Parameters: 
2026-08-07 21:53:22.257 [http-nio-8080-exec-10] DEBUG c.p.mapper.SysMenuMapper.selectList - <==      Total: 22
2026-08-07 21:53:22.351 [http-nio-8080-exec-1] DEBUG o.s.security.web.FilterChainProxy - Securing GET /users
2026-08-07 21:53:22.353 [http-nio-8080-exec-1] DEBUG c.p.mapper.SysUserMapper.selectList - ==>  Preparing: SELECT id,username,password,nickname,email,phone,status,create_time,update_time,version FROM sys_user WHERE (username = ?)
2026-08-07 21:53:22.354 [http-nio-8080-exec-1] DEBUG c.p.mapper.SysUserMapper.selectList - ==> Parameters: admin(String)
2026-08-07 21:53:22.354 [http-nio-8080-exec-1] DEBUG c.p.mapper.SysUserMapper.selectList - <==      Total: 1
2026-08-07 21:53:22.356 [http-nio-8080-exec-1] DEBUG c.p.m.SysUserRoleMapper.selectList - ==>  Preparing: SELECT id,user_id,role_id FROM sys_user_role WHERE (user_id = ?)
2026-08-07 21:53:22.356 [http-nio-8080-exec-1] DEBUG c.p.m.SysUserRoleMapper.selectList - ==> Parameters: 1(Long)
2026-08-07 21:53:22.357 [http-nio-8080-exec-1] DEBUG c.p.m.SysUserRoleMapper.selectList - <==      Total: 0
2026-08-07 21:53:22.358 [http-nio-8080-exec-1] DEBUG o.s.security.web.FilterChainProxy - Secured GET /users
2026-08-07 21:53:22.359 [http-nio-8080-exec-1] WARN  c.p.exception.GlobalExceptionHandler - [权限不足] GET /users — 权限不足
2026-08-07 21:53:23.143 [http-nio-8080-exec-3] DEBUG o.s.security.web.FilterChainProxy - Securing GET /roles
2026-08-07 21:53:23.145 [http-nio-8080-exec-3] DEBUG c.p.mapper.SysUserMapper.selectList - ==>  Preparing: SELECT id,username,password,nickname,email,phone,status,create_time,update_time,version FROM sys_user WHERE (username = ?)
2026-08-07 21:53:23.145 [http-nio-8080-exec-3] DEBUG c.p.mapper.SysUserMapper.selectList - ==> Parameters: admin(String)
2026-08-07 21:53:23.146 [http-nio-8080-exec-3] DEBUG c.p.mapper.SysUserMapper.selectList - <==      Total: 1
2026-08-07 21:53:23.147 [http-nio-8080-exec-3] DEBUG c.p.m.SysUserRoleMapper.selectList - ==>  Preparing: SELECT id,user_id,role_id FROM sys_user_role WHERE (user_id = ?)
2026-08-07 21:53:23.147 [http-nio-8080-exec-3] DEBUG c.p.m.SysUserRoleMapper.selectList - ==> Parameters: 1(Long)
2026-08-07 21:53:23.148 [http-nio-8080-exec-3] DEBUG c.p.m.SysUserRoleMapper.selectList - <==      Total: 0
2026-08-07 21:53:23.149 [http-nio-8080-exec-3] DEBUG o.s.security.web.FilterChainProxy - Secured GET /roles
2026-08-07 21:53:23.150 [http-nio-8080-exec-3] WARN  c.p.exception.GlobalExceptionHandler - [权限不足] GET /roles — 权限不足
2026-08-07 21:53:23.834 [http-nio-8080-exec-2] DEBUG o.s.security.web.FilterChainProxy - Securing GET /users
2026-08-07 21:53:23.835 [http-nio-8080-exec-2] DEBUG c.p.mapper.SysUserMapper.selectList - ==>  Preparing: SELECT id,username,password,nickname,email,phone,status,create_time,update_time,version FROM sys_user WHERE (username = ?)
2026-08-07 21:53:23.835 [http-nio-8080-exec-2] DEBUG c.p.mapper.SysUserMapper.selectList - ==> Parameters: admin(String)
2026-08-07 21:53:23.837 [http-nio-8080-exec-2] DEBUG c.p.mapper.SysUserMapper.selectList - <==      Total: 1
2026-08-07 21:53:23.838 [http-nio-8080-exec-2] DEBUG c.p.m.SysUserRoleMapper.selectList - ==>  Preparing: SELECT id,user_id,role_id FROM sys_user_role WHERE (user_id = ?)
2026-08-07 21:53:23.838 [http-nio-8080-exec-2] DEBUG c.p.m.SysUserRoleMapper.selectList - ==> Parameters: 1(Long)
2026-08-07 21:53:23.838 [http-nio-8080-exec-2] DEBUG c.p.m.SysUserRoleMapper.selectList - <==      Total: 0
2026-08-07 21:53:23.839 [http-nio-8080-exec-2] DEBUG o.s.security.web.FilterChainProxy - Secured GET /users
2026-08-07 21:53:23.839 [http-nio-8080-exec-2] WARN  c.p.exception.GlobalExceptionHandler - [权限不足] GET /users — 权限不足
2026-08-07 21:53:24.954 [http-nio-8080-exec-4] DEBUG o.s.security.web.FilterChainProxy - Securing GET /roles
2026-08-07 21:53:24.957 [http-nio-8080-exec-4] DEBUG c.p.mapper.SysUserMapper.selectList - ==>  Preparing: SELECT id,username,password,nickname,email,phone,status,create_time,update_time,version FROM sys_user WHERE (username = ?)
2026-08-07 21:53:24.957 [http-nio-8080-exec-4] DEBUG c.p.mapper.SysUserMapper.selectList - ==> Parameters: admin(String)
2026-08-07 21:53:24.959 [http-nio-8080-exec-4] DEBUG c.p.mapper.SysUserMapper.selectList - <==      Total: 1
2026-08-07 21:53:24.959 [http-nio-8080-exec-4] DEBUG c.p.m.SysUserRoleMapper.selectList - ==>  Preparing: SELECT id,user_id,role_id FROM sys_user_role WHERE (user_id = ?)
2026-08-07 21:53:24.959 [http-nio-8080-exec-4] DEBUG c.p.m.SysUserRoleMapper.selectList - ==> Parameters: 1(Long)
2026-08-07 21:53:24.961 [http-nio-8080-exec-4] DEBUG c.p.m.SysUserRoleMapper.selectList - <==      Total: 0
2026-08-07 21:53:24.961 [http-nio-8080-exec-4] DEBUG o.s.security.web.FilterChainProxy - Secured GET /roles
2026-08-07 21:53:24.962 [http-nio-8080-exec-4] WARN  c.p.exception.GlobalExceptionHandler - [权限不足] GET /roles — 权限不足
2026-08-07 21:53:25.713 [http-nio-8080-exec-5] DEBUG o.s.security.web.FilterChainProxy - Securing GET /menus/tree
2026-08-07 21:53:25.714 [http-nio-8080-exec-5] DEBUG c.p.mapper.SysUserMapper.selectList - ==>  Preparing: SELECT id,username,password,nickname,email,phone,status,create_time,update_time,version FROM sys_user WHERE (username = ?)
2026-08-07 21:53:25.716 [http-nio-8080-exec-5] DEBUG c.p.mapper.SysUserMapper.selectList - ==> Parameters: admin(String)
2026-08-07 21:53:25.716 [http-nio-8080-exec-5] DEBUG c.p.mapper.SysUserMapper.selectList - <==      Total: 1
2026-08-07 21:53:25.717 [http-nio-8080-exec-5] DEBUG c.p.m.SysUserRoleMapper.selectList - ==>  Preparing: SELECT id,user_id,role_id FROM sys_user_role WHERE (user_id = ?)
2026-08-07 21:53:25.717 [http-nio-8080-exec-5] DEBUG c.p.m.SysUserRoleMapper.selectList - ==> Parameters: 1(Long)
2026-08-07 21:53:25.718 [http-nio-8080-exec-5] DEBUG c.p.m.SysUserRoleMapper.selectList - <==      Total: 0
2026-08-07 21:53:25.718 [http-nio-8080-exec-5] DEBUG o.s.security.web.FilterChainProxy - Secured GET /menus/tree
2026-08-07 21:53:25.720 [http-nio-8080-exec-5] DEBUG c.p.mapper.SysMenuMapper.selectList - ==>  Preparing: SELECT id,parent_id,name,path,component,icon,permission,sort,type,status,create_time,update_time,version FROM sys_menu ORDER BY sort ASC
2026-08-07 21:53:25.721 [http-nio-8080-exec-5] DEBUG c.p.mapper.SysMenuMapper.selectList - ==> Parameters: 
2026-08-07 21:53:25.722 [http-nio-8080-exec-5] DEBUG c.p.mapper.SysMenuMapper.selectList - <==      Total: 22
2026-08-07 21:53:25.799 [http-nio-8080-exec-6] DEBUG o.s.security.web.FilterChainProxy - Securing GET /roles
2026-08-07 21:53:25.800 [http-nio-8080-exec-6] DEBUG c.p.mapper.SysUserMapper.selectList - ==>  Preparing: SELECT id,username,password,nickname,email,phone,status,create_time,update_time,version FROM sys_user WHERE (username = ?)
2026-08-07 21:53:25.800 [http-nio-8080-exec-6] DEBUG c.p.mapper.SysUserMapper.selectList - ==> Parameters: admin(String)
2026-08-07 21:53:25.801 [http-nio-8080-exec-6] DEBUG c.p.mapper.SysUserMapper.selectList - <==      Total: 1
2026-08-07 21:53:25.802 [http-nio-8080-exec-6] DEBUG c.p.m.SysUserRoleMapper.selectList - ==>  Preparing: SELECT id,user_id,role_id FROM sys_user_role WHERE (user_id = ?)
2026-08-07 21:53:25.802 [http-nio-8080-exec-6] DEBUG c.p.m.SysUserRoleMapper.selectList - ==> Parameters: 1(Long)
2026-08-07 21:53:25.803 [http-nio-8080-exec-6] DEBUG c.p.m.SysUserRoleMapper.selectList - <==      Total: 0
2026-08-07 21:53:25.803 [http-nio-8080-exec-6] DEBUG o.s.security.web.FilterChainProxy - Secured GET /roles
2026-08-07 21:53:25.805 [http-nio-8080-exec-6] WARN  c.p.exception.GlobalExceptionHandler - [权限不足] GET /roles — 权限不足
2026-08-07 21:53:27.929 [http-nio-8080-exec-7] DEBUG o.s.security.web.FilterChainProxy - Securing GET /captcha
2026-08-07 21:53:27.929 [http-nio-8080-exec-7] DEBUG o.s.s.w.a.AnonymousAuthenticationFilter - Set SecurityContextHolder to anonymous SecurityContext
2026-08-07 21:53:27.931 [http-nio-8080-exec-7] DEBUG o.s.security.web.FilterChainProxy - Secured GET /captcha
2026-08-07 21:53:39.435 [http-nio-8080-exec-8] DEBUG o.s.security.web.FilterChainProxy - Securing POST /login
2026-08-07 21:53:39.436 [http-nio-8080-exec-8] DEBUG o.s.s.w.a.AnonymousAuthenticationFilter - Set SecurityContextHolder to anonymous SecurityContext
2026-08-07 21:53:39.437 [http-nio-8080-exec-8] DEBUG o.s.security.web.FilterChainProxy - Secured POST /login
2026-08-07 21:53:39.442 [http-nio-8080-exec-8] DEBUG c.p.mapper.SysUserMapper.selectList - ==>  Preparing: SELECT id,username,password,nickname,email,phone,status,create_time,update_time,version FROM sys_user WHERE (username = ?)
2026-08-07 21:53:39.444 [http-nio-8080-exec-8] DEBUG c.p.mapper.SysUserMapper.selectList - ==> Parameters: admin(String)
2026-08-07 21:53:39.444 [http-nio-8080-exec-8] DEBUG c.p.mapper.SysUserMapper.selectList - <==      Total: 1
2026-08-07 21:53:39.444 [http-nio-8080-exec-8] DEBUG c.p.m.SysUserRoleMapper.selectList - ==>  Preparing: SELECT id,user_id,role_id FROM sys_user_role WHERE (user_id = ?)
2026-08-07 21:53:39.446 [http-nio-8080-exec-8] DEBUG c.p.m.SysUserRoleMapper.selectList - ==> Parameters: 1(Long)
2026-08-07 21:53:39.446 [http-nio-8080-exec-8] DEBUG c.p.m.SysUserRoleMapper.selectList - <==      Total: 0
2026-08-07 21:53:39.509 [http-nio-8080-exec-8] DEBUG o.s.s.a.d.DaoAuthenticationProvider - Authenticated user
2026-08-07 21:53:39.510 [http-nio-8080-exec-8] DEBUG c.p.mapper.SysUserMapper.selectList - ==>  Preparing: SELECT id,username,password,nickname,email,phone,status,create_time,update_time,version FROM sys_user WHERE (username = ?)
2026-08-07 21:53:39.510 [http-nio-8080-exec-8] DEBUG c.p.mapper.SysUserMapper.selectList - ==> Parameters: admin(String)
2026-08-07 21:53:39.510 [http-nio-8080-exec-8] DEBUG c.p.mapper.SysUserMapper.selectList - <==      Total: 1
2026-08-07 21:53:39.512 [http-nio-8080-exec-8] DEBUG c.p.m.SysUserRoleMapper.selectList - ==>  Preparing: SELECT id,user_id,role_id FROM sys_user_role WHERE (user_id = ?)
2026-08-07 21:53:39.512 [http-nio-8080-exec-8] DEBUG c.p.m.SysUserRoleMapper.selectList - ==> Parameters: 1(Long)
2026-08-07 21:53:39.512 [http-nio-8080-exec-8] DEBUG c.p.m.SysUserRoleMapper.selectList - <==      Total: 0
2026-08-07 21:53:39.513 [http-nio-8080-exec-8] DEBUG c.p.mapper.SysLoginLogMapper.insert - ==>  Preparing: INSERT INTO sys_login_log ( username, status, login_time ) VALUES ( ?, ?, ? )
2026-08-07 21:53:39.513 [http-nio-8080-exec-8] DEBUG c.p.mapper.SysLoginLogMapper.insert - ==> Parameters: admin(String), 1(Integer), null
2026-08-07 21:53:39.516 [http-nio-8080-exec-8] DEBUG c.p.mapper.SysLoginLogMapper.insert - <==    Updates: 1
2026-08-07 21:53:39.571 [http-nio-8080-exec-9] DEBUG o.s.security.web.FilterChainProxy - Securing GET /dashboard/stats
2026-08-07 21:53:39.575 [http-nio-8080-exec-9] DEBUG c.p.mapper.SysUserMapper.selectList - ==>  Preparing: SELECT id,username,password,nickname,email,phone,status,create_time,update_time,version FROM sys_user WHERE (username = ?)
2026-08-07 21:53:39.575 [http-nio-8080-exec-9] DEBUG c.p.mapper.SysUserMapper.selectList - ==> Parameters: admin(String)
2026-08-07 21:53:39.577 [http-nio-8080-exec-9] DEBUG c.p.mapper.SysUserMapper.selectList - <==      Total: 1
2026-08-07 21:53:39.578 [http-nio-8080-exec-9] DEBUG c.p.m.SysUserRoleMapper.selectList - ==>  Preparing: SELECT id,user_id,role_id FROM sys_user_role WHERE (user_id = ?)
2026-08-07 21:53:39.578 [http-nio-8080-exec-9] DEBUG c.p.m.SysUserRoleMapper.selectList - ==> Parameters: 1(Long)
2026-08-07 21:53:39.579 [http-nio-8080-exec-9] DEBUG c.p.m.SysUserRoleMapper.selectList - <==      Total: 0
2026-08-07 21:53:39.580 [http-nio-8080-exec-9] DEBUG o.s.security.web.FilterChainProxy - Secured GET /dashboard/stats
2026-08-07 21:53:39.580 [http-nio-8080-exec-9] DEBUG c.p.mapper.SysUserMapper.selectCount - ==>  Preparing: SELECT COUNT( * ) AS total FROM sys_user
2026-08-07 21:53:39.580 [http-nio-8080-exec-9] DEBUG c.p.mapper.SysUserMapper.selectCount - ==> Parameters: 
2026-08-07 21:53:39.581 [http-nio-8080-exec-9] DEBUG c.p.mapper.SysUserMapper.selectCount - <==      Total: 1
2026-08-07 21:53:39.581 [http-nio-8080-exec-9] DEBUG c.p.mapper.SysRoleMapper.selectCount - ==>  Preparing: SELECT COUNT( * ) AS total FROM sys_role
2026-08-07 21:53:39.581 [http-nio-8080-exec-9] DEBUG c.p.mapper.SysRoleMapper.selectCount - ==> Parameters: 
2026-08-07 21:53:39.583 [http-nio-8080-exec-9] DEBUG c.p.mapper.SysRoleMapper.selectCount - <==      Total: 1
2026-08-07 21:53:39.584 [http-nio-8080-exec-9] DEBUG c.p.mapper.SysMenuMapper.selectCount - ==>  Preparing: SELECT COUNT( * ) AS total FROM sys_menu WHERE (type = ? AND component IS NOT NULL AND component <> ? AND component <> ?)
2026-08-07 21:53:39.585 [http-nio-8080-exec-9] DEBUG c.p.mapper.SysMenuMapper.selectCount - ==> Parameters: 1(Integer), (String), Layout(String)
2026-08-07 21:53:39.585 [http-nio-8080-exec-9] DEBUG c.p.mapper.SysMenuMapper.selectCount - <==      Total: 1
2026-08-07 21:53:41.786 [http-nio-8080-exec-10] DEBUG o.s.security.web.FilterChainProxy - Securing GET /users
2026-08-07 21:53:41.787 [http-nio-8080-exec-10] DEBUG c.p.mapper.SysUserMapper.selectList - ==>  Preparing: SELECT id,username,password,nickname,email,phone,status,create_time,update_time,version FROM sys_user WHERE (username = ?)
2026-08-07 21:53:41.788 [http-nio-8080-exec-10] DEBUG c.p.mapper.SysUserMapper.selectList - ==> Parameters: admin(String)
2026-08-07 21:53:41.788 [http-nio-8080-exec-10] DEBUG c.p.mapper.SysUserMapper.selectList - <==      Total: 1
2026-08-07 21:53:41.789 [http-nio-8080-exec-10] DEBUG c.p.m.SysUserRoleMapper.selectList - ==>  Preparing: SELECT id,user_id,role_id FROM sys_user_role WHERE (user_id = ?)
2026-08-07 21:53:41.789 [http-nio-8080-exec-10] DEBUG c.p.m.SysUserRoleMapper.selectList - ==> Parameters: 1(Long)
2026-08-07 21:53:41.790 [http-nio-8080-exec-10] DEBUG c.p.m.SysUserRoleMapper.selectList - <==      Total: 0
2026-08-07 21:53:41.790 [http-nio-8080-exec-10] DEBUG o.s.security.web.FilterChainProxy - Secured GET /users
2026-08-07 21:53:41.791 [http-nio-8080-exec-10] WARN  c.p.exception.GlobalExceptionHandler - [权限不足] GET /users — 权限不足
2026-08-07 21:53:43.125 [http-nio-8080-exec-1] DEBUG o.s.security.web.FilterChainProxy - Securing GET /roles
2026-08-07 21:53:43.127 [http-nio-8080-exec-1] DEBUG c.p.mapper.SysUserMapper.selectList - ==>  Preparing: SELECT id,username,password,nickname,email,phone,status,create_time,update_time,version FROM sys_user WHERE (username = ?)
2026-08-07 21:53:43.129 [http-nio-8080-exec-1] DEBUG c.p.mapper.SysUserMapper.selectList - ==> Parameters: admin(String)
2026-08-07 21:53:43.129 [http-nio-8080-exec-1] DEBUG c.p.mapper.SysUserMapper.selectList - <==      Total: 1
2026-08-07 21:53:43.130 [http-nio-8080-exec-1] DEBUG c.p.m.SysUserRoleMapper.selectList - ==>  Preparing: SELECT id,user_id,role_id FROM sys_user_role WHERE (user_id = ?)
2026-08-07 21:53:43.130 [http-nio-8080-exec-1] DEBUG c.p.m.SysUserRoleMapper.selectList - ==> Parameters: 1(Long)
2026-08-07 21:53:43.130 [http-nio-8080-exec-1] DEBUG c.p.m.SysUserRoleMapper.selectList - <==      Total: 0
2026-08-07 21:53:43.132 [http-nio-8080-exec-1] DEBUG o.s.security.web.FilterChainProxy - Secured GET /roles
2026-08-07 21:53:43.133 [http-nio-8080-exec-1] WARN  c.p.exception.GlobalExceptionHandler - [权限不足] GET /roles — 权限不足
2026-08-07 21:53:44.204 [http-nio-8080-exec-3] DEBUG o.s.security.web.FilterChainProxy - Securing GET /menus/tree
2026-08-07 21:53:44.205 [http-nio-8080-exec-3] DEBUG c.p.mapper.SysUserMapper.selectList - ==>  Preparing: SELECT id,username,password,nickname,email,phone,status,create_time,update_time,version FROM sys_user WHERE (username = ?)
2026-08-07 21:53:44.206 [http-nio-8080-exec-3] DEBUG c.p.mapper.SysUserMapper.selectList - ==> Parameters: admin(String)
2026-08-07 21:53:44.207 [http-nio-8080-exec-3] DEBUG c.p.mapper.SysUserMapper.selectList - <==      Total: 1
2026-08-07 21:53:44.208 [http-nio-8080-exec-3] DEBUG c.p.m.SysUserRoleMapper.selectList - ==>  Preparing: SELECT id,user_id,role_id FROM sys_user_role WHERE (user_id = ?)
2026-08-07 21:53:44.209 [http-nio-8080-exec-3] DEBUG c.p.m.SysUserRoleMapper.selectList - ==> Parameters: 1(Long)
2026-08-07 21:53:44.209 [http-nio-8080-exec-3] DEBUG c.p.m.SysUserRoleMapper.selectList - <==      Total: 0
2026-08-07 21:53:44.210 [http-nio-8080-exec-3] DEBUG o.s.security.web.FilterChainProxy - Secured GET /menus/tree
2026-08-07 21:53:44.211 [http-nio-8080-exec-3] DEBUG c.p.mapper.SysMenuMapper.selectList - ==>  Preparing: SELECT id,parent_id,name,path,component,icon,permission,sort,type,status,create_time,update_time,version FROM sys_menu ORDER BY sort ASC
2026-08-07 21:53:44.211 [http-nio-8080-exec-3] DEBUG c.p.mapper.SysMenuMapper.selectList - ==> Parameters: 
2026-08-07 21:53:44.213 [http-nio-8080-exec-3] DEBUG c.p.mapper.SysMenuMapper.selectList - <==      Total: 22
2026-08-07 21:53:46.525 [http-nio-8080-exec-2] DEBUG o.s.security.web.FilterChainProxy - Securing GET /logs/login?page=1&pageSize=10
2026-08-07 21:53:46.525 [http-nio-8080-exec-4] DEBUG o.s.security.web.FilterChainProxy - Securing GET /users/options
2026-08-07 21:53:46.527 [http-nio-8080-exec-2] DEBUG c.p.mapper.SysUserMapper.selectList - ==>  Preparing: SELECT id,username,password,nickname,email,phone,status,create_time,update_time,version FROM sys_user WHERE (username = ?)
2026-08-07 21:53:46.527 [http-nio-8080-exec-4] DEBUG c.p.mapper.SysUserMapper.selectList - ==>  Preparing: SELECT id,username,password,nickname,email,phone,status,create_time,update_time,version FROM sys_user WHERE (username = ?)
2026-08-07 21:53:46.527 [http-nio-8080-exec-4] DEBUG c.p.mapper.SysUserMapper.selectList - ==> Parameters: admin(String)
2026-08-07 21:53:46.527 [http-nio-8080-exec-2] DEBUG c.p.mapper.SysUserMapper.selectList - ==> Parameters: admin(String)
2026-08-07 21:53:46.527 [http-nio-8080-exec-2] DEBUG c.p.mapper.SysUserMapper.selectList - <==      Total: 1
2026-08-07 21:53:46.529 [http-nio-8080-exec-4] DEBUG c.p.mapper.SysUserMapper.selectList - <==      Total: 1
2026-08-07 21:53:46.530 [http-nio-8080-exec-2] DEBUG c.p.m.SysUserRoleMapper.selectList - ==>  Preparing: SELECT id,user_id,role_id FROM sys_user_role WHERE (user_id = ?)
2026-08-07 21:53:46.530 [http-nio-8080-exec-2] DEBUG c.p.m.SysUserRoleMapper.selectList - ==> Parameters: 1(Long)
2026-08-07 21:53:46.530 [http-nio-8080-exec-4] DEBUG c.p.m.SysUserRoleMapper.selectList - ==>  Preparing: SELECT id,user_id,role_id FROM sys_user_role WHERE (user_id = ?)
2026-08-07 21:53:46.530 [http-nio-8080-exec-4] DEBUG c.p.m.SysUserRoleMapper.selectList - ==> Parameters: 1(Long)
2026-08-07 21:53:46.530 [http-nio-8080-exec-2] DEBUG c.p.m.SysUserRoleMapper.selectList - <==      Total: 0
2026-08-07 21:53:46.531 [http-nio-8080-exec-4] DEBUG c.p.m.SysUserRoleMapper.selectList - <==      Total: 0
2026-08-07 21:53:46.531 [http-nio-8080-exec-2] DEBUG o.s.security.web.FilterChainProxy - Secured GET /logs/login?page=1&pageSize=10
2026-08-07 21:53:46.531 [http-nio-8080-exec-4] DEBUG o.s.security.web.FilterChainProxy - Secured GET /users/options
2026-08-07 21:53:46.532 [http-nio-8080-exec-4] DEBUG c.p.mapper.SysUserMapper.selectList - ==>  Preparing: SELECT id,username,password,nickname,email,phone,status,create_time,update_time,version FROM sys_user ORDER BY id ASC
2026-08-07 21:53:46.532 [http-nio-8080-exec-4] DEBUG c.p.mapper.SysUserMapper.selectList - ==> Parameters: 
2026-08-07 21:53:46.533 [http-nio-8080-exec-4] DEBUG c.p.mapper.SysUserMapper.selectList - <==      Total: 8
2026-08-07 21:53:46.533 [http-nio-8080-exec-2] WARN  c.p.exception.GlobalExceptionHandler - [权限不足] GET /logs/login — 权限不足
2026-08-07 21:53:47.260 [http-nio-8080-exec-6] DEBUG o.s.security.web.FilterChainProxy - Securing GET /users/options
2026-08-07 21:53:47.260 [http-nio-8080-exec-5] DEBUG o.s.security.web.FilterChainProxy - Securing GET /logs/operation?page=1&pageSize=10
2026-08-07 21:53:47.261 [http-nio-8080-exec-5] DEBUG c.p.mapper.SysUserMapper.selectList - ==>  Preparing: SELECT id,username,password,nickname,email,phone,status,create_time,update_time,version FROM sys_user WHERE (username = ?)
2026-08-07 21:53:47.261 [http-nio-8080-exec-6] DEBUG c.p.mapper.SysUserMapper.selectList - ==>  Preparing: SELECT id,username,password,nickname,email,phone,status,create_time,update_time,version FROM sys_user WHERE (username = ?)
2026-08-07 21:53:47.261 [http-nio-8080-exec-5] DEBUG c.p.mapper.SysUserMapper.selectList - ==> Parameters: admin(String)
2026-08-07 21:53:47.261 [http-nio-8080-exec-6] DEBUG c.p.mapper.SysUserMapper.selectList - ==> Parameters: admin(String)
2026-08-07 21:53:47.262 [http-nio-8080-exec-6] DEBUG c.p.mapper.SysUserMapper.selectList - <==      Total: 1
2026-08-07 21:53:47.262 [http-nio-8080-exec-5] DEBUG c.p.mapper.SysUserMapper.selectList - <==      Total: 1
2026-08-07 21:53:47.263 [http-nio-8080-exec-5] DEBUG c.p.m.SysUserRoleMapper.selectList - ==>  Preparing: SELECT id,user_id,role_id FROM sys_user_role WHERE (user_id = ?)
2026-08-07 21:53:47.263 [http-nio-8080-exec-6] DEBUG c.p.m.SysUserRoleMapper.selectList - ==>  Preparing: SELECT id,user_id,role_id FROM sys_user_role WHERE (user_id = ?)
2026-08-07 21:53:47.263 [http-nio-8080-exec-5] DEBUG c.p.m.SysUserRoleMapper.selectList - ==> Parameters: 1(Long)
2026-08-07 21:53:47.263 [http-nio-8080-exec-6] DEBUG c.p.m.SysUserRoleMapper.selectList - ==> Parameters: 1(Long)
2026-08-07 21:53:47.264 [http-nio-8080-exec-5] DEBUG c.p.m.SysUserRoleMapper.selectList - <==      Total: 0
2026-08-07 21:53:47.264 [http-nio-8080-exec-6] DEBUG c.p.m.SysUserRoleMapper.selectList - <==      Total: 0
2026-08-07 21:53:47.264 [http-nio-8080-exec-6] DEBUG o.s.security.web.FilterChainProxy - Secured GET /users/options
2026-08-07 21:53:47.264 [http-nio-8080-exec-5] DEBUG o.s.security.web.FilterChainProxy - Secured GET /logs/operation?page=1&pageSize=10
2026-08-07 21:53:47.265 [http-nio-8080-exec-6] DEBUG c.p.mapper.SysUserMapper.selectList - ==>  Preparing: SELECT id,username,password,nickname,email,phone,status,create_time,update_time,version FROM sys_user ORDER BY id ASC
2026-08-07 21:53:47.265 [http-nio-8080-exec-6] DEBUG c.p.mapper.SysUserMapper.selectList - ==> Parameters: 
2026-08-07 21:53:47.265 [http-nio-8080-exec-5] WARN  c.p.exception.GlobalExceptionHandler - [权限不足] GET /logs/operation — 权限不足
2026-08-07 21:53:47.266 [http-nio-8080-exec-6] DEBUG c.p.mapper.SysUserMapper.selectList - <==      Total: 8
2026-08-07 21:54:37.304 [http-nio-8080-exec-7] DEBUG o.s.security.web.FilterChainProxy - Securing GET /menus/tree
2026-08-07 21:54:37.306 [http-nio-8080-exec-7] DEBUG c.p.mapper.SysUserMapper.selectList - ==>  Preparing: SELECT id,username,password,nickname,email,phone,status,create_time,update_time,version FROM sys_user WHERE (username = ?)
2026-08-07 21:54:37.307 [http-nio-8080-exec-7] DEBUG c.p.mapper.SysUserMapper.selectList - ==> Parameters: admin(String)
2026-08-07 21:54:37.308 [http-nio-8080-exec-7] DEBUG c.p.mapper.SysUserMapper.selectList - <==      Total: 1
2026-08-07 21:54:37.308 [http-nio-8080-exec-7] DEBUG c.p.m.SysUserRoleMapper.selectList - ==>  Preparing: SELECT id,user_id,role_id FROM sys_user_role WHERE (user_id = ?)
2026-08-07 21:54:37.308 [http-nio-8080-exec-7] DEBUG c.p.m.SysUserRoleMapper.selectList - ==> Parameters: 1(Long)
2026-08-07 21:54:37.309 [http-nio-8080-exec-7] DEBUG c.p.m.SysUserRoleMapper.selectList - <==      Total: 0
2026-08-07 21:54:37.309 [http-nio-8080-exec-7] DEBUG o.s.security.web.FilterChainProxy - Secured GET /menus/tree
2026-08-07 21:54:37.311 [http-nio-8080-exec-7] DEBUG c.p.mapper.SysMenuMapper.selectList - ==>  Preparing: SELECT id,parent_id,name,path,component,icon,permission,sort,type,status,create_time,update_time,version FROM sys_menu ORDER BY sort ASC
2026-08-07 21:54:37.311 [http-nio-8080-exec-7] DEBUG c.p.mapper.SysMenuMapper.selectList - ==> Parameters: 
2026-08-07 21:54:37.312 [http-nio-8080-exec-7] DEBUG c.p.mapper.SysMenuMapper.selectList - <==      Total: 22
2026-08-07 21:54:38.635 [http-nio-8080-exec-9] DEBUG o.s.security.web.FilterChainProxy - Securing GET /users/options
2026-08-07 21:54:38.635 [http-nio-8080-exec-8] DEBUG o.s.security.web.FilterChainProxy - Securing GET /logs/operation?page=1&pageSize=10
2026-08-07 21:54:38.636 [http-nio-8080-exec-9] DEBUG c.p.mapper.SysUserMapper.selectList - ==>  Preparing: SELECT id,username,password,nickname,email,phone,status,create_time,update_time,version FROM sys_user WHERE (username = ?)
2026-08-07 21:54:38.636 [http-nio-8080-exec-8] DEBUG c.p.mapper.SysUserMapper.selectList - ==>  Preparing: SELECT id,username,password,nickname,email,phone,status,create_time,update_time,version FROM sys_user WHERE (username = ?)
2026-08-07 21:54:38.636 [http-nio-8080-exec-9] DEBUG c.p.mapper.SysUserMapper.selectList - ==> Parameters: admin(String)
2026-08-07 21:54:38.636 [http-nio-8080-exec-8] DEBUG c.p.mapper.SysUserMapper.selectList - ==> Parameters: admin(String)
2026-08-07 21:54:38.637 [http-nio-8080-exec-9] DEBUG c.p.mapper.SysUserMapper.selectList - <==      Total: 1
2026-08-07 21:54:38.637 [http-nio-8080-exec-8] DEBUG c.p.mapper.SysUserMapper.selectList - <==      Total: 1
2026-08-07 21:54:38.637 [http-nio-8080-exec-9] DEBUG c.p.m.SysUserRoleMapper.selectList - ==>  Preparing: SELECT id,user_id,role_id FROM sys_user_role WHERE (user_id = ?)
2026-08-07 21:54:38.637 [http-nio-8080-exec-8] DEBUG c.p.m.SysUserRoleMapper.selectList - ==>  Preparing: SELECT id,user_id,role_id FROM sys_user_role WHERE (user_id = ?)
2026-08-07 21:54:38.637 [http-nio-8080-exec-8] DEBUG c.p.m.SysUserRoleMapper.selectList - ==> Parameters: 1(Long)
2026-08-07 21:54:38.637 [http-nio-8080-exec-9] DEBUG c.p.m.SysUserRoleMapper.selectList - ==> Parameters: 1(Long)
2026-08-07 21:54:38.637 [http-nio-8080-exec-8] DEBUG c.p.m.SysUserRoleMapper.selectList - <==      Total: 0
2026-08-07 21:54:38.637 [http-nio-8080-exec-9] DEBUG c.p.m.SysUserRoleMapper.selectList - <==      Total: 0
2026-08-07 21:54:38.638 [http-nio-8080-exec-8] DEBUG o.s.security.web.FilterChainProxy - Secured GET /logs/operation?page=1&pageSize=10
2026-08-07 21:54:38.638 [http-nio-8080-exec-9] DEBUG o.s.security.web.FilterChainProxy - Secured GET /users/options
2026-08-07 21:54:38.638 [http-nio-8080-exec-9] DEBUG c.p.mapper.SysUserMapper.selectList - ==>  Preparing: SELECT id,username,password,nickname,email,phone,status,create_time,update_time,version FROM sys_user ORDER BY id ASC
2026-08-07 21:54:38.638 [http-nio-8080-exec-9] DEBUG c.p.mapper.SysUserMapper.selectList - ==> Parameters: 
2026-08-07 21:54:38.638 [http-nio-8080-exec-8] WARN  c.p.exception.GlobalExceptionHandler - [权限不足] GET /logs/operation — 权限不足
2026-08-07 21:54:38.640 [http-nio-8080-exec-9] DEBUG c.p.mapper.SysUserMapper.selectList - <==      Total: 8
2026-08-07 21:54:39.544 [http-nio-8080-exec-10] DEBUG o.s.security.web.FilterChainProxy - Securing GET /logs/login?page=1&pageSize=10
2026-08-07 21:54:39.544 [http-nio-8080-exec-1] DEBUG o.s.security.web.FilterChainProxy - Securing GET /users/options
2026-08-07 21:54:39.546 [http-nio-8080-exec-1] DEBUG c.p.mapper.SysUserMapper.selectList - ==>  Preparing: SELECT id,username,password,nickname,email,phone,status,create_time,update_time,version FROM sys_user WHERE (username = ?)
2026-08-07 21:54:39.546 [http-nio-8080-exec-10] DEBUG c.p.mapper.SysUserMapper.selectList - ==>  Preparing: SELECT id,username,password,nickname,email,phone,status,create_time,update_time,version FROM sys_user WHERE (username = ?)
2026-08-07 21:54:39.547 [http-nio-8080-exec-1] DEBUG c.p.mapper.SysUserMapper.selectList - ==> Parameters: admin(String)
2026-08-07 21:54:39.547 [http-nio-8080-exec-10] DEBUG c.p.mapper.SysUserMapper.selectList - ==> Parameters: admin(String)
2026-08-07 21:54:39.547 [http-nio-8080-exec-1] DEBUG c.p.mapper.SysUserMapper.selectList - <==      Total: 1
2026-08-07 21:54:39.547 [http-nio-8080-exec-10] DEBUG c.p.mapper.SysUserMapper.selectList - <==      Total: 1
2026-08-07 21:54:39.547 [http-nio-8080-exec-10] DEBUG c.p.m.SysUserRoleMapper.selectList - ==>  Preparing: SELECT id,user_id,role_id FROM sys_user_role WHERE (user_id = ?)
2026-08-07 21:54:39.547 [http-nio-8080-exec-1] DEBUG c.p.m.SysUserRoleMapper.selectList - ==>  Preparing: SELECT id,user_id,role_id FROM sys_user_role WHERE (user_id = ?)
2026-08-07 21:54:39.548 [http-nio-8080-exec-10] DEBUG c.p.m.SysUserRoleMapper.selectList - ==> Parameters: 1(Long)
2026-08-07 21:54:39.548 [http-nio-8080-exec-1] DEBUG c.p.m.SysUserRoleMapper.selectList - ==> Parameters: 1(Long)
2026-08-07 21:54:39.548 [http-nio-8080-exec-10] DEBUG c.p.m.SysUserRoleMapper.selectList - <==      Total: 0
2026-08-07 21:54:39.548 [http-nio-8080-exec-1] DEBUG c.p.m.SysUserRoleMapper.selectList - <==      Total: 0
2026-08-07 21:54:39.548 [http-nio-8080-exec-10] DEBUG o.s.security.web.FilterChainProxy - Secured GET /logs/login?page=1&pageSize=10
2026-08-07 21:54:39.548 [http-nio-8080-exec-1] DEBUG o.s.security.web.FilterChainProxy - Secured GET /users/options
2026-08-07 21:54:39.550 [http-nio-8080-exec-1] DEBUG c.p.mapper.SysUserMapper.selectList - ==>  Preparing: SELECT id,username,password,nickname,email,phone,status,create_time,update_time,version FROM sys_user ORDER BY id ASC
2026-08-07 21:54:39.550 [http-nio-8080-exec-1] DEBUG c.p.mapper.SysUserMapper.selectList - ==> Parameters: 
2026-08-07 21:54:39.550 [http-nio-8080-exec-10] WARN  c.p.exception.GlobalExceptionHandler - [权限不足] GET /logs/login — 权限不足
2026-08-07 21:54:39.551 [http-nio-8080-exec-1] DEBUG c.p.mapper.SysUserMapper.selectList - <==      Total: 8
2026-08-07 21:59:34.270 [SpringApplicationShutdownHook] INFO  com.zaxxer.hikari.HikariDataSource - HikariPool-1 - Shutdown initiated...
2026-08-07 21:59:34.274 [SpringApplicationShutdownHook] INFO  com.zaxxer.hikari.HikariDataSource - HikariPool-1 - Shutdown completed.
2026-08-07 21:59:38.535 [background-preinit] INFO  o.h.validator.internal.util.Version - HV000001: Hibernate Validator 8.0.1.Final
2026-08-07 21:59:38.562 [main] INFO  com.pes.PesApplication - Starting PesApplication using Java 17.0.12 with PID 7472 (E:\PES\pes-java\target\classes started by ASUS in E:\PES)
2026-08-07 21:59:38.563 [main] DEBUG com.pes.PesApplication - Running with Spring Boot v3.2.0, Spring v6.1.1
2026-08-07 21:59:38.563 [main] INFO  com.pes.PesApplication - The following 1 profile is active: "dev"
2026-08-07 21:59:39.096 [main] INFO  o.s.d.r.c.RepositoryConfigurationDelegate - Multiple Spring Data modules found, entering strict repository configuration mode
2026-08-07 21:59:39.097 [main] INFO  o.s.d.r.c.RepositoryConfigurationDelegate - Bootstrapping Spring Data Redis repositories in DEFAULT mode.
2026-08-07 21:59:39.123 [main] INFO  o.s.d.r.c.RepositoryConfigurationDelegate - Finished Spring Data repository scanning in 15 ms. Found 0 Redis repository interfaces.
2026-08-07 21:59:39.703 [main] INFO  o.s.b.w.e.tomcat.TomcatWebServer - Tomcat initialized with port 8080 (http)
2026-08-07 21:59:39.710 [main] INFO  o.a.coyote.http11.Http11NioProtocol - Initializing ProtocolHandler ["http-nio-8080"]
2026-08-07 21:59:39.711 [main] INFO  o.a.catalina.core.StandardService - Starting service [Tomcat]
2026-08-07 21:59:39.711 [main] INFO  o.a.catalina.core.StandardEngine - Starting Servlet engine: [Apache Tomcat/10.1.16]
2026-08-07 21:59:39.764 [main] INFO  o.a.c.c.C.[Tomcat].[localhost].[/] - Initializing Spring embedded WebApplicationContext
2026-08-07 21:59:39.764 [main] INFO  o.s.b.w.s.c.ServletWebServerApplicationContext - Root WebApplicationContext: initialization completed in 1171 ms
2026-08-07 21:59:39.889 [main] INFO  com.zaxxer.hikari.HikariDataSource - HikariPool-1 - Starting...
2026-08-07 21:59:40.159 [main] INFO  com.zaxxer.hikari.pool.HikariPool - HikariPool-1 - Added connection com.mysql.cj.jdbc.ConnectionImpl@9e50283
2026-08-07 21:59:40.161 [main] INFO  com.zaxxer.hikari.HikariDataSource - HikariPool-1 - Start completed.
2026-08-07 21:59:40.397 [main] DEBUG c.p.s.filter.JwtAuthenticationFilter - Filter 'jwtAuthenticationFilter' configured for use
2026-08-07 21:59:40.957 [main] INFO  com.pes.utils.RedisUtils - Redis 连接成功
2026-08-07 21:59:41.295 [main] INFO  o.s.s.web.DefaultSecurityFilterChain - Will secure any request with [org.springframework.security.web.session.DisableEncodeUrlFilter@26c1244c, org.springframework.security.web.context.request.async.WebAsyncManagerIntegrationFilter@e76134d, org.springframework.security.web.context.SecurityContextHolderFilter@76c85485, org.springframework.security.web.header.HeaderWriterFilter@6d84ab90, org.springframework.web.filter.CorsFilter@da5d5e1, com.pes.security.filter.JwtAuthenticationFilter@7ba1cdbe, org.springframework.security.web.savedrequest.RequestCacheAwareFilter@4a7ac98b, org.springframework.security.web.servletapi.SecurityContextHolderAwareRequestFilter@35e3f3b8, org.springframework.security.web.authentication.AnonymousAuthenticationFilter@2a317af7, org.springframework.security.web.session.SessionManagementFilter@3c65f2e1, org.springframework.security.web.access.ExceptionTranslationFilter@2adce412, org.springframework.security.web.access.intercept.AuthorizationFilter@6778636f]
2026-08-07 21:59:41.529 [main] INFO  o.a.coyote.http11.Http11NioProtocol - Starting ProtocolHandler ["http-nio-8080"]
2026-08-07 21:59:41.539 [main] INFO  o.s.b.w.e.tomcat.TomcatWebServer - Tomcat started on port 8080 (http) with context path ''
2026-08-07 21:59:41.545 [main] INFO  com.pes.PesApplication - Started PesApplication in 3.445 seconds (process running for 4.142)
2026-08-07 21:59:46.081 [http-nio-8080-exec-1] INFO  o.a.c.c.C.[Tomcat].[localhost].[/] - Initializing Spring DispatcherServlet 'dispatcherServlet'
2026-08-07 21:59:46.082 [http-nio-8080-exec-1] INFO  o.s.web.servlet.DispatcherServlet - Initializing Servlet 'dispatcherServlet'
2026-08-07 21:59:46.082 [http-nio-8080-exec-1] INFO  o.s.web.servlet.DispatcherServlet - Completed initialization in 0 ms
2026-08-07 21:59:46.092 [http-nio-8080-exec-1] DEBUG o.s.security.web.FilterChainProxy - Securing GET /menus/tree
2026-08-07 21:59:46.232 [http-nio-8080-exec-1] DEBUG c.p.mapper.SysUserMapper.selectList - ==>  Preparing: SELECT id,username,password,nickname,email,phone,status,create_time,update_time,version FROM sys_user WHERE (username = ?)
2026-08-07 21:59:46.249 [http-nio-8080-exec-1] DEBUG c.p.mapper.SysUserMapper.selectList - ==> Parameters: admin(String)
2026-08-07 21:59:46.269 [http-nio-8080-exec-1] DEBUG c.p.mapper.SysUserMapper.selectList - <==      Total: 1
2026-08-07 21:59:46.273 [http-nio-8080-exec-1] DEBUG c.p.m.SysUserRoleMapper.selectList - ==>  Preparing: SELECT id,user_id,role_id FROM sys_user_role WHERE (user_id = ?)
2026-08-07 21:59:46.273 [http-nio-8080-exec-1] DEBUG c.p.m.SysUserRoleMapper.selectList - ==> Parameters: 1(Long)
2026-08-07 21:59:46.275 [http-nio-8080-exec-1] DEBUG c.p.m.SysUserRoleMapper.selectList - <==      Total: 1
2026-08-07 21:59:46.276 [http-nio-8080-exec-1] DEBUG c.p.mapper.SysRoleMapper.selectById - ==>  Preparing: SELECT id,name,code,description,status,create_time,update_time,version FROM sys_role WHERE id=?
2026-08-07 21:59:46.276 [http-nio-8080-exec-1] DEBUG c.p.mapper.SysRoleMapper.selectById - ==> Parameters: 1(Long)
2026-08-07 21:59:46.277 [http-nio-8080-exec-1] DEBUG c.p.mapper.SysRoleMapper.selectById - <==      Total: 1
2026-08-07 21:59:46.277 [http-nio-8080-exec-1] DEBUG c.p.m.S.selectMenuByRoleId - ==>  Preparing: SELECT m.* FROM sys_menu m INNER JOIN sys_role_menu rm ON m.id = rm.menu_id WHERE rm.role_id = ?
2026-08-07 21:59:46.279 [http-nio-8080-exec-1] DEBUG c.p.m.S.selectMenuByRoleId - ==> Parameters: 1(Long)
2026-08-07 21:59:46.285 [http-nio-8080-exec-1] DEBUG c.p.m.S.selectMenuByRoleId - <==      Total: 22
2026-08-07 21:59:46.297 [http-nio-8080-exec-1] DEBUG o.s.security.web.FilterChainProxy - Secured GET /menus/tree
2026-08-07 21:59:46.312 [http-nio-8080-exec-1] DEBUG c.p.mapper.SysMenuMapper.selectList - ==>  Preparing: SELECT id,parent_id,name,path,component,icon,permission,sort,type,status,create_time,update_time,version FROM sys_menu ORDER BY sort ASC
2026-08-07 21:59:46.312 [http-nio-8080-exec-1] DEBUG c.p.mapper.SysMenuMapper.selectList - ==> Parameters: 
2026-08-07 21:59:46.316 [http-nio-8080-exec-1] DEBUG c.p.mapper.SysMenuMapper.selectList - <==      Total: 22
2026-08-07 21:59:46.509 [http-nio-8080-exec-2] DEBUG o.s.security.web.FilterChainProxy - Securing GET /dashboard/stats
2026-08-07 21:59:46.511 [http-nio-8080-exec-2] DEBUG c.p.mapper.SysUserMapper.selectList - ==>  Preparing: SELECT id,username,password,nickname,email,phone,status,create_time,update_time,version FROM sys_user WHERE (username = ?)
2026-08-07 21:59:46.513 [http-nio-8080-exec-2] DEBUG c.p.mapper.SysUserMapper.selectList - ==> Parameters: admin(String)
2026-08-07 21:59:46.514 [http-nio-8080-exec-2] DEBUG c.p.mapper.SysUserMapper.selectList - <==      Total: 1
2026-08-07 21:59:46.515 [http-nio-8080-exec-2] DEBUG c.p.m.SysUserRoleMapper.selectList - ==>  Preparing: SELECT id,user_id,role_id FROM sys_user_role WHERE (user_id = ?)
2026-08-07 21:59:46.515 [http-nio-8080-exec-2] DEBUG c.p.m.SysUserRoleMapper.selectList - ==> Parameters: 1(Long)
2026-08-07 21:59:46.518 [http-nio-8080-exec-2] DEBUG c.p.m.SysUserRoleMapper.selectList - <==      Total: 1
2026-08-07 21:59:46.518 [http-nio-8080-exec-2] DEBUG c.p.mapper.SysRoleMapper.selectById - ==>  Preparing: SELECT id,name,code,description,status,create_time,update_time,version FROM sys_role WHERE id=?
2026-08-07 21:59:46.518 [http-nio-8080-exec-2] DEBUG c.p.mapper.SysRoleMapper.selectById - ==> Parameters: 1(Long)
2026-08-07 21:59:46.519 [http-nio-8080-exec-2] DEBUG c.p.mapper.SysRoleMapper.selectById - <==      Total: 1
2026-08-07 21:59:46.519 [http-nio-8080-exec-2] DEBUG c.p.m.S.selectMenuByRoleId - ==>  Preparing: SELECT m.* FROM sys_menu m INNER JOIN sys_role_menu rm ON m.id = rm.menu_id WHERE rm.role_id = ?
2026-08-07 21:59:46.519 [http-nio-8080-exec-2] DEBUG c.p.m.S.selectMenuByRoleId - ==> Parameters: 1(Long)
2026-08-07 21:59:46.521 [http-nio-8080-exec-2] DEBUG c.p.m.S.selectMenuByRoleId - <==      Total: 22
2026-08-07 21:59:46.523 [http-nio-8080-exec-2] DEBUG o.s.security.web.FilterChainProxy - Secured GET /dashboard/stats
2026-08-07 21:59:46.525 [http-nio-8080-exec-2] DEBUG c.p.mapper.SysUserMapper.selectCount - ==>  Preparing: SELECT COUNT( * ) AS total FROM sys_user
2026-08-07 21:59:46.525 [http-nio-8080-exec-2] DEBUG c.p.mapper.SysUserMapper.selectCount - ==> Parameters: 
2026-08-07 21:59:46.528 [http-nio-8080-exec-2] DEBUG c.p.mapper.SysUserMapper.selectCount - <==      Total: 1
2026-08-07 21:59:46.528 [http-nio-8080-exec-2] DEBUG c.p.mapper.SysRoleMapper.selectCount - ==>  Preparing: SELECT COUNT( * ) AS total FROM sys_role
2026-08-07 21:59:46.528 [http-nio-8080-exec-2] DEBUG c.p.mapper.SysRoleMapper.selectCount - ==> Parameters: 
2026-08-07 21:59:46.528 [http-nio-8080-exec-2] DEBUG c.p.mapper.SysRoleMapper.selectCount - <==      Total: 1
2026-08-07 21:59:46.531 [http-nio-8080-exec-2] DEBUG c.p.mapper.SysMenuMapper.selectCount - ==>  Preparing: SELECT COUNT( * ) AS total FROM sys_menu WHERE (type = ? AND component IS NOT NULL AND component <> ? AND component <> ?)
2026-08-07 21:59:46.531 [http-nio-8080-exec-2] DEBUG c.p.mapper.SysMenuMapper.selectCount - ==> Parameters: 1(Integer), (String), Layout(String)
2026-08-07 21:59:46.531 [http-nio-8080-exec-2] DEBUG c.p.mapper.SysMenuMapper.selectCount - <==      Total: 1
2026-08-07 21:59:48.577 [http-nio-8080-exec-3] DEBUG o.s.security.web.FilterChainProxy - Securing GET /users
2026-08-07 21:59:48.580 [http-nio-8080-exec-3] DEBUG c.p.mapper.SysUserMapper.selectList - ==>  Preparing: SELECT id,username,password,nickname,email,phone,status,create_time,update_time,version FROM sys_user WHERE (username = ?)
2026-08-07 21:59:48.581 [http-nio-8080-exec-3] DEBUG c.p.mapper.SysUserMapper.selectList - ==> Parameters: admin(String)
2026-08-07 21:59:48.582 [http-nio-8080-exec-3] DEBUG c.p.mapper.SysUserMapper.selectList - <==      Total: 1
2026-08-07 21:59:48.582 [http-nio-8080-exec-3] DEBUG c.p.m.SysUserRoleMapper.selectList - ==>  Preparing: SELECT id,user_id,role_id FROM sys_user_role WHERE (user_id = ?)
2026-08-07 21:59:48.583 [http-nio-8080-exec-3] DEBUG c.p.m.SysUserRoleMapper.selectList - ==> Parameters: 1(Long)
2026-08-07 21:59:48.583 [http-nio-8080-exec-3] DEBUG c.p.m.SysUserRoleMapper.selectList - <==      Total: 1
2026-08-07 21:59:48.584 [http-nio-8080-exec-3] DEBUG c.p.mapper.SysRoleMapper.selectById - ==>  Preparing: SELECT id,name,code,description,status,create_time,update_time,version FROM sys_role WHERE id=?
2026-08-07 21:59:48.584 [http-nio-8080-exec-3] DEBUG c.p.mapper.SysRoleMapper.selectById - ==> Parameters: 1(Long)
2026-08-07 21:59:48.585 [http-nio-8080-exec-3] DEBUG c.p.mapper.SysRoleMapper.selectById - <==      Total: 1
2026-08-07 21:59:48.585 [http-nio-8080-exec-3] DEBUG c.p.m.S.selectMenuByRoleId - ==>  Preparing: SELECT m.* FROM sys_menu m INNER JOIN sys_role_menu rm ON m.id = rm.menu_id WHERE rm.role_id = ?
2026-08-07 21:59:48.585 [http-nio-8080-exec-3] DEBUG c.p.m.S.selectMenuByRoleId - ==> Parameters: 1(Long)
2026-08-07 21:59:48.585 [http-nio-8080-exec-3] DEBUG c.p.m.S.selectMenuByRoleId - <==      Total: 22
2026-08-07 21:59:48.591 [http-nio-8080-exec-3] DEBUG o.s.security.web.FilterChainProxy - Secured GET /users
2026-08-07 21:59:48.591 [http-nio-8080-exec-3] DEBUG c.p.mapper.SysUserMapper.selectList - ==>  Preparing: SELECT id,username,password,nickname,email,phone,status,create_time,update_time,version FROM sys_user ORDER BY id ASC
2026-08-07 21:59:48.591 [http-nio-8080-exec-3] DEBUG c.p.mapper.SysUserMapper.selectList - ==> Parameters: 
2026-08-07 21:59:48.591 [http-nio-8080-exec-3] DEBUG c.p.mapper.SysUserMapper.selectList - <==      Total: 8
2026-08-07 21:59:49.529 [http-nio-8080-exec-4] DEBUG o.s.security.web.FilterChainProxy - Securing GET /roles
2026-08-07 21:59:49.530 [http-nio-8080-exec-4] DEBUG c.p.mapper.SysUserMapper.selectList - ==>  Preparing: SELECT id,username,password,nickname,email,phone,status,create_time,update_time,version FROM sys_user WHERE (username = ?)
2026-08-07 21:59:49.530 [http-nio-8080-exec-4] DEBUG c.p.mapper.SysUserMapper.selectList - ==> Parameters: admin(String)
2026-08-07 21:59:49.532 [http-nio-8080-exec-4] DEBUG c.p.mapper.SysUserMapper.selectList - <==      Total: 1
2026-08-07 21:59:49.533 [http-nio-8080-exec-4] DEBUG c.p.m.SysUserRoleMapper.selectList - ==>  Preparing: SELECT id,user_id,role_id FROM sys_user_role WHERE (user_id = ?)
2026-08-07 21:59:49.534 [http-nio-8080-exec-4] DEBUG c.p.m.SysUserRoleMapper.selectList - ==> Parameters: 1(Long)
2026-08-07 21:59:49.534 [http-nio-8080-exec-4] DEBUG c.p.m.SysUserRoleMapper.selectList - <==      Total: 1
2026-08-07 21:59:49.536 [http-nio-8080-exec-4] DEBUG c.p.mapper.SysRoleMapper.selectById - ==>  Preparing: SELECT id,name,code,description,status,create_time,update_time,version FROM sys_role WHERE id=?
2026-08-07 21:59:49.536 [http-nio-8080-exec-4] DEBUG c.p.mapper.SysRoleMapper.selectById - ==> Parameters: 1(Long)
2026-08-07 21:59:49.537 [http-nio-8080-exec-4] DEBUG c.p.mapper.SysRoleMapper.selectById - <==      Total: 1
2026-08-07 21:59:49.537 [http-nio-8080-exec-4] DEBUG c.p.m.S.selectMenuByRoleId - ==>  Preparing: SELECT m.* FROM sys_menu m INNER JOIN sys_role_menu rm ON m.id = rm.menu_id WHERE rm.role_id = ?
2026-08-07 21:59:49.537 [http-nio-8080-exec-4] DEBUG c.p.m.S.selectMenuByRoleId - ==> Parameters: 1(Long)
2026-08-07 21:59:49.541 [http-nio-8080-exec-4] DEBUG c.p.m.S.selectMenuByRoleId - <==      Total: 22
2026-08-07 21:59:49.544 [http-nio-8080-exec-4] DEBUG o.s.security.web.FilterChainProxy - Secured GET /roles
2026-08-07 21:59:49.544 [http-nio-8080-exec-4] DEBUG c.p.mapper.SysRoleMapper.selectList - ==>  Preparing: SELECT id,name,code,description,status,create_time,update_time,version FROM sys_role ORDER BY id ASC
2026-08-07 21:59:49.544 [http-nio-8080-exec-4] DEBUG c.p.mapper.SysRoleMapper.selectList - ==> Parameters: 
2026-08-07 21:59:49.547 [http-nio-8080-exec-4] DEBUG c.p.mapper.SysRoleMapper.selectList - <==      Total: 5
2026-08-07 21:59:50.478 [http-nio-8080-exec-5] DEBUG o.s.security.web.FilterChainProxy - Securing GET /menus/tree
2026-08-07 21:59:50.482 [http-nio-8080-exec-5] DEBUG c.p.mapper.SysUserMapper.selectList - ==>  Preparing: SELECT id,username,password,nickname,email,phone,status,create_time,update_time,version FROM sys_user WHERE (username = ?)
2026-08-07 21:59:50.482 [http-nio-8080-exec-5] DEBUG c.p.mapper.SysUserMapper.selectList - ==> Parameters: admin(String)
2026-08-07 21:59:50.483 [http-nio-8080-exec-5] DEBUG c.p.mapper.SysUserMapper.selectList - <==      Total: 1
2026-08-07 21:59:50.484 [http-nio-8080-exec-5] DEBUG c.p.m.SysUserRoleMapper.selectList - ==>  Preparing: SELECT id,user_id,role_id FROM sys_user_role WHERE (user_id = ?)
2026-08-07 21:59:50.484 [http-nio-8080-exec-5] DEBUG c.p.m.SysUserRoleMapper.selectList - ==> Parameters: 1(Long)
2026-08-07 21:59:50.485 [http-nio-8080-exec-5] DEBUG c.p.m.SysUserRoleMapper.selectList - <==      Total: 1
2026-08-07 21:59:50.485 [http-nio-8080-exec-5] DEBUG c.p.mapper.SysRoleMapper.selectById - ==>  Preparing: SELECT id,name,code,description,status,create_time,update_time,version FROM sys_role WHERE id=?
2026-08-07 21:59:50.485 [http-nio-8080-exec-5] DEBUG c.p.mapper.SysRoleMapper.selectById - ==> Parameters: 1(Long)
2026-08-07 21:59:50.487 [http-nio-8080-exec-5] DEBUG c.p.mapper.SysRoleMapper.selectById - <==      Total: 1
2026-08-07 21:59:50.487 [http-nio-8080-exec-5] DEBUG c.p.m.S.selectMenuByRoleId - ==>  Preparing: SELECT m.* FROM sys_menu m INNER JOIN sys_role_menu rm ON m.id = rm.menu_id WHERE rm.role_id = ?
2026-08-07 21:59:50.487 [http-nio-8080-exec-5] DEBUG c.p.m.S.selectMenuByRoleId - ==> Parameters: 1(Long)
2026-08-07 21:59:50.489 [http-nio-8080-exec-5] DEBUG c.p.m.S.selectMenuByRoleId - <==      Total: 22
2026-08-07 21:59:50.489 [http-nio-8080-exec-5] DEBUG o.s.security.web.FilterChainProxy - Secured GET /menus/tree
2026-08-07 21:59:50.491 [http-nio-8080-exec-5] DEBUG c.p.mapper.SysMenuMapper.selectList - ==>  Preparing: SELECT id,parent_id,name,path,component,icon,permission,sort,type,status,create_time,update_time,version FROM sys_menu ORDER BY sort ASC
2026-08-07 21:59:50.491 [http-nio-8080-exec-5] DEBUG c.p.mapper.SysMenuMapper.selectList - ==> Parameters: 
2026-08-07 21:59:50.493 [http-nio-8080-exec-5] DEBUG c.p.mapper.SysMenuMapper.selectList - <==      Total: 22
2026-08-07 21:59:52.012 [http-nio-8080-exec-6] DEBUG o.s.security.web.FilterChainProxy - Securing GET /logs/operation?page=1&pageSize=10
2026-08-07 21:59:52.013 [http-nio-8080-exec-7] DEBUG o.s.security.web.FilterChainProxy - Securing GET /users/options
2026-08-07 21:59:52.016 [http-nio-8080-exec-6] DEBUG c.p.mapper.SysUserMapper.selectList - ==>  Preparing: SELECT id,username,password,nickname,email,phone,status,create_time,update_time,version FROM sys_user WHERE (username = ?)
2026-08-07 21:59:52.016 [http-nio-8080-exec-7] DEBUG c.p.mapper.SysUserMapper.selectList - ==>  Preparing: SELECT id,username,password,nickname,email,phone,status,create_time,update_time,version FROM sys_user WHERE (username = ?)
2026-08-07 21:59:52.016 [http-nio-8080-exec-7] DEBUG c.p.mapper.SysUserMapper.selectList - ==> Parameters: admin(String)
2026-08-07 21:59:52.016 [http-nio-8080-exec-6] DEBUG c.p.mapper.SysUserMapper.selectList - ==> Parameters: admin(String)
2026-08-07 21:59:52.017 [http-nio-8080-exec-6] DEBUG c.p.mapper.SysUserMapper.selectList - <==      Total: 1
2026-08-07 21:59:52.017 [http-nio-8080-exec-7] DEBUG c.p.mapper.SysUserMapper.selectList - <==      Total: 1
2026-08-07 21:59:52.017 [http-nio-8080-exec-7] DEBUG c.p.m.SysUserRoleMapper.selectList - ==>  Preparing: SELECT id,user_id,role_id FROM sys_user_role WHERE (user_id = ?)
2026-08-07 21:59:52.017 [http-nio-8080-exec-6] DEBUG c.p.m.SysUserRoleMapper.selectList - ==>  Preparing: SELECT id,user_id,role_id FROM sys_user_role WHERE (user_id = ?)
2026-08-07 21:59:52.018 [http-nio-8080-exec-6] DEBUG c.p.m.SysUserRoleMapper.selectList - ==> Parameters: 1(Long)
2026-08-07 21:59:52.018 [http-nio-8080-exec-7] DEBUG c.p.m.SysUserRoleMapper.selectList - ==> Parameters: 1(Long)
2026-08-07 21:59:52.019 [http-nio-8080-exec-6] DEBUG c.p.m.SysUserRoleMapper.selectList - <==      Total: 1
2026-08-07 21:59:52.019 [http-nio-8080-exec-7] DEBUG c.p.m.SysUserRoleMapper.selectList - <==      Total: 1
2026-08-07 21:59:52.019 [http-nio-8080-exec-7] DEBUG c.p.mapper.SysRoleMapper.selectById - ==>  Preparing: SELECT id,name,code,description,status,create_time,update_time,version FROM sys_role WHERE id=?
2026-08-07 21:59:52.019 [http-nio-8080-exec-6] DEBUG c.p.mapper.SysRoleMapper.selectById - ==>  Preparing: SELECT id,name,code,description,status,create_time,update_time,version FROM sys_role WHERE id=?
2026-08-07 21:59:52.020 [http-nio-8080-exec-7] DEBUG c.p.mapper.SysRoleMapper.selectById - ==> Parameters: 1(Long)
2026-08-07 21:59:52.020 [http-nio-8080-exec-6] DEBUG c.p.mapper.SysRoleMapper.selectById - ==> Parameters: 1(Long)
2026-08-07 21:59:52.020 [http-nio-8080-exec-6] DEBUG c.p.mapper.SysRoleMapper.selectById - <==      Total: 1
2026-08-07 21:59:52.020 [http-nio-8080-exec-7] DEBUG c.p.mapper.SysRoleMapper.selectById - <==      Total: 1
2026-08-07 21:59:52.020 [http-nio-8080-exec-7] DEBUG c.p.m.S.selectMenuByRoleId - ==>  Preparing: SELECT m.* FROM sys_menu m INNER JOIN sys_role_menu rm ON m.id = rm.menu_id WHERE rm.role_id = ?
2026-08-07 21:59:52.020 [http-nio-8080-exec-6] DEBUG c.p.m.S.selectMenuByRoleId - ==>  Preparing: SELECT m.* FROM sys_menu m INNER JOIN sys_role_menu rm ON m.id = rm.menu_id WHERE rm.role_id = ?
2026-08-07 21:59:52.021 [http-nio-8080-exec-7] DEBUG c.p.m.S.selectMenuByRoleId - ==> Parameters: 1(Long)
2026-08-07 21:59:52.021 [http-nio-8080-exec-6] DEBUG c.p.m.S.selectMenuByRoleId - ==> Parameters: 1(Long)
2026-08-07 21:59:52.021 [http-nio-8080-exec-6] DEBUG c.p.m.S.selectMenuByRoleId - <==      Total: 22
2026-08-07 21:59:52.021 [http-nio-8080-exec-7] DEBUG c.p.m.S.selectMenuByRoleId - <==      Total: 22
2026-08-07 21:59:52.024 [http-nio-8080-exec-6] DEBUG o.s.security.web.FilterChainProxy - Secured GET /logs/operation?page=1&pageSize=10
2026-08-07 21:59:52.024 [http-nio-8080-exec-7] DEBUG o.s.security.web.FilterChainProxy - Secured GET /users/options
2026-08-07 21:59:52.025 [http-nio-8080-exec-7] DEBUG c.p.mapper.SysUserMapper.selectList - ==>  Preparing: SELECT id,username,password,nickname,email,phone,status,create_time,update_time,version FROM sys_user ORDER BY id ASC
2026-08-07 21:59:52.025 [http-nio-8080-exec-7] DEBUG c.p.mapper.SysUserMapper.selectList - ==> Parameters: 
2026-08-07 21:59:52.030 [http-nio-8080-exec-7] DEBUG c.p.mapper.SysUserMapper.selectList - <==      Total: 8
2026-08-07 21:59:52.072 [http-nio-8080-exec-6] DEBUG c.p.m.S.selectList_mpCount - ==>  Preparing: SELECT COUNT(*) AS total FROM sys_oper_log
2026-08-07 21:59:52.072 [http-nio-8080-exec-6] DEBUG c.p.m.S.selectList_mpCount - ==> Parameters: 
2026-08-07 21:59:52.076 [http-nio-8080-exec-6] DEBUG c.p.m.S.selectList_mpCount - <==      Total: 1
2026-08-07 21:59:52.077 [http-nio-8080-exec-6] DEBUG c.p.m.SysOperLogMapper.selectList - ==>  Preparing: SELECT id,username,operation,class_name,method_name,params,time,ip,status,create_time FROM sys_oper_log ORDER BY create_time DESC LIMIT ?
2026-08-07 21:59:52.077 [http-nio-8080-exec-6] DEBUG c.p.m.SysOperLogMapper.selectList - ==> Parameters: 10(Long)
2026-08-07 21:59:52.082 [http-nio-8080-exec-6] DEBUG c.p.m.SysOperLogMapper.selectList - <==      Total: 10
2026-08-07 21:59:52.656 [http-nio-8080-exec-9] DEBUG o.s.security.web.FilterChainProxy - Securing GET /users/options
2026-08-07 21:59:52.656 [http-nio-8080-exec-8] DEBUG o.s.security.web.FilterChainProxy - Securing GET /logs/login?page=1&pageSize=10
2026-08-07 21:59:52.658 [http-nio-8080-exec-8] DEBUG c.p.mapper.SysUserMapper.selectList - ==>  Preparing: SELECT id,username,password,nickname,email,phone,status,create_time,update_time,version FROM sys_user WHERE (username = ?)
2026-08-07 21:59:52.658 [http-nio-8080-exec-9] DEBUG c.p.mapper.SysUserMapper.selectList - ==>  Preparing: SELECT id,username,password,nickname,email,phone,status,create_time,update_time,version FROM sys_user WHERE (username = ?)
2026-08-07 21:59:52.659 [http-nio-8080-exec-8] DEBUG c.p.mapper.SysUserMapper.selectList - ==> Parameters: admin(String)
2026-08-07 21:59:52.659 [http-nio-8080-exec-9] DEBUG c.p.mapper.SysUserMapper.selectList - ==> Parameters: admin(String)
2026-08-07 21:59:52.659 [http-nio-8080-exec-8] DEBUG c.p.mapper.SysUserMapper.selectList - <==      Total: 1
2026-08-07 21:59:52.659 [http-nio-8080-exec-9] DEBUG c.p.mapper.SysUserMapper.selectList - <==      Total: 1
2026-08-07 21:59:52.660 [http-nio-8080-exec-9] DEBUG c.p.m.SysUserRoleMapper.selectList - ==>  Preparing: SELECT id,user_id,role_id FROM sys_user_role WHERE (user_id = ?)
2026-08-07 21:59:52.660 [http-nio-8080-exec-8] DEBUG c.p.m.SysUserRoleMapper.selectList - ==>  Preparing: SELECT id,user_id,role_id FROM sys_user_role WHERE (user_id = ?)
2026-08-07 21:59:52.660 [http-nio-8080-exec-9] DEBUG c.p.m.SysUserRoleMapper.selectList - ==> Parameters: 1(Long)
2026-08-07 21:59:52.660 [http-nio-8080-exec-8] DEBUG c.p.m.SysUserRoleMapper.selectList - ==> Parameters: 1(Long)
2026-08-07 21:59:52.661 [http-nio-8080-exec-8] DEBUG c.p.m.SysUserRoleMapper.selectList - <==      Total: 1
2026-08-07 21:59:52.661 [http-nio-8080-exec-9] DEBUG c.p.m.SysUserRoleMapper.selectList - <==      Total: 1
2026-08-07 21:59:52.661 [http-nio-8080-exec-9] DEBUG c.p.mapper.SysRoleMapper.selectById - ==>  Preparing: SELECT id,name,code,description,status,create_time,update_time,version FROM sys_role WHERE id=?
2026-08-07 21:59:52.661 [http-nio-8080-exec-8] DEBUG c.p.mapper.SysRoleMapper.selectById - ==>  Preparing: SELECT id,name,code,description,status,create_time,update_time,version FROM sys_role WHERE id=?
2026-08-07 21:59:52.661 [http-nio-8080-exec-8] DEBUG c.p.mapper.SysRoleMapper.selectById - ==> Parameters: 1(Long)
2026-08-07 21:59:52.661 [http-nio-8080-exec-9] DEBUG c.p.mapper.SysRoleMapper.selectById - ==> Parameters: 1(Long)
2026-08-07 21:59:52.663 [http-nio-8080-exec-8] DEBUG c.p.mapper.SysRoleMapper.selectById - <==      Total: 1
2026-08-07 21:59:52.663 [http-nio-8080-exec-9] DEBUG c.p.mapper.SysRoleMapper.selectById - <==      Total: 1
2026-08-07 21:59:52.663 [http-nio-8080-exec-8] DEBUG c.p.m.S.selectMenuByRoleId - ==>  Preparing: SELECT m.* FROM sys_menu m INNER JOIN sys_role_menu rm ON m.id = rm.menu_id WHERE rm.role_id = ?
2026-08-07 21:59:52.663 [http-nio-8080-exec-9] DEBUG c.p.m.S.selectMenuByRoleId - ==>  Preparing: SELECT m.* FROM sys_menu m INNER JOIN sys_role_menu rm ON m.id = rm.menu_id WHERE rm.role_id = ?
2026-08-07 21:59:52.663 [http-nio-8080-exec-8] DEBUG c.p.m.S.selectMenuByRoleId - ==> Parameters: 1(Long)
2026-08-07 21:59:52.663 [http-nio-8080-exec-9] DEBUG c.p.m.S.selectMenuByRoleId - ==> Parameters: 1(Long)
2026-08-07 21:59:52.663 [http-nio-8080-exec-8] DEBUG c.p.m.S.selectMenuByRoleId - <==      Total: 22
2026-08-07 21:59:52.663 [http-nio-8080-exec-9] DEBUG c.p.m.S.selectMenuByRoleId - <==      Total: 22
2026-08-07 21:59:52.665 [http-nio-8080-exec-8] DEBUG o.s.security.web.FilterChainProxy - Secured GET /logs/login?page=1&pageSize=10
2026-08-07 21:59:52.665 [http-nio-8080-exec-9] DEBUG o.s.security.web.FilterChainProxy - Secured GET /users/options
2026-08-07 21:59:52.665 [http-nio-8080-exec-9] DEBUG c.p.mapper.SysUserMapper.selectList - ==>  Preparing: SELECT id,username,password,nickname,email,phone,status,create_time,update_time,version FROM sys_user ORDER BY id ASC
2026-08-07 21:59:52.665 [http-nio-8080-exec-9] DEBUG c.p.mapper.SysUserMapper.selectList - ==> Parameters: 
2026-08-07 21:59:52.668 [http-nio-8080-exec-9] DEBUG c.p.mapper.SysUserMapper.selectList - <==      Total: 8
2026-08-07 21:59:52.669 [http-nio-8080-exec-8] DEBUG c.p.m.S.selectList_mpCount - ==>  Preparing: SELECT COUNT(*) AS total FROM sys_login_log
2026-08-07 21:59:52.670 [http-nio-8080-exec-8] DEBUG c.p.m.S.selectList_mpCount - ==> Parameters: 
2026-08-07 21:59:52.670 [http-nio-8080-exec-8] DEBUG c.p.m.S.selectList_mpCount - <==      Total: 1
2026-08-07 21:59:52.670 [http-nio-8080-exec-8] DEBUG c.p.m.SysLoginLogMapper.selectList - ==>  Preparing: SELECT id,username,ip,status,login_time FROM sys_login_log ORDER BY login_time DESC LIMIT ?
2026-08-07 21:59:52.670 [http-nio-8080-exec-8] DEBUG c.p.m.SysLoginLogMapper.selectList - ==> Parameters: 10(Long)
2026-08-07 21:59:52.673 [http-nio-8080-exec-8] DEBUG c.p.m.SysLoginLogMapper.selectList - <==      Total: 10
2026-08-07 21:59:55.110 [http-nio-8080-exec-10] DEBUG o.s.security.web.FilterChainProxy - Securing GET /users
2026-08-07 21:59:55.114 [http-nio-8080-exec-10] DEBUG c.p.mapper.SysUserMapper.selectList - ==>  Preparing: SELECT id,username,password,nickname,email,phone,status,create_time,update_time,version FROM sys_user WHERE (username = ?)
2026-08-07 21:59:55.114 [http-nio-8080-exec-10] DEBUG c.p.mapper.SysUserMapper.selectList - ==> Parameters: admin(String)
2026-08-07 21:59:55.115 [http-nio-8080-exec-10] DEBUG c.p.mapper.SysUserMapper.selectList - <==      Total: 1
2026-08-07 21:59:55.115 [http-nio-8080-exec-10] DEBUG c.p.m.SysUserRoleMapper.selectList - ==>  Preparing: SELECT id,user_id,role_id FROM sys_user_role WHERE (user_id = ?)
2026-08-07 21:59:55.115 [http-nio-8080-exec-10] DEBUG c.p.m.SysUserRoleMapper.selectList - ==> Parameters: 1(Long)
2026-08-07 21:59:55.117 [http-nio-8080-exec-10] DEBUG c.p.m.SysUserRoleMapper.selectList - <==      Total: 1
2026-08-07 21:59:55.118 [http-nio-8080-exec-10] DEBUG c.p.mapper.SysRoleMapper.selectById - ==>  Preparing: SELECT id,name,code,description,status,create_time,update_time,version FROM sys_role WHERE id=?
2026-08-07 21:59:55.118 [http-nio-8080-exec-10] DEBUG c.p.mapper.SysRoleMapper.selectById - ==> Parameters: 1(Long)
2026-08-07 21:59:55.119 [http-nio-8080-exec-10] DEBUG c.p.mapper.SysRoleMapper.selectById - <==      Total: 1
2026-08-07 21:59:55.119 [http-nio-8080-exec-10] DEBUG c.p.m.S.selectMenuByRoleId - ==>  Preparing: SELECT m.* FROM sys_menu m INNER JOIN sys_role_menu rm ON m.id = rm.menu_id WHERE rm.role_id = ?
2026-08-07 21:59:55.119 [http-nio-8080-exec-10] DEBUG c.p.m.S.selectMenuByRoleId - ==> Parameters: 1(Long)
2026-08-07 21:59:55.120 [http-nio-8080-exec-10] DEBUG c.p.m.S.selectMenuByRoleId - <==      Total: 22
2026-08-07 21:59:55.122 [http-nio-8080-exec-10] DEBUG o.s.security.web.FilterChainProxy - Secured GET /users
2026-08-07 21:59:55.123 [http-nio-8080-exec-10] DEBUG c.p.mapper.SysUserMapper.selectList - ==>  Preparing: SELECT id,username,password,nickname,email,phone,status,create_time,update_time,version FROM sys_user ORDER BY id ASC
2026-08-07 21:59:55.123 [http-nio-8080-exec-10] DEBUG c.p.mapper.SysUserMapper.selectList - ==> Parameters: 
2026-08-07 21:59:55.124 [http-nio-8080-exec-10] DEBUG c.p.mapper.SysUserMapper.selectList - <==      Total: 8
2026-08-07 22:00:02.638 [http-nio-8080-exec-1] DEBUG o.s.security.web.FilterChainProxy - Securing PUT /users/1
2026-08-07 22:00:02.643 [http-nio-8080-exec-1] DEBUG c.p.mapper.SysUserMapper.selectList - ==>  Preparing: SELECT id,username,password,nickname,email,phone,status,create_time,update_time,version FROM sys_user WHERE (username = ?)
2026-08-07 22:00:02.645 [http-nio-8080-exec-1] DEBUG c.p.mapper.SysUserMapper.selectList - ==> Parameters: admin(String)
2026-08-07 22:00:02.645 [http-nio-8080-exec-1] DEBUG c.p.mapper.SysUserMapper.selectList - <==      Total: 1
2026-08-07 22:00:02.646 [http-nio-8080-exec-1] DEBUG c.p.m.SysUserRoleMapper.selectList - ==>  Preparing: SELECT id,user_id,role_id FROM sys_user_role WHERE (user_id = ?)
2026-08-07 22:00:02.646 [http-nio-8080-exec-1] DEBUG c.p.m.SysUserRoleMapper.selectList - ==> Parameters: 1(Long)
2026-08-07 22:00:02.646 [http-nio-8080-exec-1] DEBUG c.p.m.SysUserRoleMapper.selectList - <==      Total: 1
2026-08-07 22:00:02.646 [http-nio-8080-exec-1] DEBUG c.p.mapper.SysRoleMapper.selectById - ==>  Preparing: SELECT id,name,code,description,status,create_time,update_time,version FROM sys_role WHERE id=?
2026-08-07 22:00:02.646 [http-nio-8080-exec-1] DEBUG c.p.mapper.SysRoleMapper.selectById - ==> Parameters: 1(Long)
2026-08-07 22:00:02.646 [http-nio-8080-exec-1] DEBUG c.p.mapper.SysRoleMapper.selectById - <==      Total: 1
2026-08-07 22:00:02.646 [http-nio-8080-exec-1] DEBUG c.p.m.S.selectMenuByRoleId - ==>  Preparing: SELECT m.* FROM sys_menu m INNER JOIN sys_role_menu rm ON m.id = rm.menu_id WHERE rm.role_id = ?
2026-08-07 22:00:02.646 [http-nio-8080-exec-1] DEBUG c.p.m.S.selectMenuByRoleId - ==> Parameters: 1(Long)
2026-08-07 22:00:02.646 [http-nio-8080-exec-1] DEBUG c.p.m.S.selectMenuByRoleId - <==      Total: 22
2026-08-07 22:00:02.646 [http-nio-8080-exec-1] DEBUG o.s.security.web.FilterChainProxy - Secured PUT /users/1
2026-08-07 22:00:02.674 [http-nio-8080-exec-1] DEBUG c.p.mapper.SysUserMapper.selectById - ==>  Preparing: SELECT id,username,password,nickname,email,phone,status,create_time,update_time,version FROM sys_user WHERE id=?
2026-08-07 22:00:02.674 [http-nio-8080-exec-1] DEBUG c.p.mapper.SysUserMapper.selectById - ==> Parameters: 1(Long)
2026-08-07 22:00:02.674 [http-nio-8080-exec-1] DEBUG c.p.mapper.SysUserMapper.selectById - <==      Total: 1
2026-08-07 22:00:02.680 [http-nio-8080-exec-1] DEBUG c.p.mapper.SysUserMapper.updateById - ==>  Preparing: UPDATE sys_user SET username=?, password=?, nickname=?, email=?, phone=?, status=?, create_time=?, update_time=?, version=? WHERE id=? AND version=?
2026-08-07 22:00:02.680 [http-nio-8080-exec-1] DEBUG c.p.mapper.SysUserMapper.updateById - ==> Parameters: admin(String), $2a$10$s9TNg6NhFV31m9NOUzze3.iwlldKIoUS4MkgUXXJyYTsjPAUCaFrW(String), 超级管理员(String), admin@pes.com(String), 13800000888(String), 1(Integer), 2026-08-07T21:59:40(LocalDateTime), 2026-08-07T22:00:02.680879(LocalDateTime), 2(Integer), 1(Long), 1(Integer)
2026-08-07 22:00:02.685 [http-nio-8080-exec-1] DEBUG c.p.mapper.SysUserMapper.updateById - <==    Updates: 1
2026-08-07 22:00:02.698 [http-nio-8080-exec-2] DEBUG o.s.security.web.FilterChainProxy - Securing GET /users
2026-08-07 22:00:02.700 [http-nio-8080-exec-2] DEBUG c.p.mapper.SysUserMapper.selectList - ==>  Preparing: SELECT id,username,password,nickname,email,phone,status,create_time,update_time,version FROM sys_user WHERE (username = ?)
2026-08-07 22:00:02.700 [http-nio-8080-exec-2] DEBUG c.p.mapper.SysUserMapper.selectList - ==> Parameters: admin(String)
2026-08-07 22:00:02.702 [http-nio-8080-exec-2] DEBUG c.p.mapper.SysUserMapper.selectList - <==      Total: 1
2026-08-07 22:00:02.702 [http-nio-8080-exec-2] DEBUG c.p.m.SysUserRoleMapper.selectList - ==>  Preparing: SELECT id,user_id,role_id FROM sys_user_role WHERE (user_id = ?)
2026-08-07 22:00:02.702 [http-nio-8080-exec-2] DEBUG c.p.m.SysUserRoleMapper.selectList - ==> Parameters: 1(Long)
2026-08-07 22:00:02.702 [http-nio-8080-exec-2] DEBUG c.p.m.SysUserRoleMapper.selectList - <==      Total: 1
2026-08-07 22:00:02.704 [http-nio-8080-exec-2] DEBUG c.p.mapper.SysRoleMapper.selectById - ==>  Preparing: SELECT id,name,code,description,status,create_time,update_time,version FROM sys_role WHERE id=?
2026-08-07 22:00:02.705 [http-nio-8080-exec-2] DEBUG c.p.mapper.SysRoleMapper.selectById - ==> Parameters: 1(Long)
2026-08-07 22:00:02.705 [http-nio-8080-exec-2] DEBUG c.p.mapper.SysRoleMapper.selectById - <==      Total: 1
2026-08-07 22:00:02.705 [http-nio-8080-exec-2] DEBUG c.p.m.S.selectMenuByRoleId - ==>  Preparing: SELECT m.* FROM sys_menu m INNER JOIN sys_role_menu rm ON m.id = rm.menu_id WHERE rm.role_id = ?
2026-08-07 22:00:02.705 [http-nio-8080-exec-2] DEBUG c.p.m.S.selectMenuByRoleId - ==> Parameters: 1(Long)
2026-08-07 22:00:02.705 [http-nio-8080-exec-2] DEBUG c.p.m.S.selectMenuByRoleId - <==      Total: 22
2026-08-07 22:00:02.708 [http-nio-8080-exec-2] DEBUG o.s.security.web.FilterChainProxy - Secured GET /users
2026-08-07 22:00:02.708 [http-nio-8080-exec-2] DEBUG c.p.mapper.SysUserMapper.selectList - ==>  Preparing: SELECT id,username,password,nickname,email,phone,status,create_time,update_time,version FROM sys_user ORDER BY id ASC
2026-08-07 22:00:02.708 [http-nio-8080-exec-2] DEBUG c.p.mapper.SysUserMapper.selectList - ==> Parameters: 
2026-08-07 22:00:02.708 [http-nio-8080-exec-2] DEBUG c.p.mapper.SysUserMapper.selectList - <==      Total: 8
2026-08-07 22:00:05.049 [http-nio-8080-exec-3] DEBUG o.s.security.web.FilterChainProxy - Securing GET /menus/tree
2026-08-07 22:00:05.052 [http-nio-8080-exec-3] DEBUG c.p.mapper.SysUserMapper.selectList - ==>  Preparing: SELECT id,username,password,nickname,email,phone,status,create_time,update_time,version FROM sys_user WHERE (username = ?)
2026-08-07 22:00:05.052 [http-nio-8080-exec-3] DEBUG c.p.mapper.SysUserMapper.selectList - ==> Parameters: admin(String)
2026-08-07 22:00:05.052 [http-nio-8080-exec-3] DEBUG c.p.mapper.SysUserMapper.selectList - <==      Total: 1
2026-08-07 22:00:05.054 [http-nio-8080-exec-3] DEBUG c.p.m.SysUserRoleMapper.selectList - ==>  Preparing: SELECT id,user_id,role_id FROM sys_user_role WHERE (user_id = ?)
2026-08-07 22:00:05.054 [http-nio-8080-exec-3] DEBUG c.p.m.SysUserRoleMapper.selectList - ==> Parameters: 1(Long)
2026-08-07 22:00:05.054 [http-nio-8080-exec-3] DEBUG c.p.m.SysUserRoleMapper.selectList - <==      Total: 1
2026-08-07 22:00:05.054 [http-nio-8080-exec-3] DEBUG c.p.mapper.SysRoleMapper.selectById - ==>  Preparing: SELECT id,name,code,description,status,create_time,update_time,version FROM sys_role WHERE id=?
2026-08-07 22:00:05.054 [http-nio-8080-exec-3] DEBUG c.p.mapper.SysRoleMapper.selectById - ==> Parameters: 1(Long)
2026-08-07 22:00:05.057 [http-nio-8080-exec-3] DEBUG c.p.mapper.SysRoleMapper.selectById - <==      Total: 1
2026-08-07 22:00:05.059 [http-nio-8080-exec-3] DEBUG c.p.m.S.selectMenuByRoleId - ==>  Preparing: SELECT m.* FROM sys_menu m INNER JOIN sys_role_menu rm ON m.id = rm.menu_id WHERE rm.role_id = ?
2026-08-07 22:00:05.059 [http-nio-8080-exec-3] DEBUG c.p.m.S.selectMenuByRoleId - ==> Parameters: 1(Long)
2026-08-07 22:00:05.060 [http-nio-8080-exec-3] DEBUG c.p.m.S.selectMenuByRoleId - <==      Total: 22
2026-08-07 22:00:05.061 [http-nio-8080-exec-3] DEBUG o.s.security.web.FilterChainProxy - Secured GET /menus/tree
2026-08-07 22:00:05.062 [http-nio-8080-exec-3] DEBUG c.p.mapper.SysMenuMapper.selectList - ==>  Preparing: SELECT id,parent_id,name,path,component,icon,permission,sort,type,status,create_time,update_time,version FROM sys_menu ORDER BY sort ASC
2026-08-07 22:00:05.062 [http-nio-8080-exec-3] DEBUG c.p.mapper.SysMenuMapper.selectList - ==> Parameters: 
2026-08-07 22:00:05.065 [http-nio-8080-exec-3] DEBUG c.p.mapper.SysMenuMapper.selectList - <==      Total: 22
2026-08-07 22:00:05.140 [http-nio-8080-exec-4] DEBUG o.s.security.web.FilterChainProxy - Securing GET /users
2026-08-07 22:00:05.143 [http-nio-8080-exec-4] DEBUG c.p.mapper.SysUserMapper.selectList - ==>  Preparing: SELECT id,username,password,nickname,email,phone,status,create_time,update_time,version FROM sys_user WHERE (username = ?)
2026-08-07 22:00:05.143 [http-nio-8080-exec-4] DEBUG c.p.mapper.SysUserMapper.selectList - ==> Parameters: admin(String)
2026-08-07 22:00:05.145 [http-nio-8080-exec-4] DEBUG c.p.mapper.SysUserMapper.selectList - <==      Total: 1
2026-08-07 22:00:05.145 [http-nio-8080-exec-4] DEBUG c.p.m.SysUserRoleMapper.selectList - ==>  Preparing: SELECT id,user_id,role_id FROM sys_user_role WHERE (user_id = ?)
2026-08-07 22:00:05.146 [http-nio-8080-exec-4] DEBUG c.p.m.SysUserRoleMapper.selectList - ==> Parameters: 1(Long)
2026-08-07 22:00:05.146 [http-nio-8080-exec-4] DEBUG c.p.m.SysUserRoleMapper.selectList - <==      Total: 1
2026-08-07 22:00:05.146 [http-nio-8080-exec-4] DEBUG c.p.mapper.SysRoleMapper.selectById - ==>  Preparing: SELECT id,name,code,description,status,create_time,update_time,version FROM sys_role WHERE id=?
2026-08-07 22:00:05.148 [http-nio-8080-exec-4] DEBUG c.p.mapper.SysRoleMapper.selectById - ==> Parameters: 1(Long)
2026-08-07 22:00:05.149 [http-nio-8080-exec-4] DEBUG c.p.mapper.SysRoleMapper.selectById - <==      Total: 1
2026-08-07 22:00:05.149 [http-nio-8080-exec-4] DEBUG c.p.m.S.selectMenuByRoleId - ==>  Preparing: SELECT m.* FROM sys_menu m INNER JOIN sys_role_menu rm ON m.id = rm.menu_id WHERE rm.role_id = ?
2026-08-07 22:00:05.149 [http-nio-8080-exec-4] DEBUG c.p.m.S.selectMenuByRoleId - ==> Parameters: 1(Long)
2026-08-07 22:00:05.151 [http-nio-8080-exec-4] DEBUG c.p.m.S.selectMenuByRoleId - <==      Total: 22
2026-08-07 22:00:05.152 [http-nio-8080-exec-4] DEBUG o.s.security.web.FilterChainProxy - Secured GET /users
2026-08-07 22:00:05.152 [http-nio-8080-exec-4] DEBUG c.p.mapper.SysUserMapper.selectList - ==>  Preparing: SELECT id,username,password,nickname,email,phone,status,create_time,update_time,version FROM sys_user ORDER BY id ASC
2026-08-07 22:00:05.152 [http-nio-8080-exec-4] DEBUG c.p.mapper.SysUserMapper.selectList - ==> Parameters: 
2026-08-07 22:00:05.152 [http-nio-8080-exec-4] DEBUG c.p.mapper.SysUserMapper.selectList - <==      Total: 8
2026-08-07 22:03:54.770 [SpringApplicationShutdownHook] INFO  com.zaxxer.hikari.HikariDataSource - HikariPool-1 - Shutdown initiated...
2026-08-07 22:03:54.774 [SpringApplicationShutdownHook] INFO  com.zaxxer.hikari.HikariDataSource - HikariPool-1 - Shutdown completed.
2026-08-07 22:03:58.448 [background-preinit] INFO  o.h.validator.internal.util.Version - HV000001: Hibernate Validator 8.0.1.Final
2026-08-07 22:03:58.477 [main] INFO  com.pes.PesApplication - Starting PesApplication using Java 17.0.12 with PID 7816 (E:\PES\pes-java\target\classes started by ASUS in E:\PES)
2026-08-07 22:03:58.477 [main] DEBUG com.pes.PesApplication - Running with Spring Boot v3.2.0, Spring v6.1.1
2026-08-07 22:03:58.477 [main] INFO  com.pes.PesApplication - The following 1 profile is active: "dev"
2026-08-07 22:03:59.007 [main] INFO  o.s.d.r.c.RepositoryConfigurationDelegate - Multiple Spring Data modules found, entering strict repository configuration mode
2026-08-07 22:03:59.008 [main] INFO  o.s.d.r.c.RepositoryConfigurationDelegate - Bootstrapping Spring Data Redis repositories in DEFAULT mode.
2026-08-07 22:03:59.035 [main] INFO  o.s.d.r.c.RepositoryConfigurationDelegate - Finished Spring Data repository scanning in 17 ms. Found 0 Redis repository interfaces.
2026-08-07 22:03:59.589 [main] INFO  o.s.b.w.e.tomcat.TomcatWebServer - Tomcat initialized with port 8080 (http)
2026-08-07 22:03:59.595 [main] INFO  o.a.coyote.http11.Http11NioProtocol - Initializing ProtocolHandler ["http-nio-8080"]
2026-08-07 22:03:59.596 [main] INFO  o.a.catalina.core.StandardService - Starting service [Tomcat]
2026-08-07 22:03:59.597 [main] INFO  o.a.catalina.core.StandardEngine - Starting Servlet engine: [Apache Tomcat/10.1.16]
2026-08-07 22:03:59.645 [main] INFO  o.a.c.c.C.[Tomcat].[localhost].[/] - Initializing Spring embedded WebApplicationContext
2026-08-07 22:03:59.645 [main] INFO  o.s.b.w.s.c.ServletWebServerApplicationContext - Root WebApplicationContext: initialization completed in 1137 ms
2026-08-07 22:03:59.776 [main] INFO  com.zaxxer.hikari.HikariDataSource - HikariPool-1 - Starting...
2026-08-07 22:03:59.982 [main] INFO  com.zaxxer.hikari.pool.HikariPool - HikariPool-1 - Added connection com.mysql.cj.jdbc.ConnectionImpl@ff21443
2026-08-07 22:03:59.991 [main] INFO  com.zaxxer.hikari.HikariDataSource - HikariPool-1 - Start completed.
2026-08-07 22:04:00.195 [main] DEBUG c.p.s.filter.JwtAuthenticationFilter - Filter 'jwtAuthenticationFilter' configured for use
2026-08-07 22:04:00.744 [main] INFO  com.pes.utils.RedisUtils - Redis 连接成功
2026-08-07 22:04:01.085 [main] INFO  o.s.s.web.DefaultSecurityFilterChain - Will secure any request with [org.springframework.security.web.session.DisableEncodeUrlFilter@18d14de3, org.springframework.security.web.context.request.async.WebAsyncManagerIntegrationFilter@469bd719, org.springframework.security.web.context.SecurityContextHolderFilter@5e8e02a3, org.springframework.security.web.header.HeaderWriterFilter@4fea9f19, org.springframework.web.filter.CorsFilter@7f030c72, com.pes.security.filter.JwtAuthenticationFilter@15914bb5, org.springframework.security.web.savedrequest.RequestCacheAwareFilter@66576bd2, org.springframework.security.web.servletapi.SecurityContextHolderAwareRequestFilter@51bc649e, org.springframework.security.web.authentication.AnonymousAuthenticationFilter@15405ba1, org.springframework.security.web.session.SessionManagementFilter@14580edc, org.springframework.security.web.access.ExceptionTranslationFilter@6e466fdf, org.springframework.security.web.access.intercept.AuthorizationFilter@2eafb4e7]
2026-08-07 22:04:01.335 [main] INFO  o.a.coyote.http11.Http11NioProtocol - Starting ProtocolHandler ["http-nio-8080"]
2026-08-07 22:04:01.344 [main] INFO  o.s.b.w.e.tomcat.TomcatWebServer - Tomcat started on port 8080 (http) with context path ''
2026-08-07 22:04:01.350 [main] INFO  com.pes.PesApplication - Started PesApplication in 3.251 seconds (process running for 3.881)
2026-08-07 22:04:05.278 [http-nio-8080-exec-1] INFO  o.a.c.c.C.[Tomcat].[localhost].[/] - Initializing Spring DispatcherServlet 'dispatcherServlet'
2026-08-07 22:04:05.278 [http-nio-8080-exec-1] INFO  o.s.web.servlet.DispatcherServlet - Initializing Servlet 'dispatcherServlet'
2026-08-07 22:04:05.280 [http-nio-8080-exec-1] INFO  o.s.web.servlet.DispatcherServlet - Completed initialization in 2 ms
2026-08-07 22:04:05.282 [http-nio-8080-exec-1] DEBUG o.s.security.web.FilterChainProxy - Securing GET /menus/tree
2026-08-07 22:04:05.407 [http-nio-8080-exec-1] DEBUG c.p.mapper.SysUserMapper.selectList - ==>  Preparing: SELECT id,username,password,nickname,email,phone,status,create_time,update_time,version FROM sys_user WHERE (username = ?)
2026-08-07 22:04:05.420 [http-nio-8080-exec-1] DEBUG c.p.mapper.SysUserMapper.selectList - ==> Parameters: admin(String)
2026-08-07 22:04:05.435 [http-nio-8080-exec-1] DEBUG c.p.mapper.SysUserMapper.selectList - <==      Total: 1
2026-08-07 22:04:05.435 [http-nio-8080-exec-1] DEBUG c.p.m.SysUserRoleMapper.selectList - ==>  Preparing: SELECT id,user_id,role_id FROM sys_user_role WHERE (user_id = ?)
2026-08-07 22:04:05.435 [http-nio-8080-exec-1] DEBUG c.p.m.SysUserRoleMapper.selectList - ==> Parameters: 1(Long)
2026-08-07 22:04:05.442 [http-nio-8080-exec-1] DEBUG c.p.m.SysUserRoleMapper.selectList - <==      Total: 1
2026-08-07 22:04:05.443 [http-nio-8080-exec-1] DEBUG c.p.mapper.SysRoleMapper.selectById - ==>  Preparing: SELECT id,name,code,description,status,create_time,update_time,version FROM sys_role WHERE id=?
2026-08-07 22:04:05.444 [http-nio-8080-exec-1] DEBUG c.p.mapper.SysRoleMapper.selectById - ==> Parameters: 1(Long)
2026-08-07 22:04:05.445 [http-nio-8080-exec-1] DEBUG c.p.mapper.SysRoleMapper.selectById - <==      Total: 1
2026-08-07 22:04:05.445 [http-nio-8080-exec-1] DEBUG c.p.m.S.selectMenuByRoleId - ==>  Preparing: SELECT m.* FROM sys_menu m INNER JOIN sys_role_menu rm ON m.id = rm.menu_id WHERE rm.role_id = ?
2026-08-07 22:04:05.445 [http-nio-8080-exec-1] DEBUG c.p.m.S.selectMenuByRoleId - ==> Parameters: 1(Long)
2026-08-07 22:04:05.447 [http-nio-8080-exec-1] DEBUG c.p.m.S.selectMenuByRoleId - <==      Total: 22
2026-08-07 22:04:05.457 [http-nio-8080-exec-1] DEBUG o.s.security.web.FilterChainProxy - Secured GET /menus/tree
2026-08-07 22:04:05.477 [http-nio-8080-exec-1] DEBUG c.p.mapper.SysMenuMapper.selectList - ==>  Preparing: SELECT id,parent_id,name,path,component,icon,permission,sort,type,status,create_time,update_time,version FROM sys_menu ORDER BY sort ASC
2026-08-07 22:04:05.477 [http-nio-8080-exec-1] DEBUG c.p.mapper.SysMenuMapper.selectList - ==> Parameters: 
2026-08-07 22:04:05.480 [http-nio-8080-exec-1] DEBUG c.p.mapper.SysMenuMapper.selectList - <==      Total: 22
2026-08-07 22:04:05.624 [http-nio-8080-exec-2] DEBUG o.s.security.web.FilterChainProxy - Securing GET /users
2026-08-07 22:04:05.626 [http-nio-8080-exec-2] DEBUG c.p.mapper.SysUserMapper.selectList - ==>  Preparing: SELECT id,username,password,nickname,email,phone,status,create_time,update_time,version FROM sys_user WHERE (username = ?)
2026-08-07 22:04:05.626 [http-nio-8080-exec-2] DEBUG c.p.mapper.SysUserMapper.selectList - ==> Parameters: admin(String)
2026-08-07 22:04:05.627 [http-nio-8080-exec-2] DEBUG c.p.mapper.SysUserMapper.selectList - <==      Total: 1
2026-08-07 22:04:05.627 [http-nio-8080-exec-2] DEBUG c.p.m.SysUserRoleMapper.selectList - ==>  Preparing: SELECT id,user_id,role_id FROM sys_user_role WHERE (user_id = ?)
2026-08-07 22:04:05.628 [http-nio-8080-exec-2] DEBUG c.p.m.SysUserRoleMapper.selectList - ==> Parameters: 1(Long)
2026-08-07 22:04:05.628 [http-nio-8080-exec-2] DEBUG c.p.m.SysUserRoleMapper.selectList - <==      Total: 1
2026-08-07 22:04:05.629 [http-nio-8080-exec-2] DEBUG c.p.mapper.SysRoleMapper.selectById - ==>  Preparing: SELECT id,name,code,description,status,create_time,update_time,version FROM sys_role WHERE id=?
2026-08-07 22:04:05.630 [http-nio-8080-exec-2] DEBUG c.p.mapper.SysRoleMapper.selectById - ==> Parameters: 1(Long)
2026-08-07 22:04:05.631 [http-nio-8080-exec-2] DEBUG c.p.mapper.SysRoleMapper.selectById - <==      Total: 1
2026-08-07 22:04:05.631 [http-nio-8080-exec-2] DEBUG c.p.m.S.selectMenuByRoleId - ==>  Preparing: SELECT m.* FROM sys_menu m INNER JOIN sys_role_menu rm ON m.id = rm.menu_id WHERE rm.role_id = ?
2026-08-07 22:04:05.631 [http-nio-8080-exec-2] DEBUG c.p.m.S.selectMenuByRoleId - ==> Parameters: 1(Long)
2026-08-07 22:04:05.634 [http-nio-8080-exec-2] DEBUG c.p.m.S.selectMenuByRoleId - <==      Total: 22
2026-08-07 22:04:05.635 [http-nio-8080-exec-2] DEBUG o.s.security.web.FilterChainProxy - Secured GET /users
2026-08-07 22:04:05.635 [http-nio-8080-exec-2] DEBUG c.p.mapper.SysUserMapper.selectList - ==>  Preparing: SELECT id,username,password,nickname,email,phone,status,create_time,update_time,version FROM sys_user ORDER BY id ASC
2026-08-07 22:04:05.635 [http-nio-8080-exec-2] DEBUG c.p.mapper.SysUserMapper.selectList - ==> Parameters: 
2026-08-07 22:04:05.642 [http-nio-8080-exec-2] DEBUG c.p.mapper.SysUserMapper.selectList - <==      Total: 8
2026-08-07 22:04:11.524 [http-nio-8080-exec-3] DEBUG o.s.security.web.FilterChainProxy - Securing GET /roles
2026-08-07 22:04:11.527 [http-nio-8080-exec-3] DEBUG c.p.mapper.SysUserMapper.selectList - ==>  Preparing: SELECT id,username,password,nickname,email,phone,status,create_time,update_time,version FROM sys_user WHERE (username = ?)
2026-08-07 22:04:11.527 [http-nio-8080-exec-3] DEBUG c.p.mapper.SysUserMapper.selectList - ==> Parameters: admin(String)
2026-08-07 22:04:11.528 [http-nio-8080-exec-3] DEBUG c.p.mapper.SysUserMapper.selectList - <==      Total: 1
2026-08-07 22:04:11.529 [http-nio-8080-exec-3] DEBUG c.p.m.SysUserRoleMapper.selectList - ==>  Preparing: SELECT id,user_id,role_id FROM sys_user_role WHERE (user_id = ?)
2026-08-07 22:04:11.530 [http-nio-8080-exec-3] DEBUG c.p.m.SysUserRoleMapper.selectList - ==> Parameters: 1(Long)
2026-08-07 22:04:11.530 [http-nio-8080-exec-3] DEBUG c.p.m.SysUserRoleMapper.selectList - <==      Total: 1
2026-08-07 22:04:11.532 [http-nio-8080-exec-3] DEBUG c.p.mapper.SysRoleMapper.selectById - ==>  Preparing: SELECT id,name,code,description,status,create_time,update_time,version FROM sys_role WHERE id=?
2026-08-07 22:04:11.532 [http-nio-8080-exec-3] DEBUG c.p.mapper.SysRoleMapper.selectById - ==> Parameters: 1(Long)
2026-08-07 22:04:11.532 [http-nio-8080-exec-3] DEBUG c.p.mapper.SysRoleMapper.selectById - <==      Total: 1
2026-08-07 22:04:11.534 [http-nio-8080-exec-3] DEBUG c.p.m.S.selectMenuByRoleId - ==>  Preparing: SELECT m.* FROM sys_menu m INNER JOIN sys_role_menu rm ON m.id = rm.menu_id WHERE rm.role_id = ?
2026-08-07 22:04:11.534 [http-nio-8080-exec-3] DEBUG c.p.m.S.selectMenuByRoleId - ==> Parameters: 1(Long)
2026-08-07 22:04:11.536 [http-nio-8080-exec-3] DEBUG c.p.m.S.selectMenuByRoleId - <==      Total: 22
2026-08-07 22:04:11.536 [http-nio-8080-exec-3] DEBUG o.s.security.web.FilterChainProxy - Secured GET /roles
2026-08-07 22:04:11.539 [http-nio-8080-exec-3] DEBUG c.p.mapper.SysRoleMapper.selectList - ==>  Preparing: SELECT id,name,code,description,status,create_time,update_time,version FROM sys_role ORDER BY id ASC
2026-08-07 22:04:11.539 [http-nio-8080-exec-3] DEBUG c.p.mapper.SysRoleMapper.selectList - ==> Parameters: 
2026-08-07 22:04:11.539 [http-nio-8080-exec-3] DEBUG c.p.mapper.SysRoleMapper.selectList - <==      Total: 5
2026-08-07 22:07:20.205 [SpringApplicationShutdownHook] INFO  com.zaxxer.hikari.HikariDataSource - HikariPool-1 - Shutdown initiated...
2026-08-07 22:07:20.209 [SpringApplicationShutdownHook] INFO  com.zaxxer.hikari.HikariDataSource - HikariPool-1 - Shutdown completed.
2026-08-07 22:07:24.215 [background-preinit] INFO  o.h.validator.internal.util.Version - HV000001: Hibernate Validator 8.0.1.Final
2026-08-07 22:07:24.243 [main] INFO  com.pes.PesApplication - Starting PesApplication using Java 17.0.12 with PID 25040 (E:\PES\pes-java\target\classes started by ASUS in E:\PES)
2026-08-07 22:07:24.243 [main] DEBUG com.pes.PesApplication - Running with Spring Boot v3.2.0, Spring v6.1.1
2026-08-07 22:07:24.243 [main] INFO  com.pes.PesApplication - The following 1 profile is active: "dev"
2026-08-07 22:07:24.743 [main] INFO  o.s.d.r.c.RepositoryConfigurationDelegate - Multiple Spring Data modules found, entering strict repository configuration mode
2026-08-07 22:07:24.745 [main] INFO  o.s.d.r.c.RepositoryConfigurationDelegate - Bootstrapping Spring Data Redis repositories in DEFAULT mode.
2026-08-07 22:07:24.770 [main] INFO  o.s.d.r.c.RepositoryConfigurationDelegate - Finished Spring Data repository scanning in 16 ms. Found 0 Redis repository interfaces.
2026-08-07 22:07:25.310 [main] INFO  o.s.b.w.e.tomcat.TomcatWebServer - Tomcat initialized with port 8080 (http)
2026-08-07 22:07:25.315 [main] INFO  o.a.coyote.http11.Http11NioProtocol - Initializing ProtocolHandler ["http-nio-8080"]
2026-08-07 22:07:25.317 [main] INFO  o.a.catalina.core.StandardService - Starting service [Tomcat]
2026-08-07 22:07:25.317 [main] INFO  o.a.catalina.core.StandardEngine - Starting Servlet engine: [Apache Tomcat/10.1.16]
2026-08-07 22:07:25.364 [main] INFO  o.a.c.c.C.[Tomcat].[localhost].[/] - Initializing Spring embedded WebApplicationContext
2026-08-07 22:07:25.364 [main] INFO  o.s.b.w.s.c.ServletWebServerApplicationContext - Root WebApplicationContext: initialization completed in 1089 ms
2026-08-07 22:07:25.490 [main] INFO  com.zaxxer.hikari.HikariDataSource - HikariPool-1 - Starting...
2026-08-07 22:07:25.703 [main] INFO  com.zaxxer.hikari.pool.HikariPool - HikariPool-1 - Added connection com.mysql.cj.jdbc.ConnectionImpl@271e851e
2026-08-07 22:07:25.705 [main] INFO  com.zaxxer.hikari.HikariDataSource - HikariPool-1 - Start completed.
2026-08-07 22:07:25.920 [main] DEBUG c.p.s.filter.JwtAuthenticationFilter - Filter 'jwtAuthenticationFilter' configured for use
2026-08-07 22:07:26.468 [main] INFO  com.pes.utils.RedisUtils - Redis 连接成功
2026-08-07 22:07:26.803 [main] INFO  o.s.s.web.DefaultSecurityFilterChain - Will secure any request with [org.springframework.security.web.session.DisableEncodeUrlFilter@18d14de3, org.springframework.security.web.context.request.async.WebAsyncManagerIntegrationFilter@469bd719, org.springframework.security.web.context.SecurityContextHolderFilter@5e8e02a3, org.springframework.security.web.header.HeaderWriterFilter@4fea9f19, org.springframework.web.filter.CorsFilter@131c0b6f, com.pes.security.filter.JwtAuthenticationFilter@28519bfb, org.springframework.security.web.savedrequest.RequestCacheAwareFilter@66576bd2, org.springframework.security.web.servletapi.SecurityContextHolderAwareRequestFilter@51bc649e, org.springframework.security.web.authentication.AnonymousAuthenticationFilter@15405ba1, org.springframework.security.web.session.SessionManagementFilter@14580edc, org.springframework.security.web.access.ExceptionTranslationFilter@6e466fdf, org.springframework.security.web.access.intercept.AuthorizationFilter@2eafb4e7]
2026-08-07 22:07:27.039 [main] INFO  o.a.coyote.http11.Http11NioProtocol - Starting ProtocolHandler ["http-nio-8080"]
2026-08-07 22:07:27.048 [main] INFO  o.s.b.w.e.tomcat.TomcatWebServer - Tomcat started on port 8080 (http) with context path ''
2026-08-07 22:07:27.054 [main] INFO  com.pes.PesApplication - Started PesApplication in 3.184 seconds (process running for 3.782)
2026-08-07 22:07:49.974 [http-nio-8080-exec-1] INFO  o.a.c.c.C.[Tomcat].[localhost].[/] - Initializing Spring DispatcherServlet 'dispatcherServlet'
2026-08-07 22:07:49.974 [http-nio-8080-exec-1] INFO  o.s.web.servlet.DispatcherServlet - Initializing Servlet 'dispatcherServlet'
2026-08-07 22:07:49.976 [http-nio-8080-exec-1] INFO  o.s.web.servlet.DispatcherServlet - Completed initialization in 2 ms
2026-08-07 22:07:49.982 [http-nio-8080-exec-1] DEBUG o.s.security.web.FilterChainProxy - Securing GET /menus/tree
2026-08-07 22:07:50.106 [http-nio-8080-exec-1] DEBUG c.p.mapper.SysUserMapper.selectList - ==>  Preparing: SELECT id,username,password,nickname,email,phone,status,create_time,update_time,version FROM sys_user WHERE (username = ?)
2026-08-07 22:07:50.111 [http-nio-8080-exec-1] DEBUG c.p.mapper.SysUserMapper.selectList - ==> Parameters: admin(String)
2026-08-07 22:07:50.132 [http-nio-8080-exec-1] DEBUG c.p.mapper.SysUserMapper.selectList - <==      Total: 1
2026-08-07 22:07:50.132 [http-nio-8080-exec-1] DEBUG c.p.m.SysUserRoleMapper.selectList - ==>  Preparing: SELECT id,user_id,role_id FROM sys_user_role WHERE (user_id = ?)
2026-08-07 22:07:50.132 [http-nio-8080-exec-1] DEBUG c.p.m.SysUserRoleMapper.selectList - ==> Parameters: 1(Long)
2026-08-07 22:07:50.132 [http-nio-8080-exec-1] DEBUG c.p.m.SysUserRoleMapper.selectList - <==      Total: 1
2026-08-07 22:07:50.132 [http-nio-8080-exec-1] DEBUG c.p.mapper.SysRoleMapper.selectById - ==>  Preparing: SELECT id,name,code,description,status,create_time,update_time,version FROM sys_role WHERE id=?
2026-08-07 22:07:50.142 [http-nio-8080-exec-1] DEBUG c.p.mapper.SysRoleMapper.selectById - ==> Parameters: 1(Long)
2026-08-07 22:07:50.142 [http-nio-8080-exec-1] DEBUG c.p.mapper.SysRoleMapper.selectById - <==      Total: 1
2026-08-07 22:07:50.142 [http-nio-8080-exec-1] DEBUG c.p.m.S.selectMenuByRoleId - ==>  Preparing: SELECT m.* FROM sys_menu m INNER JOIN sys_role_menu rm ON m.id = rm.menu_id WHERE rm.role_id = ?
2026-08-07 22:07:50.142 [http-nio-8080-exec-1] DEBUG c.p.m.S.selectMenuByRoleId - ==> Parameters: 1(Long)
2026-08-07 22:07:50.147 [http-nio-8080-exec-1] DEBUG c.p.m.S.selectMenuByRoleId - <==      Total: 22
2026-08-07 22:07:50.159 [http-nio-8080-exec-1] DEBUG o.s.security.web.FilterChainProxy - Secured GET /menus/tree
2026-08-07 22:07:50.174 [http-nio-8080-exec-1] DEBUG c.p.mapper.SysMenuMapper.selectList - ==>  Preparing: SELECT id,parent_id,name,path,component,icon,permission,sort,type,status,create_time,update_time,version FROM sys_menu ORDER BY sort ASC
2026-08-07 22:07:50.174 [http-nio-8080-exec-1] DEBUG c.p.mapper.SysMenuMapper.selectList - ==> Parameters: 
2026-08-07 22:07:50.178 [http-nio-8080-exec-1] DEBUG c.p.mapper.SysMenuMapper.selectList - <==      Total: 22
2026-08-07 22:07:50.312 [http-nio-8080-exec-2] DEBUG o.s.security.web.FilterChainProxy - Securing GET /roles
2026-08-07 22:07:50.315 [http-nio-8080-exec-2] DEBUG c.p.mapper.SysUserMapper.selectList - ==>  Preparing: SELECT id,username,password,nickname,email,phone,status,create_time,update_time,version FROM sys_user WHERE (username = ?)
2026-08-07 22:07:50.316 [http-nio-8080-exec-2] DEBUG c.p.mapper.SysUserMapper.selectList - ==> Parameters: admin(String)
2026-08-07 22:07:50.317 [http-nio-8080-exec-2] DEBUG c.p.mapper.SysUserMapper.selectList - <==      Total: 1
2026-08-07 22:07:50.319 [http-nio-8080-exec-2] DEBUG c.p.m.SysUserRoleMapper.selectList - ==>  Preparing: SELECT id,user_id,role_id FROM sys_user_role WHERE (user_id = ?)
2026-08-07 22:07:50.319 [http-nio-8080-exec-2] DEBUG c.p.m.SysUserRoleMapper.selectList - ==> Parameters: 1(Long)
2026-08-07 22:07:50.321 [http-nio-8080-exec-2] DEBUG c.p.m.SysUserRoleMapper.selectList - <==      Total: 1
2026-08-07 22:07:50.321 [http-nio-8080-exec-2] DEBUG c.p.mapper.SysRoleMapper.selectById - ==>  Preparing: SELECT id,name,code,description,status,create_time,update_time,version FROM sys_role WHERE id=?
2026-08-07 22:07:50.321 [http-nio-8080-exec-2] DEBUG c.p.mapper.SysRoleMapper.selectById - ==> Parameters: 1(Long)
2026-08-07 22:07:50.323 [http-nio-8080-exec-2] DEBUG c.p.mapper.SysRoleMapper.selectById - <==      Total: 1
2026-08-07 22:07:50.323 [http-nio-8080-exec-2] DEBUG c.p.m.S.selectMenuByRoleId - ==>  Preparing: SELECT m.* FROM sys_menu m INNER JOIN sys_role_menu rm ON m.id = rm.menu_id WHERE rm.role_id = ?
2026-08-07 22:07:50.325 [http-nio-8080-exec-2] DEBUG c.p.m.S.selectMenuByRoleId - ==> Parameters: 1(Long)
2026-08-07 22:07:50.327 [http-nio-8080-exec-2] DEBUG c.p.m.S.selectMenuByRoleId - <==      Total: 22
2026-08-07 22:07:50.330 [http-nio-8080-exec-2] DEBUG o.s.security.web.FilterChainProxy - Secured GET /roles
2026-08-07 22:07:50.338 [http-nio-8080-exec-2] DEBUG c.p.mapper.SysRoleMapper.selectList - ==>  Preparing: SELECT id,name,code,description,status,create_time,update_time,version FROM sys_role ORDER BY id ASC
2026-08-07 22:07:50.338 [http-nio-8080-exec-2] DEBUG c.p.mapper.SysRoleMapper.selectList - ==> Parameters: 
2026-08-07 22:07:50.339 [http-nio-8080-exec-2] DEBUG c.p.mapper.SysRoleMapper.selectList - <==      Total: 5
2026-08-07 22:07:53.396 [http-nio-8080-exec-4] DEBUG o.s.security.web.FilterChainProxy - Securing GET /users
2026-08-07 22:07:53.398 [http-nio-8080-exec-4] DEBUG c.p.mapper.SysUserMapper.selectList - ==>  Preparing: SELECT id,username,password,nickname,email,phone,status,create_time,update_time,version FROM sys_user WHERE (username = ?)
2026-08-07 22:07:53.399 [http-nio-8080-exec-4] DEBUG c.p.mapper.SysUserMapper.selectList - ==> Parameters: admin(String)
2026-08-07 22:07:53.400 [http-nio-8080-exec-4] DEBUG c.p.mapper.SysUserMapper.selectList - <==      Total: 1
2026-08-07 22:07:53.401 [http-nio-8080-exec-4] DEBUG c.p.m.SysUserRoleMapper.selectList - ==>  Preparing: SELECT id,user_id,role_id FROM sys_user_role WHERE (user_id = ?)
2026-08-07 22:07:53.401 [http-nio-8080-exec-4] DEBUG c.p.m.SysUserRoleMapper.selectList - ==> Parameters: 1(Long)
2026-08-07 22:07:53.402 [http-nio-8080-exec-4] DEBUG c.p.m.SysUserRoleMapper.selectList - <==      Total: 1
2026-08-07 22:07:53.403 [http-nio-8080-exec-4] DEBUG c.p.mapper.SysRoleMapper.selectById - ==>  Preparing: SELECT id,name,code,description,status,create_time,update_time,version FROM sys_role WHERE id=?
2026-08-07 22:07:53.403 [http-nio-8080-exec-4] DEBUG c.p.mapper.SysRoleMapper.selectById - ==> Parameters: 1(Long)
2026-08-07 22:07:53.403 [http-nio-8080-exec-4] DEBUG c.p.mapper.SysRoleMapper.selectById - <==      Total: 1
2026-08-07 22:07:53.404 [http-nio-8080-exec-4] DEBUG c.p.m.S.selectMenuByRoleId - ==>  Preparing: SELECT m.* FROM sys_menu m INNER JOIN sys_role_menu rm ON m.id = rm.menu_id WHERE rm.role_id = ?
2026-08-07 22:07:53.404 [http-nio-8080-exec-4] DEBUG c.p.m.S.selectMenuByRoleId - ==> Parameters: 1(Long)
2026-08-07 22:07:53.406 [http-nio-8080-exec-4] DEBUG c.p.m.S.selectMenuByRoleId - <==      Total: 22
2026-08-07 22:07:53.407 [http-nio-8080-exec-4] DEBUG o.s.security.web.FilterChainProxy - Secured GET /users
2026-08-07 22:07:53.409 [http-nio-8080-exec-4] DEBUG c.p.mapper.SysUserMapper.selectList - ==>  Preparing: SELECT id,username,password,nickname,email,phone,status,create_time,update_time,version FROM sys_user ORDER BY id ASC
2026-08-07 22:07:53.409 [http-nio-8080-exec-4] DEBUG c.p.mapper.SysUserMapper.selectList - ==> Parameters: 
2026-08-07 22:07:53.409 [http-nio-8080-exec-4] DEBUG c.p.mapper.SysUserMapper.selectList - <==      Total: 8
2026-08-07 22:07:56.207 [http-nio-8080-exec-5] DEBUG o.s.security.web.FilterChainProxy - Securing GET /roles
2026-08-07 22:07:56.207 [http-nio-8080-exec-3] DEBUG o.s.security.web.FilterChainProxy - Securing GET /users/1
2026-08-07 22:07:56.210 [http-nio-8080-exec-3] DEBUG c.p.mapper.SysUserMapper.selectList - ==>  Preparing: SELECT id,username,password,nickname,email,phone,status,create_time,update_time,version FROM sys_user WHERE (username = ?)
2026-08-07 22:07:56.210 [http-nio-8080-exec-5] DEBUG c.p.mapper.SysUserMapper.selectList - ==>  Preparing: SELECT id,username,password,nickname,email,phone,status,create_time,update_time,version FROM sys_user WHERE (username = ?)
2026-08-07 22:07:56.210 [http-nio-8080-exec-3] DEBUG c.p.mapper.SysUserMapper.selectList - ==> Parameters: admin(String)
2026-08-07 22:07:56.211 [http-nio-8080-exec-5] DEBUG c.p.mapper.SysUserMapper.selectList - ==> Parameters: admin(String)
2026-08-07 22:07:56.211 [http-nio-8080-exec-3] DEBUG c.p.mapper.SysUserMapper.selectList - <==      Total: 1
2026-08-07 22:07:56.211 [http-nio-8080-exec-5] DEBUG c.p.mapper.SysUserMapper.selectList - <==      Total: 1
2026-08-07 22:07:56.211 [http-nio-8080-exec-5] DEBUG c.p.m.SysUserRoleMapper.selectList - ==>  Preparing: SELECT id,user_id,role_id FROM sys_user_role WHERE (user_id = ?)
2026-08-07 22:07:56.211 [http-nio-8080-exec-3] DEBUG c.p.m.SysUserRoleMapper.selectList - ==>  Preparing: SELECT id,user_id,role_id FROM sys_user_role WHERE (user_id = ?)
2026-08-07 22:07:56.211 [http-nio-8080-exec-3] DEBUG c.p.m.SysUserRoleMapper.selectList - ==> Parameters: 1(Long)
2026-08-07 22:07:56.211 [http-nio-8080-exec-5] DEBUG c.p.m.SysUserRoleMapper.selectList - ==> Parameters: 1(Long)
2026-08-07 22:07:56.211 [http-nio-8080-exec-5] DEBUG c.p.m.SysUserRoleMapper.selectList - <==      Total: 1
2026-08-07 22:07:56.211 [http-nio-8080-exec-3] DEBUG c.p.m.SysUserRoleMapper.selectList - <==      Total: 1
2026-08-07 22:07:56.211 [http-nio-8080-exec-5] DEBUG c.p.mapper.SysRoleMapper.selectById - ==>  Preparing: SELECT id,name,code,description,status,create_time,update_time,version FROM sys_role WHERE id=?
2026-08-07 22:07:56.211 [http-nio-8080-exec-3] DEBUG c.p.mapper.SysRoleMapper.selectById - ==>  Preparing: SELECT id,name,code,description,status,create_time,update_time,version FROM sys_role WHERE id=?
2026-08-07 22:07:56.211 [http-nio-8080-exec-5] DEBUG c.p.mapper.SysRoleMapper.selectById - ==> Parameters: 1(Long)
2026-08-07 22:07:56.211 [http-nio-8080-exec-3] DEBUG c.p.mapper.SysRoleMapper.selectById - ==> Parameters: 1(Long)
2026-08-07 22:07:56.211 [http-nio-8080-exec-5] DEBUG c.p.mapper.SysRoleMapper.selectById - <==      Total: 1
2026-08-07 22:07:56.211 [http-nio-8080-exec-3] DEBUG c.p.mapper.SysRoleMapper.selectById - <==      Total: 1
2026-08-07 22:07:56.211 [http-nio-8080-exec-3] DEBUG c.p.m.S.selectMenuByRoleId - ==>  Preparing: SELECT m.* FROM sys_menu m INNER JOIN sys_role_menu rm ON m.id = rm.menu_id WHERE rm.role_id = ?
2026-08-07 22:07:56.211 [http-nio-8080-exec-5] DEBUG c.p.m.S.selectMenuByRoleId - ==>  Preparing: SELECT m.* FROM sys_menu m INNER JOIN sys_role_menu rm ON m.id = rm.menu_id WHERE rm.role_id = ?
2026-08-07 22:07:56.211 [http-nio-8080-exec-3] DEBUG c.p.m.S.selectMenuByRoleId - ==> Parameters: 1(Long)
2026-08-07 22:07:56.211 [http-nio-8080-exec-5] DEBUG c.p.m.S.selectMenuByRoleId - ==> Parameters: 1(Long)
2026-08-07 22:07:56.217 [http-nio-8080-exec-3] DEBUG c.p.m.S.selectMenuByRoleId - <==      Total: 22
2026-08-07 22:07:56.218 [http-nio-8080-exec-5] DEBUG c.p.m.S.selectMenuByRoleId - <==      Total: 22
2026-08-07 22:07:56.219 [http-nio-8080-exec-5] DEBUG o.s.security.web.FilterChainProxy - Secured GET /roles
2026-08-07 22:07:56.219 [http-nio-8080-exec-3] DEBUG o.s.security.web.FilterChainProxy - Secured GET /users/1
2026-08-07 22:07:56.220 [http-nio-8080-exec-5] DEBUG c.p.mapper.SysRoleMapper.selectList - ==>  Preparing: SELECT id,name,code,description,status,create_time,update_time,version FROM sys_role ORDER BY id ASC
2026-08-07 22:07:56.220 [http-nio-8080-exec-5] DEBUG c.p.mapper.SysRoleMapper.selectList - ==> Parameters: 
2026-08-07 22:07:56.221 [http-nio-8080-exec-5] DEBUG c.p.mapper.SysRoleMapper.selectList - <==      Total: 5
2026-08-07 22:07:56.223 [http-nio-8080-exec-3] WARN  c.p.exception.GlobalExceptionHandler - [非法参数] GET /users/1 — Name for argument of type [java.lang.Long] not specified, and parameter name information not found in class file either.
2026-08-07 22:12:35.626 [SpringApplicationShutdownHook] INFO  com.zaxxer.hikari.HikariDataSource - HikariPool-1 - Shutdown initiated...
2026-08-07 22:12:35.630 [SpringApplicationShutdownHook] INFO  com.zaxxer.hikari.HikariDataSource - HikariPool-1 - Shutdown completed.
2026-08-07 22:12:43.189 [background-preinit] INFO  o.h.validator.internal.util.Version - HV000001: Hibernate Validator 8.0.1.Final
2026-08-07 22:12:43.223 [main] INFO  com.pes.PesApplication - Starting PesApplication using Java 17.0.12 with PID 23672 (E:\PES\pes-java\target\classes started by ASUS in E:\PES)
2026-08-07 22:12:43.223 [main] DEBUG com.pes.PesApplication - Running with Spring Boot v3.2.0, Spring v6.1.1
2026-08-07 22:12:43.224 [main] INFO  com.pes.PesApplication - The following 1 profile is active: "dev"
2026-08-07 22:12:43.782 [main] INFO  o.s.d.r.c.RepositoryConfigurationDelegate - Multiple Spring Data modules found, entering strict repository configuration mode
2026-08-07 22:12:43.785 [main] INFO  o.s.d.r.c.RepositoryConfigurationDelegate - Bootstrapping Spring Data Redis repositories in DEFAULT mode.
2026-08-07 22:12:43.812 [main] INFO  o.s.d.r.c.RepositoryConfigurationDelegate - Finished Spring Data repository scanning in 17 ms. Found 0 Redis repository interfaces.
2026-08-07 22:12:44.392 [main] INFO  o.s.b.w.e.tomcat.TomcatWebServer - Tomcat initialized with port 8080 (http)
2026-08-07 22:12:44.397 [main] INFO  o.a.coyote.http11.Http11NioProtocol - Initializing ProtocolHandler ["http-nio-8080"]
2026-08-07 22:12:44.399 [main] INFO  o.a.catalina.core.StandardService - Starting service [Tomcat]
2026-08-07 22:12:44.399 [main] INFO  o.a.catalina.core.StandardEngine - Starting Servlet engine: [Apache Tomcat/10.1.16]
2026-08-07 22:12:44.452 [main] INFO  o.a.c.c.C.[Tomcat].[localhost].[/] - Initializing Spring embedded WebApplicationContext
2026-08-07 22:12:44.452 [main] INFO  o.s.b.w.s.c.ServletWebServerApplicationContext - Root WebApplicationContext: initialization completed in 1189 ms
2026-08-07 22:12:44.584 [main] INFO  com.zaxxer.hikari.HikariDataSource - HikariPool-1 - Starting...
2026-08-07 22:12:44.811 [main] INFO  com.zaxxer.hikari.pool.HikariPool - HikariPool-1 - Added connection com.mysql.cj.jdbc.ConnectionImpl@16ccd2bc
2026-08-07 22:12:44.813 [main] INFO  com.zaxxer.hikari.HikariDataSource - HikariPool-1 - Start completed.
2026-08-07 22:12:45.054 [main] DEBUG c.p.s.filter.JwtAuthenticationFilter - Filter 'jwtAuthenticationFilter' configured for use
2026-08-07 22:12:45.658 [main] INFO  com.pes.utils.RedisUtils - Redis 连接成功
2026-08-07 22:12:46.033 [main] INFO  o.s.s.web.DefaultSecurityFilterChain - Will secure any request with [org.springframework.security.web.session.DisableEncodeUrlFilter@1dc2c13c, org.springframework.security.web.context.request.async.WebAsyncManagerIntegrationFilter@579ee82, org.springframework.security.web.context.SecurityContextHolderFilter@7f09ff10, org.springframework.security.web.header.HeaderWriterFilter@b666366, org.springframework.web.filter.CorsFilter@2166c48a, com.pes.security.filter.JwtAuthenticationFilter@3fd5d679, org.springframework.security.web.savedrequest.RequestCacheAwareFilter@ecfff32, org.springframework.security.web.servletapi.SecurityContextHolderAwareRequestFilter@3c65f2e1, org.springframework.security.web.authentication.AnonymousAuthenticationFilter@127320df, org.springframework.security.web.session.SessionManagementFilter@a74c940, org.springframework.security.web.access.ExceptionTranslationFilter@6ac4f31d, org.springframework.security.web.access.intercept.AuthorizationFilter@15405ba1]
2026-08-07 22:12:46.288 [main] INFO  o.a.coyote.http11.Http11NioProtocol - Starting ProtocolHandler ["http-nio-8080"]
2026-08-07 22:12:46.298 [main] INFO  o.s.b.w.e.tomcat.TomcatWebServer - Tomcat started on port 8080 (http) with context path ''
2026-08-07 22:12:46.303 [main] INFO  com.pes.PesApplication - Started PesApplication in 3.508 seconds (process running for 4.167)
2026-08-07 22:12:52.012 [http-nio-8080-exec-1] INFO  o.a.c.c.C.[Tomcat].[localhost].[/] - Initializing Spring DispatcherServlet 'dispatcherServlet'
2026-08-07 22:12:52.013 [http-nio-8080-exec-1] INFO  o.s.web.servlet.DispatcherServlet - Initializing Servlet 'dispatcherServlet'
2026-08-07 22:12:52.014 [http-nio-8080-exec-1] INFO  o.s.web.servlet.DispatcherServlet - Completed initialization in 1 ms
2026-08-07 22:12:52.023 [http-nio-8080-exec-1] DEBUG o.s.security.web.FilterChainProxy - Securing GET /menus/tree
2026-08-07 22:12:52.185 [http-nio-8080-exec-1] DEBUG c.p.mapper.SysUserMapper.selectList - ==>  Preparing: SELECT id,username,password,nickname,email,phone,status,create_time,update_time,version FROM sys_user WHERE (username = ?)
2026-08-07 22:12:52.202 [http-nio-8080-exec-1] DEBUG c.p.mapper.SysUserMapper.selectList - ==> Parameters: admin(String)
2026-08-07 22:12:52.226 [http-nio-8080-exec-1] DEBUG c.p.mapper.SysUserMapper.selectList - <==      Total: 1
2026-08-07 22:12:52.227 [http-nio-8080-exec-1] DEBUG c.p.m.SysUserRoleMapper.selectList - ==>  Preparing: SELECT id,user_id,role_id FROM sys_user_role WHERE (user_id = ?)
2026-08-07 22:12:52.233 [http-nio-8080-exec-1] DEBUG c.p.m.SysUserRoleMapper.selectList - ==> Parameters: 1(Long)
2026-08-07 22:12:52.233 [http-nio-8080-exec-1] DEBUG c.p.m.SysUserRoleMapper.selectList - <==      Total: 1
2026-08-07 22:12:52.233 [http-nio-8080-exec-1] DEBUG c.p.mapper.SysRoleMapper.selectById - ==>  Preparing: SELECT id,name,code,description,status,create_time,update_time,version FROM sys_role WHERE id=?
2026-08-07 22:12:52.233 [http-nio-8080-exec-1] DEBUG c.p.mapper.SysRoleMapper.selectById - ==> Parameters: 1(Long)
2026-08-07 22:12:52.236 [http-nio-8080-exec-1] DEBUG c.p.mapper.SysRoleMapper.selectById - <==      Total: 1
2026-08-07 22:12:52.236 [http-nio-8080-exec-1] DEBUG c.p.m.S.selectMenuByRoleId - ==>  Preparing: SELECT m.* FROM sys_menu m INNER JOIN sys_role_menu rm ON m.id = rm.menu_id WHERE rm.role_id = ?
2026-08-07 22:12:52.236 [http-nio-8080-exec-1] DEBUG c.p.m.S.selectMenuByRoleId - ==> Parameters: 1(Long)
2026-08-07 22:12:52.244 [http-nio-8080-exec-1] DEBUG c.p.m.S.selectMenuByRoleId - <==      Total: 22
2026-08-07 22:12:52.259 [http-nio-8080-exec-1] DEBUG o.s.security.web.FilterChainProxy - Secured GET /menus/tree
2026-08-07 22:12:52.281 [http-nio-8080-exec-1] DEBUG c.p.mapper.SysMenuMapper.selectList - ==>  Preparing: SELECT id,parent_id,name,path,component,icon,permission,sort,type,status,create_time,update_time,version FROM sys_menu ORDER BY sort ASC
2026-08-07 22:12:52.281 [http-nio-8080-exec-1] DEBUG c.p.mapper.SysMenuMapper.selectList - ==> Parameters: 
2026-08-07 22:12:52.285 [http-nio-8080-exec-1] DEBUG c.p.mapper.SysMenuMapper.selectList - <==      Total: 22
2026-08-07 22:12:52.454 [http-nio-8080-exec-2] DEBUG o.s.security.web.FilterChainProxy - Securing GET /users
2026-08-07 22:12:52.456 [http-nio-8080-exec-2] DEBUG c.p.mapper.SysUserMapper.selectList - ==>  Preparing: SELECT id,username,password,nickname,email,phone,status,create_time,update_time,version FROM sys_user WHERE (username = ?)
2026-08-07 22:12:52.457 [http-nio-8080-exec-2] DEBUG c.p.mapper.SysUserMapper.selectList - ==> Parameters: admin(String)
2026-08-07 22:12:52.458 [http-nio-8080-exec-2] DEBUG c.p.mapper.SysUserMapper.selectList - <==      Total: 1
2026-08-07 22:12:52.460 [http-nio-8080-exec-2] DEBUG c.p.m.SysUserRoleMapper.selectList - ==>  Preparing: SELECT id,user_id,role_id FROM sys_user_role WHERE (user_id = ?)
2026-08-07 22:12:52.461 [http-nio-8080-exec-2] DEBUG c.p.m.SysUserRoleMapper.selectList - ==> Parameters: 1(Long)
2026-08-07 22:12:52.462 [http-nio-8080-exec-2] DEBUG c.p.m.SysUserRoleMapper.selectList - <==      Total: 1
2026-08-07 22:12:52.463 [http-nio-8080-exec-2] DEBUG c.p.mapper.SysRoleMapper.selectById - ==>  Preparing: SELECT id,name,code,description,status,create_time,update_time,version FROM sys_role WHERE id=?
2026-08-07 22:12:52.463 [http-nio-8080-exec-2] DEBUG c.p.mapper.SysRoleMapper.selectById - ==> Parameters: 1(Long)
2026-08-07 22:12:52.466 [http-nio-8080-exec-2] DEBUG c.p.mapper.SysRoleMapper.selectById - <==      Total: 1
2026-08-07 22:12:52.466 [http-nio-8080-exec-2] DEBUG c.p.m.S.selectMenuByRoleId - ==>  Preparing: SELECT m.* FROM sys_menu m INNER JOIN sys_role_menu rm ON m.id = rm.menu_id WHERE rm.role_id = ?
2026-08-07 22:12:52.466 [http-nio-8080-exec-2] DEBUG c.p.m.S.selectMenuByRoleId - ==> Parameters: 1(Long)
2026-08-07 22:12:52.469 [http-nio-8080-exec-2] DEBUG c.p.m.S.selectMenuByRoleId - <==      Total: 22
2026-08-07 22:12:52.473 [http-nio-8080-exec-2] DEBUG o.s.security.web.FilterChainProxy - Secured GET /users
2026-08-07 22:12:52.484 [http-nio-8080-exec-2] DEBUG c.p.mapper.SysUserMapper.selectList - ==>  Preparing: SELECT id,username,password,nickname,email,phone,status,create_time,update_time,version FROM sys_user ORDER BY id ASC
2026-08-07 22:12:52.484 [http-nio-8080-exec-2] DEBUG c.p.mapper.SysUserMapper.selectList - ==> Parameters: 
2026-08-07 22:12:52.484 [http-nio-8080-exec-2] DEBUG c.p.mapper.SysUserMapper.selectList - <==      Total: 8
2026-08-07 22:12:53.680 [http-nio-8080-exec-3] DEBUG o.s.security.web.FilterChainProxy - Securing GET /users/1
2026-08-07 22:12:53.680 [http-nio-8080-exec-5] DEBUG o.s.security.web.FilterChainProxy - Securing GET /roles
2026-08-07 22:12:53.682 [http-nio-8080-exec-5] DEBUG c.p.mapper.SysUserMapper.selectList - ==>  Preparing: SELECT id,username,password,nickname,email,phone,status,create_time,update_time,version FROM sys_user WHERE (username = ?)
2026-08-07 22:12:53.682 [http-nio-8080-exec-3] DEBUG c.p.mapper.SysUserMapper.selectList - ==>  Preparing: SELECT id,username,password,nickname,email,phone,status,create_time,update_time,version FROM sys_user WHERE (username = ?)
2026-08-07 22:12:53.683 [http-nio-8080-exec-3] DEBUG c.p.mapper.SysUserMapper.selectList - ==> Parameters: admin(String)
2026-08-07 22:12:53.683 [http-nio-8080-exec-5] DEBUG c.p.mapper.SysUserMapper.selectList - ==> Parameters: admin(String)
2026-08-07 22:12:53.683 [http-nio-8080-exec-5] DEBUG c.p.mapper.SysUserMapper.selectList - <==      Total: 1
2026-08-07 22:12:53.683 [http-nio-8080-exec-3] DEBUG c.p.mapper.SysUserMapper.selectList - <==      Total: 1
2026-08-07 22:12:53.685 [http-nio-8080-exec-5] DEBUG c.p.m.SysUserRoleMapper.selectList - ==>  Preparing: SELECT id,user_id,role_id FROM sys_user_role WHERE (user_id = ?)
2026-08-07 22:12:53.685 [http-nio-8080-exec-3] DEBUG c.p.m.SysUserRoleMapper.selectList - ==>  Preparing: SELECT id,user_id,role_id FROM sys_user_role WHERE (user_id = ?)
2026-08-07 22:12:53.685 [http-nio-8080-exec-3] DEBUG c.p.m.SysUserRoleMapper.selectList - ==> Parameters: 1(Long)
2026-08-07 22:12:53.685 [http-nio-8080-exec-5] DEBUG c.p.m.SysUserRoleMapper.selectList - ==> Parameters: 1(Long)
2026-08-07 22:12:53.685 [http-nio-8080-exec-3] DEBUG c.p.m.SysUserRoleMapper.selectList - <==      Total: 1
2026-08-07 22:12:53.685 [http-nio-8080-exec-5] DEBUG c.p.m.SysUserRoleMapper.selectList - <==      Total: 1
2026-08-07 22:12:53.685 [http-nio-8080-exec-3] DEBUG c.p.mapper.SysRoleMapper.selectById - ==>  Preparing: SELECT id,name,code,description,status,create_time,update_time,version FROM sys_role WHERE id=?
2026-08-07 22:12:53.685 [http-nio-8080-exec-3] DEBUG c.p.mapper.SysRoleMapper.selectById - ==> Parameters: 1(Long)
2026-08-07 22:12:53.685 [http-nio-8080-exec-5] DEBUG c.p.mapper.SysRoleMapper.selectById - ==>  Preparing: SELECT id,name,code,description,status,create_time,update_time,version FROM sys_role WHERE id=?
2026-08-07 22:12:53.685 [http-nio-8080-exec-3] DEBUG c.p.mapper.SysRoleMapper.selectById - <==      Total: 1
2026-08-07 22:12:53.685 [http-nio-8080-exec-5] DEBUG c.p.mapper.SysRoleMapper.selectById - ==> Parameters: 1(Long)
2026-08-07 22:12:53.685 [http-nio-8080-exec-3] DEBUG c.p.m.S.selectMenuByRoleId - ==>  Preparing: SELECT m.* FROM sys_menu m INNER JOIN sys_role_menu rm ON m.id = rm.menu_id WHERE rm.role_id = ?
2026-08-07 22:12:53.689 [http-nio-8080-exec-3] DEBUG c.p.m.S.selectMenuByRoleId - ==> Parameters: 1(Long)
2026-08-07 22:12:53.689 [http-nio-8080-exec-5] DEBUG c.p.mapper.SysRoleMapper.selectById - <==      Total: 1
2026-08-07 22:12:53.689 [http-nio-8080-exec-5] DEBUG c.p.m.S.selectMenuByRoleId - ==>  Preparing: SELECT m.* FROM sys_menu m INNER JOIN sys_role_menu rm ON m.id = rm.menu_id WHERE rm.role_id = ?
2026-08-07 22:12:53.689 [http-nio-8080-exec-5] DEBUG c.p.m.S.selectMenuByRoleId - ==> Parameters: 1(Long)
2026-08-07 22:12:53.689 [http-nio-8080-exec-3] DEBUG c.p.m.S.selectMenuByRoleId - <==      Total: 22
2026-08-07 22:12:53.693 [http-nio-8080-exec-3] DEBUG o.s.security.web.FilterChainProxy - Secured GET /users/1
2026-08-07 22:12:53.693 [http-nio-8080-exec-5] DEBUG c.p.m.S.selectMenuByRoleId - <==      Total: 22
2026-08-07 22:12:53.694 [http-nio-8080-exec-5] DEBUG o.s.security.web.FilterChainProxy - Secured GET /roles
2026-08-07 22:12:53.696 [http-nio-8080-exec-5] DEBUG c.p.mapper.SysRoleMapper.selectList - ==>  Preparing: SELECT id,name,code,description,status,create_time,update_time,version FROM sys_role ORDER BY id ASC
2026-08-07 22:12:53.697 [http-nio-8080-exec-5] DEBUG c.p.mapper.SysRoleMapper.selectList - ==> Parameters: 
2026-08-07 22:12:53.697 [http-nio-8080-exec-3] WARN  c.p.exception.GlobalExceptionHandler - [非法参数] GET /users/1 — Name for argument of type [java.lang.Long] not specified, and parameter name information not found in class file either.
2026-08-07 22:12:53.699 [http-nio-8080-exec-5] DEBUG c.p.mapper.SysRoleMapper.selectList - <==      Total: 5
2026-08-07 22:13:03.228 [http-nio-8080-exec-4] DEBUG o.s.security.web.FilterChainProxy - Securing GET /roles
2026-08-07 22:13:03.232 [http-nio-8080-exec-4] DEBUG c.p.mapper.SysUserMapper.selectList - ==>  Preparing: SELECT id,username,password,nickname,email,phone,status,create_time,update_time,version FROM sys_user WHERE (username = ?)
2026-08-07 22:13:03.233 [http-nio-8080-exec-4] DEBUG c.p.mapper.SysUserMapper.selectList - ==> Parameters: admin(String)
2026-08-07 22:13:03.234 [http-nio-8080-exec-4] DEBUG c.p.mapper.SysUserMapper.selectList - <==      Total: 1
2026-08-07 22:13:03.235 [http-nio-8080-exec-4] DEBUG c.p.m.SysUserRoleMapper.selectList - ==>  Preparing: SELECT id,user_id,role_id FROM sys_user_role WHERE (user_id = ?)
2026-08-07 22:13:03.235 [http-nio-8080-exec-4] DEBUG c.p.m.SysUserRoleMapper.selectList - ==> Parameters: 1(Long)
2026-08-07 22:13:03.235 [http-nio-8080-exec-4] DEBUG c.p.m.SysUserRoleMapper.selectList - <==      Total: 1
2026-08-07 22:13:03.235 [http-nio-8080-exec-4] DEBUG c.p.mapper.SysRoleMapper.selectById - ==>  Preparing: SELECT id,name,code,description,status,create_time,update_time,version FROM sys_role WHERE id=?
2026-08-07 22:13:03.235 [http-nio-8080-exec-4] DEBUG c.p.mapper.SysRoleMapper.selectById - ==> Parameters: 1(Long)
2026-08-07 22:13:03.237 [http-nio-8080-exec-4] DEBUG c.p.mapper.SysRoleMapper.selectById - <==      Total: 1
2026-08-07 22:13:03.238 [http-nio-8080-exec-4] DEBUG c.p.m.S.selectMenuByRoleId - ==>  Preparing: SELECT m.* FROM sys_menu m INNER JOIN sys_role_menu rm ON m.id = rm.menu_id WHERE rm.role_id = ?
2026-08-07 22:13:03.238 [http-nio-8080-exec-4] DEBUG c.p.m.S.selectMenuByRoleId - ==> Parameters: 1(Long)
2026-08-07 22:13:03.241 [http-nio-8080-exec-4] DEBUG c.p.m.S.selectMenuByRoleId - <==      Total: 22
2026-08-07 22:13:03.243 [http-nio-8080-exec-4] DEBUG o.s.security.web.FilterChainProxy - Secured GET /roles
2026-08-07 22:13:03.245 [http-nio-8080-exec-4] DEBUG c.p.mapper.SysRoleMapper.selectList - ==>  Preparing: SELECT id,name,code,description,status,create_time,update_time,version FROM sys_role ORDER BY id ASC
2026-08-07 22:13:03.245 [http-nio-8080-exec-4] DEBUG c.p.mapper.SysRoleMapper.selectList - ==> Parameters: 
2026-08-07 22:13:03.245 [http-nio-8080-exec-4] DEBUG c.p.mapper.SysRoleMapper.selectList - <==      Total: 5
2026-08-07 22:16:20.076 [http-nio-8080-exec-6] DEBUG o.s.security.web.FilterChainProxy - Securing GET /roles
2026-08-07 22:16:20.078 [http-nio-8080-exec-6] DEBUG c.p.mapper.SysUserMapper.selectList - ==>  Preparing: SELECT id,username,password,nickname,email,phone,status,create_time,update_time,version FROM sys_user WHERE (username = ?)
2026-08-07 22:16:20.079 [http-nio-8080-exec-6] DEBUG c.p.mapper.SysUserMapper.selectList - ==> Parameters: admin(String)
2026-08-07 22:16:20.079 [http-nio-8080-exec-6] DEBUG c.p.mapper.SysUserMapper.selectList - <==      Total: 1
2026-08-07 22:16:20.082 [http-nio-8080-exec-6] DEBUG c.p.m.SysUserRoleMapper.selectList - ==>  Preparing: SELECT id,user_id,role_id FROM sys_user_role WHERE (user_id = ?)
2026-08-07 22:16:20.082 [http-nio-8080-exec-6] DEBUG c.p.m.SysUserRoleMapper.selectList - ==> Parameters: 1(Long)
2026-08-07 22:16:20.083 [http-nio-8080-exec-6] DEBUG c.p.m.SysUserRoleMapper.selectList - <==      Total: 1
2026-08-07 22:16:20.083 [http-nio-8080-exec-6] DEBUG c.p.mapper.SysRoleMapper.selectById - ==>  Preparing: SELECT id,name,code,description,status,create_time,update_time,version FROM sys_role WHERE id=?
2026-08-07 22:16:20.084 [http-nio-8080-exec-6] DEBUG c.p.mapper.SysRoleMapper.selectById - ==> Parameters: 1(Long)
2026-08-07 22:16:20.085 [http-nio-8080-exec-6] DEBUG c.p.mapper.SysRoleMapper.selectById - <==      Total: 1
2026-08-07 22:16:20.085 [http-nio-8080-exec-6] DEBUG c.p.m.S.selectMenuByRoleId - ==>  Preparing: SELECT m.* FROM sys_menu m INNER JOIN sys_role_menu rm ON m.id = rm.menu_id WHERE rm.role_id = ?
2026-08-07 22:16:20.087 [http-nio-8080-exec-6] DEBUG c.p.m.S.selectMenuByRoleId - ==> Parameters: 1(Long)
2026-08-07 22:16:20.088 [http-nio-8080-exec-6] DEBUG c.p.m.S.selectMenuByRoleId - <==      Total: 22
2026-08-07 22:16:20.088 [http-nio-8080-exec-6] DEBUG o.s.security.web.FilterChainProxy - Secured GET /roles
2026-08-07 22:16:20.089 [http-nio-8080-exec-6] DEBUG c.p.mapper.SysRoleMapper.selectList - ==>  Preparing: SELECT id,name,code,description,status,create_time,update_time,version FROM sys_role ORDER BY id ASC
2026-08-07 22:16:20.089 [http-nio-8080-exec-6] DEBUG c.p.mapper.SysRoleMapper.selectList - ==> Parameters: 
2026-08-07 22:16:20.090 [http-nio-8080-exec-6] DEBUG c.p.mapper.SysRoleMapper.selectList - <==      Total: 5
2026-08-07 22:16:22.663 [http-nio-8080-exec-7] DEBUG o.s.security.web.FilterChainProxy - Securing GET /roles
2026-08-07 22:16:22.665 [http-nio-8080-exec-7] DEBUG c.p.mapper.SysUserMapper.selectList - ==>  Preparing: SELECT id,username,password,nickname,email,phone,status,create_time,update_time,version FROM sys_user WHERE (username = ?)
2026-08-07 22:16:22.665 [http-nio-8080-exec-7] DEBUG c.p.mapper.SysUserMapper.selectList - ==> Parameters: admin(String)
2026-08-07 22:16:22.666 [http-nio-8080-exec-7] DEBUG c.p.mapper.SysUserMapper.selectList - <==      Total: 1
2026-08-07 22:16:22.667 [http-nio-8080-exec-7] DEBUG c.p.m.SysUserRoleMapper.selectList - ==>  Preparing: SELECT id,user_id,role_id FROM sys_user_role WHERE (user_id = ?)
2026-08-07 22:16:22.667 [http-nio-8080-exec-7] DEBUG c.p.m.SysUserRoleMapper.selectList - ==> Parameters: 1(Long)
2026-08-07 22:16:22.667 [http-nio-8080-exec-7] DEBUG c.p.m.SysUserRoleMapper.selectList - <==      Total: 1
2026-08-07 22:16:22.668 [http-nio-8080-exec-7] DEBUG c.p.mapper.SysRoleMapper.selectById - ==>  Preparing: SELECT id,name,code,description,status,create_time,update_time,version FROM sys_role WHERE id=?
2026-08-07 22:16:22.668 [http-nio-8080-exec-7] DEBUG c.p.mapper.SysRoleMapper.selectById - ==> Parameters: 1(Long)
2026-08-07 22:16:22.669 [http-nio-8080-exec-7] DEBUG c.p.mapper.SysRoleMapper.selectById - <==      Total: 1
2026-08-07 22:16:22.669 [http-nio-8080-exec-7] DEBUG c.p.m.S.selectMenuByRoleId - ==>  Preparing: SELECT m.* FROM sys_menu m INNER JOIN sys_role_menu rm ON m.id = rm.menu_id WHERE rm.role_id = ?
2026-08-07 22:16:22.669 [http-nio-8080-exec-7] DEBUG c.p.m.S.selectMenuByRoleId - ==> Parameters: 1(Long)
2026-08-07 22:16:22.670 [http-nio-8080-exec-7] DEBUG c.p.m.S.selectMenuByRoleId - <==      Total: 22
2026-08-07 22:16:22.672 [http-nio-8080-exec-7] DEBUG o.s.security.web.FilterChainProxy - Secured GET /roles
2026-08-07 22:16:22.673 [http-nio-8080-exec-7] DEBUG c.p.mapper.SysRoleMapper.selectList - ==>  Preparing: SELECT id,name,code,description,status,create_time,update_time,version FROM sys_role ORDER BY id ASC
2026-08-07 22:16:22.673 [http-nio-8080-exec-7] DEBUG c.p.mapper.SysRoleMapper.selectList - ==> Parameters: 
2026-08-07 22:16:22.674 [http-nio-8080-exec-7] DEBUG c.p.mapper.SysRoleMapper.selectList - <==      Total: 5
2026-08-07 22:16:27.641 [http-nio-8080-exec-8] DEBUG o.s.security.web.FilterChainProxy - Securing GET /roles
2026-08-07 22:16:27.644 [http-nio-8080-exec-8] DEBUG c.p.mapper.SysUserMapper.selectList - ==>  Preparing: SELECT id,username,password,nickname,email,phone,status,create_time,update_time,version FROM sys_user WHERE (username = ?)
2026-08-07 22:16:27.644 [http-nio-8080-exec-8] DEBUG c.p.mapper.SysUserMapper.selectList - ==> Parameters: admin(String)
2026-08-07 22:16:27.645 [http-nio-8080-exec-8] DEBUG c.p.mapper.SysUserMapper.selectList - <==      Total: 1
2026-08-07 22:16:27.646 [http-nio-8080-exec-8] DEBUG c.p.m.SysUserRoleMapper.selectList - ==>  Preparing: SELECT id,user_id,role_id FROM sys_user_role WHERE (user_id = ?)
2026-08-07 22:16:27.646 [http-nio-8080-exec-8] DEBUG c.p.m.SysUserRoleMapper.selectList - ==> Parameters: 1(Long)
2026-08-07 22:16:27.647 [http-nio-8080-exec-8] DEBUG c.p.m.SysUserRoleMapper.selectList - <==      Total: 1
2026-08-07 22:16:27.647 [http-nio-8080-exec-8] DEBUG c.p.mapper.SysRoleMapper.selectById - ==>  Preparing: SELECT id,name,code,description,status,create_time,update_time,version FROM sys_role WHERE id=?
2026-08-07 22:16:27.647 [http-nio-8080-exec-8] DEBUG c.p.mapper.SysRoleMapper.selectById - ==> Parameters: 1(Long)
2026-08-07 22:16:27.647 [http-nio-8080-exec-8] DEBUG c.p.mapper.SysRoleMapper.selectById - <==      Total: 1
2026-08-07 22:16:27.647 [http-nio-8080-exec-8] DEBUG c.p.m.S.selectMenuByRoleId - ==>  Preparing: SELECT m.* FROM sys_menu m INNER JOIN sys_role_menu rm ON m.id = rm.menu_id WHERE rm.role_id = ?
2026-08-07 22:16:27.647 [http-nio-8080-exec-8] DEBUG c.p.m.S.selectMenuByRoleId - ==> Parameters: 1(Long)
2026-08-07 22:16:27.649 [http-nio-8080-exec-8] DEBUG c.p.m.S.selectMenuByRoleId - <==      Total: 22
2026-08-07 22:16:27.650 [http-nio-8080-exec-8] DEBUG o.s.security.web.FilterChainProxy - Secured GET /roles
2026-08-07 22:16:27.650 [http-nio-8080-exec-8] DEBUG c.p.mapper.SysRoleMapper.selectList - ==>  Preparing: SELECT id,name,code,description,status,create_time,update_time,version FROM sys_role ORDER BY id ASC
2026-08-07 22:16:27.651 [http-nio-8080-exec-8] DEBUG c.p.mapper.SysRoleMapper.selectList - ==> Parameters: 
2026-08-07 22:16:27.651 [http-nio-8080-exec-8] DEBUG c.p.mapper.SysRoleMapper.selectList - <==      Total: 5
2026-08-07 22:16:31.695 [http-nio-8080-exec-9] DEBUG o.s.security.web.FilterChainProxy - Securing GET /roles
2026-08-07 22:16:31.697 [http-nio-8080-exec-9] DEBUG c.p.mapper.SysUserMapper.selectList - ==>  Preparing: SELECT id,username,password,nickname,email,phone,status,create_time,update_time,version FROM sys_user WHERE (username = ?)
2026-08-07 22:16:31.697 [http-nio-8080-exec-9] DEBUG c.p.mapper.SysUserMapper.selectList - ==> Parameters: admin(String)
2026-08-07 22:16:31.698 [http-nio-8080-exec-9] DEBUG c.p.mapper.SysUserMapper.selectList - <==      Total: 1
2026-08-07 22:16:31.699 [http-nio-8080-exec-9] DEBUG c.p.m.SysUserRoleMapper.selectList - ==>  Preparing: SELECT id,user_id,role_id FROM sys_user_role WHERE (user_id = ?)
2026-08-07 22:16:31.699 [http-nio-8080-exec-9] DEBUG c.p.m.SysUserRoleMapper.selectList - ==> Parameters: 1(Long)
2026-08-07 22:16:31.699 [http-nio-8080-exec-9] DEBUG c.p.m.SysUserRoleMapper.selectList - <==      Total: 1
2026-08-07 22:16:31.700 [http-nio-8080-exec-9] DEBUG c.p.mapper.SysRoleMapper.selectById - ==>  Preparing: SELECT id,name,code,description,status,create_time,update_time,version FROM sys_role WHERE id=?
2026-08-07 22:16:31.700 [http-nio-8080-exec-9] DEBUG c.p.mapper.SysRoleMapper.selectById - ==> Parameters: 1(Long)
2026-08-07 22:16:31.700 [http-nio-8080-exec-9] DEBUG c.p.mapper.SysRoleMapper.selectById - <==      Total: 1
2026-08-07 22:16:31.701 [http-nio-8080-exec-9] DEBUG c.p.m.S.selectMenuByRoleId - ==>  Preparing: SELECT m.* FROM sys_menu m INNER JOIN sys_role_menu rm ON m.id = rm.menu_id WHERE rm.role_id = ?
2026-08-07 22:16:31.701 [http-nio-8080-exec-9] DEBUG c.p.m.S.selectMenuByRoleId - ==> Parameters: 1(Long)
2026-08-07 22:16:31.702 [http-nio-8080-exec-9] DEBUG c.p.m.S.selectMenuByRoleId - <==      Total: 22
2026-08-07 22:16:31.703 [http-nio-8080-exec-9] DEBUG o.s.security.web.FilterChainProxy - Secured GET /roles
2026-08-07 22:16:31.703 [http-nio-8080-exec-9] DEBUG c.p.mapper.SysRoleMapper.selectList - ==>  Preparing: SELECT id,name,code,description,status,create_time,update_time,version FROM sys_role ORDER BY id ASC
2026-08-07 22:16:31.703 [http-nio-8080-exec-9] DEBUG c.p.mapper.SysRoleMapper.selectList - ==> Parameters: 
2026-08-07 22:16:31.705 [http-nio-8080-exec-9] DEBUG c.p.mapper.SysRoleMapper.selectList - <==      Total: 5
2026-08-07 22:16:41.434 [http-nio-8080-exec-10] DEBUG o.s.security.web.FilterChainProxy - Securing GET /users
2026-08-07 22:16:41.436 [http-nio-8080-exec-10] DEBUG c.p.mapper.SysUserMapper.selectList - ==>  Preparing: SELECT id,username,password,nickname,email,phone,status,create_time,update_time,version FROM sys_user WHERE (username = ?)
2026-08-07 22:16:41.437 [http-nio-8080-exec-10] DEBUG c.p.mapper.SysUserMapper.selectList - ==> Parameters: admin(String)
2026-08-07 22:16:41.437 [http-nio-8080-exec-10] DEBUG c.p.mapper.SysUserMapper.selectList - <==      Total: 1
2026-08-07 22:16:41.438 [http-nio-8080-exec-10] DEBUG c.p.m.SysUserRoleMapper.selectList - ==>  Preparing: SELECT id,user_id,role_id FROM sys_user_role WHERE (user_id = ?)
2026-08-07 22:16:41.438 [http-nio-8080-exec-10] DEBUG c.p.m.SysUserRoleMapper.selectList - ==> Parameters: 1(Long)
2026-08-07 22:16:41.438 [http-nio-8080-exec-10] DEBUG c.p.m.SysUserRoleMapper.selectList - <==      Total: 1
2026-08-07 22:16:41.439 [http-nio-8080-exec-10] DEBUG c.p.mapper.SysRoleMapper.selectById - ==>  Preparing: SELECT id,name,code,description,status,create_time,update_time,version FROM sys_role WHERE id=?
2026-08-07 22:16:41.439 [http-nio-8080-exec-10] DEBUG c.p.mapper.SysRoleMapper.selectById - ==> Parameters: 1(Long)
2026-08-07 22:16:41.439 [http-nio-8080-exec-10] DEBUG c.p.mapper.SysRoleMapper.selectById - <==      Total: 1
2026-08-07 22:16:41.439 [http-nio-8080-exec-10] DEBUG c.p.m.S.selectMenuByRoleId - ==>  Preparing: SELECT m.* FROM sys_menu m INNER JOIN sys_role_menu rm ON m.id = rm.menu_id WHERE rm.role_id = ?
2026-08-07 22:16:41.439 [http-nio-8080-exec-10] DEBUG c.p.m.S.selectMenuByRoleId - ==> Parameters: 1(Long)
2026-08-07 22:16:41.441 [http-nio-8080-exec-10] DEBUG c.p.m.S.selectMenuByRoleId - <==      Total: 22
2026-08-07 22:16:41.442 [http-nio-8080-exec-10] DEBUG o.s.security.web.FilterChainProxy - Secured GET /users
2026-08-07 22:16:41.443 [http-nio-8080-exec-10] DEBUG c.p.mapper.SysUserMapper.selectList - ==>  Preparing: SELECT id,username,password,nickname,email,phone,status,create_time,update_time,version FROM sys_user ORDER BY id ASC
2026-08-07 22:16:41.443 [http-nio-8080-exec-10] DEBUG c.p.mapper.SysUserMapper.selectList - ==> Parameters: 
2026-08-07 22:16:41.444 [http-nio-8080-exec-10] DEBUG c.p.mapper.SysUserMapper.selectList - <==      Total: 8
2026-08-07 22:16:44.945 [http-nio-8080-exec-1] DEBUG o.s.security.web.FilterChainProxy - Securing GET /users
2026-08-07 22:16:44.948 [http-nio-8080-exec-1] DEBUG c.p.mapper.SysUserMapper.selectList - ==>  Preparing: SELECT id,username,password,nickname,email,phone,status,create_time,update_time,version FROM sys_user WHERE (username = ?)
2026-08-07 22:16:44.948 [http-nio-8080-exec-1] DEBUG c.p.mapper.SysUserMapper.selectList - ==> Parameters: admin(String)
2026-08-07 22:16:44.949 [http-nio-8080-exec-1] DEBUG c.p.mapper.SysUserMapper.selectList - <==      Total: 1
2026-08-07 22:16:44.949 [http-nio-8080-exec-1] DEBUG c.p.m.SysUserRoleMapper.selectList - ==>  Preparing: SELECT id,user_id,role_id FROM sys_user_role WHERE (user_id = ?)
2026-08-07 22:16:44.950 [http-nio-8080-exec-1] DEBUG c.p.m.SysUserRoleMapper.selectList - ==> Parameters: 1(Long)
2026-08-07 22:16:44.951 [http-nio-8080-exec-1] DEBUG c.p.m.SysUserRoleMapper.selectList - <==      Total: 1
2026-08-07 22:16:44.951 [http-nio-8080-exec-1] DEBUG c.p.mapper.SysRoleMapper.selectById - ==>  Preparing: SELECT id,name,code,description,status,create_time,update_time,version FROM sys_role WHERE id=?
2026-08-07 22:16:44.951 [http-nio-8080-exec-1] DEBUG c.p.mapper.SysRoleMapper.selectById - ==> Parameters: 1(Long)
2026-08-07 22:16:44.952 [http-nio-8080-exec-1] DEBUG c.p.mapper.SysRoleMapper.selectById - <==      Total: 1
2026-08-07 22:16:44.952 [http-nio-8080-exec-1] DEBUG c.p.m.S.selectMenuByRoleId - ==>  Preparing: SELECT m.* FROM sys_menu m INNER JOIN sys_role_menu rm ON m.id = rm.menu_id WHERE rm.role_id = ?
2026-08-07 22:16:44.953 [http-nio-8080-exec-1] DEBUG c.p.m.S.selectMenuByRoleId - ==> Parameters: 1(Long)
2026-08-07 22:16:44.954 [http-nio-8080-exec-1] DEBUG c.p.m.S.selectMenuByRoleId - <==      Total: 22
2026-08-07 22:16:44.956 [http-nio-8080-exec-1] DEBUG o.s.security.web.FilterChainProxy - Secured GET /users
2026-08-07 22:16:44.957 [http-nio-8080-exec-1] DEBUG c.p.mapper.SysUserMapper.selectList - ==>  Preparing: SELECT id,username,password,nickname,email,phone,status,create_time,update_time,version FROM sys_user ORDER BY id ASC
2026-08-07 22:16:44.957 [http-nio-8080-exec-1] DEBUG c.p.mapper.SysUserMapper.selectList - ==> Parameters: 
2026-08-07 22:16:44.958 [http-nio-8080-exec-1] DEBUG c.p.mapper.SysUserMapper.selectList - <==      Total: 8
2026-08-07 22:16:47.272 [http-nio-8080-exec-2] DEBUG o.s.security.web.FilterChainProxy - Securing GET /users
2026-08-07 22:16:47.275 [http-nio-8080-exec-2] DEBUG c.p.mapper.SysUserMapper.selectList - ==>  Preparing: SELECT id,username,password,nickname,email,phone,status,create_time,update_time,version FROM sys_user WHERE (username = ?)
2026-08-07 22:16:47.275 [http-nio-8080-exec-2] DEBUG c.p.mapper.SysUserMapper.selectList - ==> Parameters: admin(String)
2026-08-07 22:16:47.276 [http-nio-8080-exec-2] DEBUG c.p.mapper.SysUserMapper.selectList - <==      Total: 1
2026-08-07 22:16:47.277 [http-nio-8080-exec-2] DEBUG c.p.m.SysUserRoleMapper.selectList - ==>  Preparing: SELECT id,user_id,role_id FROM sys_user_role WHERE (user_id = ?)
2026-08-07 22:16:47.277 [http-nio-8080-exec-2] DEBUG c.p.m.SysUserRoleMapper.selectList - ==> Parameters: 1(Long)
2026-08-07 22:16:47.277 [http-nio-8080-exec-2] DEBUG c.p.m.SysUserRoleMapper.selectList - <==      Total: 1
2026-08-07 22:16:47.278 [http-nio-8080-exec-2] DEBUG c.p.mapper.SysRoleMapper.selectById - ==>  Preparing: SELECT id,name,code,description,status,create_time,update_time,version FROM sys_role WHERE id=?
2026-08-07 22:16:47.278 [http-nio-8080-exec-2] DEBUG c.p.mapper.SysRoleMapper.selectById - ==> Parameters: 1(Long)
2026-08-07 22:16:47.278 [http-nio-8080-exec-2] DEBUG c.p.mapper.SysRoleMapper.selectById - <==      Total: 1
2026-08-07 22:16:47.279 [http-nio-8080-exec-2] DEBUG c.p.m.S.selectMenuByRoleId - ==>  Preparing: SELECT m.* FROM sys_menu m INNER JOIN sys_role_menu rm ON m.id = rm.menu_id WHERE rm.role_id = ?
2026-08-07 22:16:47.279 [http-nio-8080-exec-2] DEBUG c.p.m.S.selectMenuByRoleId - ==> Parameters: 1(Long)
2026-08-07 22:16:47.280 [http-nio-8080-exec-2] DEBUG c.p.m.S.selectMenuByRoleId - <==      Total: 22
2026-08-07 22:16:47.281 [http-nio-8080-exec-2] DEBUG o.s.security.web.FilterChainProxy - Secured GET /users
2026-08-07 22:16:47.281 [http-nio-8080-exec-2] DEBUG c.p.mapper.SysUserMapper.selectList - ==>  Preparing: SELECT id,username,password,nickname,email,phone,status,create_time,update_time,version FROM sys_user ORDER BY id ASC
2026-08-07 22:16:47.282 [http-nio-8080-exec-2] DEBUG c.p.mapper.SysUserMapper.selectList - ==> Parameters: 
2026-08-07 22:16:47.282 [http-nio-8080-exec-2] DEBUG c.p.mapper.SysUserMapper.selectList - <==      Total: 8
2026-08-07 22:19:20.592 [SpringApplicationShutdownHook] INFO  com.zaxxer.hikari.HikariDataSource - HikariPool-1 - Shutdown initiated...
2026-08-07 22:19:20.597 [SpringApplicationShutdownHook] INFO  com.zaxxer.hikari.HikariDataSource - HikariPool-1 - Shutdown completed.
2026-08-07 22:19:26.678 [background-preinit] INFO  o.h.validator.internal.util.Version - HV000001: Hibernate Validator 8.0.1.Final
2026-08-07 22:19:26.709 [main] INFO  com.pes.PesApplication - Starting PesApplication using Java 17.0.12 with PID 33572 (E:\PES\pes-java\target\classes started by ASUS in E:\PES)
2026-08-07 22:19:26.709 [main] DEBUG com.pes.PesApplication - Running with Spring Boot v3.2.0, Spring v6.1.1
2026-08-07 22:19:26.710 [main] INFO  com.pes.PesApplication - The following 1 profile is active: "dev"
2026-08-07 22:19:27.243 [main] INFO  o.s.d.r.c.RepositoryConfigurationDelegate - Multiple Spring Data modules found, entering strict repository configuration mode
2026-08-07 22:19:27.245 [main] INFO  o.s.d.r.c.RepositoryConfigurationDelegate - Bootstrapping Spring Data Redis repositories in DEFAULT mode.
2026-08-07 22:19:27.273 [main] INFO  o.s.d.r.c.RepositoryConfigurationDelegate - Finished Spring Data repository scanning in 17 ms. Found 0 Redis repository interfaces.
2026-08-07 22:19:27.830 [main] INFO  o.s.b.w.e.tomcat.TomcatWebServer - Tomcat initialized with port 8080 (http)
2026-08-07 22:19:27.835 [main] INFO  o.a.coyote.http11.Http11NioProtocol - Initializing ProtocolHandler ["http-nio-8080"]
2026-08-07 22:19:27.836 [main] INFO  o.a.catalina.core.StandardService - Starting service [Tomcat]
2026-08-07 22:19:27.836 [main] INFO  o.a.catalina.core.StandardEngine - Starting Servlet engine: [Apache Tomcat/10.1.16]
2026-08-07 22:19:27.885 [main] INFO  o.a.c.c.C.[Tomcat].[localhost].[/] - Initializing Spring embedded WebApplicationContext
2026-08-07 22:19:27.885 [main] INFO  o.s.b.w.s.c.ServletWebServerApplicationContext - Root WebApplicationContext: initialization completed in 1142 ms
2026-08-07 22:19:28.012 [main] INFO  com.zaxxer.hikari.HikariDataSource - HikariPool-1 - Starting...
2026-08-07 22:19:28.232 [main] INFO  com.zaxxer.hikari.pool.HikariPool - HikariPool-1 - Added connection com.mysql.cj.jdbc.ConnectionImpl@3ff8a3ad
2026-08-07 22:19:28.234 [main] INFO  com.zaxxer.hikari.HikariDataSource - HikariPool-1 - Start completed.
2026-08-07 22:19:28.468 [main] DEBUG c.p.s.filter.JwtAuthenticationFilter - Filter 'jwtAuthenticationFilter' configured for use
2026-08-07 22:19:29.033 [main] INFO  com.pes.utils.RedisUtils - Redis 连接成功
2026-08-07 22:19:29.391 [main] INFO  o.s.s.web.DefaultSecurityFilterChain - Will secure any request with [org.springframework.security.web.session.DisableEncodeUrlFilter@65294247, org.springframework.security.web.context.request.async.WebAsyncManagerIntegrationFilter@4a7ac98b, org.springframework.security.web.context.SecurityContextHolderFilter@3113595e, org.springframework.security.web.header.HeaderWriterFilter@f391e52, org.springframework.web.filter.CorsFilter@56881196, com.pes.security.filter.JwtAuthenticationFilter@40017e98, org.springframework.security.web.savedrequest.RequestCacheAwareFilter@7091a016, org.springframework.security.web.servletapi.SecurityContextHolderAwareRequestFilter@14580edc, org.springframework.security.web.authentication.AnonymousAuthenticationFilter@35e3f3b8, org.springframework.security.web.session.SessionManagementFilter@3182143c, org.springframework.security.web.access.ExceptionTranslationFilter@71ac5723, org.springframework.security.web.access.intercept.AuthorizationFilter@78f1d29]
2026-08-07 22:19:29.634 [main] INFO  o.a.coyote.http11.Http11NioProtocol - Starting ProtocolHandler ["http-nio-8080"]
2026-08-07 22:19:29.644 [main] INFO  o.s.b.w.e.tomcat.TomcatWebServer - Tomcat started on port 8080 (http) with context path ''
2026-08-07 22:19:29.650 [main] INFO  com.pes.PesApplication - Started PesApplication in 3.353 seconds (process running for 4.008)
2026-08-07 22:19:35.036 [http-nio-8080-exec-1] INFO  o.a.c.c.C.[Tomcat].[localhost].[/] - Initializing Spring DispatcherServlet 'dispatcherServlet'
2026-08-07 22:19:35.036 [http-nio-8080-exec-1] INFO  o.s.web.servlet.DispatcherServlet - Initializing Servlet 'dispatcherServlet'
2026-08-07 22:19:35.036 [http-nio-8080-exec-1] INFO  o.s.web.servlet.DispatcherServlet - Completed initialization in 0 ms
2026-08-07 22:19:35.036 [http-nio-8080-exec-1] DEBUG o.s.security.web.FilterChainProxy - Securing GET /menus/tree
2026-08-07 22:19:35.169 [http-nio-8080-exec-1] DEBUG c.p.mapper.SysUserMapper.selectList - ==>  Preparing: SELECT id,username,password,nickname,email,phone,status,create_time,update_time,version FROM sys_user WHERE (username = ?)
2026-08-07 22:19:35.182 [http-nio-8080-exec-1] DEBUG c.p.mapper.SysUserMapper.selectList - ==> Parameters: admin(String)
2026-08-07 22:19:35.198 [http-nio-8080-exec-1] DEBUG c.p.mapper.SysUserMapper.selectList - <==      Total: 1
2026-08-07 22:19:35.202 [http-nio-8080-exec-1] DEBUG c.p.m.SysUserRoleMapper.selectList - ==>  Preparing: SELECT id,user_id,role_id FROM sys_user_role WHERE (user_id = ?)
2026-08-07 22:19:35.203 [http-nio-8080-exec-1] DEBUG c.p.m.SysUserRoleMapper.selectList - ==> Parameters: 1(Long)
2026-08-07 22:19:35.204 [http-nio-8080-exec-1] DEBUG c.p.m.SysUserRoleMapper.selectList - <==      Total: 1
2026-08-07 22:19:35.205 [http-nio-8080-exec-1] DEBUG c.p.mapper.SysRoleMapper.selectById - ==>  Preparing: SELECT id,name,code,description,status,create_time,update_time,version FROM sys_role WHERE id=?
2026-08-07 22:19:35.206 [http-nio-8080-exec-1] DEBUG c.p.mapper.SysRoleMapper.selectById - ==> Parameters: 1(Long)
2026-08-07 22:19:35.207 [http-nio-8080-exec-1] DEBUG c.p.mapper.SysRoleMapper.selectById - <==      Total: 1
2026-08-07 22:19:35.207 [http-nio-8080-exec-1] DEBUG c.p.m.S.selectMenuByRoleId - ==>  Preparing: SELECT m.* FROM sys_menu m INNER JOIN sys_role_menu rm ON m.id = rm.menu_id WHERE rm.role_id = ?
2026-08-07 22:19:35.207 [http-nio-8080-exec-1] DEBUG c.p.m.S.selectMenuByRoleId - ==> Parameters: 1(Long)
2026-08-07 22:19:35.214 [http-nio-8080-exec-1] DEBUG c.p.m.S.selectMenuByRoleId - <==      Total: 22
2026-08-07 22:19:35.225 [http-nio-8080-exec-1] DEBUG o.s.security.web.FilterChainProxy - Secured GET /menus/tree
2026-08-07 22:19:35.240 [http-nio-8080-exec-1] DEBUG c.p.mapper.SysMenuMapper.selectList - ==>  Preparing: SELECT id,parent_id,name,path,component,icon,permission,sort,type,status,create_time,update_time,version FROM sys_menu ORDER BY sort ASC
2026-08-07 22:19:35.241 [http-nio-8080-exec-1] DEBUG c.p.mapper.SysMenuMapper.selectList - ==> Parameters: 
2026-08-07 22:19:35.244 [http-nio-8080-exec-1] DEBUG c.p.mapper.SysMenuMapper.selectList - <==      Total: 22
2026-08-07 22:19:35.425 [http-nio-8080-exec-2] DEBUG o.s.security.web.FilterChainProxy - Securing GET /users
2026-08-07 22:19:35.428 [http-nio-8080-exec-2] DEBUG c.p.mapper.SysUserMapper.selectList - ==>  Preparing: SELECT id,username,password,nickname,email,phone,status,create_time,update_time,version FROM sys_user WHERE (username = ?)
2026-08-07 22:19:35.428 [http-nio-8080-exec-2] DEBUG c.p.mapper.SysUserMapper.selectList - ==> Parameters: admin(String)
2026-08-07 22:19:35.430 [http-nio-8080-exec-2] DEBUG c.p.mapper.SysUserMapper.selectList - <==      Total: 1
2026-08-07 22:19:35.431 [http-nio-8080-exec-2] DEBUG c.p.m.SysUserRoleMapper.selectList - ==>  Preparing: SELECT id,user_id,role_id FROM sys_user_role WHERE (user_id = ?)
2026-08-07 22:19:35.431 [http-nio-8080-exec-2] DEBUG c.p.m.SysUserRoleMapper.selectList - ==> Parameters: 1(Long)
2026-08-07 22:19:35.433 [http-nio-8080-exec-2] DEBUG c.p.m.SysUserRoleMapper.selectList - <==      Total: 1
2026-08-07 22:19:35.433 [http-nio-8080-exec-2] DEBUG c.p.mapper.SysRoleMapper.selectById - ==>  Preparing: SELECT id,name,code,description,status,create_time,update_time,version FROM sys_role WHERE id=?
2026-08-07 22:19:35.434 [http-nio-8080-exec-2] DEBUG c.p.mapper.SysRoleMapper.selectById - ==> Parameters: 1(Long)
2026-08-07 22:19:35.435 [http-nio-8080-exec-2] DEBUG c.p.mapper.SysRoleMapper.selectById - <==      Total: 1
2026-08-07 22:19:35.436 [http-nio-8080-exec-2] DEBUG c.p.m.S.selectMenuByRoleId - ==>  Preparing: SELECT m.* FROM sys_menu m INNER JOIN sys_role_menu rm ON m.id = rm.menu_id WHERE rm.role_id = ?
2026-08-07 22:19:35.436 [http-nio-8080-exec-2] DEBUG c.p.m.S.selectMenuByRoleId - ==> Parameters: 1(Long)
2026-08-07 22:19:35.438 [http-nio-8080-exec-2] DEBUG c.p.m.S.selectMenuByRoleId - <==      Total: 22
2026-08-07 22:19:35.438 [http-nio-8080-exec-2] DEBUG o.s.security.web.FilterChainProxy - Secured GET /users
2026-08-07 22:19:35.445 [http-nio-8080-exec-2] DEBUG c.p.mapper.SysUserMapper.selectList - ==>  Preparing: SELECT id,username,password,nickname,email,phone,status,create_time,update_time,version FROM sys_user ORDER BY id ASC
2026-08-07 22:19:35.445 [http-nio-8080-exec-2] DEBUG c.p.mapper.SysUserMapper.selectList - ==> Parameters: 
2026-08-07 22:19:35.445 [http-nio-8080-exec-2] DEBUG c.p.mapper.SysUserMapper.selectList - <==      Total: 8
2026-08-07 22:19:35.445 [http-nio-8080-exec-2] DEBUG c.p.m.SysUserRoleMapper.selectList - ==>  Preparing: SELECT id,user_id,role_id FROM sys_user_role WHERE (user_id = ?) LIMIT 1
2026-08-07 22:19:35.445 [http-nio-8080-exec-2] DEBUG c.p.m.SysUserRoleMapper.selectList - ==> Parameters: 1(Long)
2026-08-07 22:19:35.445 [http-nio-8080-exec-2] DEBUG c.p.m.SysUserRoleMapper.selectList - <==      Total: 1
2026-08-07 22:19:35.445 [http-nio-8080-exec-2] DEBUG c.p.mapper.SysRoleMapper.selectById - ==>  Preparing: SELECT id,name,code,description,status,create_time,update_time,version FROM sys_role WHERE id=?
2026-08-07 22:19:35.445 [http-nio-8080-exec-2] DEBUG c.p.mapper.SysRoleMapper.selectById - ==> Parameters: 1(Long)
2026-08-07 22:19:35.455 [http-nio-8080-exec-2] DEBUG c.p.mapper.SysRoleMapper.selectById - <==      Total: 1
2026-08-07 22:19:35.455 [http-nio-8080-exec-2] DEBUG c.p.m.SysUserRoleMapper.selectList - ==>  Preparing: SELECT id,user_id,role_id FROM sys_user_role WHERE (user_id = ?) LIMIT 1
2026-08-07 22:19:35.455 [http-nio-8080-exec-2] DEBUG c.p.m.SysUserRoleMapper.selectList - ==> Parameters: 2(Long)
2026-08-07 22:19:35.455 [http-nio-8080-exec-2] DEBUG c.p.m.SysUserRoleMapper.selectList - <==      Total: 1
2026-08-07 22:19:35.455 [http-nio-8080-exec-2] DEBUG c.p.mapper.SysRoleMapper.selectById - ==>  Preparing: SELECT id,name,code,description,status,create_time,update_time,version FROM sys_role WHERE id=?
2026-08-07 22:19:35.455 [http-nio-8080-exec-2] DEBUG c.p.mapper.SysRoleMapper.selectById - ==> Parameters: 2(Long)
2026-08-07 22:19:35.459 [http-nio-8080-exec-2] DEBUG c.p.mapper.SysRoleMapper.selectById - <==      Total: 1
2026-08-07 22:19:35.461 [http-nio-8080-exec-2] DEBUG c.p.m.SysUserRoleMapper.selectList - ==>  Preparing: SELECT id,user_id,role_id FROM sys_user_role WHERE (user_id = ?) LIMIT 1
2026-08-07 22:19:35.461 [http-nio-8080-exec-2] DEBUG c.p.m.SysUserRoleMapper.selectList - ==> Parameters: 3(Long)
2026-08-07 22:19:35.461 [http-nio-8080-exec-2] DEBUG c.p.m.SysUserRoleMapper.selectList - <==      Total: 1
2026-08-07 22:19:35.461 [http-nio-8080-exec-2] DEBUG c.p.mapper.SysRoleMapper.selectById - ==>  Preparing: SELECT id,name,code,description,status,create_time,update_time,version FROM sys_role WHERE id=?
2026-08-07 22:19:35.461 [http-nio-8080-exec-2] DEBUG c.p.mapper.SysRoleMapper.selectById - ==> Parameters: 3(Long)
2026-08-07 22:19:35.465 [http-nio-8080-exec-2] DEBUG c.p.mapper.SysRoleMapper.selectById - <==      Total: 1
2026-08-07 22:19:35.466 [http-nio-8080-exec-2] DEBUG c.p.m.SysUserRoleMapper.selectList - ==>  Preparing: SELECT id,user_id,role_id FROM sys_user_role WHERE (user_id = ?) LIMIT 1
2026-08-07 22:19:35.469 [http-nio-8080-exec-2] DEBUG c.p.m.SysUserRoleMapper.selectList - ==> Parameters: 4(Long)
2026-08-07 22:19:35.471 [http-nio-8080-exec-2] DEBUG c.p.m.SysUserRoleMapper.selectList - <==      Total: 1
2026-08-07 22:19:35.473 [http-nio-8080-exec-2] DEBUG c.p.mapper.SysRoleMapper.selectById - ==>  Preparing: SELECT id,name,code,description,status,create_time,update_time,version FROM sys_role WHERE id=?
2026-08-07 22:19:35.473 [http-nio-8080-exec-2] DEBUG c.p.mapper.SysRoleMapper.selectById - ==> Parameters: 2(Long)
2026-08-07 22:19:35.476 [http-nio-8080-exec-2] DEBUG c.p.mapper.SysRoleMapper.selectById - <==      Total: 1
2026-08-07 22:19:35.477 [http-nio-8080-exec-2] DEBUG c.p.m.SysUserRoleMapper.selectList - ==>  Preparing: SELECT id,user_id,role_id FROM sys_user_role WHERE (user_id = ?) LIMIT 1
2026-08-07 22:19:35.478 [http-nio-8080-exec-2] DEBUG c.p.m.SysUserRoleMapper.selectList - ==> Parameters: 5(Long)
2026-08-07 22:19:35.478 [http-nio-8080-exec-2] DEBUG c.p.m.SysUserRoleMapper.selectList - <==      Total: 1
2026-08-07 22:19:35.482 [http-nio-8080-exec-2] DEBUG c.p.mapper.SysRoleMapper.selectById - ==>  Preparing: SELECT id,name,code,description,status,create_time,update_time,version FROM sys_role WHERE id=?
2026-08-07 22:19:35.482 [http-nio-8080-exec-2] DEBUG c.p.mapper.SysRoleMapper.selectById - ==> Parameters: 3(Long)
2026-08-07 22:19:35.482 [http-nio-8080-exec-2] DEBUG c.p.mapper.SysRoleMapper.selectById - <==      Total: 1
2026-08-07 22:19:35.485 [http-nio-8080-exec-2] DEBUG c.p.m.SysUserRoleMapper.selectList - ==>  Preparing: SELECT id,user_id,role_id FROM sys_user_role WHERE (user_id = ?) LIMIT 1
2026-08-07 22:19:35.486 [http-nio-8080-exec-2] DEBUG c.p.m.SysUserRoleMapper.selectList - ==> Parameters: 6(Long)
2026-08-07 22:19:35.486 [http-nio-8080-exec-2] DEBUG c.p.m.SysUserRoleMapper.selectList - <==      Total: 1
2026-08-07 22:19:35.486 [http-nio-8080-exec-2] DEBUG c.p.mapper.SysRoleMapper.selectById - ==>  Preparing: SELECT id,name,code,description,status,create_time,update_time,version FROM sys_role WHERE id=?
2026-08-07 22:19:35.486 [http-nio-8080-exec-2] DEBUG c.p.mapper.SysRoleMapper.selectById - ==> Parameters: 2(Long)
2026-08-07 22:19:35.489 [http-nio-8080-exec-2] DEBUG c.p.mapper.SysRoleMapper.selectById - <==      Total: 1
2026-08-07 22:19:35.489 [http-nio-8080-exec-2] DEBUG c.p.m.SysUserRoleMapper.selectList - ==>  Preparing: SELECT id,user_id,role_id FROM sys_user_role WHERE (user_id = ?) LIMIT 1
2026-08-07 22:19:35.489 [http-nio-8080-exec-2] DEBUG c.p.m.SysUserRoleMapper.selectList - ==> Parameters: 7(Long)
2026-08-07 22:19:35.492 [http-nio-8080-exec-2] DEBUG c.p.m.SysUserRoleMapper.selectList - <==      Total: 1
2026-08-07 22:19:35.492 [http-nio-8080-exec-2] DEBUG c.p.mapper.SysRoleMapper.selectById - ==>  Preparing: SELECT id,name,code,description,status,create_time,update_time,version FROM sys_role WHERE id=?
2026-08-07 22:19:35.492 [http-nio-8080-exec-2] DEBUG c.p.mapper.SysRoleMapper.selectById - ==> Parameters: 4(Long)
2026-08-07 22:19:35.492 [http-nio-8080-exec-2] DEBUG c.p.mapper.SysRoleMapper.selectById - <==      Total: 1
2026-08-07 22:19:35.495 [http-nio-8080-exec-2] DEBUG c.p.m.SysUserRoleMapper.selectList - ==>  Preparing: SELECT id,user_id,role_id FROM sys_user_role WHERE (user_id = ?) LIMIT 1
2026-08-07 22:19:35.496 [http-nio-8080-exec-2] DEBUG c.p.m.SysUserRoleMapper.selectList - ==> Parameters: 8(Long)
2026-08-07 22:19:35.496 [http-nio-8080-exec-2] DEBUG c.p.m.SysUserRoleMapper.selectList - <==      Total: 1
2026-08-07 22:19:35.496 [http-nio-8080-exec-2] DEBUG c.p.mapper.SysRoleMapper.selectById - ==>  Preparing: SELECT id,name,code,description,status,create_time,update_time,version FROM sys_role WHERE id=?
2026-08-07 22:19:35.496 [http-nio-8080-exec-2] DEBUG c.p.mapper.SysRoleMapper.selectById - ==> Parameters: 5(Long)
2026-08-07 22:19:35.496 [http-nio-8080-exec-2] DEBUG c.p.mapper.SysRoleMapper.selectById - <==      Total: 1
2026-08-07 22:19:39.407 [http-nio-8080-exec-3] DEBUG o.s.security.web.FilterChainProxy - Securing GET /roles
2026-08-07 22:19:39.409 [http-nio-8080-exec-3] DEBUG c.p.mapper.SysUserMapper.selectList - ==>  Preparing: SELECT id,username,password,nickname,email,phone,status,create_time,update_time,version FROM sys_user WHERE (username = ?)
2026-08-07 22:19:39.410 [http-nio-8080-exec-3] DEBUG c.p.mapper.SysUserMapper.selectList - ==> Parameters: admin(String)
2026-08-07 22:19:39.411 [http-nio-8080-exec-3] DEBUG c.p.mapper.SysUserMapper.selectList - <==      Total: 1
2026-08-07 22:19:39.412 [http-nio-8080-exec-3] DEBUG c.p.m.SysUserRoleMapper.selectList - ==>  Preparing: SELECT id,user_id,role_id FROM sys_user_role WHERE (user_id = ?)
2026-08-07 22:19:39.412 [http-nio-8080-exec-3] DEBUG c.p.m.SysUserRoleMapper.selectList - ==> Parameters: 1(Long)
2026-08-07 22:19:39.412 [http-nio-8080-exec-3] DEBUG c.p.m.SysUserRoleMapper.selectList - <==      Total: 1
2026-08-07 22:19:39.412 [http-nio-8080-exec-3] DEBUG c.p.mapper.SysRoleMapper.selectById - ==>  Preparing: SELECT id,name,code,description,status,create_time,update_time,version FROM sys_role WHERE id=?
2026-08-07 22:19:39.412 [http-nio-8080-exec-3] DEBUG c.p.mapper.SysRoleMapper.selectById - ==> Parameters: 1(Long)
2026-08-07 22:19:39.412 [http-nio-8080-exec-3] DEBUG c.p.mapper.SysRoleMapper.selectById - <==      Total: 1
2026-08-07 22:19:39.412 [http-nio-8080-exec-3] DEBUG c.p.m.S.selectMenuByRoleId - ==>  Preparing: SELECT m.* FROM sys_menu m INNER JOIN sys_role_menu rm ON m.id = rm.menu_id WHERE rm.role_id = ?
2026-08-07 22:19:39.412 [http-nio-8080-exec-3] DEBUG c.p.m.S.selectMenuByRoleId - ==> Parameters: 1(Long)
2026-08-07 22:19:39.412 [http-nio-8080-exec-3] DEBUG c.p.m.S.selectMenuByRoleId - <==      Total: 22
2026-08-07 22:19:39.418 [http-nio-8080-exec-3] DEBUG o.s.security.web.FilterChainProxy - Secured GET /roles
2026-08-07 22:19:39.420 [http-nio-8080-exec-3] DEBUG c.p.mapper.SysRoleMapper.selectList - ==>  Preparing: SELECT id,name,code,description,status,create_time,update_time,version FROM sys_role ORDER BY id ASC
2026-08-07 22:19:39.420 [http-nio-8080-exec-3] DEBUG c.p.mapper.SysRoleMapper.selectList - ==> Parameters: 
2026-08-07 22:19:39.423 [http-nio-8080-exec-3] DEBUG c.p.mapper.SysRoleMapper.selectList - <==      Total: 5
2026-08-07 22:20:07.400 [http-nio-8080-exec-4] DEBUG o.s.security.web.FilterChainProxy - Securing GET /menus/tree
2026-08-07 22:20:07.404 [http-nio-8080-exec-4] DEBUG c.p.mapper.SysUserMapper.selectList - ==>  Preparing: SELECT id,username,password,nickname,email,phone,status,create_time,update_time,version FROM sys_user WHERE (username = ?)
2026-08-07 22:20:07.404 [http-nio-8080-exec-4] DEBUG c.p.mapper.SysUserMapper.selectList - ==> Parameters: admin(String)
2026-08-07 22:20:07.405 [http-nio-8080-exec-4] DEBUG c.p.mapper.SysUserMapper.selectList - <==      Total: 1
2026-08-07 22:20:07.406 [http-nio-8080-exec-4] DEBUG c.p.m.SysUserRoleMapper.selectList - ==>  Preparing: SELECT id,user_id,role_id FROM sys_user_role WHERE (user_id = ?)
2026-08-07 22:20:07.407 [http-nio-8080-exec-4] DEBUG c.p.m.SysUserRoleMapper.selectList - ==> Parameters: 1(Long)
2026-08-07 22:20:07.407 [http-nio-8080-exec-4] DEBUG c.p.m.SysUserRoleMapper.selectList - <==      Total: 1
2026-08-07 22:20:07.408 [http-nio-8080-exec-4] DEBUG c.p.mapper.SysRoleMapper.selectById - ==>  Preparing: SELECT id,name,code,description,status,create_time,update_time,version FROM sys_role WHERE id=?
2026-08-07 22:20:07.408 [http-nio-8080-exec-4] DEBUG c.p.mapper.SysRoleMapper.selectById - ==> Parameters: 1(Long)
2026-08-07 22:20:07.409 [http-nio-8080-exec-4] DEBUG c.p.mapper.SysRoleMapper.selectById - <==      Total: 1
2026-08-07 22:20:07.409 [http-nio-8080-exec-4] DEBUG c.p.m.S.selectMenuByRoleId - ==>  Preparing: SELECT m.* FROM sys_menu m INNER JOIN sys_role_menu rm ON m.id = rm.menu_id WHERE rm.role_id = ?
2026-08-07 22:20:07.409 [http-nio-8080-exec-4] DEBUG c.p.m.S.selectMenuByRoleId - ==> Parameters: 1(Long)
2026-08-07 22:20:07.411 [http-nio-8080-exec-4] DEBUG c.p.m.S.selectMenuByRoleId - <==      Total: 22
2026-08-07 22:20:07.413 [http-nio-8080-exec-4] DEBUG o.s.security.web.FilterChainProxy - Secured GET /menus/tree
2026-08-07 22:20:07.414 [http-nio-8080-exec-4] DEBUG c.p.mapper.SysMenuMapper.selectList - ==>  Preparing: SELECT id,parent_id,name,path,component,icon,permission,sort,type,status,create_time,update_time,version FROM sys_menu ORDER BY sort ASC
2026-08-07 22:20:07.414 [http-nio-8080-exec-4] DEBUG c.p.mapper.SysMenuMapper.selectList - ==> Parameters: 
2026-08-07 22:20:07.416 [http-nio-8080-exec-4] DEBUG c.p.mapper.SysMenuMapper.selectList - <==      Total: 22
2026-08-07 22:20:07.497 [http-nio-8080-exec-5] DEBUG o.s.security.web.FilterChainProxy - Securing GET /users
2026-08-07 22:20:07.500 [http-nio-8080-exec-5] DEBUG c.p.mapper.SysUserMapper.selectList - ==>  Preparing: SELECT id,username,password,nickname,email,phone,status,create_time,update_time,version FROM sys_user WHERE (username = ?)
2026-08-07 22:20:07.500 [http-nio-8080-exec-5] DEBUG c.p.mapper.SysUserMapper.selectList - ==> Parameters: admin(String)
2026-08-07 22:20:07.501 [http-nio-8080-exec-5] DEBUG c.p.mapper.SysUserMapper.selectList - <==      Total: 1
2026-08-07 22:20:07.502 [http-nio-8080-exec-5] DEBUG c.p.m.SysUserRoleMapper.selectList - ==>  Preparing: SELECT id,user_id,role_id FROM sys_user_role WHERE (user_id = ?)
2026-08-07 22:20:07.502 [http-nio-8080-exec-5] DEBUG c.p.m.SysUserRoleMapper.selectList - ==> Parameters: 1(Long)
2026-08-07 22:20:07.503 [http-nio-8080-exec-5] DEBUG c.p.m.SysUserRoleMapper.selectList - <==      Total: 1
2026-08-07 22:20:07.504 [http-nio-8080-exec-5] DEBUG c.p.mapper.SysRoleMapper.selectById - ==>  Preparing: SELECT id,name,code,description,status,create_time,update_time,version FROM sys_role WHERE id=?
2026-08-07 22:20:07.504 [http-nio-8080-exec-5] DEBUG c.p.mapper.SysRoleMapper.selectById - ==> Parameters: 1(Long)
2026-08-07 22:20:07.505 [http-nio-8080-exec-5] DEBUG c.p.mapper.SysRoleMapper.selectById - <==      Total: 1
2026-08-07 22:20:07.505 [http-nio-8080-exec-5] DEBUG c.p.m.S.selectMenuByRoleId - ==>  Preparing: SELECT m.* FROM sys_menu m INNER JOIN sys_role_menu rm ON m.id = rm.menu_id WHERE rm.role_id = ?
2026-08-07 22:20:07.505 [http-nio-8080-exec-5] DEBUG c.p.m.S.selectMenuByRoleId - ==> Parameters: 1(Long)
2026-08-07 22:20:07.507 [http-nio-8080-exec-5] DEBUG c.p.m.S.selectMenuByRoleId - <==      Total: 22
2026-08-07 22:20:07.509 [http-nio-8080-exec-5] DEBUG o.s.security.web.FilterChainProxy - Secured GET /users
2026-08-07 22:20:07.511 [http-nio-8080-exec-5] DEBUG c.p.mapper.SysUserMapper.selectList - ==>  Preparing: SELECT id,username,password,nickname,email,phone,status,create_time,update_time,version FROM sys_user ORDER BY id ASC
2026-08-07 22:20:07.511 [http-nio-8080-exec-5] DEBUG c.p.mapper.SysUserMapper.selectList - ==> Parameters: 
2026-08-07 22:20:07.516 [http-nio-8080-exec-5] DEBUG c.p.mapper.SysUserMapper.selectList - <==      Total: 8
2026-08-07 22:20:07.516 [http-nio-8080-exec-5] DEBUG c.p.m.SysUserRoleMapper.selectList - ==>  Preparing: SELECT id,user_id,role_id FROM sys_user_role WHERE (user_id = ?) LIMIT 1
2026-08-07 22:20:07.516 [http-nio-8080-exec-5] DEBUG c.p.m.SysUserRoleMapper.selectList - ==> Parameters: 1(Long)
2026-08-07 22:20:07.516 [http-nio-8080-exec-5] DEBUG c.p.m.SysUserRoleMapper.selectList - <==      Total: 1
2026-08-07 22:20:07.516 [http-nio-8080-exec-5] DEBUG c.p.mapper.SysRoleMapper.selectById - ==>  Preparing: SELECT id,name,code,description,status,create_time,update_time,version FROM sys_role WHERE id=?
2026-08-07 22:20:07.516 [http-nio-8080-exec-5] DEBUG c.p.mapper.SysRoleMapper.selectById - ==> Parameters: 1(Long)
2026-08-07 22:20:07.516 [http-nio-8080-exec-5] DEBUG c.p.mapper.SysRoleMapper.selectById - <==      Total: 1
2026-08-07 22:20:07.520 [http-nio-8080-exec-5] DEBUG c.p.m.SysUserRoleMapper.selectList - ==>  Preparing: SELECT id,user_id,role_id FROM sys_user_role WHERE (user_id = ?) LIMIT 1
2026-08-07 22:20:07.520 [http-nio-8080-exec-5] DEBUG c.p.m.SysUserRoleMapper.selectList - ==> Parameters: 2(Long)
2026-08-07 22:20:07.520 [http-nio-8080-exec-5] DEBUG c.p.m.SysUserRoleMapper.selectList - <==      Total: 1
2026-08-07 22:20:07.521 [http-nio-8080-exec-5] DEBUG c.p.mapper.SysRoleMapper.selectById - ==>  Preparing: SELECT id,name,code,description,status,create_time,update_time,version FROM sys_role WHERE id=?
2026-08-07 22:20:07.522 [http-nio-8080-exec-5] DEBUG c.p.mapper.SysRoleMapper.selectById - ==> Parameters: 2(Long)
2026-08-07 22:20:07.523 [http-nio-8080-exec-5] DEBUG c.p.mapper.SysRoleMapper.selectById - <==      Total: 1
2026-08-07 22:20:07.524 [http-nio-8080-exec-5] DEBUG c.p.m.SysUserRoleMapper.selectList - ==>  Preparing: SELECT id,user_id,role_id FROM sys_user_role WHERE (user_id = ?) LIMIT 1
2026-08-07 22:20:07.524 [http-nio-8080-exec-5] DEBUG c.p.m.SysUserRoleMapper.selectList - ==> Parameters: 3(Long)
2026-08-07 22:20:07.527 [http-nio-8080-exec-5] DEBUG c.p.m.SysUserRoleMapper.selectList - <==      Total: 1
2026-08-07 22:20:07.527 [http-nio-8080-exec-5] DEBUG c.p.mapper.SysRoleMapper.selectById - ==>  Preparing: SELECT id,name,code,description,status,create_time,update_time,version FROM sys_role WHERE id=?
2026-08-07 22:20:07.527 [http-nio-8080-exec-5] DEBUG c.p.mapper.SysRoleMapper.selectById - ==> Parameters: 3(Long)
2026-08-07 22:20:07.527 [http-nio-8080-exec-5] DEBUG c.p.mapper.SysRoleMapper.selectById - <==      Total: 1
2026-08-07 22:20:07.527 [http-nio-8080-exec-5] DEBUG c.p.m.SysUserRoleMapper.selectList - ==>  Preparing: SELECT id,user_id,role_id FROM sys_user_role WHERE (user_id = ?) LIMIT 1
2026-08-07 22:20:07.527 [http-nio-8080-exec-5] DEBUG c.p.m.SysUserRoleMapper.selectList - ==> Parameters: 4(Long)
2026-08-07 22:20:07.527 [http-nio-8080-exec-5] DEBUG c.p.m.SysUserRoleMapper.selectList - <==      Total: 1
2026-08-07 22:20:07.527 [http-nio-8080-exec-5] DEBUG c.p.mapper.SysRoleMapper.selectById - ==>  Preparing: SELECT id,name,code,description,status,create_time,update_time,version FROM sys_role WHERE id=?
2026-08-07 22:20:07.527 [http-nio-8080-exec-5] DEBUG c.p.mapper.SysRoleMapper.selectById - ==> Parameters: 2(Long)
2026-08-07 22:20:07.527 [http-nio-8080-exec-5] DEBUG c.p.mapper.SysRoleMapper.selectById - <==      Total: 1
2026-08-07 22:20:07.527 [http-nio-8080-exec-5] DEBUG c.p.m.SysUserRoleMapper.selectList - ==>  Preparing: SELECT id,user_id,role_id FROM sys_user_role WHERE (user_id = ?) LIMIT 1
2026-08-07 22:20:07.527 [http-nio-8080-exec-5] DEBUG c.p.m.SysUserRoleMapper.selectList - ==> Parameters: 5(Long)
2026-08-07 22:20:07.527 [http-nio-8080-exec-5] DEBUG c.p.m.SysUserRoleMapper.selectList - <==      Total: 1
2026-08-07 22:20:07.527 [http-nio-8080-exec-5] DEBUG c.p.mapper.SysRoleMapper.selectById - ==>  Preparing: SELECT id,name,code,description,status,create_time,update_time,version FROM sys_role WHERE id=?
2026-08-07 22:20:07.527 [http-nio-8080-exec-5] DEBUG c.p.mapper.SysRoleMapper.selectById - ==> Parameters: 3(Long)
2026-08-07 22:20:07.532 [http-nio-8080-exec-5] DEBUG c.p.mapper.SysRoleMapper.selectById - <==      Total: 1
2026-08-07 22:20:07.533 [http-nio-8080-exec-5] DEBUG c.p.m.SysUserRoleMapper.selectList - ==>  Preparing: SELECT id,user_id,role_id FROM sys_user_role WHERE (user_id = ?) LIMIT 1
2026-08-07 22:20:07.534 [http-nio-8080-exec-5] DEBUG c.p.m.SysUserRoleMapper.selectList - ==> Parameters: 6(Long)
2026-08-07 22:20:07.535 [http-nio-8080-exec-5] DEBUG c.p.m.SysUserRoleMapper.selectList - <==      Total: 1
2026-08-07 22:20:07.535 [http-nio-8080-exec-5] DEBUG c.p.mapper.SysRoleMapper.selectById - ==>  Preparing: SELECT id,name,code,description,status,create_time,update_time,version FROM sys_role WHERE id=?
2026-08-07 22:20:07.535 [http-nio-8080-exec-5] DEBUG c.p.mapper.SysRoleMapper.selectById - ==> Parameters: 2(Long)
2026-08-07 22:20:07.535 [http-nio-8080-exec-5] DEBUG c.p.mapper.SysRoleMapper.selectById - <==      Total: 1
2026-08-07 22:20:07.535 [http-nio-8080-exec-5] DEBUG c.p.m.SysUserRoleMapper.selectList - ==>  Preparing: SELECT id,user_id,role_id FROM sys_user_role WHERE (user_id = ?) LIMIT 1
2026-08-07 22:20:07.535 [http-nio-8080-exec-5] DEBUG c.p.m.SysUserRoleMapper.selectList - ==> Parameters: 7(Long)
2026-08-07 22:20:07.535 [http-nio-8080-exec-5] DEBUG c.p.m.SysUserRoleMapper.selectList - <==      Total: 1
2026-08-07 22:20:07.535 [http-nio-8080-exec-5] DEBUG c.p.mapper.SysRoleMapper.selectById - ==>  Preparing: SELECT id,name,code,description,status,create_time,update_time,version FROM sys_role WHERE id=?
2026-08-07 22:20:07.535 [http-nio-8080-exec-5] DEBUG c.p.mapper.SysRoleMapper.selectById - ==> Parameters: 4(Long)
2026-08-07 22:20:07.535 [http-nio-8080-exec-5] DEBUG c.p.mapper.SysRoleMapper.selectById - <==      Total: 1
2026-08-07 22:20:07.535 [http-nio-8080-exec-5] DEBUG c.p.m.SysUserRoleMapper.selectList - ==>  Preparing: SELECT id,user_id,role_id FROM sys_user_role WHERE (user_id = ?) LIMIT 1
2026-08-07 22:20:07.535 [http-nio-8080-exec-5] DEBUG c.p.m.SysUserRoleMapper.selectList - ==> Parameters: 8(Long)
2026-08-07 22:20:07.535 [http-nio-8080-exec-5] DEBUG c.p.m.SysUserRoleMapper.selectList - <==      Total: 1
2026-08-07 22:20:07.535 [http-nio-8080-exec-5] DEBUG c.p.mapper.SysRoleMapper.selectById - ==>  Preparing: SELECT id,name,code,description,status,create_time,update_time,version FROM sys_role WHERE id=?
2026-08-07 22:20:07.535 [http-nio-8080-exec-5] DEBUG c.p.mapper.SysRoleMapper.selectById - ==> Parameters: 5(Long)
2026-08-07 22:20:07.535 [http-nio-8080-exec-5] DEBUG c.p.mapper.SysRoleMapper.selectById - <==      Total: 1
2026-08-07 22:20:09.139 [http-nio-8080-exec-6] DEBUG o.s.security.web.FilterChainProxy - Securing GET /roles
2026-08-07 22:20:09.141 [http-nio-8080-exec-6] DEBUG c.p.mapper.SysUserMapper.selectList - ==>  Preparing: SELECT id,username,password,nickname,email,phone,status,create_time,update_time,version FROM sys_user WHERE (username = ?)
2026-08-07 22:20:09.142 [http-nio-8080-exec-6] DEBUG c.p.mapper.SysUserMapper.selectList - ==> Parameters: admin(String)
2026-08-07 22:20:09.143 [http-nio-8080-exec-6] DEBUG c.p.mapper.SysUserMapper.selectList - <==      Total: 1
2026-08-07 22:20:09.143 [http-nio-8080-exec-6] DEBUG c.p.m.SysUserRoleMapper.selectList - ==>  Preparing: SELECT id,user_id,role_id FROM sys_user_role WHERE (user_id = ?)
2026-08-07 22:20:09.143 [http-nio-8080-exec-6] DEBUG c.p.m.SysUserRoleMapper.selectList - ==> Parameters: 1(Long)
2026-08-07 22:20:09.144 [http-nio-8080-exec-6] DEBUG c.p.m.SysUserRoleMapper.selectList - <==      Total: 1
2026-08-07 22:20:09.146 [http-nio-8080-exec-6] DEBUG c.p.mapper.SysRoleMapper.selectById - ==>  Preparing: SELECT id,name,code,description,status,create_time,update_time,version FROM sys_role WHERE id=?
2026-08-07 22:20:09.146 [http-nio-8080-exec-6] DEBUG c.p.mapper.SysRoleMapper.selectById - ==> Parameters: 1(Long)
2026-08-07 22:20:09.147 [http-nio-8080-exec-6] DEBUG c.p.mapper.SysRoleMapper.selectById - <==      Total: 1
2026-08-07 22:20:09.147 [http-nio-8080-exec-6] DEBUG c.p.m.S.selectMenuByRoleId - ==>  Preparing: SELECT m.* FROM sys_menu m INNER JOIN sys_role_menu rm ON m.id = rm.menu_id WHERE rm.role_id = ?
2026-08-07 22:20:09.147 [http-nio-8080-exec-6] DEBUG c.p.m.S.selectMenuByRoleId - ==> Parameters: 1(Long)
2026-08-07 22:20:09.148 [http-nio-8080-exec-6] DEBUG c.p.m.S.selectMenuByRoleId - <==      Total: 22
2026-08-07 22:20:09.148 [http-nio-8080-exec-6] DEBUG o.s.security.web.FilterChainProxy - Secured GET /roles
2026-08-07 22:20:09.150 [http-nio-8080-exec-6] DEBUG c.p.mapper.SysRoleMapper.selectList - ==>  Preparing: SELECT id,name,code,description,status,create_time,update_time,version FROM sys_role ORDER BY id ASC
2026-08-07 22:20:09.150 [http-nio-8080-exec-6] DEBUG c.p.mapper.SysRoleMapper.selectList - ==> Parameters: 
2026-08-07 22:20:09.151 [http-nio-8080-exec-6] DEBUG c.p.mapper.SysRoleMapper.selectList - <==      Total: 5
2026-08-07 22:20:18.085 [http-nio-8080-exec-7] DEBUG o.s.security.web.FilterChainProxy - Securing GET /menus/tree
2026-08-07 22:20:18.089 [http-nio-8080-exec-7] DEBUG c.p.mapper.SysUserMapper.selectList - ==>  Preparing: SELECT id,username,password,nickname,email,phone,status,create_time,update_time,version FROM sys_user WHERE (username = ?)
2026-08-07 22:20:18.090 [http-nio-8080-exec-7] DEBUG c.p.mapper.SysUserMapper.selectList - ==> Parameters: admin(String)
2026-08-07 22:20:18.090 [http-nio-8080-exec-7] DEBUG c.p.mapper.SysUserMapper.selectList - <==      Total: 1
2026-08-07 22:20:18.091 [http-nio-8080-exec-7] DEBUG c.p.m.SysUserRoleMapper.selectList - ==>  Preparing: SELECT id,user_id,role_id FROM sys_user_role WHERE (user_id = ?)
2026-08-07 22:20:18.091 [http-nio-8080-exec-7] DEBUG c.p.m.SysUserRoleMapper.selectList - ==> Parameters: 1(Long)
2026-08-07 22:20:18.093 [http-nio-8080-exec-7] DEBUG c.p.m.SysUserRoleMapper.selectList - <==      Total: 1
2026-08-07 22:20:18.094 [http-nio-8080-exec-7] DEBUG c.p.mapper.SysRoleMapper.selectById - ==>  Preparing: SELECT id,name,code,description,status,create_time,update_time,version FROM sys_role WHERE id=?
2026-08-07 22:20:18.094 [http-nio-8080-exec-7] DEBUG c.p.mapper.SysRoleMapper.selectById - ==> Parameters: 1(Long)
2026-08-07 22:20:18.094 [http-nio-8080-exec-7] DEBUG c.p.mapper.SysRoleMapper.selectById - <==      Total: 1
2026-08-07 22:20:18.095 [http-nio-8080-exec-7] DEBUG c.p.m.S.selectMenuByRoleId - ==>  Preparing: SELECT m.* FROM sys_menu m INNER JOIN sys_role_menu rm ON m.id = rm.menu_id WHERE rm.role_id = ?
2026-08-07 22:20:18.095 [http-nio-8080-exec-7] DEBUG c.p.m.S.selectMenuByRoleId - ==> Parameters: 1(Long)
2026-08-07 22:20:18.097 [http-nio-8080-exec-7] DEBUG c.p.m.S.selectMenuByRoleId - <==      Total: 22
2026-08-07 22:20:18.098 [http-nio-8080-exec-7] DEBUG o.s.security.web.FilterChainProxy - Secured GET /menus/tree
2026-08-07 22:20:18.099 [http-nio-8080-exec-7] DEBUG c.p.mapper.SysMenuMapper.selectList - ==>  Preparing: SELECT id,parent_id,name,path,component,icon,permission,sort,type,status,create_time,update_time,version FROM sys_menu ORDER BY sort ASC
2026-08-07 22:20:18.099 [http-nio-8080-exec-7] DEBUG c.p.mapper.SysMenuMapper.selectList - ==> Parameters: 
2026-08-07 22:20:18.101 [http-nio-8080-exec-7] DEBUG c.p.mapper.SysMenuMapper.selectList - <==      Total: 22
2026-08-07 22:20:18.191 [http-nio-8080-exec-8] DEBUG o.s.security.web.FilterChainProxy - Securing GET /users
2026-08-07 22:20:18.193 [http-nio-8080-exec-8] DEBUG c.p.mapper.SysUserMapper.selectList - ==>  Preparing: SELECT id,username,password,nickname,email,phone,status,create_time,update_time,version FROM sys_user WHERE (username = ?)
2026-08-07 22:20:18.193 [http-nio-8080-exec-8] DEBUG c.p.mapper.SysUserMapper.selectList - ==> Parameters: admin(String)
2026-08-07 22:20:18.195 [http-nio-8080-exec-8] DEBUG c.p.mapper.SysUserMapper.selectList - <==      Total: 1
2026-08-07 22:20:18.195 [http-nio-8080-exec-8] DEBUG c.p.m.SysUserRoleMapper.selectList - ==>  Preparing: SELECT id,user_id,role_id FROM sys_user_role WHERE (user_id = ?)
2026-08-07 22:20:18.195 [http-nio-8080-exec-8] DEBUG c.p.m.SysUserRoleMapper.selectList - ==> Parameters: 1(Long)
2026-08-07 22:20:18.196 [http-nio-8080-exec-8] DEBUG c.p.m.SysUserRoleMapper.selectList - <==      Total: 1
2026-08-07 22:20:18.196 [http-nio-8080-exec-8] DEBUG c.p.mapper.SysRoleMapper.selectById - ==>  Preparing: SELECT id,name,code,description,status,create_time,update_time,version FROM sys_role WHERE id=?
2026-08-07 22:20:18.198 [http-nio-8080-exec-8] DEBUG c.p.mapper.SysRoleMapper.selectById - ==> Parameters: 1(Long)
2026-08-07 22:20:18.199 [http-nio-8080-exec-8] DEBUG c.p.mapper.SysRoleMapper.selectById - <==      Total: 1
2026-08-07 22:20:18.199 [http-nio-8080-exec-8] DEBUG c.p.m.S.selectMenuByRoleId - ==>  Preparing: SELECT m.* FROM sys_menu m INNER JOIN sys_role_menu rm ON m.id = rm.menu_id WHERE rm.role_id = ?
2026-08-07 22:20:18.199 [http-nio-8080-exec-8] DEBUG c.p.m.S.selectMenuByRoleId - ==> Parameters: 1(Long)
2026-08-07 22:20:18.202 [http-nio-8080-exec-8] DEBUG c.p.m.S.selectMenuByRoleId - <==      Total: 22
2026-08-07 22:20:18.202 [http-nio-8080-exec-8] DEBUG o.s.security.web.FilterChainProxy - Secured GET /users
2026-08-07 22:20:18.203 [http-nio-8080-exec-8] DEBUG c.p.mapper.SysUserMapper.selectList - ==>  Preparing: SELECT id,username,password,nickname,email,phone,status,create_time,update_time,version FROM sys_user ORDER BY id ASC
2026-08-07 22:20:18.203 [http-nio-8080-exec-8] DEBUG c.p.mapper.SysUserMapper.selectList - ==> Parameters: 
2026-08-07 22:20:18.203 [http-nio-8080-exec-8] DEBUG c.p.mapper.SysUserMapper.selectList - <==      Total: 8
2026-08-07 22:20:18.203 [http-nio-8080-exec-8] DEBUG c.p.m.SysUserRoleMapper.selectList - ==>  Preparing: SELECT id,user_id,role_id FROM sys_user_role WHERE (user_id = ?) LIMIT 1
2026-08-07 22:20:18.203 [http-nio-8080-exec-8] DEBUG c.p.m.SysUserRoleMapper.selectList - ==> Parameters: 1(Long)
2026-08-07 22:20:18.203 [http-nio-8080-exec-8] DEBUG c.p.m.SysUserRoleMapper.selectList - <==      Total: 1
2026-08-07 22:20:18.203 [http-nio-8080-exec-8] DEBUG c.p.mapper.SysRoleMapper.selectById - ==>  Preparing: SELECT id,name,code,description,status,create_time,update_time,version FROM sys_role WHERE id=?
2026-08-07 22:20:18.203 [http-nio-8080-exec-8] DEBUG c.p.mapper.SysRoleMapper.selectById - ==> Parameters: 1(Long)
2026-08-07 22:20:18.203 [http-nio-8080-exec-8] DEBUG c.p.mapper.SysRoleMapper.selectById - <==      Total: 1
2026-08-07 22:20:18.210 [http-nio-8080-exec-8] DEBUG c.p.m.SysUserRoleMapper.selectList - ==>  Preparing: SELECT id,user_id,role_id FROM sys_user_role WHERE (user_id = ?) LIMIT 1
2026-08-07 22:20:18.210 [http-nio-8080-exec-8] DEBUG c.p.m.SysUserRoleMapper.selectList - ==> Parameters: 2(Long)
2026-08-07 22:20:18.212 [http-nio-8080-exec-8] DEBUG c.p.m.SysUserRoleMapper.selectList - <==      Total: 1
2026-08-07 22:20:18.212 [http-nio-8080-exec-8] DEBUG c.p.mapper.SysRoleMapper.selectById - ==>  Preparing: SELECT id,name,code,description,status,create_time,update_time,version FROM sys_role WHERE id=?
2026-08-07 22:20:18.212 [http-nio-8080-exec-8] DEBUG c.p.mapper.SysRoleMapper.selectById - ==> Parameters: 2(Long)
2026-08-07 22:20:18.214 [http-nio-8080-exec-8] DEBUG c.p.mapper.SysRoleMapper.selectById - <==      Total: 1
2026-08-07 22:20:18.214 [http-nio-8080-exec-8] DEBUG c.p.m.SysUserRoleMapper.selectList - ==>  Preparing: SELECT id,user_id,role_id FROM sys_user_role WHERE (user_id = ?) LIMIT 1
2026-08-07 22:20:18.214 [http-nio-8080-exec-8] DEBUG c.p.m.SysUserRoleMapper.selectList - ==> Parameters: 3(Long)
2026-08-07 22:20:18.214 [http-nio-8080-exec-8] DEBUG c.p.m.SysUserRoleMapper.selectList - <==      Total: 1
2026-08-07 22:20:18.214 [http-nio-8080-exec-8] DEBUG c.p.mapper.SysRoleMapper.selectById - ==>  Preparing: SELECT id,name,code,description,status,create_time,update_time,version FROM sys_role WHERE id=?
2026-08-07 22:20:18.214 [http-nio-8080-exec-8] DEBUG c.p.mapper.SysRoleMapper.selectById - ==> Parameters: 3(Long)
2026-08-07 22:20:18.214 [http-nio-8080-exec-8] DEBUG c.p.mapper.SysRoleMapper.selectById - <==      Total: 1
2026-08-07 22:20:18.214 [http-nio-8080-exec-8] DEBUG c.p.m.SysUserRoleMapper.selectList - ==>  Preparing: SELECT id,user_id,role_id FROM sys_user_role WHERE (user_id = ?) LIMIT 1
2026-08-07 22:20:18.217 [http-nio-8080-exec-8] DEBUG c.p.m.SysUserRoleMapper.selectList - ==> Parameters: 4(Long)
2026-08-07 22:20:18.217 [http-nio-8080-exec-8] DEBUG c.p.m.SysUserRoleMapper.selectList - <==      Total: 1
2026-08-07 22:20:18.217 [http-nio-8080-exec-8] DEBUG c.p.mapper.SysRoleMapper.selectById - ==>  Preparing: SELECT id,name,code,description,status,create_time,update_time,version FROM sys_role WHERE id=?
2026-08-07 22:20:18.217 [http-nio-8080-exec-8] DEBUG c.p.mapper.SysRoleMapper.selectById - ==> Parameters: 2(Long)
2026-08-07 22:20:18.217 [http-nio-8080-exec-8] DEBUG c.p.mapper.SysRoleMapper.selectById - <==      Total: 1
2026-08-07 22:20:18.217 [http-nio-8080-exec-8] DEBUG c.p.m.SysUserRoleMapper.selectList - ==>  Preparing: SELECT id,user_id,role_id FROM sys_user_role WHERE (user_id = ?) LIMIT 1
2026-08-07 22:20:18.217 [http-nio-8080-exec-8] DEBUG c.p.m.SysUserRoleMapper.selectList - ==> Parameters: 5(Long)
2026-08-07 22:20:18.219 [http-nio-8080-exec-8] DEBUG c.p.m.SysUserRoleMapper.selectList - <==      Total: 1
2026-08-07 22:20:18.219 [http-nio-8080-exec-8] DEBUG c.p.mapper.SysRoleMapper.selectById - ==>  Preparing: SELECT id,name,code,description,status,create_time,update_time,version FROM sys_role WHERE id=?
2026-08-07 22:20:18.219 [http-nio-8080-exec-8] DEBUG c.p.mapper.SysRoleMapper.selectById - ==> Parameters: 3(Long)
2026-08-07 22:20:18.219 [http-nio-8080-exec-8] DEBUG c.p.mapper.SysRoleMapper.selectById - <==      Total: 1
2026-08-07 22:20:18.219 [http-nio-8080-exec-8] DEBUG c.p.m.SysUserRoleMapper.selectList - ==>  Preparing: SELECT id,user_id,role_id FROM sys_user_role WHERE (user_id = ?) LIMIT 1
2026-08-07 22:20:18.219 [http-nio-8080-exec-8] DEBUG c.p.m.SysUserRoleMapper.selectList - ==> Parameters: 6(Long)
2026-08-07 22:20:18.219 [http-nio-8080-exec-8] DEBUG c.p.m.SysUserRoleMapper.selectList - <==      Total: 1
2026-08-07 22:20:18.219 [http-nio-8080-exec-8] DEBUG c.p.mapper.SysRoleMapper.selectById - ==>  Preparing: SELECT id,name,code,description,status,create_time,update_time,version FROM sys_role WHERE id=?
2026-08-07 22:20:18.219 [http-nio-8080-exec-8] DEBUG c.p.mapper.SysRoleMapper.selectById - ==> Parameters: 2(Long)
2026-08-07 22:20:18.219 [http-nio-8080-exec-8] DEBUG c.p.mapper.SysRoleMapper.selectById - <==      Total: 1
2026-08-07 22:20:18.222 [http-nio-8080-exec-8] DEBUG c.p.m.SysUserRoleMapper.selectList - ==>  Preparing: SELECT id,user_id,role_id FROM sys_user_role WHERE (user_id = ?) LIMIT 1
2026-08-07 22:20:18.222 [http-nio-8080-exec-8] DEBUG c.p.m.SysUserRoleMapper.selectList - ==> Parameters: 7(Long)
2026-08-07 22:20:18.223 [http-nio-8080-exec-8] DEBUG c.p.m.SysUserRoleMapper.selectList - <==      Total: 1
2026-08-07 22:20:18.223 [http-nio-8080-exec-8] DEBUG c.p.mapper.SysRoleMapper.selectById - ==>  Preparing: SELECT id,name,code,description,status,create_time,update_time,version FROM sys_role WHERE id=?
2026-08-07 22:20:18.223 [http-nio-8080-exec-8] DEBUG c.p.mapper.SysRoleMapper.selectById - ==> Parameters: 4(Long)
2026-08-07 22:20:18.224 [http-nio-8080-exec-8] DEBUG c.p.mapper.SysRoleMapper.selectById - <==      Total: 1
2026-08-07 22:20:18.225 [http-nio-8080-exec-8] DEBUG c.p.m.SysUserRoleMapper.selectList - ==>  Preparing: SELECT id,user_id,role_id FROM sys_user_role WHERE (user_id = ?) LIMIT 1
2026-08-07 22:20:18.225 [http-nio-8080-exec-8] DEBUG c.p.m.SysUserRoleMapper.selectList - ==> Parameters: 8(Long)
2026-08-07 22:20:18.226 [http-nio-8080-exec-8] DEBUG c.p.m.SysUserRoleMapper.selectList - <==      Total: 1
2026-08-07 22:20:18.226 [http-nio-8080-exec-8] DEBUG c.p.mapper.SysRoleMapper.selectById - ==>  Preparing: SELECT id,name,code,description,status,create_time,update_time,version FROM sys_role WHERE id=?
2026-08-07 22:20:18.226 [http-nio-8080-exec-8] DEBUG c.p.mapper.SysRoleMapper.selectById - ==> Parameters: 5(Long)
2026-08-07 22:20:18.226 [http-nio-8080-exec-8] DEBUG c.p.mapper.SysRoleMapper.selectById - <==      Total: 1
2026-08-07 22:20:19.052 [http-nio-8080-exec-9] DEBUG o.s.security.web.FilterChainProxy - Securing GET /roles
2026-08-07 22:20:19.054 [http-nio-8080-exec-9] DEBUG c.p.mapper.SysUserMapper.selectList - ==>  Preparing: SELECT id,username,password,nickname,email,phone,status,create_time,update_time,version FROM sys_user WHERE (username = ?)
2026-08-07 22:20:19.054 [http-nio-8080-exec-9] DEBUG c.p.mapper.SysUserMapper.selectList - ==> Parameters: admin(String)
2026-08-07 22:20:19.055 [http-nio-8080-exec-9] DEBUG c.p.mapper.SysUserMapper.selectList - <==      Total: 1
2026-08-07 22:20:19.055 [http-nio-8080-exec-9] DEBUG c.p.m.SysUserRoleMapper.selectList - ==>  Preparing: SELECT id,user_id,role_id FROM sys_user_role WHERE (user_id = ?)
2026-08-07 22:20:19.055 [http-nio-8080-exec-9] DEBUG c.p.m.SysUserRoleMapper.selectList - ==> Parameters: 1(Long)
2026-08-07 22:20:19.055 [http-nio-8080-exec-9] DEBUG c.p.m.SysUserRoleMapper.selectList - <==      Total: 1
2026-08-07 22:20:19.055 [http-nio-8080-exec-9] DEBUG c.p.mapper.SysRoleMapper.selectById - ==>  Preparing: SELECT id,name,code,description,status,create_time,update_time,version FROM sys_role WHERE id=?
2026-08-07 22:20:19.055 [http-nio-8080-exec-9] DEBUG c.p.mapper.SysRoleMapper.selectById - ==> Parameters: 1(Long)
2026-08-07 22:20:19.058 [http-nio-8080-exec-9] DEBUG c.p.mapper.SysRoleMapper.selectById - <==      Total: 1
2026-08-07 22:20:19.058 [http-nio-8080-exec-9] DEBUG c.p.m.S.selectMenuByRoleId - ==>  Preparing: SELECT m.* FROM sys_menu m INNER JOIN sys_role_menu rm ON m.id = rm.menu_id WHERE rm.role_id = ?
2026-08-07 22:20:19.058 [http-nio-8080-exec-9] DEBUG c.p.m.S.selectMenuByRoleId - ==> Parameters: 1(Long)
2026-08-07 22:20:19.059 [http-nio-8080-exec-9] DEBUG c.p.m.S.selectMenuByRoleId - <==      Total: 22
2026-08-07 22:20:19.061 [http-nio-8080-exec-9] DEBUG o.s.security.web.FilterChainProxy - Secured GET /roles
2026-08-07 22:20:19.061 [http-nio-8080-exec-9] DEBUG c.p.mapper.SysRoleMapper.selectList - ==>  Preparing: SELECT id,name,code,description,status,create_time,update_time,version FROM sys_role ORDER BY id ASC
2026-08-07 22:20:19.061 [http-nio-8080-exec-9] DEBUG c.p.mapper.SysRoleMapper.selectList - ==> Parameters: 
2026-08-07 22:20:19.063 [http-nio-8080-exec-9] DEBUG c.p.mapper.SysRoleMapper.selectList - <==      Total: 5
2026-08-07 22:22:17.404 [http-nio-8080-exec-10] DEBUG o.s.security.web.FilterChainProxy - Securing GET /roles
2026-08-07 22:22:17.406 [http-nio-8080-exec-10] DEBUG c.p.mapper.SysUserMapper.selectList - ==>  Preparing: SELECT id,username,password,nickname,email,phone,status,create_time,update_time,version FROM sys_user WHERE (username = ?)
2026-08-07 22:22:17.406 [http-nio-8080-exec-10] DEBUG c.p.mapper.SysUserMapper.selectList - ==> Parameters: admin(String)
2026-08-07 22:22:17.407 [http-nio-8080-exec-10] DEBUG c.p.mapper.SysUserMapper.selectList - <==      Total: 1
2026-08-07 22:22:17.407 [http-nio-8080-exec-10] DEBUG c.p.m.SysUserRoleMapper.selectList - ==>  Preparing: SELECT id,user_id,role_id FROM sys_user_role WHERE (user_id = ?)
2026-08-07 22:22:17.408 [http-nio-8080-exec-10] DEBUG c.p.m.SysUserRoleMapper.selectList - ==> Parameters: 1(Long)
2026-08-07 22:22:17.409 [http-nio-8080-exec-10] DEBUG c.p.m.SysUserRoleMapper.selectList - <==      Total: 1
2026-08-07 22:22:17.409 [http-nio-8080-exec-10] DEBUG c.p.mapper.SysRoleMapper.selectById - ==>  Preparing: SELECT id,name,code,description,status,create_time,update_time,version FROM sys_role WHERE id=?
2026-08-07 22:22:17.409 [http-nio-8080-exec-10] DEBUG c.p.mapper.SysRoleMapper.selectById - ==> Parameters: 1(Long)
2026-08-07 22:22:17.410 [http-nio-8080-exec-10] DEBUG c.p.mapper.SysRoleMapper.selectById - <==      Total: 1
2026-08-07 22:22:17.410 [http-nio-8080-exec-10] DEBUG c.p.m.S.selectMenuByRoleId - ==>  Preparing: SELECT m.* FROM sys_menu m INNER JOIN sys_role_menu rm ON m.id = rm.menu_id WHERE rm.role_id = ?
2026-08-07 22:22:17.410 [http-nio-8080-exec-10] DEBUG c.p.m.S.selectMenuByRoleId - ==> Parameters: 1(Long)
2026-08-07 22:22:17.411 [http-nio-8080-exec-10] DEBUG c.p.m.S.selectMenuByRoleId - <==      Total: 22
2026-08-07 22:22:17.412 [http-nio-8080-exec-10] DEBUG o.s.security.web.FilterChainProxy - Secured GET /roles
2026-08-07 22:22:17.413 [http-nio-8080-exec-10] DEBUG c.p.mapper.SysRoleMapper.selectList - ==>  Preparing: SELECT id,name,code,description,status,create_time,update_time,version FROM sys_role ORDER BY id ASC
2026-08-07 22:22:17.413 [http-nio-8080-exec-10] DEBUG c.p.mapper.SysRoleMapper.selectList - ==> Parameters: 
2026-08-07 22:22:17.414 [http-nio-8080-exec-10] DEBUG c.p.mapper.SysRoleMapper.selectList - <==      Total: 5
2026-08-07 22:22:58.265 [http-nio-8080-exec-1] DEBUG o.s.security.web.FilterChainProxy - Securing GET /menus/tree
2026-08-07 22:22:58.265 [http-nio-8080-exec-1] DEBUG c.p.mapper.SysUserMapper.selectList - ==>  Preparing: SELECT id,username,password,nickname,email,phone,status,create_time,update_time,version FROM sys_user WHERE (username = ?)
2026-08-07 22:22:58.265 [http-nio-8080-exec-1] DEBUG c.p.mapper.SysUserMapper.selectList - ==> Parameters: admin(String)
2026-08-07 22:22:58.272 [http-nio-8080-exec-1] DEBUG c.p.mapper.SysUserMapper.selectList - <==      Total: 1
2026-08-07 22:22:58.272 [http-nio-8080-exec-1] DEBUG c.p.m.SysUserRoleMapper.selectList - ==>  Preparing: SELECT id,user_id,role_id FROM sys_user_role WHERE (user_id = ?)
2026-08-07 22:22:58.272 [http-nio-8080-exec-1] DEBUG c.p.m.SysUserRoleMapper.selectList - ==> Parameters: 1(Long)
2026-08-07 22:22:58.272 [http-nio-8080-exec-1] DEBUG c.p.m.SysUserRoleMapper.selectList - <==      Total: 1
2026-08-07 22:22:58.272 [http-nio-8080-exec-1] DEBUG c.p.mapper.SysRoleMapper.selectById - ==>  Preparing: SELECT id,name,code,description,status,create_time,update_time,version FROM sys_role WHERE id=?
2026-08-07 22:22:58.272 [http-nio-8080-exec-1] DEBUG c.p.mapper.SysRoleMapper.selectById - ==> Parameters: 1(Long)
2026-08-07 22:22:58.272 [http-nio-8080-exec-1] DEBUG c.p.mapper.SysRoleMapper.selectById - <==      Total: 1
2026-08-07 22:22:58.272 [http-nio-8080-exec-1] DEBUG c.p.m.S.selectMenuByRoleId - ==>  Preparing: SELECT m.* FROM sys_menu m INNER JOIN sys_role_menu rm ON m.id = rm.menu_id WHERE rm.role_id = ?
2026-08-07 22:22:58.272 [http-nio-8080-exec-1] DEBUG c.p.m.S.selectMenuByRoleId - ==> Parameters: 1(Long)
2026-08-07 22:22:58.275 [http-nio-8080-exec-1] DEBUG c.p.m.S.selectMenuByRoleId - <==      Total: 22
2026-08-07 22:22:58.275 [http-nio-8080-exec-1] DEBUG o.s.security.web.FilterChainProxy - Secured GET /menus/tree
2026-08-07 22:22:58.276 [http-nio-8080-exec-1] DEBUG c.p.mapper.SysMenuMapper.selectList - ==>  Preparing: SELECT id,parent_id,name,path,component,icon,permission,sort,type,status,create_time,update_time,version FROM sys_menu ORDER BY sort ASC
2026-08-07 22:22:58.277 [http-nio-8080-exec-1] DEBUG c.p.mapper.SysMenuMapper.selectList - ==> Parameters: 
2026-08-07 22:22:58.279 [http-nio-8080-exec-1] DEBUG c.p.mapper.SysMenuMapper.selectList - <==      Total: 22
2026-08-07 22:22:58.359 [http-nio-8080-exec-2] DEBUG o.s.security.web.FilterChainProxy - Securing GET /users
2026-08-07 22:22:58.362 [http-nio-8080-exec-2] DEBUG c.p.mapper.SysUserMapper.selectList - ==>  Preparing: SELECT id,username,password,nickname,email,phone,status,create_time,update_time,version FROM sys_user WHERE (username = ?)
2026-08-07 22:22:58.362 [http-nio-8080-exec-2] DEBUG c.p.mapper.SysUserMapper.selectList - ==> Parameters: admin(String)
2026-08-07 22:22:58.363 [http-nio-8080-exec-2] DEBUG c.p.mapper.SysUserMapper.selectList - <==      Total: 1
2026-08-07 22:22:58.364 [http-nio-8080-exec-2] DEBUG c.p.m.SysUserRoleMapper.selectList - ==>  Preparing: SELECT id,user_id,role_id FROM sys_user_role WHERE (user_id = ?)
2026-08-07 22:22:58.364 [http-nio-8080-exec-2] DEBUG c.p.m.SysUserRoleMapper.selectList - ==> Parameters: 1(Long)
2026-08-07 22:22:58.366 [http-nio-8080-exec-2] DEBUG c.p.m.SysUserRoleMapper.selectList - <==      Total: 1
2026-08-07 22:22:58.366 [http-nio-8080-exec-2] DEBUG c.p.mapper.SysRoleMapper.selectById - ==>  Preparing: SELECT id,name,code,description,status,create_time,update_time,version FROM sys_role WHERE id=?
2026-08-07 22:22:58.366 [http-nio-8080-exec-2] DEBUG c.p.mapper.SysRoleMapper.selectById - ==> Parameters: 1(Long)
2026-08-07 22:22:58.367 [http-nio-8080-exec-2] DEBUG c.p.mapper.SysRoleMapper.selectById - <==      Total: 1
2026-08-07 22:22:58.367 [http-nio-8080-exec-2] DEBUG c.p.m.S.selectMenuByRoleId - ==>  Preparing: SELECT m.* FROM sys_menu m INNER JOIN sys_role_menu rm ON m.id = rm.menu_id WHERE rm.role_id = ?
2026-08-07 22:22:58.367 [http-nio-8080-exec-2] DEBUG c.p.m.S.selectMenuByRoleId - ==> Parameters: 1(Long)
2026-08-07 22:22:58.368 [http-nio-8080-exec-2] DEBUG c.p.m.S.selectMenuByRoleId - <==      Total: 22
2026-08-07 22:22:58.369 [http-nio-8080-exec-2] DEBUG o.s.security.web.FilterChainProxy - Secured GET /users
2026-08-07 22:22:58.370 [http-nio-8080-exec-2] DEBUG c.p.mapper.SysUserMapper.selectList - ==>  Preparing: SELECT id,username,password,nickname,email,phone,status,create_time,update_time,version FROM sys_user ORDER BY id ASC
2026-08-07 22:22:58.370 [http-nio-8080-exec-2] DEBUG c.p.mapper.SysUserMapper.selectList - ==> Parameters: 
2026-08-07 22:22:58.372 [http-nio-8080-exec-2] DEBUG c.p.mapper.SysUserMapper.selectList - <==      Total: 8
2026-08-07 22:22:58.372 [http-nio-8080-exec-2] DEBUG c.p.m.SysUserRoleMapper.selectList - ==>  Preparing: SELECT id,user_id,role_id FROM sys_user_role WHERE (user_id = ?) LIMIT 1
2026-08-07 22:22:58.372 [http-nio-8080-exec-2] DEBUG c.p.m.SysUserRoleMapper.selectList - ==> Parameters: 1(Long)
2026-08-07 22:22:58.375 [http-nio-8080-exec-2] DEBUG c.p.m.SysUserRoleMapper.selectList - <==      Total: 1
2026-08-07 22:22:58.376 [http-nio-8080-exec-2] DEBUG c.p.mapper.SysRoleMapper.selectById - ==>  Preparing: SELECT id,name,code,description,status,create_time,update_time,version FROM sys_role WHERE id=?
2026-08-07 22:22:58.376 [http-nio-8080-exec-2] DEBUG c.p.mapper.SysRoleMapper.selectById - ==> Parameters: 1(Long)
2026-08-07 22:22:58.377 [http-nio-8080-exec-2] DEBUG c.p.mapper.SysRoleMapper.selectById - <==      Total: 1
2026-08-07 22:22:58.377 [http-nio-8080-exec-2] DEBUG c.p.m.SysUserRoleMapper.selectList - ==>  Preparing: SELECT id,user_id,role_id FROM sys_user_role WHERE (user_id = ?) LIMIT 1
2026-08-07 22:22:58.377 [http-nio-8080-exec-2] DEBUG c.p.m.SysUserRoleMapper.selectList - ==> Parameters: 2(Long)
2026-08-07 22:22:58.377 [http-nio-8080-exec-2] DEBUG c.p.m.SysUserRoleMapper.selectList - <==      Total: 1
2026-08-07 22:22:58.377 [http-nio-8080-exec-2] DEBUG c.p.mapper.SysRoleMapper.selectById - ==>  Preparing: SELECT id,name,code,description,status,create_time,update_time,version FROM sys_role WHERE id=?
2026-08-07 22:22:58.377 [http-nio-8080-exec-2] DEBUG c.p.mapper.SysRoleMapper.selectById - ==> Parameters: 2(Long)
2026-08-07 22:22:58.377 [http-nio-8080-exec-2] DEBUG c.p.mapper.SysRoleMapper.selectById - <==      Total: 1
2026-08-07 22:22:58.377 [http-nio-8080-exec-2] DEBUG c.p.m.SysUserRoleMapper.selectList - ==>  Preparing: SELECT id,user_id,role_id FROM sys_user_role WHERE (user_id = ?) LIMIT 1
2026-08-07 22:22:58.377 [http-nio-8080-exec-2] DEBUG c.p.m.SysUserRoleMapper.selectList - ==> Parameters: 3(Long)
2026-08-07 22:22:58.377 [http-nio-8080-exec-2] DEBUG c.p.m.SysUserRoleMapper.selectList - <==      Total: 1
2026-08-07 22:22:58.377 [http-nio-8080-exec-2] DEBUG c.p.mapper.SysRoleMapper.selectById - ==>  Preparing: SELECT id,name,code,description,status,create_time,update_time,version FROM sys_role WHERE id=?
2026-08-07 22:22:58.377 [http-nio-8080-exec-2] DEBUG c.p.mapper.SysRoleMapper.selectById - ==> Parameters: 3(Long)
2026-08-07 22:22:58.377 [http-nio-8080-exec-2] DEBUG c.p.mapper.SysRoleMapper.selectById - <==      Total: 1
2026-08-07 22:22:58.377 [http-nio-8080-exec-2] DEBUG c.p.m.SysUserRoleMapper.selectList - ==>  Preparing: SELECT id,user_id,role_id FROM sys_user_role WHERE (user_id = ?) LIMIT 1
2026-08-07 22:22:58.377 [http-nio-8080-exec-2] DEBUG c.p.m.SysUserRoleMapper.selectList - ==> Parameters: 4(Long)
2026-08-07 22:22:58.377 [http-nio-8080-exec-2] DEBUG c.p.m.SysUserRoleMapper.selectList - <==      Total: 1
2026-08-07 22:22:58.377 [http-nio-8080-exec-2] DEBUG c.p.mapper.SysRoleMapper.selectById - ==>  Preparing: SELECT id,name,code,description,status,create_time,update_time,version FROM sys_role WHERE id=?
2026-08-07 22:22:58.377 [http-nio-8080-exec-2] DEBUG c.p.mapper.SysRoleMapper.selectById - ==> Parameters: 2(Long)
2026-08-07 22:22:58.377 [http-nio-8080-exec-2] DEBUG c.p.mapper.SysRoleMapper.selectById - <==      Total: 1
2026-08-07 22:22:58.377 [http-nio-8080-exec-2] DEBUG c.p.m.SysUserRoleMapper.selectList - ==>  Preparing: SELECT id,user_id,role_id FROM sys_user_role WHERE (user_id = ?) LIMIT 1
2026-08-07 22:22:58.377 [http-nio-8080-exec-2] DEBUG c.p.m.SysUserRoleMapper.selectList - ==> Parameters: 5(Long)
2026-08-07 22:22:58.377 [http-nio-8080-exec-2] DEBUG c.p.m.SysUserRoleMapper.selectList - <==      Total: 1
2026-08-07 22:22:58.377 [http-nio-8080-exec-2] DEBUG c.p.mapper.SysRoleMapper.selectById - ==>  Preparing: SELECT id,name,code,description,status,create_time,update_time,version FROM sys_role WHERE id=?
2026-08-07 22:22:58.377 [http-nio-8080-exec-2] DEBUG c.p.mapper.SysRoleMapper.selectById - ==> Parameters: 3(Long)
2026-08-07 22:22:58.377 [http-nio-8080-exec-2] DEBUG c.p.mapper.SysRoleMapper.selectById - <==      Total: 1
2026-08-07 22:22:58.377 [http-nio-8080-exec-2] DEBUG c.p.m.SysUserRoleMapper.selectList - ==>  Preparing: SELECT id,user_id,role_id FROM sys_user_role WHERE (user_id = ?) LIMIT 1
2026-08-07 22:22:58.377 [http-nio-8080-exec-2] DEBUG c.p.m.SysUserRoleMapper.selectList - ==> Parameters: 6(Long)
2026-08-07 22:22:58.386 [http-nio-8080-exec-2] DEBUG c.p.m.SysUserRoleMapper.selectList - <==      Total: 1
2026-08-07 22:22:58.386 [http-nio-8080-exec-2] DEBUG c.p.mapper.SysRoleMapper.selectById - ==>  Preparing: SELECT id,name,code,description,status,create_time,update_time,version FROM sys_role WHERE id=?
2026-08-07 22:22:58.386 [http-nio-8080-exec-2] DEBUG c.p.mapper.SysRoleMapper.selectById - ==> Parameters: 2(Long)
2026-08-07 22:22:58.386 [http-nio-8080-exec-2] DEBUG c.p.mapper.SysRoleMapper.selectById - <==      Total: 1
2026-08-07 22:22:58.388 [http-nio-8080-exec-2] DEBUG c.p.m.SysUserRoleMapper.selectList - ==>  Preparing: SELECT id,user_id,role_id FROM sys_user_role WHERE (user_id = ?) LIMIT 1
2026-08-07 22:22:58.388 [http-nio-8080-exec-2] DEBUG c.p.m.SysUserRoleMapper.selectList - ==> Parameters: 7(Long)
2026-08-07 22:22:58.388 [http-nio-8080-exec-2] DEBUG c.p.m.SysUserRoleMapper.selectList - <==      Total: 1
2026-08-07 22:22:58.388 [http-nio-8080-exec-2] DEBUG c.p.mapper.SysRoleMapper.selectById - ==>  Preparing: SELECT id,name,code,description,status,create_time,update_time,version FROM sys_role WHERE id=?
2026-08-07 22:22:58.388 [http-nio-8080-exec-2] DEBUG c.p.mapper.SysRoleMapper.selectById - ==> Parameters: 4(Long)
2026-08-07 22:22:58.388 [http-nio-8080-exec-2] DEBUG c.p.mapper.SysRoleMapper.selectById - <==      Total: 1
2026-08-07 22:22:58.388 [http-nio-8080-exec-2] DEBUG c.p.m.SysUserRoleMapper.selectList - ==>  Preparing: SELECT id,user_id,role_id FROM sys_user_role WHERE (user_id = ?) LIMIT 1
2026-08-07 22:22:58.388 [http-nio-8080-exec-2] DEBUG c.p.m.SysUserRoleMapper.selectList - ==> Parameters: 8(Long)
2026-08-07 22:22:58.388 [http-nio-8080-exec-2] DEBUG c.p.m.SysUserRoleMapper.selectList - <==      Total: 1
2026-08-07 22:22:58.388 [http-nio-8080-exec-2] DEBUG c.p.mapper.SysRoleMapper.selectById - ==>  Preparing: SELECT id,name,code,description,status,create_time,update_time,version FROM sys_role WHERE id=?
2026-08-07 22:22:58.388 [http-nio-8080-exec-2] DEBUG c.p.mapper.SysRoleMapper.selectById - ==> Parameters: 5(Long)
2026-08-07 22:22:58.388 [http-nio-8080-exec-2] DEBUG c.p.mapper.SysRoleMapper.selectById - <==      Total: 1
2026-08-07 22:22:59.989 [http-nio-8080-exec-3] DEBUG o.s.security.web.FilterChainProxy - Securing GET /roles
2026-08-07 22:22:59.990 [http-nio-8080-exec-3] DEBUG c.p.mapper.SysUserMapper.selectList - ==>  Preparing: SELECT id,username,password,nickname,email,phone,status,create_time,update_time,version FROM sys_user WHERE (username = ?)
2026-08-07 22:22:59.990 [http-nio-8080-exec-3] DEBUG c.p.mapper.SysUserMapper.selectList - ==> Parameters: admin(String)
2026-08-07 22:22:59.992 [http-nio-8080-exec-3] DEBUG c.p.mapper.SysUserMapper.selectList - <==      Total: 1
2026-08-07 22:22:59.992 [http-nio-8080-exec-3] DEBUG c.p.m.SysUserRoleMapper.selectList - ==>  Preparing: SELECT id,user_id,role_id FROM sys_user_role WHERE (user_id = ?)
2026-08-07 22:22:59.992 [http-nio-8080-exec-3] DEBUG c.p.m.SysUserRoleMapper.selectList - ==> Parameters: 1(Long)
2026-08-07 22:22:59.992 [http-nio-8080-exec-3] DEBUG c.p.m.SysUserRoleMapper.selectList - <==      Total: 1
2026-08-07 22:22:59.992 [http-nio-8080-exec-3] DEBUG c.p.mapper.SysRoleMapper.selectById - ==>  Preparing: SELECT id,name,code,description,status,create_time,update_time,version FROM sys_role WHERE id=?
2026-08-07 22:22:59.992 [http-nio-8080-exec-3] DEBUG c.p.mapper.SysRoleMapper.selectById - ==> Parameters: 1(Long)
2026-08-07 22:22:59.992 [http-nio-8080-exec-3] DEBUG c.p.mapper.SysRoleMapper.selectById - <==      Total: 1
2026-08-07 22:22:59.992 [http-nio-8080-exec-3] DEBUG c.p.m.S.selectMenuByRoleId - ==>  Preparing: SELECT m.* FROM sys_menu m INNER JOIN sys_role_menu rm ON m.id = rm.menu_id WHERE rm.role_id = ?
2026-08-07 22:22:59.992 [http-nio-8080-exec-3] DEBUG c.p.m.S.selectMenuByRoleId - ==> Parameters: 1(Long)
2026-08-07 22:22:59.997 [http-nio-8080-exec-3] DEBUG c.p.m.S.selectMenuByRoleId - <==      Total: 22
2026-08-07 22:22:59.998 [http-nio-8080-exec-3] DEBUG o.s.security.web.FilterChainProxy - Secured GET /roles
2026-08-07 22:22:59.999 [http-nio-8080-exec-3] DEBUG c.p.mapper.SysRoleMapper.selectList - ==>  Preparing: SELECT id,name,code,description,status,create_time,update_time,version FROM sys_role ORDER BY id ASC
2026-08-07 22:22:59.999 [http-nio-8080-exec-3] DEBUG c.p.mapper.SysRoleMapper.selectList - ==> Parameters: 
2026-08-07 22:23:00.000 [http-nio-8080-exec-3] DEBUG c.p.mapper.SysRoleMapper.selectList - <==      Total: 5
2026-08-07 22:23:01.372 [http-nio-8080-exec-4] DEBUG o.s.security.web.FilterChainProxy - Securing GET /roles
2026-08-07 22:23:01.375 [http-nio-8080-exec-4] DEBUG c.p.mapper.SysUserMapper.selectList - ==>  Preparing: SELECT id,username,password,nickname,email,phone,status,create_time,update_time,version FROM sys_user WHERE (username = ?)
2026-08-07 22:23:01.375 [http-nio-8080-exec-4] DEBUG c.p.mapper.SysUserMapper.selectList - ==> Parameters: admin(String)
2026-08-07 22:23:01.376 [http-nio-8080-exec-4] DEBUG c.p.mapper.SysUserMapper.selectList - <==      Total: 1
2026-08-07 22:23:01.377 [http-nio-8080-exec-4] DEBUG c.p.m.SysUserRoleMapper.selectList - ==>  Preparing: SELECT id,user_id,role_id FROM sys_user_role WHERE (user_id = ?)
2026-08-07 22:23:01.377 [http-nio-8080-exec-4] DEBUG c.p.m.SysUserRoleMapper.selectList - ==> Parameters: 1(Long)
2026-08-07 22:23:01.378 [http-nio-8080-exec-4] DEBUG c.p.m.SysUserRoleMapper.selectList - <==      Total: 1
2026-08-07 22:23:01.378 [http-nio-8080-exec-4] DEBUG c.p.mapper.SysRoleMapper.selectById - ==>  Preparing: SELECT id,name,code,description,status,create_time,update_time,version FROM sys_role WHERE id=?
2026-08-07 22:23:01.378 [http-nio-8080-exec-4] DEBUG c.p.mapper.SysRoleMapper.selectById - ==> Parameters: 1(Long)
2026-08-07 22:23:01.378 [http-nio-8080-exec-4] DEBUG c.p.mapper.SysRoleMapper.selectById - <==      Total: 1
2026-08-07 22:23:01.378 [http-nio-8080-exec-4] DEBUG c.p.m.S.selectMenuByRoleId - ==>  Preparing: SELECT m.* FROM sys_menu m INNER JOIN sys_role_menu rm ON m.id = rm.menu_id WHERE rm.role_id = ?
2026-08-07 22:23:01.379 [http-nio-8080-exec-4] DEBUG c.p.m.S.selectMenuByRoleId - ==> Parameters: 1(Long)
2026-08-07 22:23:01.379 [http-nio-8080-exec-4] DEBUG c.p.m.S.selectMenuByRoleId - <==      Total: 22
2026-08-07 22:23:01.381 [http-nio-8080-exec-4] DEBUG o.s.security.web.FilterChainProxy - Secured GET /roles
2026-08-07 22:23:01.381 [http-nio-8080-exec-4] DEBUG c.p.mapper.SysRoleMapper.selectList - ==>  Preparing: SELECT id,name,code,description,status,create_time,update_time,version FROM sys_role ORDER BY id ASC
2026-08-07 22:23:01.381 [http-nio-8080-exec-4] DEBUG c.p.mapper.SysRoleMapper.selectList - ==> Parameters: 
2026-08-07 22:23:01.383 [http-nio-8080-exec-4] DEBUG c.p.mapper.SysRoleMapper.selectList - <==      Total: 5
2026-08-07 22:23:02.220 [http-nio-8080-exec-5] DEBUG o.s.security.web.FilterChainProxy - Securing GET /roles
2026-08-07 22:23:02.222 [http-nio-8080-exec-5] DEBUG c.p.mapper.SysUserMapper.selectList - ==>  Preparing: SELECT id,username,password,nickname,email,phone,status,create_time,update_time,version FROM sys_user WHERE (username = ?)
2026-08-07 22:23:02.222 [http-nio-8080-exec-5] DEBUG c.p.mapper.SysUserMapper.selectList - ==> Parameters: admin(String)
2026-08-07 22:23:02.224 [http-nio-8080-exec-5] DEBUG c.p.mapper.SysUserMapper.selectList - <==      Total: 1
2026-08-07 22:23:02.224 [http-nio-8080-exec-5] DEBUG c.p.m.SysUserRoleMapper.selectList - ==>  Preparing: SELECT id,user_id,role_id FROM sys_user_role WHERE (user_id = ?)
2026-08-07 22:23:02.225 [http-nio-8080-exec-5] DEBUG c.p.m.SysUserRoleMapper.selectList - ==> Parameters: 1(Long)
2026-08-07 22:23:02.225 [http-nio-8080-exec-5] DEBUG c.p.m.SysUserRoleMapper.selectList - <==      Total: 1
2026-08-07 22:23:02.225 [http-nio-8080-exec-5] DEBUG c.p.mapper.SysRoleMapper.selectById - ==>  Preparing: SELECT id,name,code,description,status,create_time,update_time,version FROM sys_role WHERE id=?
2026-08-07 22:23:02.225 [http-nio-8080-exec-5] DEBUG c.p.mapper.SysRoleMapper.selectById - ==> Parameters: 1(Long)
2026-08-07 22:23:02.225 [http-nio-8080-exec-5] DEBUG c.p.mapper.SysRoleMapper.selectById - <==      Total: 1
2026-08-07 22:23:02.225 [http-nio-8080-exec-5] DEBUG c.p.m.S.selectMenuByRoleId - ==>  Preparing: SELECT m.* FROM sys_menu m INNER JOIN sys_role_menu rm ON m.id = rm.menu_id WHERE rm.role_id = ?
2026-08-07 22:23:02.225 [http-nio-8080-exec-5] DEBUG c.p.m.S.selectMenuByRoleId - ==> Parameters: 1(Long)
2026-08-07 22:23:02.225 [http-nio-8080-exec-5] DEBUG c.p.m.S.selectMenuByRoleId - <==      Total: 22
2026-08-07 22:23:02.225 [http-nio-8080-exec-5] DEBUG o.s.security.web.FilterChainProxy - Secured GET /roles
2026-08-07 22:23:02.225 [http-nio-8080-exec-5] DEBUG c.p.mapper.SysRoleMapper.selectList - ==>  Preparing: SELECT id,name,code,description,status,create_time,update_time,version FROM sys_role ORDER BY id ASC
2026-08-07 22:23:02.225 [http-nio-8080-exec-5] DEBUG c.p.mapper.SysRoleMapper.selectList - ==> Parameters: 
2026-08-07 22:23:02.231 [http-nio-8080-exec-5] DEBUG c.p.mapper.SysRoleMapper.selectList - <==      Total: 5
2026-08-07 22:23:04.292 [http-nio-8080-exec-6] DEBUG o.s.security.web.FilterChainProxy - Securing GET /roles
2026-08-07 22:23:04.295 [http-nio-8080-exec-6] DEBUG c.p.mapper.SysUserMapper.selectList - ==>  Preparing: SELECT id,username,password,nickname,email,phone,status,create_time,update_time,version FROM sys_user WHERE (username = ?)
2026-08-07 22:23:04.295 [http-nio-8080-exec-6] DEBUG c.p.mapper.SysUserMapper.selectList - ==> Parameters: admin(String)
2026-08-07 22:23:04.296 [http-nio-8080-exec-6] DEBUG c.p.mapper.SysUserMapper.selectList - <==      Total: 1
2026-08-07 22:23:04.296 [http-nio-8080-exec-6] DEBUG c.p.m.SysUserRoleMapper.selectList - ==>  Preparing: SELECT id,user_id,role_id FROM sys_user_role WHERE (user_id = ?)
2026-08-07 22:23:04.296 [http-nio-8080-exec-6] DEBUG c.p.m.SysUserRoleMapper.selectList - ==> Parameters: 1(Long)
2026-08-07 22:23:04.297 [http-nio-8080-exec-6] DEBUG c.p.m.SysUserRoleMapper.selectList - <==      Total: 1
2026-08-07 22:23:04.297 [http-nio-8080-exec-6] DEBUG c.p.mapper.SysRoleMapper.selectById - ==>  Preparing: SELECT id,name,code,description,status,create_time,update_time,version FROM sys_role WHERE id=?
2026-08-07 22:23:04.297 [http-nio-8080-exec-6] DEBUG c.p.mapper.SysRoleMapper.selectById - ==> Parameters: 1(Long)
2026-08-07 22:23:04.298 [http-nio-8080-exec-6] DEBUG c.p.mapper.SysRoleMapper.selectById - <==      Total: 1
2026-08-07 22:23:04.298 [http-nio-8080-exec-6] DEBUG c.p.m.S.selectMenuByRoleId - ==>  Preparing: SELECT m.* FROM sys_menu m INNER JOIN sys_role_menu rm ON m.id = rm.menu_id WHERE rm.role_id = ?
2026-08-07 22:23:04.298 [http-nio-8080-exec-6] DEBUG c.p.m.S.selectMenuByRoleId - ==> Parameters: 1(Long)
2026-08-07 22:23:04.299 [http-nio-8080-exec-6] DEBUG c.p.m.S.selectMenuByRoleId - <==      Total: 22
2026-08-07 22:23:04.299 [http-nio-8080-exec-6] DEBUG o.s.security.web.FilterChainProxy - Secured GET /roles
2026-08-07 22:23:04.300 [http-nio-8080-exec-6] DEBUG c.p.mapper.SysRoleMapper.selectList - ==>  Preparing: SELECT id,name,code,description,status,create_time,update_time,version FROM sys_role ORDER BY id ASC
2026-08-07 22:23:04.301 [http-nio-8080-exec-6] DEBUG c.p.mapper.SysRoleMapper.selectList - ==> Parameters: 
2026-08-07 22:23:04.301 [http-nio-8080-exec-6] DEBUG c.p.mapper.SysRoleMapper.selectList - <==      Total: 5
2026-08-07 22:23:05.695 [http-nio-8080-exec-7] DEBUG o.s.security.web.FilterChainProxy - Securing GET /roles
2026-08-07 22:23:05.697 [http-nio-8080-exec-7] DEBUG c.p.mapper.SysUserMapper.selectList - ==>  Preparing: SELECT id,username,password,nickname,email,phone,status,create_time,update_time,version FROM sys_user WHERE (username = ?)
2026-08-07 22:23:05.697 [http-nio-8080-exec-7] DEBUG c.p.mapper.SysUserMapper.selectList - ==> Parameters: admin(String)
2026-08-07 22:23:05.697 [http-nio-8080-exec-7] DEBUG c.p.mapper.SysUserMapper.selectList - <==      Total: 1
2026-08-07 22:23:05.697 [http-nio-8080-exec-7] DEBUG c.p.m.SysUserRoleMapper.selectList - ==>  Preparing: SELECT id,user_id,role_id FROM sys_user_role WHERE (user_id = ?)
2026-08-07 22:23:05.697 [http-nio-8080-exec-7] DEBUG c.p.m.SysUserRoleMapper.selectList - ==> Parameters: 1(Long)
2026-08-07 22:23:05.697 [http-nio-8080-exec-7] DEBUG c.p.m.SysUserRoleMapper.selectList - <==      Total: 1
2026-08-07 22:23:05.697 [http-nio-8080-exec-7] DEBUG c.p.mapper.SysRoleMapper.selectById - ==>  Preparing: SELECT id,name,code,description,status,create_time,update_time,version FROM sys_role WHERE id=?
2026-08-07 22:23:05.697 [http-nio-8080-exec-7] DEBUG c.p.mapper.SysRoleMapper.selectById - ==> Parameters: 1(Long)
2026-08-07 22:23:05.697 [http-nio-8080-exec-7] DEBUG c.p.mapper.SysRoleMapper.selectById - <==      Total: 1
2026-08-07 22:23:05.697 [http-nio-8080-exec-7] DEBUG c.p.m.S.selectMenuByRoleId - ==>  Preparing: SELECT m.* FROM sys_menu m INNER JOIN sys_role_menu rm ON m.id = rm.menu_id WHERE rm.role_id = ?
2026-08-07 22:23:05.697 [http-nio-8080-exec-7] DEBUG c.p.m.S.selectMenuByRoleId - ==> Parameters: 1(Long)
2026-08-07 22:23:05.697 [http-nio-8080-exec-7] DEBUG c.p.m.S.selectMenuByRoleId - <==      Total: 22
2026-08-07 22:23:05.697 [http-nio-8080-exec-7] DEBUG o.s.security.web.FilterChainProxy - Secured GET /roles
2026-08-07 22:23:05.697 [http-nio-8080-exec-7] DEBUG c.p.mapper.SysRoleMapper.selectList - ==>  Preparing: SELECT id,name,code,description,status,create_time,update_time,version FROM sys_role ORDER BY id ASC
2026-08-07 22:23:05.697 [http-nio-8080-exec-7] DEBUG c.p.mapper.SysRoleMapper.selectList - ==> Parameters: 
2026-08-07 22:23:05.702 [http-nio-8080-exec-7] DEBUG c.p.mapper.SysRoleMapper.selectList - <==      Total: 5
2026-08-07 22:23:07.284 [http-nio-8080-exec-8] DEBUG o.s.security.web.FilterChainProxy - Securing GET /roles
2026-08-07 22:23:07.286 [http-nio-8080-exec-8] DEBUG c.p.mapper.SysUserMapper.selectList - ==>  Preparing: SELECT id,username,password,nickname,email,phone,status,create_time,update_time,version FROM sys_user WHERE (username = ?)
2026-08-07 22:23:07.286 [http-nio-8080-exec-8] DEBUG c.p.mapper.SysUserMapper.selectList - ==> Parameters: admin(String)
2026-08-07 22:23:07.287 [http-nio-8080-exec-8] DEBUG c.p.mapper.SysUserMapper.selectList - <==      Total: 1
2026-08-07 22:23:07.287 [http-nio-8080-exec-8] DEBUG c.p.m.SysUserRoleMapper.selectList - ==>  Preparing: SELECT id,user_id,role_id FROM sys_user_role WHERE (user_id = ?)
2026-08-07 22:23:07.287 [http-nio-8080-exec-8] DEBUG c.p.m.SysUserRoleMapper.selectList - ==> Parameters: 1(Long)
2026-08-07 22:23:07.289 [http-nio-8080-exec-8] DEBUG c.p.m.SysUserRoleMapper.selectList - <==      Total: 1
2026-08-07 22:23:07.289 [http-nio-8080-exec-8] DEBUG c.p.mapper.SysRoleMapper.selectById - ==>  Preparing: SELECT id,name,code,description,status,create_time,update_time,version FROM sys_role WHERE id=?
2026-08-07 22:23:07.289 [http-nio-8080-exec-8] DEBUG c.p.mapper.SysRoleMapper.selectById - ==> Parameters: 1(Long)
2026-08-07 22:23:07.289 [http-nio-8080-exec-8] DEBUG c.p.mapper.SysRoleMapper.selectById - <==      Total: 1
2026-08-07 22:23:07.290 [http-nio-8080-exec-8] DEBUG c.p.m.S.selectMenuByRoleId - ==>  Preparing: SELECT m.* FROM sys_menu m INNER JOIN sys_role_menu rm ON m.id = rm.menu_id WHERE rm.role_id = ?
2026-08-07 22:23:07.290 [http-nio-8080-exec-8] DEBUG c.p.m.S.selectMenuByRoleId - ==> Parameters: 1(Long)
2026-08-07 22:23:07.290 [http-nio-8080-exec-8] DEBUG c.p.m.S.selectMenuByRoleId - <==      Total: 22
2026-08-07 22:23:07.290 [http-nio-8080-exec-8] DEBUG o.s.security.web.FilterChainProxy - Secured GET /roles
2026-08-07 22:23:07.290 [http-nio-8080-exec-8] DEBUG c.p.mapper.SysRoleMapper.selectList - ==>  Preparing: SELECT id,name,code,description,status,create_time,update_time,version FROM sys_role ORDER BY id ASC
2026-08-07 22:23:07.290 [http-nio-8080-exec-8] DEBUG c.p.mapper.SysRoleMapper.selectList - ==> Parameters: 
2026-08-07 22:23:07.290 [http-nio-8080-exec-8] DEBUG c.p.mapper.SysRoleMapper.selectList - <==      Total: 5
2026-08-07 22:23:08.616 [http-nio-8080-exec-9] DEBUG o.s.security.web.FilterChainProxy - Securing GET /roles
2026-08-07 22:23:08.618 [http-nio-8080-exec-9] DEBUG c.p.mapper.SysUserMapper.selectList - ==>  Preparing: SELECT id,username,password,nickname,email,phone,status,create_time,update_time,version FROM sys_user WHERE (username = ?)
2026-08-07 22:23:08.619 [http-nio-8080-exec-9] DEBUG c.p.mapper.SysUserMapper.selectList - ==> Parameters: admin(String)
2026-08-07 22:23:08.619 [http-nio-8080-exec-9] DEBUG c.p.mapper.SysUserMapper.selectList - <==      Total: 1
2026-08-07 22:23:08.620 [http-nio-8080-exec-9] DEBUG c.p.m.SysUserRoleMapper.selectList - ==>  Preparing: SELECT id,user_id,role_id FROM sys_user_role WHERE (user_id = ?)
2026-08-07 22:23:08.620 [http-nio-8080-exec-9] DEBUG c.p.m.SysUserRoleMapper.selectList - ==> Parameters: 1(Long)
2026-08-07 22:23:08.620 [http-nio-8080-exec-9] DEBUG c.p.m.SysUserRoleMapper.selectList - <==      Total: 1
2026-08-07 22:23:08.622 [http-nio-8080-exec-9] DEBUG c.p.mapper.SysRoleMapper.selectById - ==>  Preparing: SELECT id,name,code,description,status,create_time,update_time,version FROM sys_role WHERE id=?
2026-08-07 22:23:08.622 [http-nio-8080-exec-9] DEBUG c.p.mapper.SysRoleMapper.selectById - ==> Parameters: 1(Long)
2026-08-07 22:23:08.622 [http-nio-8080-exec-9] DEBUG c.p.mapper.SysRoleMapper.selectById - <==      Total: 1
2026-08-07 22:23:08.622 [http-nio-8080-exec-9] DEBUG c.p.m.S.selectMenuByRoleId - ==>  Preparing: SELECT m.* FROM sys_menu m INNER JOIN sys_role_menu rm ON m.id = rm.menu_id WHERE rm.role_id = ?
2026-08-07 22:23:08.623 [http-nio-8080-exec-9] DEBUG c.p.m.S.selectMenuByRoleId - ==> Parameters: 1(Long)
2026-08-07 22:23:08.624 [http-nio-8080-exec-9] DEBUG c.p.m.S.selectMenuByRoleId - <==      Total: 22
2026-08-07 22:23:08.625 [http-nio-8080-exec-9] DEBUG o.s.security.web.FilterChainProxy - Secured GET /roles
2026-08-07 22:23:08.625 [http-nio-8080-exec-9] DEBUG c.p.mapper.SysRoleMapper.selectList - ==>  Preparing: SELECT id,name,code,description,status,create_time,update_time,version FROM sys_role ORDER BY id ASC
2026-08-07 22:23:08.625 [http-nio-8080-exec-9] DEBUG c.p.mapper.SysRoleMapper.selectList - ==> Parameters: 
2026-08-07 22:23:08.627 [http-nio-8080-exec-9] DEBUG c.p.mapper.SysRoleMapper.selectList - <==      Total: 5
2026-08-07 22:24:02.255 [http-nio-8080-exec-10] DEBUG o.s.security.web.FilterChainProxy - Securing GET /menus/tree
2026-08-07 22:24:02.257 [http-nio-8080-exec-10] DEBUG c.p.mapper.SysUserMapper.selectList - ==>  Preparing: SELECT id,username,password,nickname,email,phone,status,create_time,update_time,version FROM sys_user WHERE (username = ?)
2026-08-07 22:24:02.258 [http-nio-8080-exec-10] DEBUG c.p.mapper.SysUserMapper.selectList - ==> Parameters: admin(String)
2026-08-07 22:24:02.258 [http-nio-8080-exec-10] DEBUG c.p.mapper.SysUserMapper.selectList - <==      Total: 1
2026-08-07 22:24:02.259 [http-nio-8080-exec-10] DEBUG c.p.m.SysUserRoleMapper.selectList - ==>  Preparing: SELECT id,user_id,role_id FROM sys_user_role WHERE (user_id = ?)
2026-08-07 22:24:02.259 [http-nio-8080-exec-10] DEBUG c.p.m.SysUserRoleMapper.selectList - ==> Parameters: 1(Long)
2026-08-07 22:24:02.259 [http-nio-8080-exec-10] DEBUG c.p.m.SysUserRoleMapper.selectList - <==      Total: 1
2026-08-07 22:24:02.259 [http-nio-8080-exec-10] DEBUG c.p.mapper.SysRoleMapper.selectById - ==>  Preparing: SELECT id,name,code,description,status,create_time,update_time,version FROM sys_role WHERE id=?
2026-08-07 22:24:02.259 [http-nio-8080-exec-10] DEBUG c.p.mapper.SysRoleMapper.selectById - ==> Parameters: 1(Long)
2026-08-07 22:24:02.259 [http-nio-8080-exec-10] DEBUG c.p.mapper.SysRoleMapper.selectById - <==      Total: 1
2026-08-07 22:24:02.259 [http-nio-8080-exec-10] DEBUG c.p.m.S.selectMenuByRoleId - ==>  Preparing: SELECT m.* FROM sys_menu m INNER JOIN sys_role_menu rm ON m.id = rm.menu_id WHERE rm.role_id = ?
2026-08-07 22:24:02.259 [http-nio-8080-exec-10] DEBUG c.p.m.S.selectMenuByRoleId - ==> Parameters: 1(Long)
2026-08-07 22:24:02.263 [http-nio-8080-exec-10] DEBUG c.p.m.S.selectMenuByRoleId - <==      Total: 22
2026-08-07 22:24:02.264 [http-nio-8080-exec-10] DEBUG o.s.security.web.FilterChainProxy - Secured GET /menus/tree
2026-08-07 22:24:02.265 [http-nio-8080-exec-10] DEBUG c.p.mapper.SysMenuMapper.selectList - ==>  Preparing: SELECT id,parent_id,name,path,component,icon,permission,sort,type,status,create_time,update_time,version FROM sys_menu ORDER BY sort ASC
2026-08-07 22:24:02.265 [http-nio-8080-exec-10] DEBUG c.p.mapper.SysMenuMapper.selectList - ==> Parameters: 
2026-08-07 22:24:02.267 [http-nio-8080-exec-10] DEBUG c.p.mapper.SysMenuMapper.selectList - <==      Total: 22
2026-08-07 22:24:02.358 [http-nio-8080-exec-1] DEBUG o.s.security.web.FilterChainProxy - Securing GET /users
2026-08-07 22:24:02.360 [http-nio-8080-exec-1] DEBUG c.p.mapper.SysUserMapper.selectList - ==>  Preparing: SELECT id,username,password,nickname,email,phone,status,create_time,update_time,version FROM sys_user WHERE (username = ?)
2026-08-07 22:24:02.360 [http-nio-8080-exec-1] DEBUG c.p.mapper.SysUserMapper.selectList - ==> Parameters: admin(String)
2026-08-07 22:24:02.361 [http-nio-8080-exec-1] DEBUG c.p.mapper.SysUserMapper.selectList - <==      Total: 1
2026-08-07 22:24:02.362 [http-nio-8080-exec-1] DEBUG c.p.m.SysUserRoleMapper.selectList - ==>  Preparing: SELECT id,user_id,role_id FROM sys_user_role WHERE (user_id = ?)
2026-08-07 22:24:02.362 [http-nio-8080-exec-1] DEBUG c.p.m.SysUserRoleMapper.selectList - ==> Parameters: 1(Long)
2026-08-07 22:24:02.362 [http-nio-8080-exec-1] DEBUG c.p.m.SysUserRoleMapper.selectList - <==      Total: 1
2026-08-07 22:24:02.363 [http-nio-8080-exec-1] DEBUG c.p.mapper.SysRoleMapper.selectById - ==>  Preparing: SELECT id,name,code,description,status,create_time,update_time,version FROM sys_role WHERE id=?
2026-08-07 22:24:02.363 [http-nio-8080-exec-1] DEBUG c.p.mapper.SysRoleMapper.selectById - ==> Parameters: 1(Long)
2026-08-07 22:24:02.364 [http-nio-8080-exec-1] DEBUG c.p.mapper.SysRoleMapper.selectById - <==      Total: 1
2026-08-07 22:24:02.364 [http-nio-8080-exec-1] DEBUG c.p.m.S.selectMenuByRoleId - ==>  Preparing: SELECT m.* FROM sys_menu m INNER JOIN sys_role_menu rm ON m.id = rm.menu_id WHERE rm.role_id = ?
2026-08-07 22:24:02.364 [http-nio-8080-exec-1] DEBUG c.p.m.S.selectMenuByRoleId - ==> Parameters: 1(Long)
2026-08-07 22:24:02.366 [http-nio-8080-exec-1] DEBUG c.p.m.S.selectMenuByRoleId - <==      Total: 22
2026-08-07 22:24:02.367 [http-nio-8080-exec-1] DEBUG o.s.security.web.FilterChainProxy - Secured GET /users
2026-08-07 22:24:02.368 [http-nio-8080-exec-1] DEBUG c.p.mapper.SysUserMapper.selectList - ==>  Preparing: SELECT id,username,password,nickname,email,phone,status,create_time,update_time,version FROM sys_user ORDER BY id ASC
2026-08-07 22:24:02.368 [http-nio-8080-exec-1] DEBUG c.p.mapper.SysUserMapper.selectList - ==> Parameters: 
2026-08-07 22:24:02.370 [http-nio-8080-exec-1] DEBUG c.p.mapper.SysUserMapper.selectList - <==      Total: 8
2026-08-07 22:24:02.370 [http-nio-8080-exec-1] DEBUG c.p.m.SysUserRoleMapper.selectList - ==>  Preparing: SELECT id,user_id,role_id FROM sys_user_role WHERE (user_id = ?) LIMIT 1
2026-08-07 22:24:02.370 [http-nio-8080-exec-1] DEBUG c.p.m.SysUserRoleMapper.selectList - ==> Parameters: 1(Long)
2026-08-07 22:24:02.370 [http-nio-8080-exec-1] DEBUG c.p.m.SysUserRoleMapper.selectList - <==      Total: 1
2026-08-07 22:24:02.370 [http-nio-8080-exec-1] DEBUG c.p.mapper.SysRoleMapper.selectById - ==>  Preparing: SELECT id,name,code,description,status,create_time,update_time,version FROM sys_role WHERE id=?
2026-08-07 22:24:02.370 [http-nio-8080-exec-1] DEBUG c.p.mapper.SysRoleMapper.selectById - ==> Parameters: 1(Long)
2026-08-07 22:24:02.374 [http-nio-8080-exec-1] DEBUG c.p.mapper.SysRoleMapper.selectById - <==      Total: 1
2026-08-07 22:24:02.376 [http-nio-8080-exec-1] DEBUG c.p.m.SysUserRoleMapper.selectList - ==>  Preparing: SELECT id,user_id,role_id FROM sys_user_role WHERE (user_id = ?) LIMIT 1
2026-08-07 22:24:02.376 [http-nio-8080-exec-1] DEBUG c.p.m.SysUserRoleMapper.selectList - ==> Parameters: 2(Long)
2026-08-07 22:24:02.376 [http-nio-8080-exec-1] DEBUG c.p.m.SysUserRoleMapper.selectList - <==      Total: 1
2026-08-07 22:24:02.376 [http-nio-8080-exec-1] DEBUG c.p.mapper.SysRoleMapper.selectById - ==>  Preparing: SELECT id,name,code,description,status,create_time,update_time,version FROM sys_role WHERE id=?
2026-08-07 22:24:02.376 [http-nio-8080-exec-1] DEBUG c.p.mapper.SysRoleMapper.selectById - ==> Parameters: 2(Long)
2026-08-07 22:24:02.376 [http-nio-8080-exec-1] DEBUG c.p.mapper.SysRoleMapper.selectById - <==      Total: 1
2026-08-07 22:24:02.376 [http-nio-8080-exec-1] DEBUG c.p.m.SysUserRoleMapper.selectList - ==>  Preparing: SELECT id,user_id,role_id FROM sys_user_role WHERE (user_id = ?) LIMIT 1
2026-08-07 22:24:02.376 [http-nio-8080-exec-1] DEBUG c.p.m.SysUserRoleMapper.selectList - ==> Parameters: 3(Long)
2026-08-07 22:24:02.376 [http-nio-8080-exec-1] DEBUG c.p.m.SysUserRoleMapper.selectList - <==      Total: 1
2026-08-07 22:24:02.376 [http-nio-8080-exec-1] DEBUG c.p.mapper.SysRoleMapper.selectById - ==>  Preparing: SELECT id,name,code,description,status,create_time,update_time,version FROM sys_role WHERE id=?
2026-08-07 22:24:02.376 [http-nio-8080-exec-1] DEBUG c.p.mapper.SysRoleMapper.selectById - ==> Parameters: 3(Long)
2026-08-07 22:24:02.380 [http-nio-8080-exec-1] DEBUG c.p.mapper.SysRoleMapper.selectById - <==      Total: 1
2026-08-07 22:24:02.381 [http-nio-8080-exec-1] DEBUG c.p.m.SysUserRoleMapper.selectList - ==>  Preparing: SELECT id,user_id,role_id FROM sys_user_role WHERE (user_id = ?) LIMIT 1
2026-08-07 22:24:02.381 [http-nio-8080-exec-1] DEBUG c.p.m.SysUserRoleMapper.selectList - ==> Parameters: 4(Long)
2026-08-07 22:24:02.381 [http-nio-8080-exec-1] DEBUG c.p.m.SysUserRoleMapper.selectList - <==      Total: 1
2026-08-07 22:24:02.381 [http-nio-8080-exec-1] DEBUG c.p.mapper.SysRoleMapper.selectById - ==>  Preparing: SELECT id,name,code,description,status,create_time,update_time,version FROM sys_role WHERE id=?
2026-08-07 22:24:02.381 [http-nio-8080-exec-1] DEBUG c.p.mapper.SysRoleMapper.selectById - ==> Parameters: 2(Long)
2026-08-07 22:24:02.381 [http-nio-8080-exec-1] DEBUG c.p.mapper.SysRoleMapper.selectById - <==      Total: 1
2026-08-07 22:24:02.381 [http-nio-8080-exec-1] DEBUG c.p.m.SysUserRoleMapper.selectList - ==>  Preparing: SELECT id,user_id,role_id FROM sys_user_role WHERE (user_id = ?) LIMIT 1
2026-08-07 22:24:02.381 [http-nio-8080-exec-1] DEBUG c.p.m.SysUserRoleMapper.selectList - ==> Parameters: 5(Long)
2026-08-07 22:24:02.381 [http-nio-8080-exec-1] DEBUG c.p.m.SysUserRoleMapper.selectList - <==      Total: 1
2026-08-07 22:24:02.381 [http-nio-8080-exec-1] DEBUG c.p.mapper.SysRoleMapper.selectById - ==>  Preparing: SELECT id,name,code,description,status,create_time,update_time,version FROM sys_role WHERE id=?
2026-08-07 22:24:02.381 [http-nio-8080-exec-1] DEBUG c.p.mapper.SysRoleMapper.selectById - ==> Parameters: 3(Long)
2026-08-07 22:24:02.381 [http-nio-8080-exec-1] DEBUG c.p.mapper.SysRoleMapper.selectById - <==      Total: 1
2026-08-07 22:24:02.381 [http-nio-8080-exec-1] DEBUG c.p.m.SysUserRoleMapper.selectList - ==>  Preparing: SELECT id,user_id,role_id FROM sys_user_role WHERE (user_id = ?) LIMIT 1
2026-08-07 22:24:02.381 [http-nio-8080-exec-1] DEBUG c.p.m.SysUserRoleMapper.selectList - ==> Parameters: 6(Long)
2026-08-07 22:24:02.381 [http-nio-8080-exec-1] DEBUG c.p.m.SysUserRoleMapper.selectList - <==      Total: 1
2026-08-07 22:24:02.381 [http-nio-8080-exec-1] DEBUG c.p.mapper.SysRoleMapper.selectById - ==>  Preparing: SELECT id,name,code,description,status,create_time,update_time,version FROM sys_role WHERE id=?
2026-08-07 22:24:02.381 [http-nio-8080-exec-1] DEBUG c.p.mapper.SysRoleMapper.selectById - ==> Parameters: 2(Long)
2026-08-07 22:24:02.381 [http-nio-8080-exec-1] DEBUG c.p.mapper.SysRoleMapper.selectById - <==      Total: 1
2026-08-07 22:24:02.385 [http-nio-8080-exec-1] DEBUG c.p.m.SysUserRoleMapper.selectList - ==>  Preparing: SELECT id,user_id,role_id FROM sys_user_role WHERE (user_id = ?) LIMIT 1
2026-08-07 22:24:02.385 [http-nio-8080-exec-1] DEBUG c.p.m.SysUserRoleMapper.selectList - ==> Parameters: 7(Long)
2026-08-07 22:24:02.386 [http-nio-8080-exec-1] DEBUG c.p.m.SysUserRoleMapper.selectList - <==      Total: 1
2026-08-07 22:24:02.386 [http-nio-8080-exec-1] DEBUG c.p.mapper.SysRoleMapper.selectById - ==>  Preparing: SELECT id,name,code,description,status,create_time,update_time,version FROM sys_role WHERE id=?
2026-08-07 22:24:02.386 [http-nio-8080-exec-1] DEBUG c.p.mapper.SysRoleMapper.selectById - ==> Parameters: 4(Long)
2026-08-07 22:24:02.387 [http-nio-8080-exec-1] DEBUG c.p.mapper.SysRoleMapper.selectById - <==      Total: 1
2026-08-07 22:24:02.387 [http-nio-8080-exec-1] DEBUG c.p.m.SysUserRoleMapper.selectList - ==>  Preparing: SELECT id,user_id,role_id FROM sys_user_role WHERE (user_id = ?) LIMIT 1
2026-08-07 22:24:02.387 [http-nio-8080-exec-1] DEBUG c.p.m.SysUserRoleMapper.selectList - ==> Parameters: 8(Long)
2026-08-07 22:24:02.387 [http-nio-8080-exec-1] DEBUG c.p.m.SysUserRoleMapper.selectList - <==      Total: 1
2026-08-07 22:24:02.387 [http-nio-8080-exec-1] DEBUG c.p.mapper.SysRoleMapper.selectById - ==>  Preparing: SELECT id,name,code,description,status,create_time,update_time,version FROM sys_role WHERE id=?
2026-08-07 22:24:02.387 [http-nio-8080-exec-1] DEBUG c.p.mapper.SysRoleMapper.selectById - ==> Parameters: 5(Long)
2026-08-07 22:24:02.391 [http-nio-8080-exec-1] DEBUG c.p.mapper.SysRoleMapper.selectById - <==      Total: 1
2026-08-07 22:24:04.421 [http-nio-8080-exec-2] DEBUG o.s.security.web.FilterChainProxy - Securing GET /dashboard/stats
2026-08-07 22:24:04.423 [http-nio-8080-exec-2] DEBUG c.p.mapper.SysUserMapper.selectList - ==>  Preparing: SELECT id,username,password,nickname,email,phone,status,create_time,update_time,version FROM sys_user WHERE (username = ?)
2026-08-07 22:24:04.423 [http-nio-8080-exec-2] DEBUG c.p.mapper.SysUserMapper.selectList - ==> Parameters: admin(String)
2026-08-07 22:24:04.424 [http-nio-8080-exec-2] DEBUG c.p.mapper.SysUserMapper.selectList - <==      Total: 1
2026-08-07 22:24:04.424 [http-nio-8080-exec-2] DEBUG c.p.m.SysUserRoleMapper.selectList - ==>  Preparing: SELECT id,user_id,role_id FROM sys_user_role WHERE (user_id = ?)
2026-08-07 22:24:04.425 [http-nio-8080-exec-2] DEBUG c.p.m.SysUserRoleMapper.selectList - ==> Parameters: 1(Long)
2026-08-07 22:24:04.425 [http-nio-8080-exec-2] DEBUG c.p.m.SysUserRoleMapper.selectList - <==      Total: 1
2026-08-07 22:24:04.425 [http-nio-8080-exec-2] DEBUG c.p.mapper.SysRoleMapper.selectById - ==>  Preparing: SELECT id,name,code,description,status,create_time,update_time,version FROM sys_role WHERE id=?
2026-08-07 22:24:04.425 [http-nio-8080-exec-2] DEBUG c.p.mapper.SysRoleMapper.selectById - ==> Parameters: 1(Long)
2026-08-07 22:24:04.426 [http-nio-8080-exec-2] DEBUG c.p.mapper.SysRoleMapper.selectById - <==      Total: 1
2026-08-07 22:24:04.426 [http-nio-8080-exec-2] DEBUG c.p.m.S.selectMenuByRoleId - ==>  Preparing: SELECT m.* FROM sys_menu m INNER JOIN sys_role_menu rm ON m.id = rm.menu_id WHERE rm.role_id = ?
2026-08-07 22:24:04.426 [http-nio-8080-exec-2] DEBUG c.p.m.S.selectMenuByRoleId - ==> Parameters: 1(Long)
2026-08-07 22:24:04.427 [http-nio-8080-exec-2] DEBUG c.p.m.S.selectMenuByRoleId - <==      Total: 22
2026-08-07 22:24:04.427 [http-nio-8080-exec-2] DEBUG o.s.security.web.FilterChainProxy - Secured GET /dashboard/stats
2026-08-07 22:24:04.429 [http-nio-8080-exec-2] DEBUG c.p.mapper.SysUserMapper.selectCount - ==>  Preparing: SELECT COUNT( * ) AS total FROM sys_user
2026-08-07 22:24:04.429 [http-nio-8080-exec-2] DEBUG c.p.mapper.SysUserMapper.selectCount - ==> Parameters: 
2026-08-07 22:24:04.430 [http-nio-8080-exec-2] DEBUG c.p.mapper.SysUserMapper.selectCount - <==      Total: 1
2026-08-07 22:24:04.430 [http-nio-8080-exec-2] DEBUG c.p.mapper.SysRoleMapper.selectCount - ==>  Preparing: SELECT COUNT( * ) AS total FROM sys_role
2026-08-07 22:24:04.430 [http-nio-8080-exec-2] DEBUG c.p.mapper.SysRoleMapper.selectCount - ==> Parameters: 
2026-08-07 22:24:04.432 [http-nio-8080-exec-2] DEBUG c.p.mapper.SysRoleMapper.selectCount - <==      Total: 1
2026-08-07 22:24:04.434 [http-nio-8080-exec-2] DEBUG c.p.mapper.SysMenuMapper.selectCount - ==>  Preparing: SELECT COUNT( * ) AS total FROM sys_menu WHERE (type = ? AND component IS NOT NULL AND component <> ? AND component <> ?)
2026-08-07 22:24:04.434 [http-nio-8080-exec-2] DEBUG c.p.mapper.SysMenuMapper.selectCount - ==> Parameters: 1(Integer), (String), Layout(String)
2026-08-07 22:24:04.434 [http-nio-8080-exec-2] DEBUG c.p.mapper.SysMenuMapper.selectCount - <==      Total: 1
2026-08-07 22:24:12.946 [http-nio-8080-exec-3] DEBUG o.s.security.web.FilterChainProxy - Securing GET /roles
2026-08-07 22:24:12.947 [http-nio-8080-exec-3] DEBUG c.p.mapper.SysUserMapper.selectList - ==>  Preparing: SELECT id,username,password,nickname,email,phone,status,create_time,update_time,version FROM sys_user WHERE (username = ?)
2026-08-07 22:24:12.948 [http-nio-8080-exec-3] DEBUG c.p.mapper.SysUserMapper.selectList - ==> Parameters: admin(String)
2026-08-07 22:24:12.948 [http-nio-8080-exec-3] DEBUG c.p.mapper.SysUserMapper.selectList - <==      Total: 1
2026-08-07 22:24:12.949 [http-nio-8080-exec-3] DEBUG c.p.m.SysUserRoleMapper.selectList - ==>  Preparing: SELECT id,user_id,role_id FROM sys_user_role WHERE (user_id = ?)
2026-08-07 22:24:12.949 [http-nio-8080-exec-3] DEBUG c.p.m.SysUserRoleMapper.selectList - ==> Parameters: 1(Long)
2026-08-07 22:24:12.949 [http-nio-8080-exec-3] DEBUG c.p.m.SysUserRoleMapper.selectList - <==      Total: 1
2026-08-07 22:24:12.949 [http-nio-8080-exec-3] DEBUG c.p.mapper.SysRoleMapper.selectById - ==>  Preparing: SELECT id,name,code,description,status,create_time,update_time,version FROM sys_role WHERE id=?
2026-08-07 22:24:12.949 [http-nio-8080-exec-3] DEBUG c.p.mapper.SysRoleMapper.selectById - ==> Parameters: 1(Long)
2026-08-07 22:24:12.950 [http-nio-8080-exec-3] DEBUG c.p.mapper.SysRoleMapper.selectById - <==      Total: 1
2026-08-07 22:24:12.950 [http-nio-8080-exec-3] DEBUG c.p.m.S.selectMenuByRoleId - ==>  Preparing: SELECT m.* FROM sys_menu m INNER JOIN sys_role_menu rm ON m.id = rm.menu_id WHERE rm.role_id = ?
2026-08-07 22:24:12.950 [http-nio-8080-exec-3] DEBUG c.p.m.S.selectMenuByRoleId - ==> Parameters: 1(Long)
2026-08-07 22:24:12.952 [http-nio-8080-exec-3] DEBUG c.p.m.S.selectMenuByRoleId - <==      Total: 22
2026-08-07 22:24:12.953 [http-nio-8080-exec-3] DEBUG o.s.security.web.FilterChainProxy - Secured GET /roles
2026-08-07 22:24:12.953 [http-nio-8080-exec-3] DEBUG c.p.mapper.SysRoleMapper.selectList - ==>  Preparing: SELECT id,name,code,description,status,create_time,update_time,version FROM sys_role ORDER BY id ASC
2026-08-07 22:24:12.953 [http-nio-8080-exec-3] DEBUG c.p.mapper.SysRoleMapper.selectList - ==> Parameters: 
2026-08-07 22:24:12.956 [http-nio-8080-exec-3] DEBUG c.p.mapper.SysRoleMapper.selectList - <==      Total: 5
2026-08-07 22:24:13.454 [http-nio-8080-exec-4] DEBUG o.s.security.web.FilterChainProxy - Securing GET /users
2026-08-07 22:24:13.455 [http-nio-8080-exec-4] DEBUG c.p.mapper.SysUserMapper.selectList - ==>  Preparing: SELECT id,username,password,nickname,email,phone,status,create_time,update_time,version FROM sys_user WHERE (username = ?)
2026-08-07 22:24:13.456 [http-nio-8080-exec-4] DEBUG c.p.mapper.SysUserMapper.selectList - ==> Parameters: admin(String)
2026-08-07 22:24:13.457 [http-nio-8080-exec-4] DEBUG c.p.mapper.SysUserMapper.selectList - <==      Total: 1
2026-08-07 22:24:13.457 [http-nio-8080-exec-4] DEBUG c.p.m.SysUserRoleMapper.selectList - ==>  Preparing: SELECT id,user_id,role_id FROM sys_user_role WHERE (user_id = ?)
2026-08-07 22:24:13.457 [http-nio-8080-exec-4] DEBUG c.p.m.SysUserRoleMapper.selectList - ==> Parameters: 1(Long)
2026-08-07 22:24:13.457 [http-nio-8080-exec-4] DEBUG c.p.m.SysUserRoleMapper.selectList - <==      Total: 1
2026-08-07 22:24:13.458 [http-nio-8080-exec-4] DEBUG c.p.mapper.SysRoleMapper.selectById - ==>  Preparing: SELECT id,name,code,description,status,create_time,update_time,version FROM sys_role WHERE id=?
2026-08-07 22:24:13.458 [http-nio-8080-exec-4] DEBUG c.p.mapper.SysRoleMapper.selectById - ==> Parameters: 1(Long)
2026-08-07 22:24:13.458 [http-nio-8080-exec-4] DEBUG c.p.mapper.SysRoleMapper.selectById - <==      Total: 1
2026-08-07 22:24:13.458 [http-nio-8080-exec-4] DEBUG c.p.m.S.selectMenuByRoleId - ==>  Preparing: SELECT m.* FROM sys_menu m INNER JOIN sys_role_menu rm ON m.id = rm.menu_id WHERE rm.role_id = ?
2026-08-07 22:24:13.458 [http-nio-8080-exec-4] DEBUG c.p.m.S.selectMenuByRoleId - ==> Parameters: 1(Long)
2026-08-07 22:24:13.460 [http-nio-8080-exec-4] DEBUG c.p.m.S.selectMenuByRoleId - <==      Total: 22
2026-08-07 22:24:13.460 [http-nio-8080-exec-4] DEBUG o.s.security.web.FilterChainProxy - Secured GET /users
2026-08-07 22:24:13.462 [http-nio-8080-exec-4] DEBUG c.p.mapper.SysUserMapper.selectList - ==>  Preparing: SELECT id,username,password,nickname,email,phone,status,create_time,update_time,version FROM sys_user ORDER BY id ASC
2026-08-07 22:24:13.462 [http-nio-8080-exec-4] DEBUG c.p.mapper.SysUserMapper.selectList - ==> Parameters: 
2026-08-07 22:24:13.462 [http-nio-8080-exec-4] DEBUG c.p.mapper.SysUserMapper.selectList - <==      Total: 8
2026-08-07 22:24:13.463 [http-nio-8080-exec-4] DEBUG c.p.m.SysUserRoleMapper.selectList - ==>  Preparing: SELECT id,user_id,role_id FROM sys_user_role WHERE (user_id = ?) LIMIT 1
2026-08-07 22:24:13.463 [http-nio-8080-exec-4] DEBUG c.p.m.SysUserRoleMapper.selectList - ==> Parameters: 1(Long)
2026-08-07 22:24:13.463 [http-nio-8080-exec-4] DEBUG c.p.m.SysUserRoleMapper.selectList - <==      Total: 1
2026-08-07 22:24:13.463 [http-nio-8080-exec-4] DEBUG c.p.mapper.SysRoleMapper.selectById - ==>  Preparing: SELECT id,name,code,description,status,create_time,update_time,version FROM sys_role WHERE id=?
2026-08-07 22:24:13.463 [http-nio-8080-exec-4] DEBUG c.p.mapper.SysRoleMapper.selectById - ==> Parameters: 1(Long)
2026-08-07 22:24:13.464 [http-nio-8080-exec-4] DEBUG c.p.mapper.SysRoleMapper.selectById - <==      Total: 1
2026-08-07 22:24:13.464 [http-nio-8080-exec-4] DEBUG c.p.m.SysUserRoleMapper.selectList - ==>  Preparing: SELECT id,user_id,role_id FROM sys_user_role WHERE (user_id = ?) LIMIT 1
2026-08-07 22:24:13.464 [http-nio-8080-exec-4] DEBUG c.p.m.SysUserRoleMapper.selectList - ==> Parameters: 2(Long)
2026-08-07 22:24:13.465 [http-nio-8080-exec-4] DEBUG c.p.m.SysUserRoleMapper.selectList - <==      Total: 1
2026-08-07 22:24:13.465 [http-nio-8080-exec-4] DEBUG c.p.mapper.SysRoleMapper.selectById - ==>  Preparing: SELECT id,name,code,description,status,create_time,update_time,version FROM sys_role WHERE id=?
2026-08-07 22:24:13.465 [http-nio-8080-exec-4] DEBUG c.p.mapper.SysRoleMapper.selectById - ==> Parameters: 2(Long)
2026-08-07 22:24:13.465 [http-nio-8080-exec-4] DEBUG c.p.mapper.SysRoleMapper.selectById - <==      Total: 1
2026-08-07 22:24:13.465 [http-nio-8080-exec-4] DEBUG c.p.m.SysUserRoleMapper.selectList - ==>  Preparing: SELECT id,user_id,role_id FROM sys_user_role WHERE (user_id = ?) LIMIT 1
2026-08-07 22:24:13.465 [http-nio-8080-exec-4] DEBUG c.p.m.SysUserRoleMapper.selectList - ==> Parameters: 3(Long)
2026-08-07 22:24:13.467 [http-nio-8080-exec-4] DEBUG c.p.m.SysUserRoleMapper.selectList - <==      Total: 1
2026-08-07 22:24:13.467 [http-nio-8080-exec-4] DEBUG c.p.mapper.SysRoleMapper.selectById - ==>  Preparing: SELECT id,name,code,description,status,create_time,update_time,version FROM sys_role WHERE id=?
2026-08-07 22:24:13.467 [http-nio-8080-exec-4] DEBUG c.p.mapper.SysRoleMapper.selectById - ==> Parameters: 3(Long)
2026-08-07 22:24:13.467 [http-nio-8080-exec-4] DEBUG c.p.mapper.SysRoleMapper.selectById - <==      Total: 1
2026-08-07 22:24:13.467 [http-nio-8080-exec-4] DEBUG c.p.m.SysUserRoleMapper.selectList - ==>  Preparing: SELECT id,user_id,role_id FROM sys_user_role WHERE (user_id = ?) LIMIT 1
2026-08-07 22:24:13.467 [http-nio-8080-exec-4] DEBUG c.p.m.SysUserRoleMapper.selectList - ==> Parameters: 4(Long)
2026-08-07 22:24:13.468 [http-nio-8080-exec-4] DEBUG c.p.m.SysUserRoleMapper.selectList - <==      Total: 1
2026-08-07 22:24:13.468 [http-nio-8080-exec-4] DEBUG c.p.mapper.SysRoleMapper.selectById - ==>  Preparing: SELECT id,name,code,description,status,create_time,update_time,version FROM sys_role WHERE id=?
2026-08-07 22:24:13.468 [http-nio-8080-exec-4] DEBUG c.p.mapper.SysRoleMapper.selectById - ==> Parameters: 2(Long)
2026-08-07 22:24:13.468 [http-nio-8080-exec-4] DEBUG c.p.mapper.SysRoleMapper.selectById - <==      Total: 1
2026-08-07 22:24:13.469 [http-nio-8080-exec-4] DEBUG c.p.m.SysUserRoleMapper.selectList - ==>  Preparing: SELECT id,user_id,role_id FROM sys_user_role WHERE (user_id = ?) LIMIT 1
2026-08-07 22:24:13.469 [http-nio-8080-exec-4] DEBUG c.p.m.SysUserRoleMapper.selectList - ==> Parameters: 5(Long)
2026-08-07 22:24:13.469 [http-nio-8080-exec-4] DEBUG c.p.m.SysUserRoleMapper.selectList - <==      Total: 1
2026-08-07 22:24:13.469 [http-nio-8080-exec-4] DEBUG c.p.mapper.SysRoleMapper.selectById - ==>  Preparing: SELECT id,name,code,description,status,create_time,update_time,version FROM sys_role WHERE id=?
2026-08-07 22:24:13.469 [http-nio-8080-exec-4] DEBUG c.p.mapper.SysRoleMapper.selectById - ==> Parameters: 3(Long)
2026-08-07 22:24:13.470 [http-nio-8080-exec-4] DEBUG c.p.mapper.SysRoleMapper.selectById - <==      Total: 1
2026-08-07 22:24:13.470 [http-nio-8080-exec-4] DEBUG c.p.m.SysUserRoleMapper.selectList - ==>  Preparing: SELECT id,user_id,role_id FROM sys_user_role WHERE (user_id = ?) LIMIT 1
2026-08-07 22:24:13.470 [http-nio-8080-exec-4] DEBUG c.p.m.SysUserRoleMapper.selectList - ==> Parameters: 6(Long)
2026-08-07 22:24:13.470 [http-nio-8080-exec-4] DEBUG c.p.m.SysUserRoleMapper.selectList - <==      Total: 1
2026-08-07 22:24:13.470 [http-nio-8080-exec-4] DEBUG c.p.mapper.SysRoleMapper.selectById - ==>  Preparing: SELECT id,name,code,description,status,create_time,update_time,version FROM sys_role WHERE id=?
2026-08-07 22:24:13.470 [http-nio-8080-exec-4] DEBUG c.p.mapper.SysRoleMapper.selectById - ==> Parameters: 2(Long)
2026-08-07 22:24:13.471 [http-nio-8080-exec-4] DEBUG c.p.mapper.SysRoleMapper.selectById - <==      Total: 1
2026-08-07 22:24:13.471 [http-nio-8080-exec-4] DEBUG c.p.m.SysUserRoleMapper.selectList - ==>  Preparing: SELECT id,user_id,role_id FROM sys_user_role WHERE (user_id = ?) LIMIT 1
2026-08-07 22:24:13.471 [http-nio-8080-exec-4] DEBUG c.p.m.SysUserRoleMapper.selectList - ==> Parameters: 7(Long)
2026-08-07 22:24:13.471 [http-nio-8080-exec-4] DEBUG c.p.m.SysUserRoleMapper.selectList - <==      Total: 1
2026-08-07 22:24:13.471 [http-nio-8080-exec-4] DEBUG c.p.mapper.SysRoleMapper.selectById - ==>  Preparing: SELECT id,name,code,description,status,create_time,update_time,version FROM sys_role WHERE id=?
2026-08-07 22:24:13.472 [http-nio-8080-exec-4] DEBUG c.p.mapper.SysRoleMapper.selectById - ==> Parameters: 4(Long)
2026-08-07 22:24:13.472 [http-nio-8080-exec-4] DEBUG c.p.mapper.SysRoleMapper.selectById - <==      Total: 1
2026-08-07 22:24:13.472 [http-nio-8080-exec-4] DEBUG c.p.m.SysUserRoleMapper.selectList - ==>  Preparing: SELECT id,user_id,role_id FROM sys_user_role WHERE (user_id = ?) LIMIT 1
2026-08-07 22:24:13.472 [http-nio-8080-exec-4] DEBUG c.p.m.SysUserRoleMapper.selectList - ==> Parameters: 8(Long)
2026-08-07 22:24:13.473 [http-nio-8080-exec-4] DEBUG c.p.m.SysUserRoleMapper.selectList - <==      Total: 1
2026-08-07 22:24:13.473 [http-nio-8080-exec-4] DEBUG c.p.mapper.SysRoleMapper.selectById - ==>  Preparing: SELECT id,name,code,description,status,create_time,update_time,version FROM sys_role WHERE id=?
2026-08-07 22:24:13.473 [http-nio-8080-exec-4] DEBUG c.p.mapper.SysRoleMapper.selectById - ==> Parameters: 5(Long)
2026-08-07 22:24:13.473 [http-nio-8080-exec-4] DEBUG c.p.mapper.SysRoleMapper.selectById - <==      Total: 1
2026-08-07 22:24:27.933 [http-nio-8080-exec-5] DEBUG o.s.security.web.FilterChainProxy - Securing GET /roles
2026-08-07 22:24:27.935 [http-nio-8080-exec-5] DEBUG c.p.mapper.SysUserMapper.selectList - ==>  Preparing: SELECT id,username,password,nickname,email,phone,status,create_time,update_time,version FROM sys_user WHERE (username = ?)
2026-08-07 22:24:27.935 [http-nio-8080-exec-5] DEBUG c.p.mapper.SysUserMapper.selectList - ==> Parameters: admin(String)
2026-08-07 22:24:27.936 [http-nio-8080-exec-5] DEBUG c.p.mapper.SysUserMapper.selectList - <==      Total: 1
2026-08-07 22:24:27.936 [http-nio-8080-exec-5] DEBUG c.p.m.SysUserRoleMapper.selectList - ==>  Preparing: SELECT id,user_id,role_id FROM sys_user_role WHERE (user_id = ?)
2026-08-07 22:24:27.936 [http-nio-8080-exec-5] DEBUG c.p.m.SysUserRoleMapper.selectList - ==> Parameters: 1(Long)
2026-08-07 22:24:27.936 [http-nio-8080-exec-5] DEBUG c.p.m.SysUserRoleMapper.selectList - <==      Total: 1
2026-08-07 22:24:27.936 [http-nio-8080-exec-5] DEBUG c.p.mapper.SysRoleMapper.selectById - ==>  Preparing: SELECT id,name,code,description,status,create_time,update_time,version FROM sys_role WHERE id=?
2026-08-07 22:24:27.936 [http-nio-8080-exec-5] DEBUG c.p.mapper.SysRoleMapper.selectById - ==> Parameters: 1(Long)
2026-08-07 22:24:27.938 [http-nio-8080-exec-5] DEBUG c.p.mapper.SysRoleMapper.selectById - <==      Total: 1
2026-08-07 22:24:27.938 [http-nio-8080-exec-5] DEBUG c.p.m.S.selectMenuByRoleId - ==>  Preparing: SELECT m.* FROM sys_menu m INNER JOIN sys_role_menu rm ON m.id = rm.menu_id WHERE rm.role_id = ?
2026-08-07 22:24:27.938 [http-nio-8080-exec-5] DEBUG c.p.m.S.selectMenuByRoleId - ==> Parameters: 1(Long)
2026-08-07 22:24:27.939 [http-nio-8080-exec-5] DEBUG c.p.m.S.selectMenuByRoleId - <==      Total: 22
2026-08-07 22:24:27.939 [http-nio-8080-exec-5] DEBUG o.s.security.web.FilterChainProxy - Secured GET /roles
2026-08-07 22:24:27.940 [http-nio-8080-exec-5] DEBUG c.p.mapper.SysRoleMapper.selectList - ==>  Preparing: SELECT id,name,code,description,status,create_time,update_time,version FROM sys_role ORDER BY id ASC
2026-08-07 22:24:27.940 [http-nio-8080-exec-5] DEBUG c.p.mapper.SysRoleMapper.selectList - ==> Parameters: 
2026-08-07 22:24:27.940 [http-nio-8080-exec-5] DEBUG c.p.mapper.SysRoleMapper.selectList - <==      Total: 5
2026-08-07 22:27:59.058 [http-nio-8080-exec-6] DEBUG o.s.security.web.FilterChainProxy - Securing GET /menus/tree
2026-08-07 22:27:59.061 [http-nio-8080-exec-6] DEBUG c.p.mapper.SysUserMapper.selectList - ==>  Preparing: SELECT id,username,password,nickname,email,phone,status,create_time,update_time,version FROM sys_user WHERE (username = ?)
2026-08-07 22:27:59.061 [http-nio-8080-exec-6] DEBUG c.p.mapper.SysUserMapper.selectList - ==> Parameters: admin(String)
2026-08-07 22:27:59.062 [http-nio-8080-exec-6] DEBUG c.p.mapper.SysUserMapper.selectList - <==      Total: 1
2026-08-07 22:27:59.062 [http-nio-8080-exec-6] DEBUG c.p.m.SysUserRoleMapper.selectList - ==>  Preparing: SELECT id,user_id,role_id FROM sys_user_role WHERE (user_id = ?)
2026-08-07 22:27:59.063 [http-nio-8080-exec-6] DEBUG c.p.m.SysUserRoleMapper.selectList - ==> Parameters: 1(Long)
2026-08-07 22:27:59.063 [http-nio-8080-exec-6] DEBUG c.p.m.SysUserRoleMapper.selectList - <==      Total: 1
2026-08-07 22:27:59.064 [http-nio-8080-exec-6] DEBUG c.p.mapper.SysRoleMapper.selectById - ==>  Preparing: SELECT id,name,code,description,status,create_time,update_time,version FROM sys_role WHERE id=?
2026-08-07 22:27:59.064 [http-nio-8080-exec-6] DEBUG c.p.mapper.SysRoleMapper.selectById - ==> Parameters: 1(Long)
2026-08-07 22:27:59.065 [http-nio-8080-exec-6] DEBUG c.p.mapper.SysRoleMapper.selectById - <==      Total: 1
2026-08-07 22:27:59.065 [http-nio-8080-exec-6] DEBUG c.p.m.S.selectMenuByRoleId - ==>  Preparing: SELECT m.* FROM sys_menu m INNER JOIN sys_role_menu rm ON m.id = rm.menu_id WHERE rm.role_id = ?
2026-08-07 22:27:59.065 [http-nio-8080-exec-6] DEBUG c.p.m.S.selectMenuByRoleId - ==> Parameters: 1(Long)
2026-08-07 22:27:59.067 [http-nio-8080-exec-6] DEBUG c.p.m.S.selectMenuByRoleId - <==      Total: 22
2026-08-07 22:27:59.068 [http-nio-8080-exec-6] DEBUG o.s.security.web.FilterChainProxy - Secured GET /menus/tree
2026-08-07 22:27:59.068 [http-nio-8080-exec-6] DEBUG c.p.mapper.SysMenuMapper.selectList - ==>  Preparing: SELECT id,parent_id,name,path,component,icon,permission,sort,type,status,create_time,update_time,version FROM sys_menu ORDER BY sort ASC
2026-08-07 22:27:59.068 [http-nio-8080-exec-6] DEBUG c.p.mapper.SysMenuMapper.selectList - ==> Parameters: 
2026-08-07 22:27:59.069 [http-nio-8080-exec-6] DEBUG c.p.mapper.SysMenuMapper.selectList - <==      Total: 22
2026-08-07 22:27:59.186 [http-nio-8080-exec-7] DEBUG o.s.security.web.FilterChainProxy - Securing GET /users
2026-08-07 22:27:59.188 [http-nio-8080-exec-7] DEBUG c.p.mapper.SysUserMapper.selectList - ==>  Preparing: SELECT id,username,password,nickname,email,phone,status,create_time,update_time,version FROM sys_user WHERE (username = ?)
2026-08-07 22:27:59.188 [http-nio-8080-exec-7] DEBUG c.p.mapper.SysUserMapper.selectList - ==> Parameters: admin(String)
2026-08-07 22:27:59.189 [http-nio-8080-exec-7] DEBUG c.p.mapper.SysUserMapper.selectList - <==      Total: 1
2026-08-07 22:27:59.191 [http-nio-8080-exec-7] DEBUG c.p.m.SysUserRoleMapper.selectList - ==>  Preparing: SELECT id,user_id,role_id FROM sys_user_role WHERE (user_id = ?)
2026-08-07 22:27:59.191 [http-nio-8080-exec-7] DEBUG c.p.m.SysUserRoleMapper.selectList - ==> Parameters: 1(Long)
2026-08-07 22:27:59.191 [http-nio-8080-exec-7] DEBUG c.p.m.SysUserRoleMapper.selectList - <==      Total: 1
2026-08-07 22:27:59.191 [http-nio-8080-exec-7] DEBUG c.p.mapper.SysRoleMapper.selectById - ==>  Preparing: SELECT id,name,code,description,status,create_time,update_time,version FROM sys_role WHERE id=?
2026-08-07 22:27:59.191 [http-nio-8080-exec-7] DEBUG c.p.mapper.SysRoleMapper.selectById - ==> Parameters: 1(Long)
2026-08-07 22:27:59.192 [http-nio-8080-exec-7] DEBUG c.p.mapper.SysRoleMapper.selectById - <==      Total: 1
2026-08-07 22:27:59.193 [http-nio-8080-exec-7] DEBUG c.p.m.S.selectMenuByRoleId - ==>  Preparing: SELECT m.* FROM sys_menu m INNER JOIN sys_role_menu rm ON m.id = rm.menu_id WHERE rm.role_id = ?
2026-08-07 22:27:59.193 [http-nio-8080-exec-7] DEBUG c.p.m.S.selectMenuByRoleId - ==> Parameters: 1(Long)
2026-08-07 22:27:59.195 [http-nio-8080-exec-7] DEBUG c.p.m.S.selectMenuByRoleId - <==      Total: 22
2026-08-07 22:27:59.196 [http-nio-8080-exec-7] DEBUG o.s.security.web.FilterChainProxy - Secured GET /users
2026-08-07 22:27:59.197 [http-nio-8080-exec-7] DEBUG c.p.mapper.SysUserMapper.selectList - ==>  Preparing: SELECT id,username,password,nickname,email,phone,status,create_time,update_time,version FROM sys_user ORDER BY id ASC
2026-08-07 22:27:59.197 [http-nio-8080-exec-7] DEBUG c.p.mapper.SysUserMapper.selectList - ==> Parameters: 
2026-08-07 22:27:59.197 [http-nio-8080-exec-7] DEBUG c.p.mapper.SysUserMapper.selectList - <==      Total: 8
2026-08-07 22:27:59.197 [http-nio-8080-exec-7] DEBUG c.p.m.SysUserRoleMapper.selectList - ==>  Preparing: SELECT id,user_id,role_id FROM sys_user_role WHERE (user_id = ?) LIMIT 1
2026-08-07 22:27:59.197 [http-nio-8080-exec-7] DEBUG c.p.m.SysUserRoleMapper.selectList - ==> Parameters: 1(Long)
2026-08-07 22:27:59.199 [http-nio-8080-exec-7] DEBUG c.p.m.SysUserRoleMapper.selectList - <==      Total: 1
2026-08-07 22:27:59.199 [http-nio-8080-exec-7] DEBUG c.p.mapper.SysRoleMapper.selectById - ==>  Preparing: SELECT id,name,code,description,status,create_time,update_time,version FROM sys_role WHERE id=?
2026-08-07 22:27:59.199 [http-nio-8080-exec-7] DEBUG c.p.mapper.SysRoleMapper.selectById - ==> Parameters: 1(Long)
2026-08-07 22:27:59.199 [http-nio-8080-exec-7] DEBUG c.p.mapper.SysRoleMapper.selectById - <==      Total: 1
2026-08-07 22:27:59.199 [http-nio-8080-exec-7] DEBUG c.p.m.SysUserRoleMapper.selectList - ==>  Preparing: SELECT id,user_id,role_id FROM sys_user_role WHERE (user_id = ?) LIMIT 1
2026-08-07 22:27:59.199 [http-nio-8080-exec-7] DEBUG c.p.m.SysUserRoleMapper.selectList - ==> Parameters: 2(Long)
2026-08-07 22:27:59.199 [http-nio-8080-exec-7] DEBUG c.p.m.SysUserRoleMapper.selectList - <==      Total: 1
2026-08-07 22:27:59.199 [http-nio-8080-exec-7] DEBUG c.p.mapper.SysRoleMapper.selectById - ==>  Preparing: SELECT id,name,code,description,status,create_time,update_time,version FROM sys_role WHERE id=?
2026-08-07 22:27:59.204 [http-nio-8080-exec-7] DEBUG c.p.mapper.SysRoleMapper.selectById - ==> Parameters: 2(Long)
2026-08-07 22:27:59.204 [http-nio-8080-exec-7] DEBUG c.p.mapper.SysRoleMapper.selectById - <==      Total: 1
2026-08-07 22:27:59.204 [http-nio-8080-exec-7] DEBUG c.p.m.SysUserRoleMapper.selectList - ==>  Preparing: SELECT id,user_id,role_id FROM sys_user_role WHERE (user_id = ?) LIMIT 1
2026-08-07 22:27:59.204 [http-nio-8080-exec-7] DEBUG c.p.m.SysUserRoleMapper.selectList - ==> Parameters: 3(Long)
2026-08-07 22:27:59.206 [http-nio-8080-exec-7] DEBUG c.p.m.SysUserRoleMapper.selectList - <==      Total: 1
2026-08-07 22:27:59.207 [http-nio-8080-exec-7] DEBUG c.p.mapper.SysRoleMapper.selectById - ==>  Preparing: SELECT id,name,code,description,status,create_time,update_time,version FROM sys_role WHERE id=?
2026-08-07 22:27:59.207 [http-nio-8080-exec-7] DEBUG c.p.mapper.SysRoleMapper.selectById - ==> Parameters: 3(Long)
2026-08-07 22:27:59.208 [http-nio-8080-exec-7] DEBUG c.p.mapper.SysRoleMapper.selectById - <==      Total: 1
2026-08-07 22:27:59.208 [http-nio-8080-exec-7] DEBUG c.p.m.SysUserRoleMapper.selectList - ==>  Preparing: SELECT id,user_id,role_id FROM sys_user_role WHERE (user_id = ?) LIMIT 1
2026-08-07 22:27:59.208 [http-nio-8080-exec-7] DEBUG c.p.m.SysUserRoleMapper.selectList - ==> Parameters: 4(Long)
2026-08-07 22:27:59.208 [http-nio-8080-exec-7] DEBUG c.p.m.SysUserRoleMapper.selectList - <==      Total: 1
2026-08-07 22:27:59.208 [http-nio-8080-exec-7] DEBUG c.p.mapper.SysRoleMapper.selectById - ==>  Preparing: SELECT id,name,code,description,status,create_time,update_time,version FROM sys_role WHERE id=?
2026-08-07 22:27:59.208 [http-nio-8080-exec-7] DEBUG c.p.mapper.SysRoleMapper.selectById - ==> Parameters: 2(Long)
2026-08-07 22:27:59.208 [http-nio-8080-exec-7] DEBUG c.p.mapper.SysRoleMapper.selectById - <==      Total: 1
2026-08-07 22:27:59.210 [http-nio-8080-exec-7] DEBUG c.p.m.SysUserRoleMapper.selectList - ==>  Preparing: SELECT id,user_id,role_id FROM sys_user_role WHERE (user_id = ?) LIMIT 1
2026-08-07 22:27:59.210 [http-nio-8080-exec-7] DEBUG c.p.m.SysUserRoleMapper.selectList - ==> Parameters: 5(Long)
2026-08-07 22:27:59.210 [http-nio-8080-exec-7] DEBUG c.p.m.SysUserRoleMapper.selectList - <==      Total: 1
2026-08-07 22:27:59.210 [http-nio-8080-exec-7] DEBUG c.p.mapper.SysRoleMapper.selectById - ==>  Preparing: SELECT id,name,code,description,status,create_time,update_time,version FROM sys_role WHERE id=?
2026-08-07 22:27:59.210 [http-nio-8080-exec-7] DEBUG c.p.mapper.SysRoleMapper.selectById - ==> Parameters: 3(Long)
2026-08-07 22:27:59.210 [http-nio-8080-exec-7] DEBUG c.p.mapper.SysRoleMapper.selectById - <==      Total: 1
2026-08-07 22:27:59.210 [http-nio-8080-exec-7] DEBUG c.p.m.SysUserRoleMapper.selectList - ==>  Preparing: SELECT id,user_id,role_id FROM sys_user_role WHERE (user_id = ?) LIMIT 1
2026-08-07 22:27:59.210 [http-nio-8080-exec-7] DEBUG c.p.m.SysUserRoleMapper.selectList - ==> Parameters: 6(Long)
2026-08-07 22:27:59.210 [http-nio-8080-exec-7] DEBUG c.p.m.SysUserRoleMapper.selectList - <==      Total: 1
2026-08-07 22:27:59.210 [http-nio-8080-exec-7] DEBUG c.p.mapper.SysRoleMapper.selectById - ==>  Preparing: SELECT id,name,code,description,status,create_time,update_time,version FROM sys_role WHERE id=?
2026-08-07 22:27:59.210 [http-nio-8080-exec-7] DEBUG c.p.mapper.SysRoleMapper.selectById - ==> Parameters: 2(Long)
2026-08-07 22:27:59.210 [http-nio-8080-exec-7] DEBUG c.p.mapper.SysRoleMapper.selectById - <==      Total: 1
2026-08-07 22:27:59.210 [http-nio-8080-exec-7] DEBUG c.p.m.SysUserRoleMapper.selectList - ==>  Preparing: SELECT id,user_id,role_id FROM sys_user_role WHERE (user_id = ?) LIMIT 1
2026-08-07 22:27:59.210 [http-nio-8080-exec-7] DEBUG c.p.m.SysUserRoleMapper.selectList - ==> Parameters: 7(Long)
2026-08-07 22:27:59.210 [http-nio-8080-exec-7] DEBUG c.p.m.SysUserRoleMapper.selectList - <==      Total: 1
2026-08-07 22:27:59.210 [http-nio-8080-exec-7] DEBUG c.p.mapper.SysRoleMapper.selectById - ==>  Preparing: SELECT id,name,code,description,status,create_time,update_time,version FROM sys_role WHERE id=?
2026-08-07 22:27:59.214 [http-nio-8080-exec-7] DEBUG c.p.mapper.SysRoleMapper.selectById - ==> Parameters: 4(Long)
2026-08-07 22:27:59.214 [http-nio-8080-exec-7] DEBUG c.p.mapper.SysRoleMapper.selectById - <==      Total: 1
2026-08-07 22:27:59.214 [http-nio-8080-exec-7] DEBUG c.p.m.SysUserRoleMapper.selectList - ==>  Preparing: SELECT id,user_id,role_id FROM sys_user_role WHERE (user_id = ?) LIMIT 1
2026-08-07 22:27:59.214 [http-nio-8080-exec-7] DEBUG c.p.m.SysUserRoleMapper.selectList - ==> Parameters: 8(Long)
2026-08-07 22:27:59.214 [http-nio-8080-exec-7] DEBUG c.p.m.SysUserRoleMapper.selectList - <==      Total: 1
2026-08-07 22:27:59.214 [http-nio-8080-exec-7] DEBUG c.p.mapper.SysRoleMapper.selectById - ==>  Preparing: SELECT id,name,code,description,status,create_time,update_time,version FROM sys_role WHERE id=?
2026-08-07 22:27:59.214 [http-nio-8080-exec-7] DEBUG c.p.mapper.SysRoleMapper.selectById - ==> Parameters: 5(Long)
2026-08-07 22:27:59.214 [http-nio-8080-exec-7] DEBUG c.p.mapper.SysRoleMapper.selectById - <==      Total: 1
2026-08-07 22:28:01.380 [http-nio-8080-exec-8] DEBUG o.s.security.web.FilterChainProxy - Securing GET /roles
2026-08-07 22:28:01.382 [http-nio-8080-exec-8] DEBUG c.p.mapper.SysUserMapper.selectList - ==>  Preparing: SELECT id,username,password,nickname,email,phone,status,create_time,update_time,version FROM sys_user WHERE (username = ?)
2026-08-07 22:28:01.382 [http-nio-8080-exec-8] DEBUG c.p.mapper.SysUserMapper.selectList - ==> Parameters: admin(String)
2026-08-07 22:28:01.382 [http-nio-8080-exec-8] DEBUG c.p.mapper.SysUserMapper.selectList - <==      Total: 1
2026-08-07 22:28:01.383 [http-nio-8080-exec-8] DEBUG c.p.m.SysUserRoleMapper.selectList - ==>  Preparing: SELECT id,user_id,role_id FROM sys_user_role WHERE (user_id = ?)
2026-08-07 22:28:01.383 [http-nio-8080-exec-8] DEBUG c.p.m.SysUserRoleMapper.selectList - ==> Parameters: 1(Long)
2026-08-07 22:28:01.383 [http-nio-8080-exec-8] DEBUG c.p.m.SysUserRoleMapper.selectList - <==      Total: 1
2026-08-07 22:28:01.384 [http-nio-8080-exec-8] DEBUG c.p.mapper.SysRoleMapper.selectById - ==>  Preparing: SELECT id,name,code,description,status,create_time,update_time,version FROM sys_role WHERE id=?
2026-08-07 22:28:01.384 [http-nio-8080-exec-8] DEBUG c.p.mapper.SysRoleMapper.selectById - ==> Parameters: 1(Long)
2026-08-07 22:28:01.384 [http-nio-8080-exec-8] DEBUG c.p.mapper.SysRoleMapper.selectById - <==      Total: 1
2026-08-07 22:28:01.384 [http-nio-8080-exec-8] DEBUG c.p.m.S.selectMenuByRoleId - ==>  Preparing: SELECT m.* FROM sys_menu m INNER JOIN sys_role_menu rm ON m.id = rm.menu_id WHERE rm.role_id = ?
2026-08-07 22:28:01.384 [http-nio-8080-exec-8] DEBUG c.p.m.S.selectMenuByRoleId - ==> Parameters: 1(Long)
2026-08-07 22:28:01.384 [http-nio-8080-exec-8] DEBUG c.p.m.S.selectMenuByRoleId - <==      Total: 22
2026-08-07 22:28:01.384 [http-nio-8080-exec-8] DEBUG o.s.security.web.FilterChainProxy - Secured GET /roles
2026-08-07 22:28:01.384 [http-nio-8080-exec-8] DEBUG c.p.mapper.SysRoleMapper.selectList - ==>  Preparing: SELECT id,name,code,description,status,create_time,update_time,version FROM sys_role ORDER BY id ASC
2026-08-07 22:28:01.384 [http-nio-8080-exec-8] DEBUG c.p.mapper.SysRoleMapper.selectList - ==> Parameters: 
2026-08-07 22:28:01.387 [http-nio-8080-exec-8] DEBUG c.p.mapper.SysRoleMapper.selectList - <==      Total: 5
2026-08-07 22:28:10.186 [http-nio-8080-exec-9] DEBUG o.s.security.web.FilterChainProxy - Securing PUT /users/1
2026-08-07 22:28:10.187 [http-nio-8080-exec-9] DEBUG c.p.mapper.SysUserMapper.selectList - ==>  Preparing: SELECT id,username,password,nickname,email,phone,status,create_time,update_time,version FROM sys_user WHERE (username = ?)
2026-08-07 22:28:10.187 [http-nio-8080-exec-9] DEBUG c.p.mapper.SysUserMapper.selectList - ==> Parameters: admin(String)
2026-08-07 22:28:10.193 [http-nio-8080-exec-9] DEBUG c.p.mapper.SysUserMapper.selectList - <==      Total: 1
2026-08-07 22:28:10.194 [http-nio-8080-exec-9] DEBUG c.p.m.SysUserRoleMapper.selectList - ==>  Preparing: SELECT id,user_id,role_id FROM sys_user_role WHERE (user_id = ?)
2026-08-07 22:28:10.194 [http-nio-8080-exec-9] DEBUG c.p.m.SysUserRoleMapper.selectList - ==> Parameters: 1(Long)
2026-08-07 22:28:10.195 [http-nio-8080-exec-9] DEBUG c.p.m.SysUserRoleMapper.selectList - <==      Total: 1
2026-08-07 22:28:10.195 [http-nio-8080-exec-9] DEBUG c.p.mapper.SysRoleMapper.selectById - ==>  Preparing: SELECT id,name,code,description,status,create_time,update_time,version FROM sys_role WHERE id=?
2026-08-07 22:28:10.195 [http-nio-8080-exec-9] DEBUG c.p.mapper.SysRoleMapper.selectById - ==> Parameters: 1(Long)
2026-08-07 22:28:10.195 [http-nio-8080-exec-9] DEBUG c.p.mapper.SysRoleMapper.selectById - <==      Total: 1
2026-08-07 22:28:10.195 [http-nio-8080-exec-9] DEBUG c.p.m.S.selectMenuByRoleId - ==>  Preparing: SELECT m.* FROM sys_menu m INNER JOIN sys_role_menu rm ON m.id = rm.menu_id WHERE rm.role_id = ?
2026-08-07 22:28:10.197 [http-nio-8080-exec-9] DEBUG c.p.m.S.selectMenuByRoleId - ==> Parameters: 1(Long)
2026-08-07 22:28:10.197 [http-nio-8080-exec-9] DEBUG c.p.m.S.selectMenuByRoleId - <==      Total: 22
2026-08-07 22:28:10.197 [http-nio-8080-exec-9] DEBUG o.s.security.web.FilterChainProxy - Secured PUT /users/1
2026-08-07 22:28:10.197 [http-nio-8080-exec-9] WARN  c.p.exception.GlobalExceptionHandler - [非法参数] PUT /users/1 — Name for argument of type [java.lang.Long] not specified, and parameter name information not found in class file either.
2026-08-07 22:28:49.279 [http-nio-8080-exec-10] DEBUG o.s.security.web.FilterChainProxy - Securing GET /menus/tree
2026-08-07 22:28:49.282 [http-nio-8080-exec-10] DEBUG c.p.mapper.SysUserMapper.selectList - ==>  Preparing: SELECT id,username,password,nickname,email,phone,status,create_time,update_time,version FROM sys_user WHERE (username = ?)
2026-08-07 22:28:49.283 [http-nio-8080-exec-10] DEBUG c.p.mapper.SysUserMapper.selectList - ==> Parameters: admin(String)
2026-08-07 22:28:49.284 [http-nio-8080-exec-10] DEBUG c.p.mapper.SysUserMapper.selectList - <==      Total: 1
2026-08-07 22:28:49.284 [http-nio-8080-exec-10] DEBUG c.p.m.SysUserRoleMapper.selectList - ==>  Preparing: SELECT id,user_id,role_id FROM sys_user_role WHERE (user_id = ?)
2026-08-07 22:28:49.285 [http-nio-8080-exec-10] DEBUG c.p.m.SysUserRoleMapper.selectList - ==> Parameters: 1(Long)
2026-08-07 22:28:49.285 [http-nio-8080-exec-10] DEBUG c.p.m.SysUserRoleMapper.selectList - <==      Total: 1
2026-08-07 22:28:49.286 [http-nio-8080-exec-10] DEBUG c.p.mapper.SysRoleMapper.selectById - ==>  Preparing: SELECT id,name,code,description,status,create_time,update_time,version FROM sys_role WHERE id=?
2026-08-07 22:28:49.286 [http-nio-8080-exec-10] DEBUG c.p.mapper.SysRoleMapper.selectById - ==> Parameters: 1(Long)
2026-08-07 22:28:49.286 [http-nio-8080-exec-10] DEBUG c.p.mapper.SysRoleMapper.selectById - <==      Total: 1
2026-08-07 22:28:49.286 [http-nio-8080-exec-10] DEBUG c.p.m.S.selectMenuByRoleId - ==>  Preparing: SELECT m.* FROM sys_menu m INNER JOIN sys_role_menu rm ON m.id = rm.menu_id WHERE rm.role_id = ?
2026-08-07 22:28:49.286 [http-nio-8080-exec-10] DEBUG c.p.m.S.selectMenuByRoleId - ==> Parameters: 1(Long)
2026-08-07 22:28:49.288 [http-nio-8080-exec-10] DEBUG c.p.m.S.selectMenuByRoleId - <==      Total: 22
2026-08-07 22:28:49.289 [http-nio-8080-exec-10] DEBUG o.s.security.web.FilterChainProxy - Secured GET /menus/tree
2026-08-07 22:28:49.289 [http-nio-8080-exec-10] DEBUG c.p.mapper.SysMenuMapper.selectList - ==>  Preparing: SELECT id,parent_id,name,path,component,icon,permission,sort,type,status,create_time,update_time,version FROM sys_menu ORDER BY sort ASC
2026-08-07 22:28:49.289 [http-nio-8080-exec-10] DEBUG c.p.mapper.SysMenuMapper.selectList - ==> Parameters: 
2026-08-07 22:28:49.290 [http-nio-8080-exec-10] DEBUG c.p.mapper.SysMenuMapper.selectList - <==      Total: 22
2026-08-07 22:28:49.385 [http-nio-8080-exec-1] DEBUG o.s.security.web.FilterChainProxy - Securing GET /users
2026-08-07 22:28:49.386 [http-nio-8080-exec-1] DEBUG c.p.mapper.SysUserMapper.selectList - ==>  Preparing: SELECT id,username,password,nickname,email,phone,status,create_time,update_time,version FROM sys_user WHERE (username = ?)
2026-08-07 22:28:49.386 [http-nio-8080-exec-1] DEBUG c.p.mapper.SysUserMapper.selectList - ==> Parameters: admin(String)
2026-08-07 22:28:49.387 [http-nio-8080-exec-1] DEBUG c.p.mapper.SysUserMapper.selectList - <==      Total: 1
2026-08-07 22:28:49.387 [http-nio-8080-exec-1] DEBUG c.p.m.SysUserRoleMapper.selectList - ==>  Preparing: SELECT id,user_id,role_id FROM sys_user_role WHERE (user_id = ?)
2026-08-07 22:28:49.388 [http-nio-8080-exec-1] DEBUG c.p.m.SysUserRoleMapper.selectList - ==> Parameters: 1(Long)
2026-08-07 22:28:49.388 [http-nio-8080-exec-1] DEBUG c.p.m.SysUserRoleMapper.selectList - <==      Total: 1
2026-08-07 22:28:49.388 [http-nio-8080-exec-1] DEBUG c.p.mapper.SysRoleMapper.selectById - ==>  Preparing: SELECT id,name,code,description,status,create_time,update_time,version FROM sys_role WHERE id=?
2026-08-07 22:28:49.388 [http-nio-8080-exec-1] DEBUG c.p.mapper.SysRoleMapper.selectById - ==> Parameters: 1(Long)
2026-08-07 22:28:49.388 [http-nio-8080-exec-1] DEBUG c.p.mapper.SysRoleMapper.selectById - <==      Total: 1
2026-08-07 22:28:49.390 [http-nio-8080-exec-1] DEBUG c.p.m.S.selectMenuByRoleId - ==>  Preparing: SELECT m.* FROM sys_menu m INNER JOIN sys_role_menu rm ON m.id = rm.menu_id WHERE rm.role_id = ?
2026-08-07 22:28:49.390 [http-nio-8080-exec-1] DEBUG c.p.m.S.selectMenuByRoleId - ==> Parameters: 1(Long)
2026-08-07 22:28:49.390 [http-nio-8080-exec-1] DEBUG c.p.m.S.selectMenuByRoleId - <==      Total: 22
2026-08-07 22:28:49.391 [http-nio-8080-exec-1] DEBUG o.s.security.web.FilterChainProxy - Secured GET /users
2026-08-07 22:28:49.392 [http-nio-8080-exec-1] DEBUG c.p.mapper.SysUserMapper.selectList - ==>  Preparing: SELECT id,username,password,nickname,email,phone,status,create_time,update_time,version FROM sys_user ORDER BY id ASC
2026-08-07 22:28:49.393 [http-nio-8080-exec-1] DEBUG c.p.mapper.SysUserMapper.selectList - ==> Parameters: 
2026-08-07 22:28:49.394 [http-nio-8080-exec-1] DEBUG c.p.mapper.SysUserMapper.selectList - <==      Total: 8
2026-08-07 22:28:49.396 [http-nio-8080-exec-1] DEBUG c.p.m.SysUserRoleMapper.selectList - ==>  Preparing: SELECT id,user_id,role_id FROM sys_user_role WHERE (user_id = ?) LIMIT 1
2026-08-07 22:28:49.396 [http-nio-8080-exec-1] DEBUG c.p.m.SysUserRoleMapper.selectList - ==> Parameters: 1(Long)
2026-08-07 22:28:49.398 [http-nio-8080-exec-1] DEBUG c.p.m.SysUserRoleMapper.selectList - <==      Total: 1
2026-08-07 22:28:49.398 [http-nio-8080-exec-1] DEBUG c.p.mapper.SysRoleMapper.selectById - ==>  Preparing: SELECT id,name,code,description,status,create_time,update_time,version FROM sys_role WHERE id=?
2026-08-07 22:28:49.398 [http-nio-8080-exec-1] DEBUG c.p.mapper.SysRoleMapper.selectById - ==> Parameters: 1(Long)
2026-08-07 22:28:49.398 [http-nio-8080-exec-1] DEBUG c.p.mapper.SysRoleMapper.selectById - <==      Total: 1
2026-08-07 22:28:49.398 [http-nio-8080-exec-1] DEBUG c.p.m.SysUserRoleMapper.selectList - ==>  Preparing: SELECT id,user_id,role_id FROM sys_user_role WHERE (user_id = ?) LIMIT 1
2026-08-07 22:28:49.398 [http-nio-8080-exec-1] DEBUG c.p.m.SysUserRoleMapper.selectList - ==> Parameters: 2(Long)
2026-08-07 22:28:49.398 [http-nio-8080-exec-1] DEBUG c.p.m.SysUserRoleMapper.selectList - <==      Total: 1
2026-08-07 22:28:49.398 [http-nio-8080-exec-1] DEBUG c.p.mapper.SysRoleMapper.selectById - ==>  Preparing: SELECT id,name,code,description,status,create_time,update_time,version FROM sys_role WHERE id=?
2026-08-07 22:28:49.398 [http-nio-8080-exec-1] DEBUG c.p.mapper.SysRoleMapper.selectById - ==> Parameters: 2(Long)
2026-08-07 22:28:49.398 [http-nio-8080-exec-1] DEBUG c.p.mapper.SysRoleMapper.selectById - <==      Total: 1
2026-08-07 22:28:49.398 [http-nio-8080-exec-1] DEBUG c.p.m.SysUserRoleMapper.selectList - ==>  Preparing: SELECT id,user_id,role_id FROM sys_user_role WHERE (user_id = ?) LIMIT 1
2026-08-07 22:28:49.398 [http-nio-8080-exec-1] DEBUG c.p.m.SysUserRoleMapper.selectList - ==> Parameters: 3(Long)
2026-08-07 22:28:49.403 [http-nio-8080-exec-1] DEBUG c.p.m.SysUserRoleMapper.selectList - <==      Total: 1
2026-08-07 22:28:49.403 [http-nio-8080-exec-1] DEBUG c.p.mapper.SysRoleMapper.selectById - ==>  Preparing: SELECT id,name,code,description,status,create_time,update_time,version FROM sys_role WHERE id=?
2026-08-07 22:28:49.403 [http-nio-8080-exec-1] DEBUG c.p.mapper.SysRoleMapper.selectById - ==> Parameters: 3(Long)
2026-08-07 22:28:49.403 [http-nio-8080-exec-1] DEBUG c.p.mapper.SysRoleMapper.selectById - <==      Total: 1
2026-08-07 22:28:49.404 [http-nio-8080-exec-1] DEBUG c.p.m.SysUserRoleMapper.selectList - ==>  Preparing: SELECT id,user_id,role_id FROM sys_user_role WHERE (user_id = ?) LIMIT 1
2026-08-07 22:28:49.404 [http-nio-8080-exec-1] DEBUG c.p.m.SysUserRoleMapper.selectList - ==> Parameters: 4(Long)
2026-08-07 22:28:49.405 [http-nio-8080-exec-1] DEBUG c.p.m.SysUserRoleMapper.selectList - <==      Total: 1
2026-08-07 22:28:49.405 [http-nio-8080-exec-1] DEBUG c.p.mapper.SysRoleMapper.selectById - ==>  Preparing: SELECT id,name,code,description,status,create_time,update_time,version FROM sys_role WHERE id=?
2026-08-07 22:28:49.405 [http-nio-8080-exec-1] DEBUG c.p.mapper.SysRoleMapper.selectById - ==> Parameters: 2(Long)
2026-08-07 22:28:49.406 [http-nio-8080-exec-1] DEBUG c.p.mapper.SysRoleMapper.selectById - <==      Total: 1
2026-08-07 22:28:49.406 [http-nio-8080-exec-1] DEBUG c.p.m.SysUserRoleMapper.selectList - ==>  Preparing: SELECT id,user_id,role_id FROM sys_user_role WHERE (user_id = ?) LIMIT 1
2026-08-07 22:28:49.406 [http-nio-8080-exec-1] DEBUG c.p.m.SysUserRoleMapper.selectList - ==> Parameters: 5(Long)
2026-08-07 22:28:49.406 [http-nio-8080-exec-1] DEBUG c.p.m.SysUserRoleMapper.selectList - <==      Total: 1
2026-08-07 22:28:49.406 [http-nio-8080-exec-1] DEBUG c.p.mapper.SysRoleMapper.selectById - ==>  Preparing: SELECT id,name,code,description,status,create_time,update_time,version FROM sys_role WHERE id=?
2026-08-07 22:28:49.406 [http-nio-8080-exec-1] DEBUG c.p.mapper.SysRoleMapper.selectById - ==> Parameters: 3(Long)
2026-08-07 22:28:49.408 [http-nio-8080-exec-1] DEBUG c.p.mapper.SysRoleMapper.selectById - <==      Total: 1
2026-08-07 22:28:49.408 [http-nio-8080-exec-1] DEBUG c.p.m.SysUserRoleMapper.selectList - ==>  Preparing: SELECT id,user_id,role_id FROM sys_user_role WHERE (user_id = ?) LIMIT 1
2026-08-07 22:28:49.408 [http-nio-8080-exec-1] DEBUG c.p.m.SysUserRoleMapper.selectList - ==> Parameters: 6(Long)
2026-08-07 22:28:49.408 [http-nio-8080-exec-1] DEBUG c.p.m.SysUserRoleMapper.selectList - <==      Total: 1
2026-08-07 22:28:49.408 [http-nio-8080-exec-1] DEBUG c.p.mapper.SysRoleMapper.selectById - ==>  Preparing: SELECT id,name,code,description,status,create_time,update_time,version FROM sys_role WHERE id=?
2026-08-07 22:28:49.408 [http-nio-8080-exec-1] DEBUG c.p.mapper.SysRoleMapper.selectById - ==> Parameters: 2(Long)
2026-08-07 22:28:49.409 [http-nio-8080-exec-1] DEBUG c.p.mapper.SysRoleMapper.selectById - <==      Total: 1
2026-08-07 22:28:49.409 [http-nio-8080-exec-1] DEBUG c.p.m.SysUserRoleMapper.selectList - ==>  Preparing: SELECT id,user_id,role_id FROM sys_user_role WHERE (user_id = ?) LIMIT 1
2026-08-07 22:28:49.409 [http-nio-8080-exec-1] DEBUG c.p.m.SysUserRoleMapper.selectList - ==> Parameters: 7(Long)
2026-08-07 22:28:49.409 [http-nio-8080-exec-1] DEBUG c.p.m.SysUserRoleMapper.selectList - <==      Total: 1
2026-08-07 22:28:49.409 [http-nio-8080-exec-1] DEBUG c.p.mapper.SysRoleMapper.selectById - ==>  Preparing: SELECT id,name,code,description,status,create_time,update_time,version FROM sys_role WHERE id=?
2026-08-07 22:28:49.409 [http-nio-8080-exec-1] DEBUG c.p.mapper.SysRoleMapper.selectById - ==> Parameters: 4(Long)
2026-08-07 22:28:49.409 [http-nio-8080-exec-1] DEBUG c.p.mapper.SysRoleMapper.selectById - <==      Total: 1
2026-08-07 22:28:49.410 [http-nio-8080-exec-1] DEBUG c.p.m.SysUserRoleMapper.selectList - ==>  Preparing: SELECT id,user_id,role_id FROM sys_user_role WHERE (user_id = ?) LIMIT 1
2026-08-07 22:28:49.410 [http-nio-8080-exec-1] DEBUG c.p.m.SysUserRoleMapper.selectList - ==> Parameters: 8(Long)
2026-08-07 22:28:49.410 [http-nio-8080-exec-1] DEBUG c.p.m.SysUserRoleMapper.selectList - <==      Total: 1
2026-08-07 22:28:49.410 [http-nio-8080-exec-1] DEBUG c.p.mapper.SysRoleMapper.selectById - ==>  Preparing: SELECT id,name,code,description,status,create_time,update_time,version FROM sys_role WHERE id=?
2026-08-07 22:28:49.410 [http-nio-8080-exec-1] DEBUG c.p.mapper.SysRoleMapper.selectById - ==> Parameters: 5(Long)
2026-08-07 22:28:49.410 [http-nio-8080-exec-1] DEBUG c.p.mapper.SysRoleMapper.selectById - <==      Total: 1
2026-08-07 22:28:51.557 [http-nio-8080-exec-2] DEBUG o.s.security.web.FilterChainProxy - Securing GET /roles
2026-08-07 22:28:51.558 [http-nio-8080-exec-2] DEBUG c.p.mapper.SysUserMapper.selectList - ==>  Preparing: SELECT id,username,password,nickname,email,phone,status,create_time,update_time,version FROM sys_user WHERE (username = ?)
2026-08-07 22:28:51.559 [http-nio-8080-exec-2] DEBUG c.p.mapper.SysUserMapper.selectList - ==> Parameters: admin(String)
2026-08-07 22:28:51.560 [http-nio-8080-exec-2] DEBUG c.p.mapper.SysUserMapper.selectList - <==      Total: 1
2026-08-07 22:28:51.560 [http-nio-8080-exec-2] DEBUG c.p.m.SysUserRoleMapper.selectList - ==>  Preparing: SELECT id,user_id,role_id FROM sys_user_role WHERE (user_id = ?)
2026-08-07 22:28:51.560 [http-nio-8080-exec-2] DEBUG c.p.m.SysUserRoleMapper.selectList - ==> Parameters: 1(Long)
2026-08-07 22:28:51.560 [http-nio-8080-exec-2] DEBUG c.p.m.SysUserRoleMapper.selectList - <==      Total: 1
2026-08-07 22:28:51.560 [http-nio-8080-exec-2] DEBUG c.p.mapper.SysRoleMapper.selectById - ==>  Preparing: SELECT id,name,code,description,status,create_time,update_time,version FROM sys_role WHERE id=?
2026-08-07 22:28:51.560 [http-nio-8080-exec-2] DEBUG c.p.mapper.SysRoleMapper.selectById - ==> Parameters: 1(Long)
2026-08-07 22:28:51.563 [http-nio-8080-exec-2] DEBUG c.p.mapper.SysRoleMapper.selectById - <==      Total: 1
2026-08-07 22:28:51.563 [http-nio-8080-exec-2] DEBUG c.p.m.S.selectMenuByRoleId - ==>  Preparing: SELECT m.* FROM sys_menu m INNER JOIN sys_role_menu rm ON m.id = rm.menu_id WHERE rm.role_id = ?
2026-08-07 22:28:51.563 [http-nio-8080-exec-2] DEBUG c.p.m.S.selectMenuByRoleId - ==> Parameters: 1(Long)
2026-08-07 22:28:51.563 [http-nio-8080-exec-2] DEBUG c.p.m.S.selectMenuByRoleId - <==      Total: 22
2026-08-07 22:28:51.563 [http-nio-8080-exec-2] DEBUG o.s.security.web.FilterChainProxy - Secured GET /roles
2026-08-07 22:28:51.563 [http-nio-8080-exec-2] DEBUG c.p.mapper.SysRoleMapper.selectList - ==>  Preparing: SELECT id,name,code,description,status,create_time,update_time,version FROM sys_role ORDER BY id ASC
2026-08-07 22:28:51.563 [http-nio-8080-exec-2] DEBUG c.p.mapper.SysRoleMapper.selectList - ==> Parameters: 
2026-08-07 22:28:51.566 [http-nio-8080-exec-2] DEBUG c.p.mapper.SysRoleMapper.selectList - <==      Total: 5
2026-08-07 22:30:23.362 [SpringApplicationShutdownHook] INFO  com.zaxxer.hikari.HikariDataSource - HikariPool-1 - Shutdown initiated...
2026-08-07 22:30:23.367 [SpringApplicationShutdownHook] INFO  com.zaxxer.hikari.HikariDataSource - HikariPool-1 - Shutdown completed.
2026-08-07 22:30:29.673 [background-preinit] INFO  o.h.validator.internal.util.Version - HV000001: Hibernate Validator 8.0.1.Final
2026-08-07 22:30:29.700 [main] INFO  com.pes.PesApplication - Starting PesApplication using Java 17.0.12 with PID 31352 (E:\PES\pes-java\target\classes started by ASUS in E:\PES)
2026-08-07 22:30:29.701 [main] DEBUG com.pes.PesApplication - Running with Spring Boot v3.2.0, Spring v6.1.1
2026-08-07 22:30:29.701 [main] INFO  com.pes.PesApplication - The following 1 profile is active: "dev"
2026-08-07 22:30:30.207 [main] INFO  o.s.d.r.c.RepositoryConfigurationDelegate - Multiple Spring Data modules found, entering strict repository configuration mode
2026-08-07 22:30:30.208 [main] INFO  o.s.d.r.c.RepositoryConfigurationDelegate - Bootstrapping Spring Data Redis repositories in DEFAULT mode.
2026-08-07 22:30:30.234 [main] INFO  o.s.d.r.c.RepositoryConfigurationDelegate - Finished Spring Data repository scanning in 16 ms. Found 0 Redis repository interfaces.
2026-08-07 22:30:30.771 [main] INFO  o.s.b.w.e.tomcat.TomcatWebServer - Tomcat initialized with port 8080 (http)
2026-08-07 22:30:30.776 [main] INFO  o.a.coyote.http11.Http11NioProtocol - Initializing ProtocolHandler ["http-nio-8080"]
2026-08-07 22:30:30.777 [main] INFO  o.a.catalina.core.StandardService - Starting service [Tomcat]
2026-08-07 22:30:30.777 [main] INFO  o.a.catalina.core.StandardEngine - Starting Servlet engine: [Apache Tomcat/10.1.16]
2026-08-07 22:30:30.824 [main] INFO  o.a.c.c.C.[Tomcat].[localhost].[/] - Initializing Spring embedded WebApplicationContext
2026-08-07 22:30:30.824 [main] INFO  o.s.b.w.s.c.ServletWebServerApplicationContext - Root WebApplicationContext: initialization completed in 1093 ms
2026-08-07 22:30:30.949 [main] INFO  com.zaxxer.hikari.HikariDataSource - HikariPool-1 - Starting...
2026-08-07 22:30:31.156 [main] INFO  com.zaxxer.hikari.pool.HikariPool - HikariPool-1 - Added connection com.mysql.cj.jdbc.ConnectionImpl@7752c0e7
2026-08-07 22:30:31.158 [main] INFO  com.zaxxer.hikari.HikariDataSource - HikariPool-1 - Start completed.
2026-08-07 22:30:31.378 [main] DEBUG c.p.s.filter.JwtAuthenticationFilter - Filter 'jwtAuthenticationFilter' configured for use
2026-08-07 22:30:31.925 [main] INFO  com.pes.utils.RedisUtils - Redis 连接成功
2026-08-07 22:30:32.259 [main] INFO  o.s.s.web.DefaultSecurityFilterChain - Will secure any request with [org.springframework.security.web.session.DisableEncodeUrlFilter@6c3884f5, org.springframework.security.web.context.request.async.WebAsyncManagerIntegrationFilter@6778636f, org.springframework.security.web.context.SecurityContextHolderFilter@3c65f2e1, org.springframework.security.web.header.HeaderWriterFilter@1299c874, org.springframework.web.filter.CorsFilter@6814262d, com.pes.security.filter.JwtAuthenticationFilter@7c4ca87c, org.springframework.security.web.savedrequest.RequestCacheAwareFilter@78f1d29, org.springframework.security.web.servletapi.SecurityContextHolderAwareRequestFilter@76c85485, org.springframework.security.web.authentication.AnonymousAuthenticationFilter@2dbf8cfc, org.springframework.security.web.session.SessionManagementFilter@7f09ff10, org.springframework.security.web.access.ExceptionTranslationFilter@362fd4e9, org.springframework.security.web.access.intercept.AuthorizationFilter@579ee82]
2026-08-07 22:30:32.489 [main] INFO  o.a.coyote.http11.Http11NioProtocol - Starting ProtocolHandler ["http-nio-8080"]
2026-08-07 22:30:32.498 [main] INFO  o.s.b.w.e.tomcat.TomcatWebServer - Tomcat started on port 8080 (http) with context path ''
2026-08-07 22:30:32.504 [main] INFO  com.pes.PesApplication - Started PesApplication in 3.165 seconds (process running for 3.834)
2026-08-07 22:30:45.893 [http-nio-8080-exec-1] INFO  o.a.c.c.C.[Tomcat].[localhost].[/] - Initializing Spring DispatcherServlet 'dispatcherServlet'
2026-08-07 22:30:45.893 [http-nio-8080-exec-1] INFO  o.s.web.servlet.DispatcherServlet - Initializing Servlet 'dispatcherServlet'
2026-08-07 22:30:45.894 [http-nio-8080-exec-1] INFO  o.s.web.servlet.DispatcherServlet - Completed initialization in 1 ms
2026-08-07 22:30:45.900 [http-nio-8080-exec-1] DEBUG o.s.security.web.FilterChainProxy - Securing GET /menus/tree
2026-08-07 22:30:46.015 [http-nio-8080-exec-1] DEBUG c.p.mapper.SysUserMapper.selectList - ==>  Preparing: SELECT id,username,password,nickname,email,phone,status,create_time,update_time,version FROM sys_user WHERE (username = ?)
2026-08-07 22:30:46.027 [http-nio-8080-exec-1] DEBUG c.p.mapper.SysUserMapper.selectList - ==> Parameters: admin(String)
2026-08-07 22:30:46.043 [http-nio-8080-exec-1] DEBUG c.p.mapper.SysUserMapper.selectList - <==      Total: 1
2026-08-07 22:30:46.047 [http-nio-8080-exec-1] DEBUG c.p.m.SysUserRoleMapper.selectList - ==>  Preparing: SELECT id,user_id,role_id FROM sys_user_role WHERE (user_id = ?)
2026-08-07 22:30:46.047 [http-nio-8080-exec-1] DEBUG c.p.m.SysUserRoleMapper.selectList - ==> Parameters: 1(Long)
2026-08-07 22:30:46.048 [http-nio-8080-exec-1] DEBUG c.p.m.SysUserRoleMapper.selectList - <==      Total: 1
2026-08-07 22:30:46.049 [http-nio-8080-exec-1] DEBUG c.p.mapper.SysRoleMapper.selectById - ==>  Preparing: SELECT id,name,code,description,status,create_time,update_time,version FROM sys_role WHERE id=?
2026-08-07 22:30:46.050 [http-nio-8080-exec-1] DEBUG c.p.mapper.SysRoleMapper.selectById - ==> Parameters: 1(Long)
2026-08-07 22:30:46.051 [http-nio-8080-exec-1] DEBUG c.p.mapper.SysRoleMapper.selectById - <==      Total: 1
2026-08-07 22:30:46.051 [http-nio-8080-exec-1] DEBUG c.p.m.S.selectMenuByRoleId - ==>  Preparing: SELECT m.* FROM sys_menu m INNER JOIN sys_role_menu rm ON m.id = rm.menu_id WHERE rm.role_id = ?
2026-08-07 22:30:46.051 [http-nio-8080-exec-1] DEBUG c.p.m.S.selectMenuByRoleId - ==> Parameters: 1(Long)
2026-08-07 22:30:46.058 [http-nio-8080-exec-1] DEBUG c.p.m.S.selectMenuByRoleId - <==      Total: 22
2026-08-07 22:30:46.068 [http-nio-8080-exec-1] DEBUG o.s.security.web.FilterChainProxy - Secured GET /menus/tree
2026-08-07 22:30:46.081 [http-nio-8080-exec-1] DEBUG c.p.mapper.SysMenuMapper.selectList - ==>  Preparing: SELECT id,parent_id,name,path,component,icon,permission,sort,type,status,create_time,update_time,version FROM sys_menu ORDER BY sort ASC
2026-08-07 22:30:46.082 [http-nio-8080-exec-1] DEBUG c.p.mapper.SysMenuMapper.selectList - ==> Parameters: 
2026-08-07 22:30:46.084 [http-nio-8080-exec-1] DEBUG c.p.mapper.SysMenuMapper.selectList - <==      Total: 22
2026-08-07 22:30:46.302 [http-nio-8080-exec-2] DEBUG o.s.security.web.FilterChainProxy - Securing GET /users
2026-08-07 22:30:46.303 [http-nio-8080-exec-2] DEBUG c.p.mapper.SysUserMapper.selectList - ==>  Preparing: SELECT id,username,password,nickname,email,phone,status,create_time,update_time,version FROM sys_user WHERE (username = ?)
2026-08-07 22:30:46.303 [http-nio-8080-exec-2] DEBUG c.p.mapper.SysUserMapper.selectList - ==> Parameters: admin(String)
2026-08-07 22:30:46.305 [http-nio-8080-exec-2] DEBUG c.p.mapper.SysUserMapper.selectList - <==      Total: 1
2026-08-07 22:30:46.306 [http-nio-8080-exec-2] DEBUG c.p.m.SysUserRoleMapper.selectList - ==>  Preparing: SELECT id,user_id,role_id FROM sys_user_role WHERE (user_id = ?)
2026-08-07 22:30:46.306 [http-nio-8080-exec-2] DEBUG c.p.m.SysUserRoleMapper.selectList - ==> Parameters: 1(Long)
2026-08-07 22:30:46.306 [http-nio-8080-exec-2] DEBUG c.p.m.SysUserRoleMapper.selectList - <==      Total: 1
2026-08-07 22:30:46.307 [http-nio-8080-exec-2] DEBUG c.p.mapper.SysRoleMapper.selectById - ==>  Preparing: SELECT id,name,code,description,status,create_time,update_time,version FROM sys_role WHERE id=?
2026-08-07 22:30:46.307 [http-nio-8080-exec-2] DEBUG c.p.mapper.SysRoleMapper.selectById - ==> Parameters: 1(Long)
2026-08-07 22:30:46.307 [http-nio-8080-exec-2] DEBUG c.p.mapper.SysRoleMapper.selectById - <==      Total: 1
2026-08-07 22:30:46.308 [http-nio-8080-exec-2] DEBUG c.p.m.S.selectMenuByRoleId - ==>  Preparing: SELECT m.* FROM sys_menu m INNER JOIN sys_role_menu rm ON m.id = rm.menu_id WHERE rm.role_id = ?
2026-08-07 22:30:46.308 [http-nio-8080-exec-2] DEBUG c.p.m.S.selectMenuByRoleId - ==> Parameters: 1(Long)
2026-08-07 22:30:46.309 [http-nio-8080-exec-2] DEBUG c.p.m.S.selectMenuByRoleId - <==      Total: 22
2026-08-07 22:30:46.311 [http-nio-8080-exec-2] DEBUG o.s.security.web.FilterChainProxy - Secured GET /users
2026-08-07 22:30:46.316 [http-nio-8080-exec-2] DEBUG c.p.mapper.SysUserMapper.selectList - ==>  Preparing: SELECT id,username,password,nickname,email,phone,status,create_time,update_time,version FROM sys_user ORDER BY id ASC
2026-08-07 22:30:46.317 [http-nio-8080-exec-2] DEBUG c.p.mapper.SysUserMapper.selectList - ==> Parameters: 
2026-08-07 22:30:46.318 [http-nio-8080-exec-2] DEBUG c.p.mapper.SysUserMapper.selectList - <==      Total: 8
2026-08-07 22:30:46.319 [http-nio-8080-exec-2] DEBUG c.p.m.SysUserRoleMapper.selectList - ==>  Preparing: SELECT id,user_id,role_id FROM sys_user_role WHERE (user_id = ?) LIMIT 1
2026-08-07 22:30:46.319 [http-nio-8080-exec-2] DEBUG c.p.m.SysUserRoleMapper.selectList - ==> Parameters: 1(Long)
2026-08-07 22:30:46.319 [http-nio-8080-exec-2] DEBUG c.p.m.SysUserRoleMapper.selectList - <==      Total: 1
2026-08-07 22:30:46.319 [http-nio-8080-exec-2] DEBUG c.p.mapper.SysRoleMapper.selectById - ==>  Preparing: SELECT id,name,code,description,status,create_time,update_time,version FROM sys_role WHERE id=?
2026-08-07 22:30:46.319 [http-nio-8080-exec-2] DEBUG c.p.mapper.SysRoleMapper.selectById - ==> Parameters: 1(Long)
2026-08-07 22:30:46.320 [http-nio-8080-exec-2] DEBUG c.p.mapper.SysRoleMapper.selectById - <==      Total: 1
2026-08-07 22:30:46.320 [http-nio-8080-exec-2] DEBUG c.p.m.SysUserRoleMapper.selectList - ==>  Preparing: SELECT id,user_id,role_id FROM sys_user_role WHERE (user_id = ?) LIMIT 1
2026-08-07 22:30:46.321 [http-nio-8080-exec-2] DEBUG c.p.m.SysUserRoleMapper.selectList - ==> Parameters: 2(Long)
2026-08-07 22:30:46.321 [http-nio-8080-exec-2] DEBUG c.p.m.SysUserRoleMapper.selectList - <==      Total: 1
2026-08-07 22:30:46.321 [http-nio-8080-exec-2] DEBUG c.p.mapper.SysRoleMapper.selectById - ==>  Preparing: SELECT id,name,code,description,status,create_time,update_time,version FROM sys_role WHERE id=?
2026-08-07 22:30:46.321 [http-nio-8080-exec-2] DEBUG c.p.mapper.SysRoleMapper.selectById - ==> Parameters: 2(Long)
2026-08-07 22:30:46.322 [http-nio-8080-exec-2] DEBUG c.p.mapper.SysRoleMapper.selectById - <==      Total: 1
2026-08-07 22:30:46.322 [http-nio-8080-exec-2] DEBUG c.p.m.SysUserRoleMapper.selectList - ==>  Preparing: SELECT id,user_id,role_id FROM sys_user_role WHERE (user_id = ?) LIMIT 1
2026-08-07 22:30:46.323 [http-nio-8080-exec-2] DEBUG c.p.m.SysUserRoleMapper.selectList - ==> Parameters: 3(Long)
2026-08-07 22:30:46.323 [http-nio-8080-exec-2] DEBUG c.p.m.SysUserRoleMapper.selectList - <==      Total: 1
2026-08-07 22:30:46.323 [http-nio-8080-exec-2] DEBUG c.p.mapper.SysRoleMapper.selectById - ==>  Preparing: SELECT id,name,code,description,status,create_time,update_time,version FROM sys_role WHERE id=?
2026-08-07 22:30:46.324 [http-nio-8080-exec-2] DEBUG c.p.mapper.SysRoleMapper.selectById - ==> Parameters: 3(Long)
2026-08-07 22:30:46.326 [http-nio-8080-exec-2] DEBUG c.p.mapper.SysRoleMapper.selectById - <==      Total: 1
2026-08-07 22:30:46.327 [http-nio-8080-exec-2] DEBUG c.p.m.SysUserRoleMapper.selectList - ==>  Preparing: SELECT id,user_id,role_id FROM sys_user_role WHERE (user_id = ?) LIMIT 1
2026-08-07 22:30:46.327 [http-nio-8080-exec-2] DEBUG c.p.m.SysUserRoleMapper.selectList - ==> Parameters: 4(Long)
2026-08-07 22:30:46.328 [http-nio-8080-exec-2] DEBUG c.p.m.SysUserRoleMapper.selectList - <==      Total: 1
2026-08-07 22:30:46.328 [http-nio-8080-exec-2] DEBUG c.p.mapper.SysRoleMapper.selectById - ==>  Preparing: SELECT id,name,code,description,status,create_time,update_time,version FROM sys_role WHERE id=?
2026-08-07 22:30:46.328 [http-nio-8080-exec-2] DEBUG c.p.mapper.SysRoleMapper.selectById - ==> Parameters: 2(Long)
2026-08-07 22:30:46.329 [http-nio-8080-exec-2] DEBUG c.p.mapper.SysRoleMapper.selectById - <==      Total: 1
2026-08-07 22:30:46.329 [http-nio-8080-exec-2] DEBUG c.p.m.SysUserRoleMapper.selectList - ==>  Preparing: SELECT id,user_id,role_id FROM sys_user_role WHERE (user_id = ?) LIMIT 1
2026-08-07 22:30:46.329 [http-nio-8080-exec-2] DEBUG c.p.m.SysUserRoleMapper.selectList - ==> Parameters: 5(Long)
2026-08-07 22:30:46.330 [http-nio-8080-exec-2] DEBUG c.p.m.SysUserRoleMapper.selectList - <==      Total: 1
2026-08-07 22:30:46.330 [http-nio-8080-exec-2] DEBUG c.p.mapper.SysRoleMapper.selectById - ==>  Preparing: SELECT id,name,code,description,status,create_time,update_time,version FROM sys_role WHERE id=?
2026-08-07 22:30:46.330 [http-nio-8080-exec-2] DEBUG c.p.mapper.SysRoleMapper.selectById - ==> Parameters: 3(Long)
2026-08-07 22:30:46.331 [http-nio-8080-exec-2] DEBUG c.p.mapper.SysRoleMapper.selectById - <==      Total: 1
2026-08-07 22:30:46.331 [http-nio-8080-exec-2] DEBUG c.p.m.SysUserRoleMapper.selectList - ==>  Preparing: SELECT id,user_id,role_id FROM sys_user_role WHERE (user_id = ?) LIMIT 1
2026-08-07 22:30:46.331 [http-nio-8080-exec-2] DEBUG c.p.m.SysUserRoleMapper.selectList - ==> Parameters: 6(Long)
2026-08-07 22:30:46.331 [http-nio-8080-exec-2] DEBUG c.p.m.SysUserRoleMapper.selectList - <==      Total: 1
2026-08-07 22:30:46.331 [http-nio-8080-exec-2] DEBUG c.p.mapper.SysRoleMapper.selectById - ==>  Preparing: SELECT id,name,code,description,status,create_time,update_time,version FROM sys_role WHERE id=?
2026-08-07 22:30:46.331 [http-nio-8080-exec-2] DEBUG c.p.mapper.SysRoleMapper.selectById - ==> Parameters: 2(Long)
2026-08-07 22:30:46.332 [http-nio-8080-exec-2] DEBUG c.p.mapper.SysRoleMapper.selectById - <==      Total: 1
2026-08-07 22:30:46.332 [http-nio-8080-exec-2] DEBUG c.p.m.SysUserRoleMapper.selectList - ==>  Preparing: SELECT id,user_id,role_id FROM sys_user_role WHERE (user_id = ?) LIMIT 1
2026-08-07 22:30:46.332 [http-nio-8080-exec-2] DEBUG c.p.m.SysUserRoleMapper.selectList - ==> Parameters: 7(Long)
2026-08-07 22:30:46.333 [http-nio-8080-exec-2] DEBUG c.p.m.SysUserRoleMapper.selectList - <==      Total: 1
2026-08-07 22:30:46.333 [http-nio-8080-exec-2] DEBUG c.p.mapper.SysRoleMapper.selectById - ==>  Preparing: SELECT id,name,code,description,status,create_time,update_time,version FROM sys_role WHERE id=?
2026-08-07 22:30:46.333 [http-nio-8080-exec-2] DEBUG c.p.mapper.SysRoleMapper.selectById - ==> Parameters: 4(Long)
2026-08-07 22:30:46.335 [http-nio-8080-exec-2] DEBUG c.p.mapper.SysRoleMapper.selectById - <==      Total: 1
2026-08-07 22:30:46.335 [http-nio-8080-exec-2] DEBUG c.p.m.SysUserRoleMapper.selectList - ==>  Preparing: SELECT id,user_id,role_id FROM sys_user_role WHERE (user_id = ?) LIMIT 1
2026-08-07 22:30:46.335 [http-nio-8080-exec-2] DEBUG c.p.m.SysUserRoleMapper.selectList - ==> Parameters: 8(Long)
2026-08-07 22:30:46.336 [http-nio-8080-exec-2] DEBUG c.p.m.SysUserRoleMapper.selectList - <==      Total: 1
2026-08-07 22:30:46.336 [http-nio-8080-exec-2] DEBUG c.p.mapper.SysRoleMapper.selectById - ==>  Preparing: SELECT id,name,code,description,status,create_time,update_time,version FROM sys_role WHERE id=?
2026-08-07 22:30:46.336 [http-nio-8080-exec-2] DEBUG c.p.mapper.SysRoleMapper.selectById - ==> Parameters: 5(Long)
2026-08-07 22:30:46.337 [http-nio-8080-exec-2] DEBUG c.p.mapper.SysRoleMapper.selectById - <==      Total: 1
2026-08-07 22:30:53.481 [http-nio-8080-exec-3] DEBUG o.s.security.web.FilterChainProxy - Securing GET /menus/tree
2026-08-07 22:30:53.484 [http-nio-8080-exec-3] DEBUG c.p.mapper.SysUserMapper.selectList - ==>  Preparing: SELECT id,username,password,nickname,email,phone,status,create_time,update_time,version FROM sys_user WHERE (username = ?)
2026-08-07 22:30:53.484 [http-nio-8080-exec-3] DEBUG c.p.mapper.SysUserMapper.selectList - ==> Parameters: admin(String)
2026-08-07 22:30:53.485 [http-nio-8080-exec-3] DEBUG c.p.mapper.SysUserMapper.selectList - <==      Total: 1
2026-08-07 22:30:53.487 [http-nio-8080-exec-3] DEBUG c.p.m.SysUserRoleMapper.selectList - ==>  Preparing: SELECT id,user_id,role_id FROM sys_user_role WHERE (user_id = ?)
2026-08-07 22:30:53.487 [http-nio-8080-exec-3] DEBUG c.p.m.SysUserRoleMapper.selectList - ==> Parameters: 1(Long)
2026-08-07 22:30:53.488 [http-nio-8080-exec-3] DEBUG c.p.m.SysUserRoleMapper.selectList - <==      Total: 1
2026-08-07 22:30:53.488 [http-nio-8080-exec-3] DEBUG c.p.mapper.SysRoleMapper.selectById - ==>  Preparing: SELECT id,name,code,description,status,create_time,update_time,version FROM sys_role WHERE id=?
2026-08-07 22:30:53.488 [http-nio-8080-exec-3] DEBUG c.p.mapper.SysRoleMapper.selectById - ==> Parameters: 1(Long)
2026-08-07 22:30:53.489 [http-nio-8080-exec-3] DEBUG c.p.mapper.SysRoleMapper.selectById - <==      Total: 1
2026-08-07 22:30:53.490 [http-nio-8080-exec-3] DEBUG c.p.m.S.selectMenuByRoleId - ==>  Preparing: SELECT m.* FROM sys_menu m INNER JOIN sys_role_menu rm ON m.id = rm.menu_id WHERE rm.role_id = ?
2026-08-07 22:30:53.490 [http-nio-8080-exec-3] DEBUG c.p.m.S.selectMenuByRoleId - ==> Parameters: 1(Long)
2026-08-07 22:30:53.493 [http-nio-8080-exec-3] DEBUG c.p.m.S.selectMenuByRoleId - <==      Total: 22
2026-08-07 22:30:53.494 [http-nio-8080-exec-3] DEBUG o.s.security.web.FilterChainProxy - Secured GET /menus/tree
2026-08-07 22:30:53.495 [http-nio-8080-exec-3] DEBUG c.p.mapper.SysMenuMapper.selectList - ==>  Preparing: SELECT id,parent_id,name,path,component,icon,permission,sort,type,status,create_time,update_time,version FROM sys_menu ORDER BY sort ASC
2026-08-07 22:30:53.496 [http-nio-8080-exec-3] DEBUG c.p.mapper.SysMenuMapper.selectList - ==> Parameters: 
2026-08-07 22:30:53.499 [http-nio-8080-exec-3] DEBUG c.p.mapper.SysMenuMapper.selectList - <==      Total: 22
2026-08-07 22:30:53.654 [http-nio-8080-exec-4] DEBUG o.s.security.web.FilterChainProxy - Securing GET /dashboard/stats
2026-08-07 22:30:53.658 [http-nio-8080-exec-4] DEBUG c.p.mapper.SysUserMapper.selectList - ==>  Preparing: SELECT id,username,password,nickname,email,phone,status,create_time,update_time,version FROM sys_user WHERE (username = ?)
2026-08-07 22:30:53.658 [http-nio-8080-exec-4] DEBUG c.p.mapper.SysUserMapper.selectList - ==> Parameters: admin(String)
2026-08-07 22:30:53.661 [http-nio-8080-exec-4] DEBUG c.p.mapper.SysUserMapper.selectList - <==      Total: 1
2026-08-07 22:30:53.662 [http-nio-8080-exec-4] DEBUG c.p.m.SysUserRoleMapper.selectList - ==>  Preparing: SELECT id,user_id,role_id FROM sys_user_role WHERE (user_id = ?)
2026-08-07 22:30:53.663 [http-nio-8080-exec-4] DEBUG c.p.m.SysUserRoleMapper.selectList - ==> Parameters: 1(Long)
2026-08-07 22:30:53.664 [http-nio-8080-exec-4] DEBUG c.p.m.SysUserRoleMapper.selectList - <==      Total: 1
2026-08-07 22:30:53.664 [http-nio-8080-exec-4] DEBUG c.p.mapper.SysRoleMapper.selectById - ==>  Preparing: SELECT id,name,code,description,status,create_time,update_time,version FROM sys_role WHERE id=?
2026-08-07 22:30:53.665 [http-nio-8080-exec-4] DEBUG c.p.mapper.SysRoleMapper.selectById - ==> Parameters: 1(Long)
2026-08-07 22:30:53.666 [http-nio-8080-exec-4] DEBUG c.p.mapper.SysRoleMapper.selectById - <==      Total: 1
2026-08-07 22:30:53.666 [http-nio-8080-exec-4] DEBUG c.p.m.S.selectMenuByRoleId - ==>  Preparing: SELECT m.* FROM sys_menu m INNER JOIN sys_role_menu rm ON m.id = rm.menu_id WHERE rm.role_id = ?
2026-08-07 22:30:53.666 [http-nio-8080-exec-4] DEBUG c.p.m.S.selectMenuByRoleId - ==> Parameters: 1(Long)
2026-08-07 22:30:53.671 [http-nio-8080-exec-4] DEBUG c.p.m.S.selectMenuByRoleId - <==      Total: 22
2026-08-07 22:30:53.673 [http-nio-8080-exec-4] DEBUG o.s.security.web.FilterChainProxy - Secured GET /dashboard/stats
2026-08-07 22:30:53.675 [http-nio-8080-exec-4] DEBUG c.p.mapper.SysUserMapper.selectCount - ==>  Preparing: SELECT COUNT( * ) AS total FROM sys_user
2026-08-07 22:30:53.675 [http-nio-8080-exec-4] DEBUG c.p.mapper.SysUserMapper.selectCount - ==> Parameters: 
2026-08-07 22:30:53.679 [http-nio-8080-exec-4] DEBUG c.p.mapper.SysUserMapper.selectCount - <==      Total: 1
2026-08-07 22:30:53.681 [http-nio-8080-exec-4] DEBUG c.p.mapper.SysRoleMapper.selectCount - ==>  Preparing: SELECT COUNT( * ) AS total FROM sys_role
2026-08-07 22:30:53.681 [http-nio-8080-exec-4] DEBUG c.p.mapper.SysRoleMapper.selectCount - ==> Parameters: 
2026-08-07 22:30:53.685 [http-nio-8080-exec-4] DEBUG c.p.mapper.SysRoleMapper.selectCount - <==      Total: 1
2026-08-07 22:30:53.685 [http-nio-8080-exec-4] DEBUG c.p.mapper.SysMenuMapper.selectCount - ==>  Preparing: SELECT COUNT( * ) AS total FROM sys_menu WHERE (type = ? AND component IS NOT NULL AND component <> ? AND component <> ?)
2026-08-07 22:30:53.689 [http-nio-8080-exec-4] DEBUG c.p.mapper.SysMenuMapper.selectCount - ==> Parameters: 1(Integer), (String), Layout(String)
2026-08-07 22:30:53.690 [http-nio-8080-exec-4] DEBUG c.p.mapper.SysMenuMapper.selectCount - <==      Total: 1
2026-08-07 22:30:58.743 [http-nio-8080-exec-5] DEBUG o.s.security.web.FilterChainProxy - Securing GET /users
2026-08-07 22:30:58.745 [http-nio-8080-exec-5] DEBUG c.p.mapper.SysUserMapper.selectList - ==>  Preparing: SELECT id,username,password,nickname,email,phone,status,create_time,update_time,version FROM sys_user WHERE (username = ?)
2026-08-07 22:30:58.746 [http-nio-8080-exec-5] DEBUG c.p.mapper.SysUserMapper.selectList - ==> Parameters: admin(String)
2026-08-07 22:30:58.747 [http-nio-8080-exec-5] DEBUG c.p.mapper.SysUserMapper.selectList - <==      Total: 1
2026-08-07 22:30:58.748 [http-nio-8080-exec-5] DEBUG c.p.m.SysUserRoleMapper.selectList - ==>  Preparing: SELECT id,user_id,role_id FROM sys_user_role WHERE (user_id = ?)
2026-08-07 22:30:58.748 [http-nio-8080-exec-5] DEBUG c.p.m.SysUserRoleMapper.selectList - ==> Parameters: 1(Long)
2026-08-07 22:30:58.750 [http-nio-8080-exec-5] DEBUG c.p.m.SysUserRoleMapper.selectList - <==      Total: 1
2026-08-07 22:30:58.751 [http-nio-8080-exec-5] DEBUG c.p.mapper.SysRoleMapper.selectById - ==>  Preparing: SELECT id,name,code,description,status,create_time,update_time,version FROM sys_role WHERE id=?
2026-08-07 22:30:58.751 [http-nio-8080-exec-5] DEBUG c.p.mapper.SysRoleMapper.selectById - ==> Parameters: 1(Long)
2026-08-07 22:30:58.752 [http-nio-8080-exec-5] DEBUG c.p.mapper.SysRoleMapper.selectById - <==      Total: 1
2026-08-07 22:30:58.752 [http-nio-8080-exec-5] DEBUG c.p.m.S.selectMenuByRoleId - ==>  Preparing: SELECT m.* FROM sys_menu m INNER JOIN sys_role_menu rm ON m.id = rm.menu_id WHERE rm.role_id = ?
2026-08-07 22:30:58.752 [http-nio-8080-exec-5] DEBUG c.p.m.S.selectMenuByRoleId - ==> Parameters: 1(Long)
2026-08-07 22:30:58.752 [http-nio-8080-exec-5] DEBUG c.p.m.S.selectMenuByRoleId - <==      Total: 22
2026-08-07 22:30:58.752 [http-nio-8080-exec-5] DEBUG o.s.security.web.FilterChainProxy - Secured GET /users
2026-08-07 22:30:58.756 [http-nio-8080-exec-5] DEBUG c.p.mapper.SysUserMapper.selectList - ==>  Preparing: SELECT id,username,password,nickname,email,phone,status,create_time,update_time,version FROM sys_user ORDER BY id ASC
2026-08-07 22:30:58.756 [http-nio-8080-exec-5] DEBUG c.p.mapper.SysUserMapper.selectList - ==> Parameters: 
2026-08-07 22:30:58.758 [http-nio-8080-exec-5] DEBUG c.p.mapper.SysUserMapper.selectList - <==      Total: 8
2026-08-07 22:30:58.758 [http-nio-8080-exec-5] DEBUG c.p.m.SysUserRoleMapper.selectList - ==>  Preparing: SELECT id,user_id,role_id FROM sys_user_role WHERE (user_id = ?) LIMIT 1
2026-08-07 22:30:58.758 [http-nio-8080-exec-5] DEBUG c.p.m.SysUserRoleMapper.selectList - ==> Parameters: 1(Long)
2026-08-07 22:30:58.758 [http-nio-8080-exec-5] DEBUG c.p.m.SysUserRoleMapper.selectList - <==      Total: 1
2026-08-07 22:30:58.758 [http-nio-8080-exec-5] DEBUG c.p.mapper.SysRoleMapper.selectById - ==>  Preparing: SELECT id,name,code,description,status,create_time,update_time,version FROM sys_role WHERE id=?
2026-08-07 22:30:58.758 [http-nio-8080-exec-5] DEBUG c.p.mapper.SysRoleMapper.selectById - ==> Parameters: 1(Long)
2026-08-07 22:30:58.763 [http-nio-8080-exec-5] DEBUG c.p.mapper.SysRoleMapper.selectById - <==      Total: 1
2026-08-07 22:30:58.763 [http-nio-8080-exec-5] DEBUG c.p.m.SysUserRoleMapper.selectList - ==>  Preparing: SELECT id,user_id,role_id FROM sys_user_role WHERE (user_id = ?) LIMIT 1
2026-08-07 22:30:58.763 [http-nio-8080-exec-5] DEBUG c.p.m.SysUserRoleMapper.selectList - ==> Parameters: 2(Long)
2026-08-07 22:30:58.763 [http-nio-8080-exec-5] DEBUG c.p.m.SysUserRoleMapper.selectList - <==      Total: 1
2026-08-07 22:30:58.763 [http-nio-8080-exec-5] DEBUG c.p.mapper.SysRoleMapper.selectById - ==>  Preparing: SELECT id,name,code,description,status,create_time,update_time,version FROM sys_role WHERE id=?
2026-08-07 22:30:58.763 [http-nio-8080-exec-5] DEBUG c.p.mapper.SysRoleMapper.selectById - ==> Parameters: 2(Long)
2026-08-07 22:30:58.763 [http-nio-8080-exec-5] DEBUG c.p.mapper.SysRoleMapper.selectById - <==      Total: 1
2026-08-07 22:30:58.763 [http-nio-8080-exec-5] DEBUG c.p.m.SysUserRoleMapper.selectList - ==>  Preparing: SELECT id,user_id,role_id FROM sys_user_role WHERE (user_id = ?) LIMIT 1
2026-08-07 22:30:58.763 [http-nio-8080-exec-5] DEBUG c.p.m.SysUserRoleMapper.selectList - ==> Parameters: 3(Long)
2026-08-07 22:30:58.767 [http-nio-8080-exec-5] DEBUG c.p.m.SysUserRoleMapper.selectList - <==      Total: 1
2026-08-07 22:30:58.767 [http-nio-8080-exec-5] DEBUG c.p.mapper.SysRoleMapper.selectById - ==>  Preparing: SELECT id,name,code,description,status,create_time,update_time,version FROM sys_role WHERE id=?
2026-08-07 22:30:58.767 [http-nio-8080-exec-5] DEBUG c.p.mapper.SysRoleMapper.selectById - ==> Parameters: 3(Long)
2026-08-07 22:30:58.769 [http-nio-8080-exec-5] DEBUG c.p.mapper.SysRoleMapper.selectById - <==      Total: 1
2026-08-07 22:30:58.769 [http-nio-8080-exec-5] DEBUG c.p.m.SysUserRoleMapper.selectList - ==>  Preparing: SELECT id,user_id,role_id FROM sys_user_role WHERE (user_id = ?) LIMIT 1
2026-08-07 22:30:58.770 [http-nio-8080-exec-5] DEBUG c.p.m.SysUserRoleMapper.selectList - ==> Parameters: 4(Long)
2026-08-07 22:30:58.771 [http-nio-8080-exec-5] DEBUG c.p.m.SysUserRoleMapper.selectList - <==      Total: 1
2026-08-07 22:30:58.771 [http-nio-8080-exec-5] DEBUG c.p.mapper.SysRoleMapper.selectById - ==>  Preparing: SELECT id,name,code,description,status,create_time,update_time,version FROM sys_role WHERE id=?
2026-08-07 22:30:58.771 [http-nio-8080-exec-5] DEBUG c.p.mapper.SysRoleMapper.selectById - ==> Parameters: 2(Long)
2026-08-07 22:30:58.771 [http-nio-8080-exec-5] DEBUG c.p.mapper.SysRoleMapper.selectById - <==      Total: 1
2026-08-07 22:30:58.771 [http-nio-8080-exec-5] DEBUG c.p.m.SysUserRoleMapper.selectList - ==>  Preparing: SELECT id,user_id,role_id FROM sys_user_role WHERE (user_id = ?) LIMIT 1
2026-08-07 22:30:58.771 [http-nio-8080-exec-5] DEBUG c.p.m.SysUserRoleMapper.selectList - ==> Parameters: 5(Long)
2026-08-07 22:30:58.771 [http-nio-8080-exec-5] DEBUG c.p.m.SysUserRoleMapper.selectList - <==      Total: 1
2026-08-07 22:30:58.771 [http-nio-8080-exec-5] DEBUG c.p.mapper.SysRoleMapper.selectById - ==>  Preparing: SELECT id,name,code,description,status,create_time,update_time,version FROM sys_role WHERE id=?
2026-08-07 22:30:58.771 [http-nio-8080-exec-5] DEBUG c.p.mapper.SysRoleMapper.selectById - ==> Parameters: 3(Long)
2026-08-07 22:30:58.771 [http-nio-8080-exec-5] DEBUG c.p.mapper.SysRoleMapper.selectById - <==      Total: 1
2026-08-07 22:30:58.776 [http-nio-8080-exec-5] DEBUG c.p.m.SysUserRoleMapper.selectList - ==>  Preparing: SELECT id,user_id,role_id FROM sys_user_role WHERE (user_id = ?) LIMIT 1
2026-08-07 22:30:58.776 [http-nio-8080-exec-5] DEBUG c.p.m.SysUserRoleMapper.selectList - ==> Parameters: 6(Long)
2026-08-07 22:30:58.777 [http-nio-8080-exec-5] DEBUG c.p.m.SysUserRoleMapper.selectList - <==      Total: 1
2026-08-07 22:30:58.777 [http-nio-8080-exec-5] DEBUG c.p.mapper.SysRoleMapper.selectById - ==>  Preparing: SELECT id,name,code,description,status,create_time,update_time,version FROM sys_role WHERE id=?
2026-08-07 22:30:58.777 [http-nio-8080-exec-5] DEBUG c.p.mapper.SysRoleMapper.selectById - ==> Parameters: 2(Long)
2026-08-07 22:30:58.778 [http-nio-8080-exec-5] DEBUG c.p.mapper.SysRoleMapper.selectById - <==      Total: 1
2026-08-07 22:30:58.778 [http-nio-8080-exec-5] DEBUG c.p.m.SysUserRoleMapper.selectList - ==>  Preparing: SELECT id,user_id,role_id FROM sys_user_role WHERE (user_id = ?) LIMIT 1
2026-08-07 22:30:58.778 [http-nio-8080-exec-5] DEBUG c.p.m.SysUserRoleMapper.selectList - ==> Parameters: 7(Long)
2026-08-07 22:30:58.778 [http-nio-8080-exec-5] DEBUG c.p.m.SysUserRoleMapper.selectList - <==      Total: 1
2026-08-07 22:30:58.778 [http-nio-8080-exec-5] DEBUG c.p.mapper.SysRoleMapper.selectById - ==>  Preparing: SELECT id,name,code,description,status,create_time,update_time,version FROM sys_role WHERE id=?
2026-08-07 22:30:58.778 [http-nio-8080-exec-5] DEBUG c.p.mapper.SysRoleMapper.selectById - ==> Parameters: 4(Long)
2026-08-07 22:30:58.780 [http-nio-8080-exec-5] DEBUG c.p.mapper.SysRoleMapper.selectById - <==      Total: 1
2026-08-07 22:30:58.781 [http-nio-8080-exec-5] DEBUG c.p.m.SysUserRoleMapper.selectList - ==>  Preparing: SELECT id,user_id,role_id FROM sys_user_role WHERE (user_id = ?) LIMIT 1
2026-08-07 22:30:58.782 [http-nio-8080-exec-5] DEBUG c.p.m.SysUserRoleMapper.selectList - ==> Parameters: 8(Long)
2026-08-07 22:30:58.782 [http-nio-8080-exec-5] DEBUG c.p.m.SysUserRoleMapper.selectList - <==      Total: 1
2026-08-07 22:30:58.782 [http-nio-8080-exec-5] DEBUG c.p.mapper.SysRoleMapper.selectById - ==>  Preparing: SELECT id,name,code,description,status,create_time,update_time,version FROM sys_role WHERE id=?
2026-08-07 22:30:58.782 [http-nio-8080-exec-5] DEBUG c.p.mapper.SysRoleMapper.selectById - ==> Parameters: 5(Long)
2026-08-07 22:30:58.782 [http-nio-8080-exec-5] DEBUG c.p.mapper.SysRoleMapper.selectById - <==      Total: 1
2026-08-07 22:31:00.415 [http-nio-8080-exec-6] DEBUG o.s.security.web.FilterChainProxy - Securing GET /roles
2026-08-07 22:31:00.416 [http-nio-8080-exec-6] DEBUG c.p.mapper.SysUserMapper.selectList - ==>  Preparing: SELECT id,username,password,nickname,email,phone,status,create_time,update_time,version FROM sys_user WHERE (username = ?)
2026-08-07 22:31:00.417 [http-nio-8080-exec-6] DEBUG c.p.mapper.SysUserMapper.selectList - ==> Parameters: admin(String)
2026-08-07 22:31:00.417 [http-nio-8080-exec-6] DEBUG c.p.mapper.SysUserMapper.selectList - <==      Total: 1
2026-08-07 22:31:00.418 [http-nio-8080-exec-6] DEBUG c.p.m.SysUserRoleMapper.selectList - ==>  Preparing: SELECT id,user_id,role_id FROM sys_user_role WHERE (user_id = ?)
2026-08-07 22:31:00.418 [http-nio-8080-exec-6] DEBUG c.p.m.SysUserRoleMapper.selectList - ==> Parameters: 1(Long)
2026-08-07 22:31:00.419 [http-nio-8080-exec-6] DEBUG c.p.m.SysUserRoleMapper.selectList - <==      Total: 1
2026-08-07 22:31:00.419 [http-nio-8080-exec-6] DEBUG c.p.mapper.SysRoleMapper.selectById - ==>  Preparing: SELECT id,name,code,description,status,create_time,update_time,version FROM sys_role WHERE id=?
2026-08-07 22:31:00.419 [http-nio-8080-exec-6] DEBUG c.p.mapper.SysRoleMapper.selectById - ==> Parameters: 1(Long)
2026-08-07 22:31:00.420 [http-nio-8080-exec-6] DEBUG c.p.mapper.SysRoleMapper.selectById - <==      Total: 1
2026-08-07 22:31:00.420 [http-nio-8080-exec-6] DEBUG c.p.m.S.selectMenuByRoleId - ==>  Preparing: SELECT m.* FROM sys_menu m INNER JOIN sys_role_menu rm ON m.id = rm.menu_id WHERE rm.role_id = ?
2026-08-07 22:31:00.420 [http-nio-8080-exec-6] DEBUG c.p.m.S.selectMenuByRoleId - ==> Parameters: 1(Long)
2026-08-07 22:31:00.421 [http-nio-8080-exec-6] DEBUG c.p.m.S.selectMenuByRoleId - <==      Total: 22
2026-08-07 22:31:00.421 [http-nio-8080-exec-6] DEBUG o.s.security.web.FilterChainProxy - Secured GET /roles
2026-08-07 22:31:00.421 [http-nio-8080-exec-6] DEBUG c.p.mapper.SysRoleMapper.selectList - ==>  Preparing: SELECT id,name,code,description,status,create_time,update_time,version FROM sys_role ORDER BY id ASC
2026-08-07 22:31:00.425 [http-nio-8080-exec-6] DEBUG c.p.mapper.SysRoleMapper.selectList - ==> Parameters: 
2026-08-07 22:31:00.426 [http-nio-8080-exec-6] DEBUG c.p.mapper.SysRoleMapper.selectList - <==      Total: 5
2026-08-07 22:31:07.604 [http-nio-8080-exec-7] DEBUG o.s.security.web.FilterChainProxy - Securing PUT /users/1
2026-08-07 22:31:07.614 [http-nio-8080-exec-7] DEBUG c.p.mapper.SysUserMapper.selectList - ==>  Preparing: SELECT id,username,password,nickname,email,phone,status,create_time,update_time,version FROM sys_user WHERE (username = ?)
2026-08-07 22:31:07.614 [http-nio-8080-exec-7] DEBUG c.p.mapper.SysUserMapper.selectList - ==> Parameters: admin(String)
2026-08-07 22:31:07.615 [http-nio-8080-exec-7] DEBUG c.p.mapper.SysUserMapper.selectList - <==      Total: 1
2026-08-07 22:31:07.615 [http-nio-8080-exec-7] DEBUG c.p.m.SysUserRoleMapper.selectList - ==>  Preparing: SELECT id,user_id,role_id FROM sys_user_role WHERE (user_id = ?)
2026-08-07 22:31:07.615 [http-nio-8080-exec-7] DEBUG c.p.m.SysUserRoleMapper.selectList - ==> Parameters: 1(Long)
2026-08-07 22:31:07.615 [http-nio-8080-exec-7] DEBUG c.p.m.SysUserRoleMapper.selectList - <==      Total: 1
2026-08-07 22:31:07.615 [http-nio-8080-exec-7] DEBUG c.p.mapper.SysRoleMapper.selectById - ==>  Preparing: SELECT id,name,code,description,status,create_time,update_time,version FROM sys_role WHERE id=?
2026-08-07 22:31:07.615 [http-nio-8080-exec-7] DEBUG c.p.mapper.SysRoleMapper.selectById - ==> Parameters: 1(Long)
2026-08-07 22:31:07.615 [http-nio-8080-exec-7] DEBUG c.p.mapper.SysRoleMapper.selectById - <==      Total: 1
2026-08-07 22:31:07.615 [http-nio-8080-exec-7] DEBUG c.p.m.S.selectMenuByRoleId - ==>  Preparing: SELECT m.* FROM sys_menu m INNER JOIN sys_role_menu rm ON m.id = rm.menu_id WHERE rm.role_id = ?
2026-08-07 22:31:07.615 [http-nio-8080-exec-7] DEBUG c.p.m.S.selectMenuByRoleId - ==> Parameters: 1(Long)
2026-08-07 22:31:07.615 [http-nio-8080-exec-7] DEBUG c.p.m.S.selectMenuByRoleId - <==      Total: 22
2026-08-07 22:31:07.615 [http-nio-8080-exec-7] DEBUG o.s.security.web.FilterChainProxy - Secured PUT /users/1
2026-08-07 22:31:07.642 [http-nio-8080-exec-7] DEBUG c.p.mapper.SysUserMapper.selectById - ==>  Preparing: SELECT id,username,password,nickname,email,phone,status,create_time,update_time,version FROM sys_user WHERE id=?
2026-08-07 22:31:07.642 [http-nio-8080-exec-7] DEBUG c.p.mapper.SysUserMapper.selectById - ==> Parameters: 1(Long)
2026-08-07 22:31:07.642 [http-nio-8080-exec-7] DEBUG c.p.mapper.SysUserMapper.selectById - <==      Total: 1
2026-08-07 22:31:07.648 [http-nio-8080-exec-7] DEBUG c.p.mapper.SysUserMapper.updateById - ==>  Preparing: UPDATE sys_user SET username=?, password=?, nickname=?, email=?, phone=?, status=?, create_time=?, update_time=?, version=? WHERE id=? AND version=?
2026-08-07 22:31:07.648 [http-nio-8080-exec-7] DEBUG c.p.mapper.SysUserMapper.updateById - ==> Parameters: admin(String), $2a$10$s9TNg6NhFV31m9NOUzze3.iwlldKIoUS4MkgUXXJyYTsjPAUCaFrW(String), 超级管理员(String), admin@pes.com(String), 13800000999(String), 1(Integer), 2026-08-07T22:30:31(LocalDateTime), 2026-08-07T22:31:07.648139500(LocalDateTime), 2(Integer), 1(Long), 1(Integer)
2026-08-07 22:31:07.648 [http-nio-8080-exec-7] DEBUG c.p.mapper.SysUserMapper.updateById - <==    Updates: 1
2026-08-07 22:31:07.648 [http-nio-8080-exec-7] DEBUG c.p.mapper.SysUserRoleMapper.delete - ==>  Preparing: DELETE FROM sys_user_role WHERE (user_id = ?)
2026-08-07 22:31:07.652 [http-nio-8080-exec-7] DEBUG c.p.mapper.SysUserRoleMapper.delete - ==> Parameters: 1(Long)
2026-08-07 22:31:07.652 [http-nio-8080-exec-7] DEBUG c.p.mapper.SysUserRoleMapper.delete - <==    Updates: 1
2026-08-07 22:31:07.652 [http-nio-8080-exec-7] DEBUG c.p.mapper.SysUserRoleMapper.insert - ==>  Preparing: INSERT INTO sys_user_role ( user_id, role_id ) VALUES ( ?, ? )
2026-08-07 22:31:07.652 [http-nio-8080-exec-7] DEBUG c.p.mapper.SysUserRoleMapper.insert - ==> Parameters: 1(Long), 1(Long)
2026-08-07 22:31:07.652 [http-nio-8080-exec-7] DEBUG c.p.mapper.SysUserRoleMapper.insert - <==    Updates: 1
2026-08-07 22:31:07.670 [http-nio-8080-exec-8] DEBUG o.s.security.web.FilterChainProxy - Securing GET /users
2026-08-07 22:31:07.673 [http-nio-8080-exec-8] DEBUG c.p.mapper.SysUserMapper.selectList - ==>  Preparing: SELECT id,username,password,nickname,email,phone,status,create_time,update_time,version FROM sys_user WHERE (username = ?)
2026-08-07 22:31:07.673 [http-nio-8080-exec-8] DEBUG c.p.mapper.SysUserMapper.selectList - ==> Parameters: admin(String)
2026-08-07 22:31:07.673 [http-nio-8080-exec-8] DEBUG c.p.mapper.SysUserMapper.selectList - <==      Total: 1
2026-08-07 22:31:07.673 [http-nio-8080-exec-8] DEBUG c.p.m.SysUserRoleMapper.selectList - ==>  Preparing: SELECT id,user_id,role_id FROM sys_user_role WHERE (user_id = ?)
2026-08-07 22:31:07.673 [http-nio-8080-exec-8] DEBUG c.p.m.SysUserRoleMapper.selectList - ==> Parameters: 1(Long)
2026-08-07 22:31:07.673 [http-nio-8080-exec-8] DEBUG c.p.m.SysUserRoleMapper.selectList - <==      Total: 1
2026-08-07 22:31:07.673 [http-nio-8080-exec-8] DEBUG c.p.mapper.SysRoleMapper.selectById - ==>  Preparing: SELECT id,name,code,description,status,create_time,update_time,version FROM sys_role WHERE id=?
2026-08-07 22:31:07.673 [http-nio-8080-exec-8] DEBUG c.p.mapper.SysRoleMapper.selectById - ==> Parameters: 1(Long)
2026-08-07 22:31:07.673 [http-nio-8080-exec-8] DEBUG c.p.mapper.SysRoleMapper.selectById - <==      Total: 1
2026-08-07 22:31:07.673 [http-nio-8080-exec-8] DEBUG c.p.m.S.selectMenuByRoleId - ==>  Preparing: SELECT m.* FROM sys_menu m INNER JOIN sys_role_menu rm ON m.id = rm.menu_id WHERE rm.role_id = ?
2026-08-07 22:31:07.673 [http-nio-8080-exec-8] DEBUG c.p.m.S.selectMenuByRoleId - ==> Parameters: 1(Long)
2026-08-07 22:31:07.673 [http-nio-8080-exec-8] DEBUG c.p.m.S.selectMenuByRoleId - <==      Total: 22
2026-08-07 22:31:07.673 [http-nio-8080-exec-8] DEBUG o.s.security.web.FilterChainProxy - Secured GET /users
2026-08-07 22:31:07.673 [http-nio-8080-exec-8] DEBUG c.p.mapper.SysUserMapper.selectList - ==>  Preparing: SELECT id,username,password,nickname,email,phone,status,create_time,update_time,version FROM sys_user ORDER BY id ASC
2026-08-07 22:31:07.679 [http-nio-8080-exec-8] DEBUG c.p.mapper.SysUserMapper.selectList - ==> Parameters: 
2026-08-07 22:31:07.679 [http-nio-8080-exec-8] DEBUG c.p.mapper.SysUserMapper.selectList - <==      Total: 8
2026-08-07 22:31:07.680 [http-nio-8080-exec-8] DEBUG c.p.m.SysUserRoleMapper.selectList - ==>  Preparing: SELECT id,user_id,role_id FROM sys_user_role WHERE (user_id = ?) LIMIT 1
2026-08-07 22:31:07.680 [http-nio-8080-exec-8] DEBUG c.p.m.SysUserRoleMapper.selectList - ==> Parameters: 1(Long)
2026-08-07 22:31:07.680 [http-nio-8080-exec-8] DEBUG c.p.m.SysUserRoleMapper.selectList - <==      Total: 1
2026-08-07 22:31:07.680 [http-nio-8080-exec-8] DEBUG c.p.mapper.SysRoleMapper.selectById - ==>  Preparing: SELECT id,name,code,description,status,create_time,update_time,version FROM sys_role WHERE id=?
2026-08-07 22:31:07.681 [http-nio-8080-exec-8] DEBUG c.p.mapper.SysRoleMapper.selectById - ==> Parameters: 1(Long)
2026-08-07 22:31:07.681 [http-nio-8080-exec-8] DEBUG c.p.mapper.SysRoleMapper.selectById - <==      Total: 1
2026-08-07 22:31:07.682 [http-nio-8080-exec-8] DEBUG c.p.m.SysUserRoleMapper.selectList - ==>  Preparing: SELECT id,user_id,role_id FROM sys_user_role WHERE (user_id = ?) LIMIT 1
2026-08-07 22:31:07.682 [http-nio-8080-exec-8] DEBUG c.p.m.SysUserRoleMapper.selectList - ==> Parameters: 2(Long)
2026-08-07 22:31:07.682 [http-nio-8080-exec-8] DEBUG c.p.m.SysUserRoleMapper.selectList - <==      Total: 1
2026-08-07 22:31:07.682 [http-nio-8080-exec-8] DEBUG c.p.mapper.SysRoleMapper.selectById - ==>  Preparing: SELECT id,name,code,description,status,create_time,update_time,version FROM sys_role WHERE id=?
2026-08-07 22:31:07.682 [http-nio-8080-exec-8] DEBUG c.p.mapper.SysRoleMapper.selectById - ==> Parameters: 2(Long)
2026-08-07 22:31:07.684 [http-nio-8080-exec-8] DEBUG c.p.mapper.SysRoleMapper.selectById - <==      Total: 1
2026-08-07 22:31:07.684 [http-nio-8080-exec-8] DEBUG c.p.m.SysUserRoleMapper.selectList - ==>  Preparing: SELECT id,user_id,role_id FROM sys_user_role WHERE (user_id = ?) LIMIT 1
2026-08-07 22:31:07.684 [http-nio-8080-exec-8] DEBUG c.p.m.SysUserRoleMapper.selectList - ==> Parameters: 3(Long)
2026-08-07 22:31:07.684 [http-nio-8080-exec-8] DEBUG c.p.m.SysUserRoleMapper.selectList - <==      Total: 1
2026-08-07 22:31:07.685 [http-nio-8080-exec-8] DEBUG c.p.mapper.SysRoleMapper.selectById - ==>  Preparing: SELECT id,name,code,description,status,create_time,update_time,version FROM sys_role WHERE id=?
2026-08-07 22:31:07.685 [http-nio-8080-exec-8] DEBUG c.p.mapper.SysRoleMapper.selectById - ==> Parameters: 3(Long)
2026-08-07 22:31:07.685 [http-nio-8080-exec-8] DEBUG c.p.mapper.SysRoleMapper.selectById - <==      Total: 1
2026-08-07 22:31:07.685 [http-nio-8080-exec-8] DEBUG c.p.m.SysUserRoleMapper.selectList - ==>  Preparing: SELECT id,user_id,role_id FROM sys_user_role WHERE (user_id = ?) LIMIT 1
2026-08-07 22:31:07.685 [http-nio-8080-exec-8] DEBUG c.p.m.SysUserRoleMapper.selectList - ==> Parameters: 4(Long)
2026-08-07 22:31:07.686 [http-nio-8080-exec-8] DEBUG c.p.m.SysUserRoleMapper.selectList - <==      Total: 1
2026-08-07 22:31:07.686 [http-nio-8080-exec-8] DEBUG c.p.mapper.SysRoleMapper.selectById - ==>  Preparing: SELECT id,name,code,description,status,create_time,update_time,version FROM sys_role WHERE id=?
2026-08-07 22:31:07.686 [http-nio-8080-exec-8] DEBUG c.p.mapper.SysRoleMapper.selectById - ==> Parameters: 2(Long)
2026-08-07 22:31:07.686 [http-nio-8080-exec-8] DEBUG c.p.mapper.SysRoleMapper.selectById - <==      Total: 1
2026-08-07 22:31:07.687 [http-nio-8080-exec-8] DEBUG c.p.m.SysUserRoleMapper.selectList - ==>  Preparing: SELECT id,user_id,role_id FROM sys_user_role WHERE (user_id = ?) LIMIT 1
2026-08-07 22:31:07.687 [http-nio-8080-exec-8] DEBUG c.p.m.SysUserRoleMapper.selectList - ==> Parameters: 5(Long)
2026-08-07 22:31:07.687 [http-nio-8080-exec-8] DEBUG c.p.m.SysUserRoleMapper.selectList - <==      Total: 1
2026-08-07 22:31:07.687 [http-nio-8080-exec-8] DEBUG c.p.mapper.SysRoleMapper.selectById - ==>  Preparing: SELECT id,name,code,description,status,create_time,update_time,version FROM sys_role WHERE id=?
2026-08-07 22:31:07.688 [http-nio-8080-exec-8] DEBUG c.p.mapper.SysRoleMapper.selectById - ==> Parameters: 3(Long)
2026-08-07 22:31:07.688 [http-nio-8080-exec-8] DEBUG c.p.mapper.SysRoleMapper.selectById - <==      Total: 1
2026-08-07 22:31:07.688 [http-nio-8080-exec-8] DEBUG c.p.m.SysUserRoleMapper.selectList - ==>  Preparing: SELECT id,user_id,role_id FROM sys_user_role WHERE (user_id = ?) LIMIT 1
2026-08-07 22:31:07.688 [http-nio-8080-exec-8] DEBUG c.p.m.SysUserRoleMapper.selectList - ==> Parameters: 6(Long)
2026-08-07 22:31:07.688 [http-nio-8080-exec-8] DEBUG c.p.m.SysUserRoleMapper.selectList - <==      Total: 1
2026-08-07 22:31:07.688 [http-nio-8080-exec-8] DEBUG c.p.mapper.SysRoleMapper.selectById - ==>  Preparing: SELECT id,name,code,description,status,create_time,update_time,version FROM sys_role WHERE id=?
2026-08-07 22:31:07.688 [http-nio-8080-exec-8] DEBUG c.p.mapper.SysRoleMapper.selectById - ==> Parameters: 2(Long)
2026-08-07 22:31:07.689 [http-nio-8080-exec-8] DEBUG c.p.mapper.SysRoleMapper.selectById - <==      Total: 1
2026-08-07 22:31:07.689 [http-nio-8080-exec-8] DEBUG c.p.m.SysUserRoleMapper.selectList - ==>  Preparing: SELECT id,user_id,role_id FROM sys_user_role WHERE (user_id = ?) LIMIT 1
2026-08-07 22:31:07.689 [http-nio-8080-exec-8] DEBUG c.p.m.SysUserRoleMapper.selectList - ==> Parameters: 7(Long)
2026-08-07 22:31:07.690 [http-nio-8080-exec-8] DEBUG c.p.m.SysUserRoleMapper.selectList - <==      Total: 1
2026-08-07 22:31:07.690 [http-nio-8080-exec-8] DEBUG c.p.mapper.SysRoleMapper.selectById - ==>  Preparing: SELECT id,name,code,description,status,create_time,update_time,version FROM sys_role WHERE id=?
2026-08-07 22:31:07.690 [http-nio-8080-exec-8] DEBUG c.p.mapper.SysRoleMapper.selectById - ==> Parameters: 4(Long)
2026-08-07 22:31:07.690 [http-nio-8080-exec-8] DEBUG c.p.mapper.SysRoleMapper.selectById - <==      Total: 1
2026-08-07 22:31:07.690 [http-nio-8080-exec-8] DEBUG c.p.m.SysUserRoleMapper.selectList - ==>  Preparing: SELECT id,user_id,role_id FROM sys_user_role WHERE (user_id = ?) LIMIT 1
2026-08-07 22:31:07.691 [http-nio-8080-exec-8] DEBUG c.p.m.SysUserRoleMapper.selectList - ==> Parameters: 8(Long)
2026-08-07 22:31:07.691 [http-nio-8080-exec-8] DEBUG c.p.m.SysUserRoleMapper.selectList - <==      Total: 1
2026-08-07 22:31:07.691 [http-nio-8080-exec-8] DEBUG c.p.mapper.SysRoleMapper.selectById - ==>  Preparing: SELECT id,name,code,description,status,create_time,update_time,version FROM sys_role WHERE id=?
2026-08-07 22:31:07.691 [http-nio-8080-exec-8] DEBUG c.p.mapper.SysRoleMapper.selectById - ==> Parameters: 5(Long)
2026-08-07 22:31:07.692 [http-nio-8080-exec-8] DEBUG c.p.mapper.SysRoleMapper.selectById - <==      Total: 1
2026-08-07 22:31:25.766 [http-nio-8080-exec-9] DEBUG o.s.security.web.FilterChainProxy - Securing GET /roles
2026-08-07 22:31:25.768 [http-nio-8080-exec-9] DEBUG c.p.mapper.SysUserMapper.selectList - ==>  Preparing: SELECT id,username,password,nickname,email,phone,status,create_time,update_time,version FROM sys_user WHERE (username = ?)
2026-08-07 22:31:25.768 [http-nio-8080-exec-9] DEBUG c.p.mapper.SysUserMapper.selectList - ==> Parameters: admin(String)
2026-08-07 22:31:25.769 [http-nio-8080-exec-9] DEBUG c.p.mapper.SysUserMapper.selectList - <==      Total: 1
2026-08-07 22:31:25.769 [http-nio-8080-exec-9] DEBUG c.p.m.SysUserRoleMapper.selectList - ==>  Preparing: SELECT id,user_id,role_id FROM sys_user_role WHERE (user_id = ?)
2026-08-07 22:31:25.769 [http-nio-8080-exec-9] DEBUG c.p.m.SysUserRoleMapper.selectList - ==> Parameters: 1(Long)
2026-08-07 22:31:25.769 [http-nio-8080-exec-9] DEBUG c.p.m.SysUserRoleMapper.selectList - <==      Total: 1
2026-08-07 22:31:25.769 [http-nio-8080-exec-9] DEBUG c.p.mapper.SysRoleMapper.selectById - ==>  Preparing: SELECT id,name,code,description,status,create_time,update_time,version FROM sys_role WHERE id=?
2026-08-07 22:31:25.771 [http-nio-8080-exec-9] DEBUG c.p.mapper.SysRoleMapper.selectById - ==> Parameters: 1(Long)
2026-08-07 22:31:25.771 [http-nio-8080-exec-9] DEBUG c.p.mapper.SysRoleMapper.selectById - <==      Total: 1
2026-08-07 22:31:25.771 [http-nio-8080-exec-9] DEBUG c.p.m.S.selectMenuByRoleId - ==>  Preparing: SELECT m.* FROM sys_menu m INNER JOIN sys_role_menu rm ON m.id = rm.menu_id WHERE rm.role_id = ?
2026-08-07 22:31:25.771 [http-nio-8080-exec-9] DEBUG c.p.m.S.selectMenuByRoleId - ==> Parameters: 1(Long)
2026-08-07 22:31:25.772 [http-nio-8080-exec-9] DEBUG c.p.m.S.selectMenuByRoleId - <==      Total: 22
2026-08-07 22:31:25.773 [http-nio-8080-exec-9] DEBUG o.s.security.web.FilterChainProxy - Secured GET /roles
2026-08-07 22:31:25.773 [http-nio-8080-exec-9] DEBUG c.p.mapper.SysRoleMapper.selectList - ==>  Preparing: SELECT id,name,code,description,status,create_time,update_time,version FROM sys_role ORDER BY id ASC
2026-08-07 22:31:25.773 [http-nio-8080-exec-9] DEBUG c.p.mapper.SysRoleMapper.selectList - ==> Parameters: 
2026-08-07 22:31:25.775 [http-nio-8080-exec-9] DEBUG c.p.mapper.SysRoleMapper.selectList - <==      Total: 5
2026-08-07 22:31:30.747 [http-nio-8080-exec-10] DEBUG o.s.security.web.FilterChainProxy - Securing GET /users
2026-08-07 22:31:30.749 [http-nio-8080-exec-10] DEBUG c.p.mapper.SysUserMapper.selectList - ==>  Preparing: SELECT id,username,password,nickname,email,phone,status,create_time,update_time,version FROM sys_user WHERE (username = ?)
2026-08-07 22:31:30.750 [http-nio-8080-exec-10] DEBUG c.p.mapper.SysUserMapper.selectList - ==> Parameters: admin(String)
2026-08-07 22:31:30.750 [http-nio-8080-exec-10] DEBUG c.p.mapper.SysUserMapper.selectList - <==      Total: 1
2026-08-07 22:31:30.752 [http-nio-8080-exec-10] DEBUG c.p.m.SysUserRoleMapper.selectList - ==>  Preparing: SELECT id,user_id,role_id FROM sys_user_role WHERE (user_id = ?)
2026-08-07 22:31:30.752 [http-nio-8080-exec-10] DEBUG c.p.m.SysUserRoleMapper.selectList - ==> Parameters: 1(Long)
2026-08-07 22:31:30.752 [http-nio-8080-exec-10] DEBUG c.p.m.SysUserRoleMapper.selectList - <==      Total: 1
2026-08-07 22:31:30.752 [http-nio-8080-exec-10] DEBUG c.p.mapper.SysRoleMapper.selectById - ==>  Preparing: SELECT id,name,code,description,status,create_time,update_time,version FROM sys_role WHERE id=?
2026-08-07 22:31:30.752 [http-nio-8080-exec-10] DEBUG c.p.mapper.SysRoleMapper.selectById - ==> Parameters: 1(Long)
2026-08-07 22:31:30.754 [http-nio-8080-exec-10] DEBUG c.p.mapper.SysRoleMapper.selectById - <==      Total: 1
2026-08-07 22:31:30.754 [http-nio-8080-exec-10] DEBUG c.p.m.S.selectMenuByRoleId - ==>  Preparing: SELECT m.* FROM sys_menu m INNER JOIN sys_role_menu rm ON m.id = rm.menu_id WHERE rm.role_id = ?
2026-08-07 22:31:30.754 [http-nio-8080-exec-10] DEBUG c.p.m.S.selectMenuByRoleId - ==> Parameters: 1(Long)
2026-08-07 22:31:30.756 [http-nio-8080-exec-10] DEBUG c.p.m.S.selectMenuByRoleId - <==      Total: 22
2026-08-07 22:31:30.757 [http-nio-8080-exec-10] DEBUG o.s.security.web.FilterChainProxy - Secured GET /users
2026-08-07 22:31:30.759 [http-nio-8080-exec-10] DEBUG c.p.mapper.SysUserMapper.selectList - ==>  Preparing: SELECT id,username,password,nickname,email,phone,status,create_time,update_time,version FROM sys_user ORDER BY id ASC
2026-08-07 22:31:30.759 [http-nio-8080-exec-10] DEBUG c.p.mapper.SysUserMapper.selectList - ==> Parameters: 
2026-08-07 22:31:30.760 [http-nio-8080-exec-10] DEBUG c.p.mapper.SysUserMapper.selectList - <==      Total: 8
2026-08-07 22:31:30.760 [http-nio-8080-exec-10] DEBUG c.p.m.SysUserRoleMapper.selectList - ==>  Preparing: SELECT id,user_id,role_id FROM sys_user_role WHERE (user_id = ?) LIMIT 1
2026-08-07 22:31:30.762 [http-nio-8080-exec-10] DEBUG c.p.m.SysUserRoleMapper.selectList - ==> Parameters: 1(Long)
2026-08-07 22:31:30.762 [http-nio-8080-exec-10] DEBUG c.p.m.SysUserRoleMapper.selectList - <==      Total: 1
2026-08-07 22:31:30.763 [http-nio-8080-exec-10] DEBUG c.p.mapper.SysRoleMapper.selectById - ==>  Preparing: SELECT id,name,code,description,status,create_time,update_time,version FROM sys_role WHERE id=?
2026-08-07 22:31:30.763 [http-nio-8080-exec-10] DEBUG c.p.mapper.SysRoleMapper.selectById - ==> Parameters: 1(Long)
2026-08-07 22:31:30.763 [http-nio-8080-exec-10] DEBUG c.p.mapper.SysRoleMapper.selectById - <==      Total: 1
2026-08-07 22:31:30.764 [http-nio-8080-exec-10] DEBUG c.p.m.SysUserRoleMapper.selectList - ==>  Preparing: SELECT id,user_id,role_id FROM sys_user_role WHERE (user_id = ?) LIMIT 1
2026-08-07 22:31:30.764 [http-nio-8080-exec-10] DEBUG c.p.m.SysUserRoleMapper.selectList - ==> Parameters: 2(Long)
2026-08-07 22:31:30.764 [http-nio-8080-exec-10] DEBUG c.p.m.SysUserRoleMapper.selectList - <==      Total: 1
2026-08-07 22:31:30.764 [http-nio-8080-exec-10] DEBUG c.p.mapper.SysRoleMapper.selectById - ==>  Preparing: SELECT id,name,code,description,status,create_time,update_time,version FROM sys_role WHERE id=?
2026-08-07 22:31:30.764 [http-nio-8080-exec-10] DEBUG c.p.mapper.SysRoleMapper.selectById - ==> Parameters: 2(Long)
2026-08-07 22:31:30.765 [http-nio-8080-exec-10] DEBUG c.p.mapper.SysRoleMapper.selectById - <==      Total: 1
2026-08-07 22:31:30.765 [http-nio-8080-exec-10] DEBUG c.p.m.SysUserRoleMapper.selectList - ==>  Preparing: SELECT id,user_id,role_id FROM sys_user_role WHERE (user_id = ?) LIMIT 1
2026-08-07 22:31:30.765 [http-nio-8080-exec-10] DEBUG c.p.m.SysUserRoleMapper.selectList - ==> Parameters: 3(Long)
2026-08-07 22:31:30.766 [http-nio-8080-exec-10] DEBUG c.p.m.SysUserRoleMapper.selectList - <==      Total: 1
2026-08-07 22:31:30.766 [http-nio-8080-exec-10] DEBUG c.p.mapper.SysRoleMapper.selectById - ==>  Preparing: SELECT id,name,code,description,status,create_time,update_time,version FROM sys_role WHERE id=?
2026-08-07 22:31:30.766 [http-nio-8080-exec-10] DEBUG c.p.mapper.SysRoleMapper.selectById - ==> Parameters: 3(Long)
2026-08-07 22:31:30.766 [http-nio-8080-exec-10] DEBUG c.p.mapper.SysRoleMapper.selectById - <==      Total: 1
2026-08-07 22:31:30.766 [http-nio-8080-exec-10] DEBUG c.p.m.SysUserRoleMapper.selectList - ==>  Preparing: SELECT id,user_id,role_id FROM sys_user_role WHERE (user_id = ?) LIMIT 1
2026-08-07 22:31:30.766 [http-nio-8080-exec-10] DEBUG c.p.m.SysUserRoleMapper.selectList - ==> Parameters: 4(Long)
2026-08-07 22:31:30.767 [http-nio-8080-exec-10] DEBUG c.p.m.SysUserRoleMapper.selectList - <==      Total: 1
2026-08-07 22:31:30.767 [http-nio-8080-exec-10] DEBUG c.p.mapper.SysRoleMapper.selectById - ==>  Preparing: SELECT id,name,code,description,status,create_time,update_time,version FROM sys_role WHERE id=?
2026-08-07 22:31:30.767 [http-nio-8080-exec-10] DEBUG c.p.mapper.SysRoleMapper.selectById - ==> Parameters: 2(Long)
2026-08-07 22:31:30.768 [http-nio-8080-exec-10] DEBUG c.p.mapper.SysRoleMapper.selectById - <==      Total: 1
2026-08-07 22:31:30.768 [http-nio-8080-exec-10] DEBUG c.p.m.SysUserRoleMapper.selectList - ==>  Preparing: SELECT id,user_id,role_id FROM sys_user_role WHERE (user_id = ?) LIMIT 1
2026-08-07 22:31:30.768 [http-nio-8080-exec-10] DEBUG c.p.m.SysUserRoleMapper.selectList - ==> Parameters: 5(Long)
2026-08-07 22:31:30.768 [http-nio-8080-exec-10] DEBUG c.p.m.SysUserRoleMapper.selectList - <==      Total: 1
2026-08-07 22:31:30.769 [http-nio-8080-exec-10] DEBUG c.p.mapper.SysRoleMapper.selectById - ==>  Preparing: SELECT id,name,code,description,status,create_time,update_time,version FROM sys_role WHERE id=?
2026-08-07 22:31:30.769 [http-nio-8080-exec-10] DEBUG c.p.mapper.SysRoleMapper.selectById - ==> Parameters: 3(Long)
2026-08-07 22:31:30.769 [http-nio-8080-exec-10] DEBUG c.p.mapper.SysRoleMapper.selectById - <==      Total: 1
2026-08-07 22:31:30.770 [http-nio-8080-exec-10] DEBUG c.p.m.SysUserRoleMapper.selectList - ==>  Preparing: SELECT id,user_id,role_id FROM sys_user_role WHERE (user_id = ?) LIMIT 1
2026-08-07 22:31:30.770 [http-nio-8080-exec-10] DEBUG c.p.m.SysUserRoleMapper.selectList - ==> Parameters: 6(Long)
2026-08-07 22:31:30.770 [http-nio-8080-exec-10] DEBUG c.p.m.SysUserRoleMapper.selectList - <==      Total: 1
2026-08-07 22:31:30.770 [http-nio-8080-exec-10] DEBUG c.p.mapper.SysRoleMapper.selectById - ==>  Preparing: SELECT id,name,code,description,status,create_time,update_time,version FROM sys_role WHERE id=?
2026-08-07 22:31:30.771 [http-nio-8080-exec-10] DEBUG c.p.mapper.SysRoleMapper.selectById - ==> Parameters: 2(Long)
2026-08-07 22:31:30.771 [http-nio-8080-exec-10] DEBUG c.p.mapper.SysRoleMapper.selectById - <==      Total: 1
2026-08-07 22:31:30.773 [http-nio-8080-exec-10] DEBUG c.p.m.SysUserRoleMapper.selectList - ==>  Preparing: SELECT id,user_id,role_id FROM sys_user_role WHERE (user_id = ?) LIMIT 1
2026-08-07 22:31:30.773 [http-nio-8080-exec-10] DEBUG c.p.m.SysUserRoleMapper.selectList - ==> Parameters: 7(Long)
2026-08-07 22:31:30.773 [http-nio-8080-exec-10] DEBUG c.p.m.SysUserRoleMapper.selectList - <==      Total: 1
2026-08-07 22:31:30.773 [http-nio-8080-exec-10] DEBUG c.p.mapper.SysRoleMapper.selectById - ==>  Preparing: SELECT id,name,code,description,status,create_time,update_time,version FROM sys_role WHERE id=?
2026-08-07 22:31:30.773 [http-nio-8080-exec-10] DEBUG c.p.mapper.SysRoleMapper.selectById - ==> Parameters: 4(Long)
2026-08-07 22:31:30.773 [http-nio-8080-exec-10] DEBUG c.p.mapper.SysRoleMapper.selectById - <==      Total: 1
2026-08-07 22:31:30.773 [http-nio-8080-exec-10] DEBUG c.p.m.SysUserRoleMapper.selectList - ==>  Preparing: SELECT id,user_id,role_id FROM sys_user_role WHERE (user_id = ?) LIMIT 1
2026-08-07 22:31:30.773 [http-nio-8080-exec-10] DEBUG c.p.m.SysUserRoleMapper.selectList - ==> Parameters: 8(Long)
2026-08-07 22:31:30.773 [http-nio-8080-exec-10] DEBUG c.p.m.SysUserRoleMapper.selectList - <==      Total: 1
2026-08-07 22:31:30.773 [http-nio-8080-exec-10] DEBUG c.p.mapper.SysRoleMapper.selectById - ==>  Preparing: SELECT id,name,code,description,status,create_time,update_time,version FROM sys_role WHERE id=?
2026-08-07 22:31:30.773 [http-nio-8080-exec-10] DEBUG c.p.mapper.SysRoleMapper.selectById - ==> Parameters: 5(Long)
2026-08-07 22:31:30.773 [http-nio-8080-exec-10] DEBUG c.p.mapper.SysRoleMapper.selectById - <==      Total: 1
2026-08-07 22:31:32.112 [http-nio-8080-exec-1] DEBUG o.s.security.web.FilterChainProxy - Securing GET /roles
2026-08-07 22:31:32.114 [http-nio-8080-exec-1] DEBUG c.p.mapper.SysUserMapper.selectList - ==>  Preparing: SELECT id,username,password,nickname,email,phone,status,create_time,update_time,version FROM sys_user WHERE (username = ?)
2026-08-07 22:31:32.114 [http-nio-8080-exec-1] DEBUG c.p.mapper.SysUserMapper.selectList - ==> Parameters: admin(String)
2026-08-07 22:31:32.116 [http-nio-8080-exec-1] DEBUG c.p.mapper.SysUserMapper.selectList - <==      Total: 1
2026-08-07 22:31:32.116 [http-nio-8080-exec-1] DEBUG c.p.m.SysUserRoleMapper.selectList - ==>  Preparing: SELECT id,user_id,role_id FROM sys_user_role WHERE (user_id = ?)
2026-08-07 22:31:32.116 [http-nio-8080-exec-1] DEBUG c.p.m.SysUserRoleMapper.selectList - ==> Parameters: 1(Long)
2026-08-07 22:31:32.116 [http-nio-8080-exec-1] DEBUG c.p.m.SysUserRoleMapper.selectList - <==      Total: 1
2026-08-07 22:31:32.116 [http-nio-8080-exec-1] DEBUG c.p.mapper.SysRoleMapper.selectById - ==>  Preparing: SELECT id,name,code,description,status,create_time,update_time,version FROM sys_role WHERE id=?
2026-08-07 22:31:32.118 [http-nio-8080-exec-1] DEBUG c.p.mapper.SysRoleMapper.selectById - ==> Parameters: 1(Long)
2026-08-07 22:31:32.118 [http-nio-8080-exec-1] DEBUG c.p.mapper.SysRoleMapper.selectById - <==      Total: 1
2026-08-07 22:31:32.118 [http-nio-8080-exec-1] DEBUG c.p.m.S.selectMenuByRoleId - ==>  Preparing: SELECT m.* FROM sys_menu m INNER JOIN sys_role_menu rm ON m.id = rm.menu_id WHERE rm.role_id = ?
2026-08-07 22:31:32.118 [http-nio-8080-exec-1] DEBUG c.p.m.S.selectMenuByRoleId - ==> Parameters: 1(Long)
2026-08-07 22:31:32.118 [http-nio-8080-exec-1] DEBUG c.p.m.S.selectMenuByRoleId - <==      Total: 22
2026-08-07 22:31:32.121 [http-nio-8080-exec-1] DEBUG o.s.security.web.FilterChainProxy - Secured GET /roles
2026-08-07 22:31:32.121 [http-nio-8080-exec-1] DEBUG c.p.mapper.SysRoleMapper.selectList - ==>  Preparing: SELECT id,name,code,description,status,create_time,update_time,version FROM sys_role ORDER BY id ASC
2026-08-07 22:31:32.121 [http-nio-8080-exec-1] DEBUG c.p.mapper.SysRoleMapper.selectList - ==> Parameters: 
2026-08-07 22:31:32.121 [http-nio-8080-exec-1] DEBUG c.p.mapper.SysRoleMapper.selectList - <==      Total: 5
2026-08-07 22:31:35.679 [http-nio-8080-exec-2] DEBUG o.s.security.web.FilterChainProxy - Securing GET /roles
2026-08-07 22:31:35.682 [http-nio-8080-exec-2] DEBUG c.p.mapper.SysUserMapper.selectList - ==>  Preparing: SELECT id,username,password,nickname,email,phone,status,create_time,update_time,version FROM sys_user WHERE (username = ?)
2026-08-07 22:31:35.682 [http-nio-8080-exec-2] DEBUG c.p.mapper.SysUserMapper.selectList - ==> Parameters: admin(String)
2026-08-07 22:31:35.683 [http-nio-8080-exec-2] DEBUG c.p.mapper.SysUserMapper.selectList - <==      Total: 1
2026-08-07 22:31:35.683 [http-nio-8080-exec-2] DEBUG c.p.m.SysUserRoleMapper.selectList - ==>  Preparing: SELECT id,user_id,role_id FROM sys_user_role WHERE (user_id = ?)
2026-08-07 22:31:35.685 [http-nio-8080-exec-2] DEBUG c.p.m.SysUserRoleMapper.selectList - ==> Parameters: 1(Long)
2026-08-07 22:31:35.685 [http-nio-8080-exec-2] DEBUG c.p.m.SysUserRoleMapper.selectList - <==      Total: 1
2026-08-07 22:31:35.686 [http-nio-8080-exec-2] DEBUG c.p.mapper.SysRoleMapper.selectById - ==>  Preparing: SELECT id,name,code,description,status,create_time,update_time,version FROM sys_role WHERE id=?
2026-08-07 22:31:35.686 [http-nio-8080-exec-2] DEBUG c.p.mapper.SysRoleMapper.selectById - ==> Parameters: 1(Long)
2026-08-07 22:31:35.686 [http-nio-8080-exec-2] DEBUG c.p.mapper.SysRoleMapper.selectById - <==      Total: 1
2026-08-07 22:31:35.687 [http-nio-8080-exec-2] DEBUG c.p.m.S.selectMenuByRoleId - ==>  Preparing: SELECT m.* FROM sys_menu m INNER JOIN sys_role_menu rm ON m.id = rm.menu_id WHERE rm.role_id = ?
2026-08-07 22:31:35.687 [http-nio-8080-exec-2] DEBUG c.p.m.S.selectMenuByRoleId - ==> Parameters: 1(Long)
2026-08-07 22:31:35.688 [http-nio-8080-exec-2] DEBUG c.p.m.S.selectMenuByRoleId - <==      Total: 22
2026-08-07 22:31:35.689 [http-nio-8080-exec-2] DEBUG o.s.security.web.FilterChainProxy - Secured GET /roles
2026-08-07 22:31:35.689 [http-nio-8080-exec-2] DEBUG c.p.mapper.SysRoleMapper.selectList - ==>  Preparing: SELECT id,name,code,description,status,create_time,update_time,version FROM sys_role ORDER BY id ASC
2026-08-07 22:31:35.690 [http-nio-8080-exec-2] DEBUG c.p.mapper.SysRoleMapper.selectList - ==> Parameters: 
2026-08-07 22:31:35.690 [http-nio-8080-exec-2] DEBUG c.p.mapper.SysRoleMapper.selectList - <==      Total: 5
2026-08-07 22:31:40.861 [http-nio-8080-exec-3] DEBUG o.s.security.web.FilterChainProxy - Securing PUT /roles/1
2026-08-07 22:31:40.861 [http-nio-8080-exec-3] DEBUG c.p.mapper.SysUserMapper.selectList - ==>  Preparing: SELECT id,username,password,nickname,email,phone,status,create_time,update_time,version FROM sys_user WHERE (username = ?)
2026-08-07 22:31:40.861 [http-nio-8080-exec-3] DEBUG c.p.mapper.SysUserMapper.selectList - ==> Parameters: admin(String)
2026-08-07 22:31:40.861 [http-nio-8080-exec-3] DEBUG c.p.mapper.SysUserMapper.selectList - <==      Total: 1
2026-08-07 22:31:40.861 [http-nio-8080-exec-3] DEBUG c.p.m.SysUserRoleMapper.selectList - ==>  Preparing: SELECT id,user_id,role_id FROM sys_user_role WHERE (user_id = ?)
2026-08-07 22:31:40.861 [http-nio-8080-exec-3] DEBUG c.p.m.SysUserRoleMapper.selectList - ==> Parameters: 1(Long)
2026-08-07 22:31:40.867 [http-nio-8080-exec-3] DEBUG c.p.m.SysUserRoleMapper.selectList - <==      Total: 1
2026-08-07 22:31:40.867 [http-nio-8080-exec-3] DEBUG c.p.mapper.SysRoleMapper.selectById - ==>  Preparing: SELECT id,name,code,description,status,create_time,update_time,version FROM sys_role WHERE id=?
2026-08-07 22:31:40.867 [http-nio-8080-exec-3] DEBUG c.p.mapper.SysRoleMapper.selectById - ==> Parameters: 1(Long)
2026-08-07 22:31:40.867 [http-nio-8080-exec-3] DEBUG c.p.mapper.SysRoleMapper.selectById - <==      Total: 1
2026-08-07 22:31:40.867 [http-nio-8080-exec-3] DEBUG c.p.m.S.selectMenuByRoleId - ==>  Preparing: SELECT m.* FROM sys_menu m INNER JOIN sys_role_menu rm ON m.id = rm.menu_id WHERE rm.role_id = ?
2026-08-07 22:31:40.867 [http-nio-8080-exec-3] DEBUG c.p.m.S.selectMenuByRoleId - ==> Parameters: 1(Long)
2026-08-07 22:31:40.869 [http-nio-8080-exec-3] DEBUG c.p.m.S.selectMenuByRoleId - <==      Total: 22
2026-08-07 22:31:40.870 [http-nio-8080-exec-3] DEBUG o.s.security.web.FilterChainProxy - Secured PUT /roles/1
2026-08-07 22:31:40.871 [http-nio-8080-exec-3] DEBUG c.p.mapper.SysRoleMapper.selectById - ==>  Preparing: SELECT id,name,code,description,status,create_time,update_time,version FROM sys_role WHERE id=?
2026-08-07 22:31:40.871 [http-nio-8080-exec-3] DEBUG c.p.mapper.SysRoleMapper.selectById - ==> Parameters: 1(Long)
2026-08-07 22:31:40.871 [http-nio-8080-exec-3] DEBUG c.p.mapper.SysRoleMapper.selectById - <==      Total: 1
2026-08-07 22:31:40.871 [http-nio-8080-exec-3] DEBUG c.p.mapper.SysRoleMapper.updateById - ==>  Preparing: UPDATE sys_role SET name=?, code=?, description=?, status=?, update_time=? WHERE id=?
2026-08-07 22:31:40.871 [http-nio-8080-exec-3] DEBUG c.p.mapper.SysRoleMapper.updateById - ==> Parameters: 级管理员(String), admin(String), 系统超级管理员，拥有所有权限(String), 1(Integer), 2026-08-07T22:31:40.871297900(LocalDateTime), 1(Long)
2026-08-07 22:31:40.871 [http-nio-8080-exec-3] DEBUG c.p.mapper.SysRoleMapper.updateById - <==    Updates: 1
2026-08-07 22:31:40.886 [http-nio-8080-exec-4] DEBUG o.s.security.web.FilterChainProxy - Securing GET /roles
2026-08-07 22:31:40.886 [http-nio-8080-exec-4] DEBUG c.p.mapper.SysUserMapper.selectList - ==>  Preparing: SELECT id,username,password,nickname,email,phone,status,create_time,update_time,version FROM sys_user WHERE (username = ?)
2026-08-07 22:31:40.886 [http-nio-8080-exec-4] DEBUG c.p.mapper.SysUserMapper.selectList - ==> Parameters: admin(String)
2026-08-07 22:31:40.892 [http-nio-8080-exec-4] DEBUG c.p.mapper.SysUserMapper.selectList - <==      Total: 1
2026-08-07 22:31:40.892 [http-nio-8080-exec-4] DEBUG c.p.m.SysUserRoleMapper.selectList - ==>  Preparing: SELECT id,user_id,role_id FROM sys_user_role WHERE (user_id = ?)
2026-08-07 22:31:40.892 [http-nio-8080-exec-4] DEBUG c.p.m.SysUserRoleMapper.selectList - ==> Parameters: 1(Long)
2026-08-07 22:31:40.893 [http-nio-8080-exec-4] DEBUG c.p.m.SysUserRoleMapper.selectList - <==      Total: 1
2026-08-07 22:31:40.893 [http-nio-8080-exec-4] DEBUG c.p.mapper.SysRoleMapper.selectById - ==>  Preparing: SELECT id,name,code,description,status,create_time,update_time,version FROM sys_role WHERE id=?
2026-08-07 22:31:40.893 [http-nio-8080-exec-4] DEBUG c.p.mapper.SysRoleMapper.selectById - ==> Parameters: 1(Long)
2026-08-07 22:31:40.894 [http-nio-8080-exec-4] DEBUG c.p.mapper.SysRoleMapper.selectById - <==      Total: 1
2026-08-07 22:31:40.894 [http-nio-8080-exec-4] DEBUG c.p.m.S.selectMenuByRoleId - ==>  Preparing: SELECT m.* FROM sys_menu m INNER JOIN sys_role_menu rm ON m.id = rm.menu_id WHERE rm.role_id = ?
2026-08-07 22:31:40.894 [http-nio-8080-exec-4] DEBUG c.p.m.S.selectMenuByRoleId - ==> Parameters: 1(Long)
2026-08-07 22:31:40.894 [http-nio-8080-exec-4] DEBUG c.p.m.S.selectMenuByRoleId - <==      Total: 22
2026-08-07 22:31:40.896 [http-nio-8080-exec-4] DEBUG o.s.security.web.FilterChainProxy - Secured GET /roles
2026-08-07 22:31:40.897 [http-nio-8080-exec-4] DEBUG c.p.mapper.SysRoleMapper.selectList - ==>  Preparing: SELECT id,name,code,description,status,create_time,update_time,version FROM sys_role ORDER BY id ASC
2026-08-07 22:31:40.897 [http-nio-8080-exec-4] DEBUG c.p.mapper.SysRoleMapper.selectList - ==> Parameters: 
2026-08-07 22:31:40.897 [http-nio-8080-exec-4] DEBUG c.p.mapper.SysRoleMapper.selectList - <==      Total: 5
2026-08-07 22:31:42.091 [http-nio-8080-exec-5] DEBUG o.s.security.web.FilterChainProxy - Securing GET /users
2026-08-07 22:31:42.094 [http-nio-8080-exec-5] DEBUG c.p.mapper.SysUserMapper.selectList - ==>  Preparing: SELECT id,username,password,nickname,email,phone,status,create_time,update_time,version FROM sys_user WHERE (username = ?)
2026-08-07 22:31:42.094 [http-nio-8080-exec-5] DEBUG c.p.mapper.SysUserMapper.selectList - ==> Parameters: admin(String)
2026-08-07 22:31:42.094 [http-nio-8080-exec-5] DEBUG c.p.mapper.SysUserMapper.selectList - <==      Total: 1
2026-08-07 22:31:42.095 [http-nio-8080-exec-5] DEBUG c.p.m.SysUserRoleMapper.selectList - ==>  Preparing: SELECT id,user_id,role_id FROM sys_user_role WHERE (user_id = ?)
2026-08-07 22:31:42.095 [http-nio-8080-exec-5] DEBUG c.p.m.SysUserRoleMapper.selectList - ==> Parameters: 1(Long)
2026-08-07 22:31:42.095 [http-nio-8080-exec-5] DEBUG c.p.m.SysUserRoleMapper.selectList - <==      Total: 1
2026-08-07 22:31:42.097 [http-nio-8080-exec-5] DEBUG c.p.mapper.SysRoleMapper.selectById - ==>  Preparing: SELECT id,name,code,description,status,create_time,update_time,version FROM sys_role WHERE id=?
2026-08-07 22:31:42.097 [http-nio-8080-exec-5] DEBUG c.p.mapper.SysRoleMapper.selectById - ==> Parameters: 1(Long)
2026-08-07 22:31:42.097 [http-nio-8080-exec-5] DEBUG c.p.mapper.SysRoleMapper.selectById - <==      Total: 1
2026-08-07 22:31:42.097 [http-nio-8080-exec-5] DEBUG c.p.m.S.selectMenuByRoleId - ==>  Preparing: SELECT m.* FROM sys_menu m INNER JOIN sys_role_menu rm ON m.id = rm.menu_id WHERE rm.role_id = ?
2026-08-07 22:31:42.097 [http-nio-8080-exec-5] DEBUG c.p.m.S.selectMenuByRoleId - ==> Parameters: 1(Long)
2026-08-07 22:31:42.099 [http-nio-8080-exec-5] DEBUG c.p.m.S.selectMenuByRoleId - <==      Total: 22
2026-08-07 22:31:42.099 [http-nio-8080-exec-5] DEBUG o.s.security.web.FilterChainProxy - Secured GET /users
2026-08-07 22:31:42.101 [http-nio-8080-exec-5] DEBUG c.p.mapper.SysUserMapper.selectList - ==>  Preparing: SELECT id,username,password,nickname,email,phone,status,create_time,update_time,version FROM sys_user ORDER BY id ASC
2026-08-07 22:31:42.101 [http-nio-8080-exec-5] DEBUG c.p.mapper.SysUserMapper.selectList - ==> Parameters: 
2026-08-07 22:31:42.102 [http-nio-8080-exec-5] DEBUG c.p.mapper.SysUserMapper.selectList - <==      Total: 8
2026-08-07 22:31:42.102 [http-nio-8080-exec-5] DEBUG c.p.m.SysUserRoleMapper.selectList - ==>  Preparing: SELECT id,user_id,role_id FROM sys_user_role WHERE (user_id = ?) LIMIT 1
2026-08-07 22:31:42.102 [http-nio-8080-exec-5] DEBUG c.p.m.SysUserRoleMapper.selectList - ==> Parameters: 1(Long)
2026-08-07 22:31:42.102 [http-nio-8080-exec-5] DEBUG c.p.m.SysUserRoleMapper.selectList - <==      Total: 1
2026-08-07 22:31:42.102 [http-nio-8080-exec-5] DEBUG c.p.mapper.SysRoleMapper.selectById - ==>  Preparing: SELECT id,name,code,description,status,create_time,update_time,version FROM sys_role WHERE id=?
2026-08-07 22:31:42.103 [http-nio-8080-exec-5] DEBUG c.p.mapper.SysRoleMapper.selectById - ==> Parameters: 1(Long)
2026-08-07 22:31:42.103 [http-nio-8080-exec-5] DEBUG c.p.mapper.SysRoleMapper.selectById - <==      Total: 1
2026-08-07 22:31:42.103 [http-nio-8080-exec-5] DEBUG c.p.m.SysUserRoleMapper.selectList - ==>  Preparing: SELECT id,user_id,role_id FROM sys_user_role WHERE (user_id = ?) LIMIT 1
2026-08-07 22:31:42.103 [http-nio-8080-exec-5] DEBUG c.p.m.SysUserRoleMapper.selectList - ==> Parameters: 2(Long)
2026-08-07 22:31:42.105 [http-nio-8080-exec-5] DEBUG c.p.m.SysUserRoleMapper.selectList - <==      Total: 1
2026-08-07 22:31:42.105 [http-nio-8080-exec-5] DEBUG c.p.mapper.SysRoleMapper.selectById - ==>  Preparing: SELECT id,name,code,description,status,create_time,update_time,version FROM sys_role WHERE id=?
2026-08-07 22:31:42.105 [http-nio-8080-exec-5] DEBUG c.p.mapper.SysRoleMapper.selectById - ==> Parameters: 2(Long)
2026-08-07 22:31:42.105 [http-nio-8080-exec-5] DEBUG c.p.mapper.SysRoleMapper.selectById - <==      Total: 1
2026-08-07 22:31:42.105 [http-nio-8080-exec-5] DEBUG c.p.m.SysUserRoleMapper.selectList - ==>  Preparing: SELECT id,user_id,role_id FROM sys_user_role WHERE (user_id = ?) LIMIT 1
2026-08-07 22:31:42.105 [http-nio-8080-exec-5] DEBUG c.p.m.SysUserRoleMapper.selectList - ==> Parameters: 3(Long)
2026-08-07 22:31:42.106 [http-nio-8080-exec-5] DEBUG c.p.m.SysUserRoleMapper.selectList - <==      Total: 1
2026-08-07 22:31:42.106 [http-nio-8080-exec-5] DEBUG c.p.mapper.SysRoleMapper.selectById - ==>  Preparing: SELECT id,name,code,description,status,create_time,update_time,version FROM sys_role WHERE id=?
2026-08-07 22:31:42.106 [http-nio-8080-exec-5] DEBUG c.p.mapper.SysRoleMapper.selectById - ==> Parameters: 3(Long)
2026-08-07 22:31:42.106 [http-nio-8080-exec-5] DEBUG c.p.mapper.SysRoleMapper.selectById - <==      Total: 1
2026-08-07 22:31:42.107 [http-nio-8080-exec-5] DEBUG c.p.m.SysUserRoleMapper.selectList - ==>  Preparing: SELECT id,user_id,role_id FROM sys_user_role WHERE (user_id = ?) LIMIT 1
2026-08-07 22:31:42.107 [http-nio-8080-exec-5] DEBUG c.p.m.SysUserRoleMapper.selectList - ==> Parameters: 4(Long)
2026-08-07 22:31:42.107 [http-nio-8080-exec-5] DEBUG c.p.m.SysUserRoleMapper.selectList - <==      Total: 1
2026-08-07 22:31:42.107 [http-nio-8080-exec-5] DEBUG c.p.mapper.SysRoleMapper.selectById - ==>  Preparing: SELECT id,name,code,description,status,create_time,update_time,version FROM sys_role WHERE id=?
2026-08-07 22:31:42.107 [http-nio-8080-exec-5] DEBUG c.p.mapper.SysRoleMapper.selectById - ==> Parameters: 2(Long)
2026-08-07 22:31:42.108 [http-nio-8080-exec-5] DEBUG c.p.mapper.SysRoleMapper.selectById - <==      Total: 1
2026-08-07 22:31:42.108 [http-nio-8080-exec-5] DEBUG c.p.m.SysUserRoleMapper.selectList - ==>  Preparing: SELECT id,user_id,role_id FROM sys_user_role WHERE (user_id = ?) LIMIT 1
2026-08-07 22:31:42.108 [http-nio-8080-exec-5] DEBUG c.p.m.SysUserRoleMapper.selectList - ==> Parameters: 5(Long)
2026-08-07 22:31:42.108 [http-nio-8080-exec-5] DEBUG c.p.m.SysUserRoleMapper.selectList - <==      Total: 1
2026-08-07 22:31:42.109 [http-nio-8080-exec-5] DEBUG c.p.mapper.SysRoleMapper.selectById - ==>  Preparing: SELECT id,name,code,description,status,create_time,update_time,version FROM sys_role WHERE id=?
2026-08-07 22:31:42.109 [http-nio-8080-exec-5] DEBUG c.p.mapper.SysRoleMapper.selectById - ==> Parameters: 3(Long)
2026-08-07 22:31:42.109 [http-nio-8080-exec-5] DEBUG c.p.mapper.SysRoleMapper.selectById - <==      Total: 1
2026-08-07 22:31:42.110 [http-nio-8080-exec-5] DEBUG c.p.m.SysUserRoleMapper.selectList - ==>  Preparing: SELECT id,user_id,role_id FROM sys_user_role WHERE (user_id = ?) LIMIT 1
2026-08-07 22:31:42.110 [http-nio-8080-exec-5] DEBUG c.p.m.SysUserRoleMapper.selectList - ==> Parameters: 6(Long)
2026-08-07 22:31:42.110 [http-nio-8080-exec-5] DEBUG c.p.m.SysUserRoleMapper.selectList - <==      Total: 1
2026-08-07 22:31:42.110 [http-nio-8080-exec-5] DEBUG c.p.mapper.SysRoleMapper.selectById - ==>  Preparing: SELECT id,name,code,description,status,create_time,update_time,version FROM sys_role WHERE id=?
2026-08-07 22:31:42.110 [http-nio-8080-exec-5] DEBUG c.p.mapper.SysRoleMapper.selectById - ==> Parameters: 2(Long)
2026-08-07 22:31:42.111 [http-nio-8080-exec-5] DEBUG c.p.mapper.SysRoleMapper.selectById - <==      Total: 1
2026-08-07 22:31:42.111 [http-nio-8080-exec-5] DEBUG c.p.m.SysUserRoleMapper.selectList - ==>  Preparing: SELECT id,user_id,role_id FROM sys_user_role WHERE (user_id = ?) LIMIT 1
2026-08-07 22:31:42.111 [http-nio-8080-exec-5] DEBUG c.p.m.SysUserRoleMapper.selectList - ==> Parameters: 7(Long)
2026-08-07 22:31:42.111 [http-nio-8080-exec-5] DEBUG c.p.m.SysUserRoleMapper.selectList - <==      Total: 1
2026-08-07 22:31:42.112 [http-nio-8080-exec-5] DEBUG c.p.mapper.SysRoleMapper.selectById - ==>  Preparing: SELECT id,name,code,description,status,create_time,update_time,version FROM sys_role WHERE id=?
2026-08-07 22:31:42.112 [http-nio-8080-exec-5] DEBUG c.p.mapper.SysRoleMapper.selectById - ==> Parameters: 4(Long)
2026-08-07 22:31:42.112 [http-nio-8080-exec-5] DEBUG c.p.mapper.SysRoleMapper.selectById - <==      Total: 1
2026-08-07 22:31:42.112 [http-nio-8080-exec-5] DEBUG c.p.m.SysUserRoleMapper.selectList - ==>  Preparing: SELECT id,user_id,role_id FROM sys_user_role WHERE (user_id = ?) LIMIT 1
2026-08-07 22:31:42.112 [http-nio-8080-exec-5] DEBUG c.p.m.SysUserRoleMapper.selectList - ==> Parameters: 8(Long)
2026-08-07 22:31:42.113 [http-nio-8080-exec-5] DEBUG c.p.m.SysUserRoleMapper.selectList - <==      Total: 1
2026-08-07 22:31:42.113 [http-nio-8080-exec-5] DEBUG c.p.mapper.SysRoleMapper.selectById - ==>  Preparing: SELECT id,name,code,description,status,create_time,update_time,version FROM sys_role WHERE id=?
2026-08-07 22:31:42.113 [http-nio-8080-exec-5] DEBUG c.p.mapper.SysRoleMapper.selectById - ==> Parameters: 5(Long)
2026-08-07 22:31:42.113 [http-nio-8080-exec-5] DEBUG c.p.mapper.SysRoleMapper.selectById - <==      Total: 1
2026-08-07 22:31:43.301 [http-nio-8080-exec-6] DEBUG o.s.security.web.FilterChainProxy - Securing GET /roles
2026-08-07 22:31:43.303 [http-nio-8080-exec-6] DEBUG c.p.mapper.SysUserMapper.selectList - ==>  Preparing: SELECT id,username,password,nickname,email,phone,status,create_time,update_time,version FROM sys_user WHERE (username = ?)
2026-08-07 22:31:43.303 [http-nio-8080-exec-6] DEBUG c.p.mapper.SysUserMapper.selectList - ==> Parameters: admin(String)
2026-08-07 22:31:43.304 [http-nio-8080-exec-6] DEBUG c.p.mapper.SysUserMapper.selectList - <==      Total: 1
2026-08-07 22:31:43.304 [http-nio-8080-exec-6] DEBUG c.p.m.SysUserRoleMapper.selectList - ==>  Preparing: SELECT id,user_id,role_id FROM sys_user_role WHERE (user_id = ?)
2026-08-07 22:31:43.304 [http-nio-8080-exec-6] DEBUG c.p.m.SysUserRoleMapper.selectList - ==> Parameters: 1(Long)
2026-08-07 22:31:43.305 [http-nio-8080-exec-6] DEBUG c.p.m.SysUserRoleMapper.selectList - <==      Total: 1
2026-08-07 22:31:43.306 [http-nio-8080-exec-6] DEBUG c.p.mapper.SysRoleMapper.selectById - ==>  Preparing: SELECT id,name,code,description,status,create_time,update_time,version FROM sys_role WHERE id=?
2026-08-07 22:31:43.306 [http-nio-8080-exec-6] DEBUG c.p.mapper.SysRoleMapper.selectById - ==> Parameters: 1(Long)
2026-08-07 22:31:43.306 [http-nio-8080-exec-6] DEBUG c.p.mapper.SysRoleMapper.selectById - <==      Total: 1
2026-08-07 22:31:43.306 [http-nio-8080-exec-6] DEBUG c.p.m.S.selectMenuByRoleId - ==>  Preparing: SELECT m.* FROM sys_menu m INNER JOIN sys_role_menu rm ON m.id = rm.menu_id WHERE rm.role_id = ?
2026-08-07 22:31:43.306 [http-nio-8080-exec-6] DEBUG c.p.m.S.selectMenuByRoleId - ==> Parameters: 1(Long)
2026-08-07 22:31:43.306 [http-nio-8080-exec-6] DEBUG c.p.m.S.selectMenuByRoleId - <==      Total: 22
2026-08-07 22:31:43.306 [http-nio-8080-exec-6] DEBUG o.s.security.web.FilterChainProxy - Secured GET /roles
2026-08-07 22:31:43.306 [http-nio-8080-exec-6] DEBUG c.p.mapper.SysRoleMapper.selectList - ==>  Preparing: SELECT id,name,code,description,status,create_time,update_time,version FROM sys_role ORDER BY id ASC
2026-08-07 22:31:43.306 [http-nio-8080-exec-6] DEBUG c.p.mapper.SysRoleMapper.selectList - ==> Parameters: 
2026-08-07 22:31:43.306 [http-nio-8080-exec-6] DEBUG c.p.mapper.SysRoleMapper.selectList - <==      Total: 5
2026-08-07 22:31:46.462 [http-nio-8080-exec-7] DEBUG o.s.security.web.FilterChainProxy - Securing GET /roles
2026-08-07 22:31:46.463 [http-nio-8080-exec-7] DEBUG c.p.mapper.SysUserMapper.selectList - ==>  Preparing: SELECT id,username,password,nickname,email,phone,status,create_time,update_time,version FROM sys_user WHERE (username = ?)
2026-08-07 22:31:46.465 [http-nio-8080-exec-7] DEBUG c.p.mapper.SysUserMapper.selectList - ==> Parameters: admin(String)
2026-08-07 22:31:46.465 [http-nio-8080-exec-7] DEBUG c.p.mapper.SysUserMapper.selectList - <==      Total: 1
2026-08-07 22:31:46.466 [http-nio-8080-exec-7] DEBUG c.p.m.SysUserRoleMapper.selectList - ==>  Preparing: SELECT id,user_id,role_id FROM sys_user_role WHERE (user_id = ?)
2026-08-07 22:31:46.466 [http-nio-8080-exec-7] DEBUG c.p.m.SysUserRoleMapper.selectList - ==> Parameters: 1(Long)
2026-08-07 22:31:46.466 [http-nio-8080-exec-7] DEBUG c.p.m.SysUserRoleMapper.selectList - <==      Total: 1
2026-08-07 22:31:46.466 [http-nio-8080-exec-7] DEBUG c.p.mapper.SysRoleMapper.selectById - ==>  Preparing: SELECT id,name,code,description,status,create_time,update_time,version FROM sys_role WHERE id=?
2026-08-07 22:31:46.467 [http-nio-8080-exec-7] DEBUG c.p.mapper.SysRoleMapper.selectById - ==> Parameters: 1(Long)
2026-08-07 22:31:46.467 [http-nio-8080-exec-7] DEBUG c.p.mapper.SysRoleMapper.selectById - <==      Total: 1
2026-08-07 22:31:46.468 [http-nio-8080-exec-7] DEBUG c.p.m.S.selectMenuByRoleId - ==>  Preparing: SELECT m.* FROM sys_menu m INNER JOIN sys_role_menu rm ON m.id = rm.menu_id WHERE rm.role_id = ?
2026-08-07 22:31:46.468 [http-nio-8080-exec-7] DEBUG c.p.m.S.selectMenuByRoleId - ==> Parameters: 1(Long)
2026-08-07 22:31:46.469 [http-nio-8080-exec-7] DEBUG c.p.m.S.selectMenuByRoleId - <==      Total: 22
2026-08-07 22:31:46.470 [http-nio-8080-exec-7] DEBUG o.s.security.web.FilterChainProxy - Secured GET /roles
2026-08-07 22:31:46.471 [http-nio-8080-exec-7] DEBUG c.p.mapper.SysRoleMapper.selectList - ==>  Preparing: SELECT id,name,code,description,status,create_time,update_time,version FROM sys_role ORDER BY id ASC
2026-08-07 22:31:46.471 [http-nio-8080-exec-7] DEBUG c.p.mapper.SysRoleMapper.selectList - ==> Parameters: 
2026-08-07 22:31:46.471 [http-nio-8080-exec-7] DEBUG c.p.mapper.SysRoleMapper.selectList - <==      Total: 5
2026-08-07 22:31:53.904 [http-nio-8080-exec-8] DEBUG o.s.security.web.FilterChainProxy - Securing PUT /roles/1
2026-08-07 22:31:53.904 [http-nio-8080-exec-8] DEBUG c.p.mapper.SysUserMapper.selectList - ==>  Preparing: SELECT id,username,password,nickname,email,phone,status,create_time,update_time,version FROM sys_user WHERE (username = ?)
2026-08-07 22:31:53.904 [http-nio-8080-exec-8] DEBUG c.p.mapper.SysUserMapper.selectList - ==> Parameters: admin(String)
2026-08-07 22:31:53.904 [http-nio-8080-exec-8] DEBUG c.p.mapper.SysUserMapper.selectList - <==      Total: 1
2026-08-07 22:31:53.904 [http-nio-8080-exec-8] DEBUG c.p.m.SysUserRoleMapper.selectList - ==>  Preparing: SELECT id,user_id,role_id FROM sys_user_role WHERE (user_id = ?)
2026-08-07 22:31:53.904 [http-nio-8080-exec-8] DEBUG c.p.m.SysUserRoleMapper.selectList - ==> Parameters: 1(Long)
2026-08-07 22:31:53.904 [http-nio-8080-exec-8] DEBUG c.p.m.SysUserRoleMapper.selectList - <==      Total: 1
2026-08-07 22:31:53.904 [http-nio-8080-exec-8] DEBUG c.p.mapper.SysRoleMapper.selectById - ==>  Preparing: SELECT id,name,code,description,status,create_time,update_time,version FROM sys_role WHERE id=?
2026-08-07 22:31:53.904 [http-nio-8080-exec-8] DEBUG c.p.mapper.SysRoleMapper.selectById - ==> Parameters: 1(Long)
2026-08-07 22:31:53.910 [http-nio-8080-exec-8] DEBUG c.p.mapper.SysRoleMapper.selectById - <==      Total: 1
2026-08-07 22:31:53.910 [http-nio-8080-exec-8] DEBUG c.p.m.S.selectMenuByRoleId - ==>  Preparing: SELECT m.* FROM sys_menu m INNER JOIN sys_role_menu rm ON m.id = rm.menu_id WHERE rm.role_id = ?
2026-08-07 22:31:53.910 [http-nio-8080-exec-8] DEBUG c.p.m.S.selectMenuByRoleId - ==> Parameters: 1(Long)
2026-08-07 22:31:53.910 [http-nio-8080-exec-8] DEBUG c.p.m.S.selectMenuByRoleId - <==      Total: 22
2026-08-07 22:31:53.912 [http-nio-8080-exec-8] DEBUG o.s.security.web.FilterChainProxy - Secured PUT /roles/1
2026-08-07 22:31:53.913 [http-nio-8080-exec-8] DEBUG c.p.mapper.SysRoleMapper.selectById - ==>  Preparing: SELECT id,name,code,description,status,create_time,update_time,version FROM sys_role WHERE id=?
2026-08-07 22:31:53.913 [http-nio-8080-exec-8] DEBUG c.p.mapper.SysRoleMapper.selectById - ==> Parameters: 1(Long)
2026-08-07 22:31:53.914 [http-nio-8080-exec-8] DEBUG c.p.mapper.SysRoleMapper.selectById - <==      Total: 1
2026-08-07 22:31:53.914 [http-nio-8080-exec-8] DEBUG c.p.mapper.SysRoleMapper.updateById - ==>  Preparing: UPDATE sys_role SET name=?, code=?, description=?, status=?, update_time=? WHERE id=?
2026-08-07 22:31:53.914 [http-nio-8080-exec-8] DEBUG c.p.mapper.SysRoleMapper.updateById - ==> Parameters: 超级管理员(String), admin(String), 系统超级管理员，拥有所有权限(String), 1(Integer), 2026-08-07T22:31:53.914597200(LocalDateTime), 1(Long)
2026-08-07 22:31:53.914 [http-nio-8080-exec-8] DEBUG c.p.mapper.SysRoleMapper.updateById - <==    Updates: 1
2026-08-07 22:31:53.926 [http-nio-8080-exec-9] DEBUG o.s.security.web.FilterChainProxy - Securing GET /roles
2026-08-07 22:31:53.926 [http-nio-8080-exec-9] DEBUG c.p.mapper.SysUserMapper.selectList - ==>  Preparing: SELECT id,username,password,nickname,email,phone,status,create_time,update_time,version FROM sys_user WHERE (username = ?)
2026-08-07 22:31:53.926 [http-nio-8080-exec-9] DEBUG c.p.mapper.SysUserMapper.selectList - ==> Parameters: admin(String)
2026-08-07 22:31:53.931 [http-nio-8080-exec-9] DEBUG c.p.mapper.SysUserMapper.selectList - <==      Total: 1
2026-08-07 22:31:53.931 [http-nio-8080-exec-9] DEBUG c.p.m.SysUserRoleMapper.selectList - ==>  Preparing: SELECT id,user_id,role_id FROM sys_user_role WHERE (user_id = ?)
2026-08-07 22:31:53.931 [http-nio-8080-exec-9] DEBUG c.p.m.SysUserRoleMapper.selectList - ==> Parameters: 1(Long)
2026-08-07 22:31:53.931 [http-nio-8080-exec-9] DEBUG c.p.m.SysUserRoleMapper.selectList - <==      Total: 1
2026-08-07 22:31:53.931 [http-nio-8080-exec-9] DEBUG c.p.mapper.SysRoleMapper.selectById - ==>  Preparing: SELECT id,name,code,description,status,create_time,update_time,version FROM sys_role WHERE id=?
2026-08-07 22:31:53.931 [http-nio-8080-exec-9] DEBUG c.p.mapper.SysRoleMapper.selectById - ==> Parameters: 1(Long)
2026-08-07 22:31:53.931 [http-nio-8080-exec-9] DEBUG c.p.mapper.SysRoleMapper.selectById - <==      Total: 1
2026-08-07 22:31:53.931 [http-nio-8080-exec-9] DEBUG c.p.m.S.selectMenuByRoleId - ==>  Preparing: SELECT m.* FROM sys_menu m INNER JOIN sys_role_menu rm ON m.id = rm.menu_id WHERE rm.role_id = ?
2026-08-07 22:31:53.931 [http-nio-8080-exec-9] DEBUG c.p.m.S.selectMenuByRoleId - ==> Parameters: 1(Long)
2026-08-07 22:31:53.934 [http-nio-8080-exec-9] DEBUG c.p.m.S.selectMenuByRoleId - <==      Total: 22
2026-08-07 22:31:53.934 [http-nio-8080-exec-9] DEBUG o.s.security.web.FilterChainProxy - Secured GET /roles
2026-08-07 22:31:53.935 [http-nio-8080-exec-9] DEBUG c.p.mapper.SysRoleMapper.selectList - ==>  Preparing: SELECT id,name,code,description,status,create_time,update_time,version FROM sys_role ORDER BY id ASC
2026-08-07 22:31:53.935 [http-nio-8080-exec-9] DEBUG c.p.mapper.SysRoleMapper.selectList - ==> Parameters: 
2026-08-07 22:31:53.936 [http-nio-8080-exec-9] DEBUG c.p.mapper.SysRoleMapper.selectList - <==      Total: 5
2026-08-07 22:33:48.625 [SpringApplicationShutdownHook] INFO  com.zaxxer.hikari.HikariDataSource - HikariPool-1 - Shutdown initiated...
2026-08-07 22:33:48.629 [SpringApplicationShutdownHook] INFO  com.zaxxer.hikari.HikariDataSource - HikariPool-1 - Shutdown completed.
