2026-07-30 12:51:07.932 [background-preinit] INFO  o.h.validator.internal.util.Version - HV000001: Hibernate Validator 8.0.1.Final
2026-07-30 12:51:07.986 [main] INFO  com.pes.PesApplication - Starting PesApplication using Java 17.0.12 with PID 29348 (E:\PES\pes-java\target\classes started by ASUS in E:\PES)
2026-07-30 12:51:07.986 [main] DEBUG com.pes.PesApplication - Running with Spring Boot v3.2.0, Spring v6.1.1
2026-07-30 12:51:07.988 [main] INFO  com.pes.PesApplication - The following 1 profile is active: "dev"
2026-07-30 12:51:09.771 [background-preinit] INFO  o.h.validator.internal.util.Version - HV000001: Hibernate Validator 8.0.1.Final
2026-07-30 12:51:09.802 [main] INFO  com.pes.PesApplication - Starting PesApplication using Java 17.0.12 with PID 3880 (E:\PES\pes-java\target\classes started by ASUS in E:\PES)
2026-07-30 12:51:09.802 [main] DEBUG com.pes.PesApplication - Running with Spring Boot v3.2.0, Spring v6.1.1
2026-07-30 12:51:09.803 [main] INFO  com.pes.PesApplication - The following 1 profile is active: "dev"
2026-07-30 12:51:10.173 [main] INFO  o.s.b.w.e.tomcat.TomcatWebServer - Tomcat initialized with port 8080 (http)
2026-07-30 12:51:10.184 [main] INFO  o.a.coyote.http11.Http11NioProtocol - Initializing ProtocolHandler ["http-nio-8080"]
2026-07-30 12:51:10.186 [main] INFO  o.a.catalina.core.StandardService - Starting service [Tomcat]
2026-07-30 12:51:10.186 [main] INFO  o.a.catalina.core.StandardEngine - Starting Servlet engine: [Apache Tomcat/10.1.16]
2026-07-30 12:51:10.269 [main] INFO  o.a.c.c.C.[Tomcat].[localhost].[/] - Initializing Spring embedded WebApplicationContext
2026-07-30 12:51:10.270 [main] INFO  o.s.b.w.s.c.ServletWebServerApplicationContext - Root WebApplicationContext: initialization completed in 2229 ms
2026-07-30 12:51:10.484 [main] INFO  com.zaxxer.hikari.HikariDataSource - HikariPool-1 - Starting...
2026-07-30 12:51:10.917 [main] INFO  com.zaxxer.hikari.pool.HikariPool - HikariPool-1 - Added connection com.mysql.cj.jdbc.ConnectionImpl@51b51641
2026-07-30 12:51:10.925 [main] INFO  com.zaxxer.hikari.HikariDataSource - HikariPool-1 - Start completed.
2026-07-30 12:51:11.218 [main] INFO  o.s.b.w.e.tomcat.TomcatWebServer - Tomcat initialized with port 8080 (http)
2026-07-30 12:51:11.225 [main] INFO  o.a.coyote.http11.Http11NioProtocol - Initializing ProtocolHandler ["http-nio-8080"]
2026-07-30 12:51:11.227 [main] INFO  o.a.catalina.core.StandardService - Starting service [Tomcat]
2026-07-30 12:51:11.227 [main] INFO  o.a.catalina.core.StandardEngine - Starting Servlet engine: [Apache Tomcat/10.1.16]
2026-07-30 12:51:11.256 [main] DEBUG c.p.s.filter.JwtAuthenticationFilter - Filter 'jwtAuthenticationFilter' configured for use
2026-07-30 12:51:11.294 [main] INFO  o.a.c.c.C.[Tomcat].[localhost].[/] - Initializing Spring embedded WebApplicationContext
2026-07-30 12:51:11.294 [main] INFO  o.s.b.w.s.c.ServletWebServerApplicationContext - Root WebApplicationContext: initialization completed in 1454 ms
2026-07-30 12:51:11.475 [main] INFO  com.zaxxer.hikari.HikariDataSource - HikariPool-1 - Starting...
2026-07-30 12:51:11.650 [main] INFO  com.pes.config.RedisConfig - Redis 连接成功: localhost:6379 (db:0)
2026-07-30 12:51:11.721 [main] INFO  com.zaxxer.hikari.pool.HikariPool - HikariPool-1 - Added connection com.mysql.cj.jdbc.ConnectionImpl@2913ca3e
2026-07-30 12:51:11.724 [main] INFO  com.zaxxer.hikari.HikariDataSource - HikariPool-1 - Start completed.
2026-07-30 12:51:11.771 [main] INFO  com.pes.config.RedisConfig - RedisTemplate 初始化完成
2026-07-30 12:51:13.872 [main] DEBUG c.p.s.filter.JwtAuthenticationFilter - Filter 'jwtAuthenticationFilter' configured for use
2026-07-30 12:51:14.188 [main] WARN  com.pes.utils.CaptchaStore - ============================================
2026-07-30 12:51:14.188 [main] WARN  com.pes.utils.CaptchaStore - 验证码存储: 降级为内存模式 (Redis 不可用)
2026-07-30 12:51:14.189 [main] WARN  com.pes.utils.CaptchaStore - 应用正常运行，但验证码存储在内存中
2026-07-30 12:51:14.189 [main] WARN  com.pes.utils.CaptchaStore - ============================================
2026-07-30 12:51:14.300 [main] INFO  com.pes.config.RedisConfig - Redis 连接成功: localhost:6379 (db:0)
2026-07-30 12:51:14.368 [main] INFO  com.pes.config.RedisConfig - RedisTemplate 初始化完成
2026-07-30 12:51:14.724 [main] WARN  com.pes.utils.CaptchaStore - ============================================
2026-07-30 12:51:14.724 [main] WARN  com.pes.utils.CaptchaStore - 验证码存储: 降级为内存模式 (Redis 不可用)
2026-07-30 12:51:14.724 [main] WARN  com.pes.utils.CaptchaStore - 应用正常运行，但验证码存储在内存中
2026-07-30 12:51:14.724 [main] WARN  com.pes.utils.CaptchaStore - ============================================
2026-07-30 12:51:14.756 [main] INFO  o.s.s.web.DefaultSecurityFilterChain - Will secure any request with [org.springframework.security.web.session.DisableEncodeUrlFilter@23f539df, org.springframework.security.web.context.request.async.WebAsyncManagerIntegrationFilter@b859355, org.springframework.security.web.context.SecurityContextHolderFilter@4028aab2, org.springframework.security.web.header.HeaderWriterFilter@4a977146, org.springframework.web.filter.CorsFilter@6906be0f, org.springframework.security.web.authentication.logout.LogoutFilter@2d5435d4, com.pes.security.filter.JwtAuthenticationFilter@15371de2, org.springframework.security.web.savedrequest.RequestCacheAwareFilter@3ca9d3b2, org.springframework.security.web.servletapi.SecurityContextHolderAwareRequestFilter@2f8b48c3, org.springframework.security.web.authentication.AnonymousAuthenticationFilter@1f24e33d, org.springframework.security.web.session.SessionManagementFilter@3d195d15, org.springframework.security.web.access.ExceptionTranslationFilter@215404a1, org.springframework.security.web.access.intercept.AuthorizationFilter@2d97344c]
2026-07-30 12:51:15.075 [main] INFO  o.a.coyote.http11.Http11NioProtocol - Starting ProtocolHandler ["http-nio-8080"]
2026-07-30 12:51:15.090 [main] INFO  o.s.b.w.e.tomcat.TomcatWebServer - Tomcat started on port 8080 (http) with context path ''
2026-07-30 12:51:15.095 [main] INFO  com.pes.PesApplication - Started PesApplication in 7.785 seconds (process running for 9.458)
2026-07-30 12:51:15.173 [main] INFO  o.s.s.web.DefaultSecurityFilterChain - Will secure any request with [org.springframework.security.web.session.DisableEncodeUrlFilter@53c9541c, org.springframework.security.web.context.request.async.WebAsyncManagerIntegrationFilter@591febcb, org.springframework.security.web.context.SecurityContextHolderFilter@537a8915, org.springframework.security.web.header.HeaderWriterFilter@10230657, org.springframework.web.filter.CorsFilter@154864f8, org.springframework.security.web.authentication.logout.LogoutFilter@15d2ea6b, com.pes.security.filter.JwtAuthenticationFilter@603d25db, org.springframework.security.web.savedrequest.RequestCacheAwareFilter@2148b47e, org.springframework.security.web.servletapi.SecurityContextHolderAwareRequestFilter@410f1452, org.springframework.security.web.authentication.AnonymousAuthenticationFilter@3d6745ed, org.springframework.security.web.session.SessionManagementFilter@4724b2c1, org.springframework.security.web.access.ExceptionTranslationFilter@160cf225, org.springframework.security.web.access.intercept.AuthorizationFilter@4ed5492c]
2026-07-30 12:51:15.419 [main] INFO  o.a.coyote.http11.Http11NioProtocol - Starting ProtocolHandler ["http-nio-8080"]
2026-07-30 12:51:15.534 [main] WARN  o.s.b.w.s.c.AnnotationConfigServletWebServerApplicationContext - Exception encountered during context initialization - cancelling refresh attempt: org.springframework.context.ApplicationContextException: Failed to start bean 'webServerStartStop'
2026-07-30 12:51:15.536 [main] INFO  com.zaxxer.hikari.HikariDataSource - HikariPool-1 - Shutdown initiated...
2026-07-30 12:51:15.541 [main] INFO  com.zaxxer.hikari.HikariDataSource - HikariPool-1 - Shutdown completed.
2026-07-30 12:51:15.552 [main] INFO  o.s.b.a.l.ConditionEvaluationReportLogger - 

Error starting ApplicationContext. To display the condition evaluation report re-run your application with 'debug' enabled.
2026-07-30 12:51:15.562 [main] ERROR o.s.b.d.LoggingFailureAnalysisReporter - 

***************************
APPLICATION FAILED TO START
***************************

Description:

Web server failed to start. Port 8080 was already in use.

Action:

Identify and stop the process that's listening on port 8080 or configure this application to listen on another port.

2026-07-30 12:51:28.567 [http-nio-8080-exec-1] INFO  o.a.c.c.C.[Tomcat].[localhost].[/] - Initializing Spring DispatcherServlet 'dispatcherServlet'
2026-07-30 12:51:28.568 [http-nio-8080-exec-1] INFO  o.s.web.servlet.DispatcherServlet - Initializing Servlet 'dispatcherServlet'
2026-07-30 12:51:28.569 [http-nio-8080-exec-1] INFO  o.s.web.servlet.DispatcherServlet - Completed initialization in 1 ms
2026-07-30 12:51:28.580 [http-nio-8080-exec-1] DEBUG o.s.security.web.FilterChainProxy - Securing GET /menus/tree
2026-07-30 12:51:28.820 [http-nio-8080-exec-1] DEBUG c.p.mapper.SysUserMapper.selectList - ==>  Preparing: SELECT id,username,password,nickname,email,phone,status,create_time,update_time,version FROM sys_user WHERE (username = ?)
2026-07-30 12:51:28.841 [http-nio-8080-exec-1] DEBUG c.p.mapper.SysUserMapper.selectList - ==> Parameters: gugu(String)
2026-07-30 12:51:28.866 [http-nio-8080-exec-1] DEBUG c.p.mapper.SysUserMapper.selectList - <==      Total: 1
2026-07-30 12:51:28.873 [http-nio-8080-exec-1] DEBUG c.p.m.SysUserRoleMapper.selectList - ==>  Preparing: SELECT id,user_id,role_id FROM sys_user_role WHERE (user_id = ?)
2026-07-30 12:51:28.878 [http-nio-8080-exec-1] DEBUG c.p.m.SysUserRoleMapper.selectList - ==> Parameters: 11(Long)
2026-07-30 12:51:28.879 [http-nio-8080-exec-1] DEBUG c.p.m.SysUserRoleMapper.selectList - <==      Total: 1
2026-07-30 12:51:28.882 [http-nio-8080-exec-1] DEBUG c.p.mapper.SysRoleMapper.selectById - ==>  Preparing: SELECT id,name,code,description,status,create_time,update_time,version FROM sys_role WHERE id=?
2026-07-30 12:51:28.882 [http-nio-8080-exec-1] DEBUG c.p.mapper.SysRoleMapper.selectById - ==> Parameters: 2(Long)
2026-07-30 12:51:28.882 [http-nio-8080-exec-1] DEBUG c.p.mapper.SysRoleMapper.selectById - <==      Total: 1
2026-07-30 12:51:28.887 [http-nio-8080-exec-1] DEBUG c.p.m.S.selectMenuByRoleId - ==>  Preparing: SELECT m.* FROM sys_menu m INNER JOIN sys_role_menu rm ON m.id = rm.menu_id WHERE rm.role_id = ?
2026-07-30 12:51:28.887 [http-nio-8080-exec-1] DEBUG c.p.m.S.selectMenuByRoleId - ==> Parameters: 2(Long)
2026-07-30 12:51:28.889 [http-nio-8080-exec-1] DEBUG c.p.m.S.selectMenuByRoleId - <==      Total: 1
2026-07-30 12:51:28.905 [http-nio-8080-exec-1] DEBUG o.s.security.web.FilterChainProxy - Secured GET /menus/tree
2026-07-30 12:51:28.920 [http-nio-8080-exec-1] DEBUG c.p.mapper.SysMenuMapper.selectList - ==>  Preparing: SELECT id,parent_id,name,path,component,icon,permission,sort,type,status,create_time,update_time,version FROM sys_menu ORDER BY sort ASC
2026-07-30 12:51:28.922 [http-nio-8080-exec-1] DEBUG c.p.mapper.SysMenuMapper.selectList - ==> Parameters: 
2026-07-30 12:51:28.930 [http-nio-8080-exec-1] DEBUG c.p.mapper.SysMenuMapper.selectList - <==      Total: 21
2026-07-30 12:51:29.263 [http-nio-8080-exec-2] DEBUG o.s.security.web.FilterChainProxy - Securing GET /dashboard/stats
2026-07-30 12:51:29.266 [http-nio-8080-exec-2] DEBUG c.p.mapper.SysUserMapper.selectList - ==>  Preparing: SELECT id,username,password,nickname,email,phone,status,create_time,update_time,version FROM sys_user WHERE (username = ?)
2026-07-30 12:51:29.266 [http-nio-8080-exec-2] DEBUG c.p.mapper.SysUserMapper.selectList - ==> Parameters: gugu(String)
2026-07-30 12:51:29.269 [http-nio-8080-exec-2] DEBUG c.p.mapper.SysUserMapper.selectList - <==      Total: 1
2026-07-30 12:51:29.270 [http-nio-8080-exec-2] DEBUG c.p.m.SysUserRoleMapper.selectList - ==>  Preparing: SELECT id,user_id,role_id FROM sys_user_role WHERE (user_id = ?)
2026-07-30 12:51:29.270 [http-nio-8080-exec-2] DEBUG c.p.m.SysUserRoleMapper.selectList - ==> Parameters: 11(Long)
2026-07-30 12:51:29.271 [http-nio-8080-exec-2] DEBUG c.p.m.SysUserRoleMapper.selectList - <==      Total: 1
2026-07-30 12:51:29.272 [http-nio-8080-exec-2] DEBUG c.p.mapper.SysRoleMapper.selectById - ==>  Preparing: SELECT id,name,code,description,status,create_time,update_time,version FROM sys_role WHERE id=?
2026-07-30 12:51:29.272 [http-nio-8080-exec-2] DEBUG c.p.mapper.SysRoleMapper.selectById - ==> Parameters: 2(Long)
2026-07-30 12:51:29.273 [http-nio-8080-exec-2] DEBUG c.p.mapper.SysRoleMapper.selectById - <==      Total: 1
2026-07-30 12:51:29.273 [http-nio-8080-exec-2] DEBUG c.p.m.S.selectMenuByRoleId - ==>  Preparing: SELECT m.* FROM sys_menu m INNER JOIN sys_role_menu rm ON m.id = rm.menu_id WHERE rm.role_id = ?
2026-07-30 12:51:29.275 [http-nio-8080-exec-2] DEBUG c.p.m.S.selectMenuByRoleId - ==> Parameters: 2(Long)
2026-07-30 12:51:29.276 [http-nio-8080-exec-2] DEBUG c.p.m.S.selectMenuByRoleId - <==      Total: 1
2026-07-30 12:51:29.277 [http-nio-8080-exec-2] DEBUG o.s.security.web.FilterChainProxy - Secured GET /dashboard/stats
2026-07-30 12:51:29.277 [http-nio-8080-exec-2] DEBUG c.p.mapper.SysUserMapper.selectCount - ==>  Preparing: SELECT COUNT( * ) AS total FROM sys_user
2026-07-30 12:51:29.277 [http-nio-8080-exec-2] DEBUG c.p.mapper.SysUserMapper.selectCount - ==> Parameters: 
2026-07-30 12:51:29.282 [http-nio-8080-exec-2] DEBUG c.p.mapper.SysUserMapper.selectCount - <==      Total: 1
2026-07-30 12:51:29.282 [http-nio-8080-exec-2] DEBUG c.p.mapper.SysRoleMapper.selectCount - ==>  Preparing: SELECT COUNT( * ) AS total FROM sys_role
2026-07-30 12:51:29.282 [http-nio-8080-exec-2] DEBUG c.p.mapper.SysRoleMapper.selectCount - ==> Parameters: 
2026-07-30 12:51:29.282 [http-nio-8080-exec-2] DEBUG c.p.mapper.SysRoleMapper.selectCount - <==      Total: 1
2026-07-30 12:51:29.285 [http-nio-8080-exec-2] DEBUG c.p.mapper.SysMenuMapper.selectCount - ==>  Preparing: SELECT COUNT( * ) AS total FROM sys_menu
2026-07-30 12:51:29.285 [http-nio-8080-exec-2] DEBUG c.p.mapper.SysMenuMapper.selectCount - ==> Parameters: 
2026-07-30 12:51:29.288 [http-nio-8080-exec-2] DEBUG c.p.mapper.SysMenuMapper.selectCount - <==      Total: 1
2026-07-30 12:51:46.919 [http-nio-8080-exec-3] DEBUG o.s.security.web.FilterChainProxy - Securing GET /roles
2026-07-30 12:51:46.924 [http-nio-8080-exec-3] DEBUG c.p.mapper.SysUserMapper.selectList - ==>  Preparing: SELECT id,username,password,nickname,email,phone,status,create_time,update_time,version FROM sys_user WHERE (username = ?)
2026-07-30 12:51:46.925 [http-nio-8080-exec-3] DEBUG c.p.mapper.SysUserMapper.selectList - ==> Parameters: gugu(String)
2026-07-30 12:51:46.926 [http-nio-8080-exec-3] DEBUG c.p.mapper.SysUserMapper.selectList - <==      Total: 1
2026-07-30 12:51:46.927 [http-nio-8080-exec-3] DEBUG c.p.m.SysUserRoleMapper.selectList - ==>  Preparing: SELECT id,user_id,role_id FROM sys_user_role WHERE (user_id = ?)
2026-07-30 12:51:46.928 [http-nio-8080-exec-3] DEBUG c.p.m.SysUserRoleMapper.selectList - ==> Parameters: 11(Long)
2026-07-30 12:51:46.929 [http-nio-8080-exec-3] DEBUG c.p.m.SysUserRoleMapper.selectList - <==      Total: 1
2026-07-30 12:51:46.930 [http-nio-8080-exec-3] DEBUG c.p.mapper.SysRoleMapper.selectById - ==>  Preparing: SELECT id,name,code,description,status,create_time,update_time,version FROM sys_role WHERE id=?
2026-07-30 12:51:46.930 [http-nio-8080-exec-3] DEBUG c.p.mapper.SysRoleMapper.selectById - ==> Parameters: 2(Long)
2026-07-30 12:51:46.933 [http-nio-8080-exec-3] DEBUG c.p.mapper.SysRoleMapper.selectById - <==      Total: 1
2026-07-30 12:51:46.934 [http-nio-8080-exec-3] DEBUG c.p.m.S.selectMenuByRoleId - ==>  Preparing: SELECT m.* FROM sys_menu m INNER JOIN sys_role_menu rm ON m.id = rm.menu_id WHERE rm.role_id = ?
2026-07-30 12:51:46.936 [http-nio-8080-exec-3] DEBUG c.p.m.S.selectMenuByRoleId - ==> Parameters: 2(Long)
2026-07-30 12:51:46.938 [http-nio-8080-exec-3] DEBUG c.p.m.S.selectMenuByRoleId - <==      Total: 1
2026-07-30 12:51:46.941 [http-nio-8080-exec-3] DEBUG o.s.security.web.FilterChainProxy - Secured GET /roles
2026-07-30 12:51:46.951 [http-nio-8080-exec-3] WARN  c.p.exception.GlobalExceptionHandler - 权限不足: 权限不足
2026-07-30 12:58:26.155 [http-nio-8080-exec-4] DEBUG o.s.security.web.FilterChainProxy - Securing GET /menus/tree
2026-07-30 12:58:26.163 [http-nio-8080-exec-4] DEBUG c.p.mapper.SysUserMapper.selectList - ==>  Preparing: SELECT id,username,password,nickname,email,phone,status,create_time,update_time,version FROM sys_user WHERE (username = ?)
2026-07-30 12:58:26.163 [http-nio-8080-exec-4] DEBUG c.p.mapper.SysUserMapper.selectList - ==> Parameters: gugu(String)
2026-07-30 12:58:26.190 [http-nio-8080-exec-4] DEBUG c.p.mapper.SysUserMapper.selectList - <==      Total: 1
2026-07-30 12:58:26.192 [http-nio-8080-exec-4] DEBUG c.p.m.SysUserRoleMapper.selectList - ==>  Preparing: SELECT id,user_id,role_id FROM sys_user_role WHERE (user_id = ?)
2026-07-30 12:58:26.192 [http-nio-8080-exec-4] DEBUG c.p.m.SysUserRoleMapper.selectList - ==> Parameters: 11(Long)
2026-07-30 12:58:26.196 [http-nio-8080-exec-4] DEBUG c.p.m.SysUserRoleMapper.selectList - <==      Total: 1
2026-07-30 12:58:26.198 [http-nio-8080-exec-4] DEBUG c.p.mapper.SysRoleMapper.selectById - ==>  Preparing: SELECT id,name,code,description,status,create_time,update_time,version FROM sys_role WHERE id=?
2026-07-30 12:58:26.198 [http-nio-8080-exec-4] DEBUG c.p.mapper.SysRoleMapper.selectById - ==> Parameters: 2(Long)
2026-07-30 12:58:26.200 [http-nio-8080-exec-4] DEBUG c.p.mapper.SysRoleMapper.selectById - <==      Total: 1
2026-07-30 12:58:26.200 [http-nio-8080-exec-4] DEBUG c.p.m.S.selectMenuByRoleId - ==>  Preparing: SELECT m.* FROM sys_menu m INNER JOIN sys_role_menu rm ON m.id = rm.menu_id WHERE rm.role_id = ?
2026-07-30 12:58:26.200 [http-nio-8080-exec-4] DEBUG c.p.m.S.selectMenuByRoleId - ==> Parameters: 2(Long)
2026-07-30 12:58:26.202 [http-nio-8080-exec-4] DEBUG c.p.m.S.selectMenuByRoleId - <==      Total: 1
2026-07-30 12:58:26.204 [http-nio-8080-exec-4] DEBUG o.s.security.web.FilterChainProxy - Secured GET /menus/tree
2026-07-30 12:58:26.206 [http-nio-8080-exec-4] DEBUG c.p.mapper.SysMenuMapper.selectList - ==>  Preparing: SELECT id,parent_id,name,path,component,icon,permission,sort,type,status,create_time,update_time,version FROM sys_menu ORDER BY sort ASC
2026-07-30 12:58:26.206 [http-nio-8080-exec-4] DEBUG c.p.mapper.SysMenuMapper.selectList - ==> Parameters: 
2026-07-30 12:58:26.210 [http-nio-8080-exec-4] DEBUG c.p.mapper.SysMenuMapper.selectList - <==      Total: 21
2026-07-30 12:58:26.286 [http-nio-8080-exec-5] DEBUG o.s.security.web.FilterChainProxy - Securing GET /roles
2026-07-30 12:58:26.289 [http-nio-8080-exec-5] DEBUG c.p.mapper.SysUserMapper.selectList - ==>  Preparing: SELECT id,username,password,nickname,email,phone,status,create_time,update_time,version FROM sys_user WHERE (username = ?)
2026-07-30 12:58:26.289 [http-nio-8080-exec-5] DEBUG c.p.mapper.SysUserMapper.selectList - ==> Parameters: gugu(String)
2026-07-30 12:58:26.291 [http-nio-8080-exec-5] DEBUG c.p.mapper.SysUserMapper.selectList - <==      Total: 1
2026-07-30 12:58:26.293 [http-nio-8080-exec-5] DEBUG c.p.m.SysUserRoleMapper.selectList - ==>  Preparing: SELECT id,user_id,role_id FROM sys_user_role WHERE (user_id = ?)
2026-07-30 12:58:26.293 [http-nio-8080-exec-5] DEBUG c.p.m.SysUserRoleMapper.selectList - ==> Parameters: 11(Long)
2026-07-30 12:58:26.295 [http-nio-8080-exec-5] DEBUG c.p.m.SysUserRoleMapper.selectList - <==      Total: 1
2026-07-30 12:58:26.295 [http-nio-8080-exec-5] DEBUG c.p.mapper.SysRoleMapper.selectById - ==>  Preparing: SELECT id,name,code,description,status,create_time,update_time,version FROM sys_role WHERE id=?
2026-07-30 12:58:26.296 [http-nio-8080-exec-5] DEBUG c.p.mapper.SysRoleMapper.selectById - ==> Parameters: 2(Long)
2026-07-30 12:58:26.298 [http-nio-8080-exec-5] DEBUG c.p.mapper.SysRoleMapper.selectById - <==      Total: 1
2026-07-30 12:58:26.298 [http-nio-8080-exec-5] DEBUG c.p.m.S.selectMenuByRoleId - ==>  Preparing: SELECT m.* FROM sys_menu m INNER JOIN sys_role_menu rm ON m.id = rm.menu_id WHERE rm.role_id = ?
2026-07-30 12:58:26.298 [http-nio-8080-exec-5] DEBUG c.p.m.S.selectMenuByRoleId - ==> Parameters: 2(Long)
2026-07-30 12:58:26.300 [http-nio-8080-exec-5] DEBUG c.p.m.S.selectMenuByRoleId - <==      Total: 1
2026-07-30 12:58:26.300 [http-nio-8080-exec-5] DEBUG o.s.security.web.FilterChainProxy - Secured GET /roles
2026-07-30 12:58:26.300 [http-nio-8080-exec-5] WARN  c.p.exception.GlobalExceptionHandler - 权限不足: 权限不足
2026-07-30 12:58:28.489 [http-nio-8080-exec-6] DEBUG o.s.security.web.FilterChainProxy - Securing GET /logs/operation?page=1&pageSize=10
2026-07-30 12:58:28.491 [http-nio-8080-exec-6] DEBUG c.p.mapper.SysUserMapper.selectList - ==>  Preparing: SELECT id,username,password,nickname,email,phone,status,create_time,update_time,version FROM sys_user WHERE (username = ?)
2026-07-30 12:58:28.493 [http-nio-8080-exec-6] DEBUG c.p.mapper.SysUserMapper.selectList - ==> Parameters: gugu(String)
2026-07-30 12:58:28.494 [http-nio-8080-exec-6] DEBUG c.p.mapper.SysUserMapper.selectList - <==      Total: 1
2026-07-30 12:58:28.495 [http-nio-8080-exec-6] DEBUG c.p.m.SysUserRoleMapper.selectList - ==>  Preparing: SELECT id,user_id,role_id FROM sys_user_role WHERE (user_id = ?)
2026-07-30 12:58:28.496 [http-nio-8080-exec-6] DEBUG c.p.m.SysUserRoleMapper.selectList - ==> Parameters: 11(Long)
2026-07-30 12:58:28.497 [http-nio-8080-exec-6] DEBUG c.p.m.SysUserRoleMapper.selectList - <==      Total: 1
2026-07-30 12:58:28.497 [http-nio-8080-exec-6] DEBUG c.p.mapper.SysRoleMapper.selectById - ==>  Preparing: SELECT id,name,code,description,status,create_time,update_time,version FROM sys_role WHERE id=?
2026-07-30 12:58:28.497 [http-nio-8080-exec-6] DEBUG c.p.mapper.SysRoleMapper.selectById - ==> Parameters: 2(Long)
2026-07-30 12:58:28.498 [http-nio-8080-exec-6] DEBUG c.p.mapper.SysRoleMapper.selectById - <==      Total: 1
2026-07-30 12:58:28.498 [http-nio-8080-exec-6] DEBUG c.p.m.S.selectMenuByRoleId - ==>  Preparing: SELECT m.* FROM sys_menu m INNER JOIN sys_role_menu rm ON m.id = rm.menu_id WHERE rm.role_id = ?
2026-07-30 12:58:28.498 [http-nio-8080-exec-6] DEBUG c.p.m.S.selectMenuByRoleId - ==> Parameters: 2(Long)
2026-07-30 12:58:28.498 [http-nio-8080-exec-6] DEBUG c.p.m.S.selectMenuByRoleId - <==      Total: 1
2026-07-30 12:58:28.503 [http-nio-8080-exec-6] DEBUG o.s.security.web.FilterChainProxy - Secured GET /logs/operation?page=1&pageSize=10
2026-07-30 12:58:28.504 [http-nio-8080-exec-6] ERROR c.p.exception.GlobalExceptionHandler - 未知异常
java.lang.IllegalArgumentException: Name for argument of type [java.lang.String] not specified, and parameter name information not found in class file either.
	at org.springframework.web.method.annotation.AbstractNamedValueMethodArgumentResolver.updateNamedValueInfo(AbstractNamedValueMethodArgumentResolver.java:183)
	at org.springframework.web.method.annotation.AbstractNamedValueMethodArgumentResolver.getNamedValueInfo(AbstractNamedValueMethodArgumentResolver.java:160)
	at org.springframework.web.method.annotation.AbstractNamedValueMethodArgumentResolver.resolveArgument(AbstractNamedValueMethodArgumentResolver.java:106)
	at org.springframework.web.method.support.HandlerMethodArgumentResolverComposite.resolveArgument(HandlerMethodArgumentResolverComposite.java:122)
	at org.springframework.web.method.support.InvocableHandlerMethod.getMethodArgumentValues(InvocableHandlerMethod.java:218)
	at org.springframework.web.method.support.InvocableHandlerMethod.invokeForRequest(InvocableHandlerMethod.java:171)
	at org.springframework.web.servlet.mvc.method.annotation.ServletInvocableHandlerMethod.invokeAndHandle(ServletInvocableHandlerMethod.java:118)
	at org.springframework.web.servlet.mvc.method.annotation.RequestMappingHandlerAdapter.invokeHandlerMethod(RequestMappingHandlerAdapter.java:917)
	at org.springframework.web.servlet.mvc.method.annotation.RequestMappingHandlerAdapter.handleInternal(RequestMappingHandlerAdapter.java:829)
	at org.springframework.web.servlet.mvc.method.AbstractHandlerMethodAdapter.handle(AbstractHandlerMethodAdapter.java:87)
	at org.springframework.web.servlet.DispatcherServlet.doDispatch(DispatcherServlet.java:1089)
	at org.springframework.web.servlet.DispatcherServlet.doService(DispatcherServlet.java:979)
	at org.springframework.web.servlet.FrameworkServlet.processRequest(FrameworkServlet.java:1014)
	at org.springframework.web.servlet.FrameworkServlet.doGet(FrameworkServlet.java:903)
	at jakarta.servlet.http.HttpServlet.service(HttpServlet.java:564)
	at org.springframework.web.servlet.FrameworkServlet.service(FrameworkServlet.java:885)
	at jakarta.servlet.http.HttpServlet.service(HttpServlet.java:658)
	at org.apache.catalina.core.ApplicationFilterChain.internalDoFilter(ApplicationFilterChain.java:205)
	at org.apache.catalina.core.ApplicationFilterChain.doFilter(ApplicationFilterChain.java:149)
	at org.apache.tomcat.websocket.server.WsFilter.doFilter(WsFilter.java:51)
	at org.apache.catalina.core.ApplicationFilterChain.internalDoFilter(ApplicationFilterChain.java:174)
	at org.apache.catalina.core.ApplicationFilterChain.doFilter(ApplicationFilterChain.java:149)
	at org.springframework.web.filter.OncePerRequestFilter.doFilter(OncePerRequestFilter.java:110)
	at org.apache.catalina.core.ApplicationFilterChain.internalDoFilter(ApplicationFilterChain.java:174)
	at org.apache.catalina.core.ApplicationFilterChain.doFilter(ApplicationFilterChain.java:149)
	at org.springframework.web.filter.OncePerRequestFilter.doFilter(OncePerRequestFilter.java:110)
	at org.apache.catalina.core.ApplicationFilterChain.internalDoFilter(ApplicationFilterChain.java:174)
	at org.apache.catalina.core.ApplicationFilterChain.doFilter(ApplicationFilterChain.java:149)
	at org.springframework.security.web.FilterChainProxy.lambda$doFilterInternal$3(FilterChainProxy.java:231)
	at org.springframework.security.web.FilterChainProxy$VirtualFilterChain.doFilter(FilterChainProxy.java:365)
	at org.springframework.security.web.access.intercept.AuthorizationFilter.doFilter(AuthorizationFilter.java:100)
	at org.springframework.security.web.FilterChainProxy$VirtualFilterChain.doFilter(FilterChainProxy.java:374)
	at org.springframework.security.web.access.ExceptionTranslationFilter.doFilter(ExceptionTranslationFilter.java:126)
	at org.springframework.security.web.access.ExceptionTranslationFilter.doFilter(ExceptionTranslationFilter.java:120)
	at org.springframework.security.web.FilterChainProxy$VirtualFilterChain.doFilter(FilterChainProxy.java:374)
	at org.springframework.security.web.session.SessionManagementFilter.doFilter(SessionManagementFilter.java:131)
	at org.springframework.security.web.session.SessionManagementFilter.doFilter(SessionManagementFilter.java:85)
	at org.springframework.security.web.FilterChainProxy$VirtualFilterChain.doFilter(FilterChainProxy.java:374)
	at org.springframework.security.web.authentication.AnonymousAuthenticationFilter.doFilter(AnonymousAuthenticationFilter.java:100)
	at org.springframework.security.web.FilterChainProxy$VirtualFilterChain.doFilter(FilterChainProxy.java:374)
	at org.springframework.security.web.servletapi.SecurityContextHolderAwareRequestFilter.doFilter(SecurityContextHolderAwareRequestFilter.java:179)
	at org.springframework.security.web.FilterChainProxy$VirtualFilterChain.doFilter(FilterChainProxy.java:374)
	at org.springframework.security.web.savedrequest.RequestCacheAwareFilter.doFilter(RequestCacheAwareFilter.java:63)
	at org.springframework.security.web.FilterChainProxy$VirtualFilterChain.doFilter(FilterChainProxy.java:374)
	at com.pes.security.filter.JwtAuthenticationFilter.doFilterInternal(JwtAuthenticationFilter.java:46)
	at org.springframework.web.filter.OncePerRequestFilter.doFilter(OncePerRequestFilter.java:116)
	at org.springframework.security.web.FilterChainProxy$VirtualFilterChain.doFilter(FilterChainProxy.java:374)
	at org.springframework.security.web.authentication.logout.LogoutFilter.doFilter(LogoutFilter.java:107)
	at org.springframework.security.web.authentication.logout.LogoutFilter.doFilter(LogoutFilter.java:93)
	at org.springframework.security.web.FilterChainProxy$VirtualFilterChain.doFilter(FilterChainProxy.java:374)
	at org.springframework.web.filter.CorsFilter.doFilterInternal(CorsFilter.java:91)
	at org.springframework.web.filter.OncePerRequestFilter.doFilter(OncePerRequestFilter.java:116)
	at org.springframework.security.web.FilterChainProxy$VirtualFilterChain.doFilter(FilterChainProxy.java:374)
	at org.springframework.security.web.header.HeaderWriterFilter.doHeadersAfter(HeaderWriterFilter.java:90)
	at org.springframework.security.web.header.HeaderWriterFilter.doFilterInternal(HeaderWriterFilter.java:75)
	at org.springframework.web.filter.OncePerRequestFilter.doFilter(OncePerRequestFilter.java:116)
	at org.springframework.security.web.FilterChainProxy$VirtualFilterChain.doFilter(FilterChainProxy.java:374)
	at org.springframework.security.web.context.SecurityContextHolderFilter.doFilter(SecurityContextHolderFilter.java:82)
	at org.springframework.security.web.context.SecurityContextHolderFilter.doFilter(SecurityContextHolderFilter.java:69)
	at org.springframework.security.web.FilterChainProxy$VirtualFilterChain.doFilter(FilterChainProxy.java:374)
	at org.springframework.security.web.context.request.async.WebAsyncManagerIntegrationFilter.doFilterInternal(WebAsyncManagerIntegrationFilter.java:62)
	at org.springframework.web.filter.OncePerRequestFilter.doFilter(OncePerRequestFilter.java:116)
	at org.springframework.security.web.FilterChainProxy$VirtualFilterChain.doFilter(FilterChainProxy.java:374)
	at org.springframework.security.web.session.DisableEncodeUrlFilter.doFilterInternal(DisableEncodeUrlFilter.java:42)
	at org.springframework.web.filter.OncePerRequestFilter.doFilter(OncePerRequestFilter.java:116)
	at org.springframework.security.web.FilterChainProxy$VirtualFilterChain.doFilter(FilterChainProxy.java:374)
	at org.springframework.security.web.FilterChainProxy.doFilterInternal(FilterChainProxy.java:233)
	at org.springframework.security.web.FilterChainProxy.doFilter(FilterChainProxy.java:191)
	at org.springframework.web.filter.DelegatingFilterProxy.invokeDelegate(DelegatingFilterProxy.java:352)
	at org.springframework.web.filter.DelegatingFilterProxy.doFilter(DelegatingFilterProxy.java:268)
	at org.apache.catalina.core.ApplicationFilterChain.internalDoFilter(ApplicationFilterChain.java:174)
	at org.apache.catalina.core.ApplicationFilterChain.doFilter(ApplicationFilterChain.java:149)
	at org.springframework.web.filter.RequestContextFilter.doFilterInternal(RequestContextFilter.java:100)
	at org.springframework.web.filter.OncePerRequestFilter.doFilter(OncePerRequestFilter.java:116)
	at org.apache.catalina.core.ApplicationFilterChain.internalDoFilter(ApplicationFilterChain.java:174)
	at org.apache.catalina.core.ApplicationFilterChain.doFilter(ApplicationFilterChain.java:149)
	at org.springframework.web.filter.FormContentFilter.doFilterInternal(FormContentFilter.java:93)
	at org.springframework.web.filter.OncePerRequestFilter.doFilter(OncePerRequestFilter.java:116)
	at org.apache.catalina.core.ApplicationFilterChain.internalDoFilter(ApplicationFilterChain.java:174)
	at org.apache.catalina.core.ApplicationFilterChain.doFilter(ApplicationFilterChain.java:149)
	at org.springframework.web.filter.CharacterEncodingFilter.doFilterInternal(CharacterEncodingFilter.java:201)
	at org.springframework.web.filter.OncePerRequestFilter.doFilter(OncePerRequestFilter.java:116)
	at org.apache.catalina.core.ApplicationFilterChain.internalDoFilter(ApplicationFilterChain.java:174)
	at org.apache.catalina.core.ApplicationFilterChain.doFilter(ApplicationFilterChain.java:149)
	at org.apache.catalina.core.StandardWrapperValve.invoke(StandardWrapperValve.java:167)
	at org.apache.catalina.core.StandardContextValve.invoke(StandardContextValve.java:90)
	at org.apache.catalina.authenticator.AuthenticatorBase.invoke(AuthenticatorBase.java:482)
	at org.apache.catalina.core.StandardHostValve.invoke(StandardHostValve.java:115)
	at org.apache.catalina.valves.ErrorReportValve.invoke(ErrorReportValve.java:93)
	at org.apache.catalina.core.StandardEngineValve.invoke(StandardEngineValve.java:74)
	at org.apache.catalina.connector.CoyoteAdapter.service(CoyoteAdapter.java:340)
	at org.apache.coyote.http11.Http11Processor.service(Http11Processor.java:391)
	at org.apache.coyote.AbstractProcessorLight.process(AbstractProcessorLight.java:63)
	at org.apache.coyote.AbstractProtocol$ConnectionHandler.process(AbstractProtocol.java:896)
	at org.apache.tomcat.util.net.NioEndpoint$SocketProcessor.doRun(NioEndpoint.java:1744)
	at org.apache.tomcat.util.net.SocketProcessorBase.run(SocketProcessorBase.java:52)
	at org.apache.tomcat.util.threads.ThreadPoolExecutor.runWorker(ThreadPoolExecutor.java:1191)
	at org.apache.tomcat.util.threads.ThreadPoolExecutor$Worker.run(ThreadPoolExecutor.java:659)
	at org.apache.tomcat.util.threads.TaskThread$WrappingRunnable.run(TaskThread.java:61)
	at java.base/java.lang.Thread.run(Thread.java:842)
2026-07-30 12:58:33.683 [http-nio-8080-exec-7] DEBUG o.s.security.web.FilterChainProxy - Securing GET /menus/tree
2026-07-30 12:58:33.685 [http-nio-8080-exec-7] DEBUG c.p.mapper.SysUserMapper.selectList - ==>  Preparing: SELECT id,username,password,nickname,email,phone,status,create_time,update_time,version FROM sys_user WHERE (username = ?)
2026-07-30 12:58:33.686 [http-nio-8080-exec-7] DEBUG c.p.mapper.SysUserMapper.selectList - ==> Parameters: gugu(String)
2026-07-30 12:58:33.687 [http-nio-8080-exec-7] DEBUG c.p.mapper.SysUserMapper.selectList - <==      Total: 1
2026-07-30 12:58:33.688 [http-nio-8080-exec-7] DEBUG c.p.m.SysUserRoleMapper.selectList - ==>  Preparing: SELECT id,user_id,role_id FROM sys_user_role WHERE (user_id = ?)
2026-07-30 12:58:33.688 [http-nio-8080-exec-7] DEBUG c.p.m.SysUserRoleMapper.selectList - ==> Parameters: 11(Long)
2026-07-30 12:58:33.689 [http-nio-8080-exec-7] DEBUG c.p.m.SysUserRoleMapper.selectList - <==      Total: 1
2026-07-30 12:58:33.690 [http-nio-8080-exec-7] DEBUG c.p.mapper.SysRoleMapper.selectById - ==>  Preparing: SELECT id,name,code,description,status,create_time,update_time,version FROM sys_role WHERE id=?
2026-07-30 12:58:33.690 [http-nio-8080-exec-7] DEBUG c.p.mapper.SysRoleMapper.selectById - ==> Parameters: 2(Long)
2026-07-30 12:58:33.692 [http-nio-8080-exec-7] DEBUG c.p.mapper.SysRoleMapper.selectById - <==      Total: 1
2026-07-30 12:58:33.692 [http-nio-8080-exec-7] DEBUG c.p.m.S.selectMenuByRoleId - ==>  Preparing: SELECT m.* FROM sys_menu m INNER JOIN sys_role_menu rm ON m.id = rm.menu_id WHERE rm.role_id = ?
2026-07-30 12:58:33.692 [http-nio-8080-exec-7] DEBUG c.p.m.S.selectMenuByRoleId - ==> Parameters: 2(Long)
2026-07-30 12:58:33.694 [http-nio-8080-exec-7] DEBUG c.p.m.S.selectMenuByRoleId - <==      Total: 1
2026-07-30 12:58:33.694 [http-nio-8080-exec-7] DEBUG o.s.security.web.FilterChainProxy - Secured GET /menus/tree
2026-07-30 12:58:33.696 [http-nio-8080-exec-7] DEBUG c.p.mapper.SysMenuMapper.selectList - ==>  Preparing: SELECT id,parent_id,name,path,component,icon,permission,sort,type,status,create_time,update_time,version FROM sys_menu ORDER BY sort ASC
2026-07-30 12:58:33.697 [http-nio-8080-exec-7] DEBUG c.p.mapper.SysMenuMapper.selectList - ==> Parameters: 
2026-07-30 12:58:33.700 [http-nio-8080-exec-7] DEBUG c.p.mapper.SysMenuMapper.selectList - <==      Total: 21
2026-07-30 12:58:33.761 [http-nio-8080-exec-8] DEBUG o.s.security.web.FilterChainProxy - Securing GET /logs/operation?page=1&pageSize=10
2026-07-30 12:58:33.764 [http-nio-8080-exec-8] DEBUG c.p.mapper.SysUserMapper.selectList - ==>  Preparing: SELECT id,username,password,nickname,email,phone,status,create_time,update_time,version FROM sys_user WHERE (username = ?)
2026-07-30 12:58:33.765 [http-nio-8080-exec-8] DEBUG c.p.mapper.SysUserMapper.selectList - ==> Parameters: gugu(String)
2026-07-30 12:58:33.766 [http-nio-8080-exec-8] DEBUG c.p.mapper.SysUserMapper.selectList - <==      Total: 1
2026-07-30 12:58:33.767 [http-nio-8080-exec-8] DEBUG c.p.m.SysUserRoleMapper.selectList - ==>  Preparing: SELECT id,user_id,role_id FROM sys_user_role WHERE (user_id = ?)
2026-07-30 12:58:33.767 [http-nio-8080-exec-8] DEBUG c.p.m.SysUserRoleMapper.selectList - ==> Parameters: 11(Long)
2026-07-30 12:58:33.768 [http-nio-8080-exec-8] DEBUG c.p.m.SysUserRoleMapper.selectList - <==      Total: 1
2026-07-30 12:58:33.768 [http-nio-8080-exec-8] DEBUG c.p.mapper.SysRoleMapper.selectById - ==>  Preparing: SELECT id,name,code,description,status,create_time,update_time,version FROM sys_role WHERE id=?
2026-07-30 12:58:33.768 [http-nio-8080-exec-8] DEBUG c.p.mapper.SysRoleMapper.selectById - ==> Parameters: 2(Long)
2026-07-30 12:58:33.769 [http-nio-8080-exec-8] DEBUG c.p.mapper.SysRoleMapper.selectById - <==      Total: 1
2026-07-30 12:58:33.770 [http-nio-8080-exec-8] DEBUG c.p.m.S.selectMenuByRoleId - ==>  Preparing: SELECT m.* FROM sys_menu m INNER JOIN sys_role_menu rm ON m.id = rm.menu_id WHERE rm.role_id = ?
2026-07-30 12:58:33.770 [http-nio-8080-exec-8] DEBUG c.p.m.S.selectMenuByRoleId - ==> Parameters: 2(Long)
2026-07-30 12:58:33.770 [http-nio-8080-exec-8] DEBUG c.p.m.S.selectMenuByRoleId - <==      Total: 1
2026-07-30 12:58:33.772 [http-nio-8080-exec-8] DEBUG o.s.security.web.FilterChainProxy - Secured GET /logs/operation?page=1&pageSize=10
2026-07-30 12:58:33.772 [http-nio-8080-exec-8] ERROR c.p.exception.GlobalExceptionHandler - 未知异常
java.lang.IllegalArgumentException: Name for argument of type [java.lang.String] not specified, and parameter name information not found in class file either.
	at org.springframework.web.method.annotation.AbstractNamedValueMethodArgumentResolver.updateNamedValueInfo(AbstractNamedValueMethodArgumentResolver.java:183)
	at org.springframework.web.method.annotation.AbstractNamedValueMethodArgumentResolver.getNamedValueInfo(AbstractNamedValueMethodArgumentResolver.java:160)
	at org.springframework.web.method.annotation.AbstractNamedValueMethodArgumentResolver.resolveArgument(AbstractNamedValueMethodArgumentResolver.java:106)
	at org.springframework.web.method.support.HandlerMethodArgumentResolverComposite.resolveArgument(HandlerMethodArgumentResolverComposite.java:122)
	at org.springframework.web.method.support.InvocableHandlerMethod.getMethodArgumentValues(InvocableHandlerMethod.java:218)
	at org.springframework.web.method.support.InvocableHandlerMethod.invokeForRequest(InvocableHandlerMethod.java:171)
	at org.springframework.web.servlet.mvc.method.annotation.ServletInvocableHandlerMethod.invokeAndHandle(ServletInvocableHandlerMethod.java:118)
	at org.springframework.web.servlet.mvc.method.annotation.RequestMappingHandlerAdapter.invokeHandlerMethod(RequestMappingHandlerAdapter.java:917)
	at org.springframework.web.servlet.mvc.method.annotation.RequestMappingHandlerAdapter.handleInternal(RequestMappingHandlerAdapter.java:829)
	at org.springframework.web.servlet.mvc.method.AbstractHandlerMethodAdapter.handle(AbstractHandlerMethodAdapter.java:87)
	at org.springframework.web.servlet.DispatcherServlet.doDispatch(DispatcherServlet.java:1089)
	at org.springframework.web.servlet.DispatcherServlet.doService(DispatcherServlet.java:979)
	at org.springframework.web.servlet.FrameworkServlet.processRequest(FrameworkServlet.java:1014)
	at org.springframework.web.servlet.FrameworkServlet.doGet(FrameworkServlet.java:903)
	at jakarta.servlet.http.HttpServlet.service(HttpServlet.java:564)
	at org.springframework.web.servlet.FrameworkServlet.service(FrameworkServlet.java:885)
	at jakarta.servlet.http.HttpServlet.service(HttpServlet.java:658)
	at org.apache.catalina.core.ApplicationFilterChain.internalDoFilter(ApplicationFilterChain.java:205)
	at org.apache.catalina.core.ApplicationFilterChain.doFilter(ApplicationFilterChain.java:149)
	at org.apache.tomcat.websocket.server.WsFilter.doFilter(WsFilter.java:51)
	at org.apache.catalina.core.ApplicationFilterChain.internalDoFilter(ApplicationFilterChain.java:174)
	at org.apache.catalina.core.ApplicationFilterChain.doFilter(ApplicationFilterChain.java:149)
	at org.springframework.web.filter.OncePerRequestFilter.doFilter(OncePerRequestFilter.java:110)
	at org.apache.catalina.core.ApplicationFilterChain.internalDoFilter(ApplicationFilterChain.java:174)
	at org.apache.catalina.core.ApplicationFilterChain.doFilter(ApplicationFilterChain.java:149)
	at org.springframework.web.filter.OncePerRequestFilter.doFilter(OncePerRequestFilter.java:110)
	at org.apache.catalina.core.ApplicationFilterChain.internalDoFilter(ApplicationFilterChain.java:174)
	at org.apache.catalina.core.ApplicationFilterChain.doFilter(ApplicationFilterChain.java:149)
	at org.springframework.security.web.FilterChainProxy.lambda$doFilterInternal$3(FilterChainProxy.java:231)
	at org.springframework.security.web.FilterChainProxy$VirtualFilterChain.doFilter(FilterChainProxy.java:365)
	at org.springframework.security.web.access.intercept.AuthorizationFilter.doFilter(AuthorizationFilter.java:100)
	at org.springframework.security.web.FilterChainProxy$VirtualFilterChain.doFilter(FilterChainProxy.java:374)
	at org.springframework.security.web.access.ExceptionTranslationFilter.doFilter(ExceptionTranslationFilter.java:126)
	at org.springframework.security.web.access.ExceptionTranslationFilter.doFilter(ExceptionTranslationFilter.java:120)
	at org.springframework.security.web.FilterChainProxy$VirtualFilterChain.doFilter(FilterChainProxy.java:374)
	at org.springframework.security.web.session.SessionManagementFilter.doFilter(SessionManagementFilter.java:131)
	at org.springframework.security.web.session.SessionManagementFilter.doFilter(SessionManagementFilter.java:85)
	at org.springframework.security.web.FilterChainProxy$VirtualFilterChain.doFilter(FilterChainProxy.java:374)
	at org.springframework.security.web.authentication.AnonymousAuthenticationFilter.doFilter(AnonymousAuthenticationFilter.java:100)
	at org.springframework.security.web.FilterChainProxy$VirtualFilterChain.doFilter(FilterChainProxy.java:374)
	at org.springframework.security.web.servletapi.SecurityContextHolderAwareRequestFilter.doFilter(SecurityContextHolderAwareRequestFilter.java:179)
	at org.springframework.security.web.FilterChainProxy$VirtualFilterChain.doFilter(FilterChainProxy.java:374)
	at org.springframework.security.web.savedrequest.RequestCacheAwareFilter.doFilter(RequestCacheAwareFilter.java:63)
	at org.springframework.security.web.FilterChainProxy$VirtualFilterChain.doFilter(FilterChainProxy.java:374)
	at com.pes.security.filter.JwtAuthenticationFilter.doFilterInternal(JwtAuthenticationFilter.java:46)
	at org.springframework.web.filter.OncePerRequestFilter.doFilter(OncePerRequestFilter.java:116)
	at org.springframework.security.web.FilterChainProxy$VirtualFilterChain.doFilter(FilterChainProxy.java:374)
	at org.springframework.security.web.authentication.logout.LogoutFilter.doFilter(LogoutFilter.java:107)
	at org.springframework.security.web.authentication.logout.LogoutFilter.doFilter(LogoutFilter.java:93)
	at org.springframework.security.web.FilterChainProxy$VirtualFilterChain.doFilter(FilterChainProxy.java:374)
	at org.springframework.web.filter.CorsFilter.doFilterInternal(CorsFilter.java:91)
	at org.springframework.web.filter.OncePerRequestFilter.doFilter(OncePerRequestFilter.java:116)
	at org.springframework.security.web.FilterChainProxy$VirtualFilterChain.doFilter(FilterChainProxy.java:374)
	at org.springframework.security.web.header.HeaderWriterFilter.doHeadersAfter(HeaderWriterFilter.java:90)
	at org.springframework.security.web.header.HeaderWriterFilter.doFilterInternal(HeaderWriterFilter.java:75)
	at org.springframework.web.filter.OncePerRequestFilter.doFilter(OncePerRequestFilter.java:116)
	at org.springframework.security.web.FilterChainProxy$VirtualFilterChain.doFilter(FilterChainProxy.java:374)
	at org.springframework.security.web.context.SecurityContextHolderFilter.doFilter(SecurityContextHolderFilter.java:82)
	at org.springframework.security.web.context.SecurityContextHolderFilter.doFilter(SecurityContextHolderFilter.java:69)
	at org.springframework.security.web.FilterChainProxy$VirtualFilterChain.doFilter(FilterChainProxy.java:374)
	at org.springframework.security.web.context.request.async.WebAsyncManagerIntegrationFilter.doFilterInternal(WebAsyncManagerIntegrationFilter.java:62)
	at org.springframework.web.filter.OncePerRequestFilter.doFilter(OncePerRequestFilter.java:116)
	at org.springframework.security.web.FilterChainProxy$VirtualFilterChain.doFilter(FilterChainProxy.java:374)
	at org.springframework.security.web.session.DisableEncodeUrlFilter.doFilterInternal(DisableEncodeUrlFilter.java:42)
	at org.springframework.web.filter.OncePerRequestFilter.doFilter(OncePerRequestFilter.java:116)
	at org.springframework.security.web.FilterChainProxy$VirtualFilterChain.doFilter(FilterChainProxy.java:374)
	at org.springframework.security.web.FilterChainProxy.doFilterInternal(FilterChainProxy.java:233)
	at org.springframework.security.web.FilterChainProxy.doFilter(FilterChainProxy.java:191)
	at org.springframework.web.filter.DelegatingFilterProxy.invokeDelegate(DelegatingFilterProxy.java:352)
	at org.springframework.web.filter.DelegatingFilterProxy.doFilter(DelegatingFilterProxy.java:268)
	at org.apache.catalina.core.ApplicationFilterChain.internalDoFilter(ApplicationFilterChain.java:174)
	at org.apache.catalina.core.ApplicationFilterChain.doFilter(ApplicationFilterChain.java:149)
	at org.springframework.web.filter.RequestContextFilter.doFilterInternal(RequestContextFilter.java:100)
	at org.springframework.web.filter.OncePerRequestFilter.doFilter(OncePerRequestFilter.java:116)
	at org.apache.catalina.core.ApplicationFilterChain.internalDoFilter(ApplicationFilterChain.java:174)
	at org.apache.catalina.core.ApplicationFilterChain.doFilter(ApplicationFilterChain.java:149)
	at org.springframework.web.filter.FormContentFilter.doFilterInternal(FormContentFilter.java:93)
	at org.springframework.web.filter.OncePerRequestFilter.doFilter(OncePerRequestFilter.java:116)
	at org.apache.catalina.core.ApplicationFilterChain.internalDoFilter(ApplicationFilterChain.java:174)
	at org.apache.catalina.core.ApplicationFilterChain.doFilter(ApplicationFilterChain.java:149)
	at org.springframework.web.filter.CharacterEncodingFilter.doFilterInternal(CharacterEncodingFilter.java:201)
	at org.springframework.web.filter.OncePerRequestFilter.doFilter(OncePerRequestFilter.java:116)
	at org.apache.catalina.core.ApplicationFilterChain.internalDoFilter(ApplicationFilterChain.java:174)
	at org.apache.catalina.core.ApplicationFilterChain.doFilter(ApplicationFilterChain.java:149)
	at org.apache.catalina.core.StandardWrapperValve.invoke(StandardWrapperValve.java:167)
	at org.apache.catalina.core.StandardContextValve.invoke(StandardContextValve.java:90)
	at org.apache.catalina.authenticator.AuthenticatorBase.invoke(AuthenticatorBase.java:482)
	at org.apache.catalina.core.StandardHostValve.invoke(StandardHostValve.java:115)
	at org.apache.catalina.valves.ErrorReportValve.invoke(ErrorReportValve.java:93)
	at org.apache.catalina.core.StandardEngineValve.invoke(StandardEngineValve.java:74)
	at org.apache.catalina.connector.CoyoteAdapter.service(CoyoteAdapter.java:340)
	at org.apache.coyote.http11.Http11Processor.service(Http11Processor.java:391)
	at org.apache.coyote.AbstractProcessorLight.process(AbstractProcessorLight.java:63)
	at org.apache.coyote.AbstractProtocol$ConnectionHandler.process(AbstractProtocol.java:896)
	at org.apache.tomcat.util.net.NioEndpoint$SocketProcessor.doRun(NioEndpoint.java:1744)
	at org.apache.tomcat.util.net.SocketProcessorBase.run(SocketProcessorBase.java:52)
	at org.apache.tomcat.util.threads.ThreadPoolExecutor.runWorker(ThreadPoolExecutor.java:1191)
	at org.apache.tomcat.util.threads.ThreadPoolExecutor$Worker.run(ThreadPoolExecutor.java:659)
	at org.apache.tomcat.util.threads.TaskThread$WrappingRunnable.run(TaskThread.java:61)
	at java.base/java.lang.Thread.run(Thread.java:842)
2026-07-30 12:58:36.249 [http-nio-8080-exec-9] DEBUG o.s.security.web.FilterChainProxy - Securing GET /logs/login?page=1&pageSize=10
2026-07-30 12:58:36.251 [http-nio-8080-exec-9] DEBUG c.p.mapper.SysUserMapper.selectList - ==>  Preparing: SELECT id,username,password,nickname,email,phone,status,create_time,update_time,version FROM sys_user WHERE (username = ?)
2026-07-30 12:58:36.253 [http-nio-8080-exec-9] DEBUG c.p.mapper.SysUserMapper.selectList - ==> Parameters: gugu(String)
2026-07-30 12:58:36.254 [http-nio-8080-exec-9] DEBUG c.p.mapper.SysUserMapper.selectList - <==      Total: 1
2026-07-30 12:58:36.255 [http-nio-8080-exec-9] DEBUG c.p.m.SysUserRoleMapper.selectList - ==>  Preparing: SELECT id,user_id,role_id FROM sys_user_role WHERE (user_id = ?)
2026-07-30 12:58:36.255 [http-nio-8080-exec-9] DEBUG c.p.m.SysUserRoleMapper.selectList - ==> Parameters: 11(Long)
2026-07-30 12:58:36.256 [http-nio-8080-exec-9] DEBUG c.p.m.SysUserRoleMapper.selectList - <==      Total: 1
2026-07-30 12:58:36.256 [http-nio-8080-exec-9] DEBUG c.p.mapper.SysRoleMapper.selectById - ==>  Preparing: SELECT id,name,code,description,status,create_time,update_time,version FROM sys_role WHERE id=?
2026-07-30 12:58:36.256 [http-nio-8080-exec-9] DEBUG c.p.mapper.SysRoleMapper.selectById - ==> Parameters: 2(Long)
2026-07-30 12:58:36.257 [http-nio-8080-exec-9] DEBUG c.p.mapper.SysRoleMapper.selectById - <==      Total: 1
2026-07-30 12:58:36.257 [http-nio-8080-exec-9] DEBUG c.p.m.S.selectMenuByRoleId - ==>  Preparing: SELECT m.* FROM sys_menu m INNER JOIN sys_role_menu rm ON m.id = rm.menu_id WHERE rm.role_id = ?
2026-07-30 12:58:36.258 [http-nio-8080-exec-9] DEBUG c.p.m.S.selectMenuByRoleId - ==> Parameters: 2(Long)
2026-07-30 12:58:36.259 [http-nio-8080-exec-9] DEBUG c.p.m.S.selectMenuByRoleId - <==      Total: 1
2026-07-30 12:58:36.259 [http-nio-8080-exec-9] DEBUG o.s.security.web.FilterChainProxy - Secured GET /logs/login?page=1&pageSize=10
2026-07-30 12:58:36.259 [http-nio-8080-exec-9] ERROR c.p.exception.GlobalExceptionHandler - 未知异常
java.lang.IllegalArgumentException: Name for argument of type [java.lang.String] not specified, and parameter name information not found in class file either.
	at org.springframework.web.method.annotation.AbstractNamedValueMethodArgumentResolver.updateNamedValueInfo(AbstractNamedValueMethodArgumentResolver.java:183)
	at org.springframework.web.method.annotation.AbstractNamedValueMethodArgumentResolver.getNamedValueInfo(AbstractNamedValueMethodArgumentResolver.java:160)
	at org.springframework.web.method.annotation.AbstractNamedValueMethodArgumentResolver.resolveArgument(AbstractNamedValueMethodArgumentResolver.java:106)
	at org.springframework.web.method.support.HandlerMethodArgumentResolverComposite.resolveArgument(HandlerMethodArgumentResolverComposite.java:122)
	at org.springframework.web.method.support.InvocableHandlerMethod.getMethodArgumentValues(InvocableHandlerMethod.java:218)
	at org.springframework.web.method.support.InvocableHandlerMethod.invokeForRequest(InvocableHandlerMethod.java:171)
	at org.springframework.web.servlet.mvc.method.annotation.ServletInvocableHandlerMethod.invokeAndHandle(ServletInvocableHandlerMethod.java:118)
	at org.springframework.web.servlet.mvc.method.annotation.RequestMappingHandlerAdapter.invokeHandlerMethod(RequestMappingHandlerAdapter.java:917)
	at org.springframework.web.servlet.mvc.method.annotation.RequestMappingHandlerAdapter.handleInternal(RequestMappingHandlerAdapter.java:829)
	at org.springframework.web.servlet.mvc.method.AbstractHandlerMethodAdapter.handle(AbstractHandlerMethodAdapter.java:87)
	at org.springframework.web.servlet.DispatcherServlet.doDispatch(DispatcherServlet.java:1089)
	at org.springframework.web.servlet.DispatcherServlet.doService(DispatcherServlet.java:979)
	at org.springframework.web.servlet.FrameworkServlet.processRequest(FrameworkServlet.java:1014)
	at org.springframework.web.servlet.FrameworkServlet.doGet(FrameworkServlet.java:903)
	at jakarta.servlet.http.HttpServlet.service(HttpServlet.java:564)
	at org.springframework.web.servlet.FrameworkServlet.service(FrameworkServlet.java:885)
	at jakarta.servlet.http.HttpServlet.service(HttpServlet.java:658)
	at org.apache.catalina.core.ApplicationFilterChain.internalDoFilter(ApplicationFilterChain.java:205)
	at org.apache.catalina.core.ApplicationFilterChain.doFilter(ApplicationFilterChain.java:149)
	at org.apache.tomcat.websocket.server.WsFilter.doFilter(WsFilter.java:51)
	at org.apache.catalina.core.ApplicationFilterChain.internalDoFilter(ApplicationFilterChain.java:174)
	at org.apache.catalina.core.ApplicationFilterChain.doFilter(ApplicationFilterChain.java:149)
	at org.springframework.web.filter.OncePerRequestFilter.doFilter(OncePerRequestFilter.java:110)
	at org.apache.catalina.core.ApplicationFilterChain.internalDoFilter(ApplicationFilterChain.java:174)
	at org.apache.catalina.core.ApplicationFilterChain.doFilter(ApplicationFilterChain.java:149)
	at org.springframework.web.filter.OncePerRequestFilter.doFilter(OncePerRequestFilter.java:110)
	at org.apache.catalina.core.ApplicationFilterChain.internalDoFilter(ApplicationFilterChain.java:174)
	at org.apache.catalina.core.ApplicationFilterChain.doFilter(ApplicationFilterChain.java:149)
	at org.springframework.security.web.FilterChainProxy.lambda$doFilterInternal$3(FilterChainProxy.java:231)
	at org.springframework.security.web.FilterChainProxy$VirtualFilterChain.doFilter(FilterChainProxy.java:365)
	at org.springframework.security.web.access.intercept.AuthorizationFilter.doFilter(AuthorizationFilter.java:100)
	at org.springframework.security.web.FilterChainProxy$VirtualFilterChain.doFilter(FilterChainProxy.java:374)
	at org.springframework.security.web.access.ExceptionTranslationFilter.doFilter(ExceptionTranslationFilter.java:126)
	at org.springframework.security.web.access.ExceptionTranslationFilter.doFilter(ExceptionTranslationFilter.java:120)
	at org.springframework.security.web.FilterChainProxy$VirtualFilterChain.doFilter(FilterChainProxy.java:374)
	at org.springframework.security.web.session.SessionManagementFilter.doFilter(SessionManagementFilter.java:131)
	at org.springframework.security.web.session.SessionManagementFilter.doFilter(SessionManagementFilter.java:85)
	at org.springframework.security.web.FilterChainProxy$VirtualFilterChain.doFilter(FilterChainProxy.java:374)
	at org.springframework.security.web.authentication.AnonymousAuthenticationFilter.doFilter(AnonymousAuthenticationFilter.java:100)
	at org.springframework.security.web.FilterChainProxy$VirtualFilterChain.doFilter(FilterChainProxy.java:374)
	at org.springframework.security.web.servletapi.SecurityContextHolderAwareRequestFilter.doFilter(SecurityContextHolderAwareRequestFilter.java:179)
	at org.springframework.security.web.FilterChainProxy$VirtualFilterChain.doFilter(FilterChainProxy.java:374)
	at org.springframework.security.web.savedrequest.RequestCacheAwareFilter.doFilter(RequestCacheAwareFilter.java:63)
	at org.springframework.security.web.FilterChainProxy$VirtualFilterChain.doFilter(FilterChainProxy.java:374)
	at com.pes.security.filter.JwtAuthenticationFilter.doFilterInternal(JwtAuthenticationFilter.java:46)
	at org.springframework.web.filter.OncePerRequestFilter.doFilter(OncePerRequestFilter.java:116)
	at org.springframework.security.web.FilterChainProxy$VirtualFilterChain.doFilter(FilterChainProxy.java:374)
	at org.springframework.security.web.authentication.logout.LogoutFilter.doFilter(LogoutFilter.java:107)
	at org.springframework.security.web.authentication.logout.LogoutFilter.doFilter(LogoutFilter.java:93)
	at org.springframework.security.web.FilterChainProxy$VirtualFilterChain.doFilter(FilterChainProxy.java:374)
	at org.springframework.web.filter.CorsFilter.doFilterInternal(CorsFilter.java:91)
	at org.springframework.web.filter.OncePerRequestFilter.doFilter(OncePerRequestFilter.java:116)
	at org.springframework.security.web.FilterChainProxy$VirtualFilterChain.doFilter(FilterChainProxy.java:374)
	at org.springframework.security.web.header.HeaderWriterFilter.doHeadersAfter(HeaderWriterFilter.java:90)
	at org.springframework.security.web.header.HeaderWriterFilter.doFilterInternal(HeaderWriterFilter.java:75)
	at org.springframework.web.filter.OncePerRequestFilter.doFilter(OncePerRequestFilter.java:116)
	at org.springframework.security.web.FilterChainProxy$VirtualFilterChain.doFilter(FilterChainProxy.java:374)
	at org.springframework.security.web.context.SecurityContextHolderFilter.doFilter(SecurityContextHolderFilter.java:82)
	at org.springframework.security.web.context.SecurityContextHolderFilter.doFilter(SecurityContextHolderFilter.java:69)
	at org.springframework.security.web.FilterChainProxy$VirtualFilterChain.doFilter(FilterChainProxy.java:374)
	at org.springframework.security.web.context.request.async.WebAsyncManagerIntegrationFilter.doFilterInternal(WebAsyncManagerIntegrationFilter.java:62)
	at org.springframework.web.filter.OncePerRequestFilter.doFilter(OncePerRequestFilter.java:116)
	at org.springframework.security.web.FilterChainProxy$VirtualFilterChain.doFilter(FilterChainProxy.java:374)
	at org.springframework.security.web.session.DisableEncodeUrlFilter.doFilterInternal(DisableEncodeUrlFilter.java:42)
	at org.springframework.web.filter.OncePerRequestFilter.doFilter(OncePerRequestFilter.java:116)
	at org.springframework.security.web.FilterChainProxy$VirtualFilterChain.doFilter(FilterChainProxy.java:374)
	at org.springframework.security.web.FilterChainProxy.doFilterInternal(FilterChainProxy.java:233)
	at org.springframework.security.web.FilterChainProxy.doFilter(FilterChainProxy.java:191)
	at org.springframework.web.filter.DelegatingFilterProxy.invokeDelegate(DelegatingFilterProxy.java:352)
	at org.springframework.web.filter.DelegatingFilterProxy.doFilter(DelegatingFilterProxy.java:268)
	at org.apache.catalina.core.ApplicationFilterChain.internalDoFilter(ApplicationFilterChain.java:174)
	at org.apache.catalina.core.ApplicationFilterChain.doFilter(ApplicationFilterChain.java:149)
	at org.springframework.web.filter.RequestContextFilter.doFilterInternal(RequestContextFilter.java:100)
	at org.springframework.web.filter.OncePerRequestFilter.doFilter(OncePerRequestFilter.java:116)
	at org.apache.catalina.core.ApplicationFilterChain.internalDoFilter(ApplicationFilterChain.java:174)
	at org.apache.catalina.core.ApplicationFilterChain.doFilter(ApplicationFilterChain.java:149)
	at org.springframework.web.filter.FormContentFilter.doFilterInternal(FormContentFilter.java:93)
	at org.springframework.web.filter.OncePerRequestFilter.doFilter(OncePerRequestFilter.java:116)
	at org.apache.catalina.core.ApplicationFilterChain.internalDoFilter(ApplicationFilterChain.java:174)
	at org.apache.catalina.core.ApplicationFilterChain.doFilter(ApplicationFilterChain.java:149)
	at org.springframework.web.filter.CharacterEncodingFilter.doFilterInternal(CharacterEncodingFilter.java:201)
	at org.springframework.web.filter.OncePerRequestFilter.doFilter(OncePerRequestFilter.java:116)
	at org.apache.catalina.core.ApplicationFilterChain.internalDoFilter(ApplicationFilterChain.java:174)
	at org.apache.catalina.core.ApplicationFilterChain.doFilter(ApplicationFilterChain.java:149)
	at org.apache.catalina.core.StandardWrapperValve.invoke(StandardWrapperValve.java:167)
	at org.apache.catalina.core.StandardContextValve.invoke(StandardContextValve.java:90)
	at org.apache.catalina.authenticator.AuthenticatorBase.invoke(AuthenticatorBase.java:482)
	at org.apache.catalina.core.StandardHostValve.invoke(StandardHostValve.java:115)
	at org.apache.catalina.valves.ErrorReportValve.invoke(ErrorReportValve.java:93)
	at org.apache.catalina.core.StandardEngineValve.invoke(StandardEngineValve.java:74)
	at org.apache.catalina.connector.CoyoteAdapter.service(CoyoteAdapter.java:340)
	at org.apache.coyote.http11.Http11Processor.service(Http11Processor.java:391)
	at org.apache.coyote.AbstractProcessorLight.process(AbstractProcessorLight.java:63)
	at org.apache.coyote.AbstractProtocol$ConnectionHandler.process(AbstractProtocol.java:896)
	at org.apache.tomcat.util.net.NioEndpoint$SocketProcessor.doRun(NioEndpoint.java:1744)
	at org.apache.tomcat.util.net.SocketProcessorBase.run(SocketProcessorBase.java:52)
	at org.apache.tomcat.util.threads.ThreadPoolExecutor.runWorker(ThreadPoolExecutor.java:1191)
	at org.apache.tomcat.util.threads.ThreadPoolExecutor$Worker.run(ThreadPoolExecutor.java:659)
	at org.apache.tomcat.util.threads.TaskThread$WrappingRunnable.run(TaskThread.java:61)
	at java.base/java.lang.Thread.run(Thread.java:842)
2026-07-30 12:58:39.222 [http-nio-8080-exec-10] DEBUG o.s.security.web.FilterChainProxy - Securing GET /users
2026-07-30 12:58:39.227 [http-nio-8080-exec-10] DEBUG c.p.mapper.SysUserMapper.selectList - ==>  Preparing: SELECT id,username,password,nickname,email,phone,status,create_time,update_time,version FROM sys_user WHERE (username = ?)
2026-07-30 12:58:39.228 [http-nio-8080-exec-10] DEBUG c.p.mapper.SysUserMapper.selectList - ==> Parameters: gugu(String)
2026-07-30 12:58:39.228 [http-nio-8080-exec-10] DEBUG c.p.mapper.SysUserMapper.selectList - <==      Total: 1
2026-07-30 12:58:39.229 [http-nio-8080-exec-10] DEBUG c.p.m.SysUserRoleMapper.selectList - ==>  Preparing: SELECT id,user_id,role_id FROM sys_user_role WHERE (user_id = ?)
2026-07-30 12:58:39.229 [http-nio-8080-exec-10] DEBUG c.p.m.SysUserRoleMapper.selectList - ==> Parameters: 11(Long)
2026-07-30 12:58:39.230 [http-nio-8080-exec-10] DEBUG c.p.m.SysUserRoleMapper.selectList - <==      Total: 1
2026-07-30 12:58:39.230 [http-nio-8080-exec-10] DEBUG c.p.mapper.SysRoleMapper.selectById - ==>  Preparing: SELECT id,name,code,description,status,create_time,update_time,version FROM sys_role WHERE id=?
2026-07-30 12:58:39.230 [http-nio-8080-exec-10] DEBUG c.p.mapper.SysRoleMapper.selectById - ==> Parameters: 2(Long)
2026-07-30 12:58:39.231 [http-nio-8080-exec-10] DEBUG c.p.mapper.SysRoleMapper.selectById - <==      Total: 1
2026-07-30 12:58:39.231 [http-nio-8080-exec-10] DEBUG c.p.m.S.selectMenuByRoleId - ==>  Preparing: SELECT m.* FROM sys_menu m INNER JOIN sys_role_menu rm ON m.id = rm.menu_id WHERE rm.role_id = ?
2026-07-30 12:58:39.231 [http-nio-8080-exec-10] DEBUG c.p.m.S.selectMenuByRoleId - ==> Parameters: 2(Long)
2026-07-30 12:58:39.232 [http-nio-8080-exec-10] DEBUG c.p.m.S.selectMenuByRoleId - <==      Total: 1
2026-07-30 12:58:39.233 [http-nio-8080-exec-10] DEBUG o.s.security.web.FilterChainProxy - Secured GET /users
2026-07-30 12:58:39.233 [http-nio-8080-exec-10] WARN  c.p.exception.GlobalExceptionHandler - 权限不足: 权限不足
2026-07-30 12:58:39.862 [http-nio-8080-exec-1] DEBUG o.s.security.web.FilterChainProxy - Securing GET /roles
2026-07-30 12:58:39.862 [http-nio-8080-exec-1] DEBUG c.p.mapper.SysUserMapper.selectList - ==>  Preparing: SELECT id,username,password,nickname,email,phone,status,create_time,update_time,version FROM sys_user WHERE (username = ?)
2026-07-30 12:58:39.865 [http-nio-8080-exec-1] DEBUG c.p.mapper.SysUserMapper.selectList - ==> Parameters: gugu(String)
2026-07-30 12:58:39.865 [http-nio-8080-exec-1] DEBUG c.p.mapper.SysUserMapper.selectList - <==      Total: 1
2026-07-30 12:58:39.865 [http-nio-8080-exec-1] DEBUG c.p.m.SysUserRoleMapper.selectList - ==>  Preparing: SELECT id,user_id,role_id FROM sys_user_role WHERE (user_id = ?)
2026-07-30 12:58:39.865 [http-nio-8080-exec-1] DEBUG c.p.m.SysUserRoleMapper.selectList - ==> Parameters: 11(Long)
2026-07-30 12:58:39.868 [http-nio-8080-exec-1] DEBUG c.p.m.SysUserRoleMapper.selectList - <==      Total: 1
2026-07-30 12:58:39.868 [http-nio-8080-exec-1] DEBUG c.p.mapper.SysRoleMapper.selectById - ==>  Preparing: SELECT id,name,code,description,status,create_time,update_time,version FROM sys_role WHERE id=?
2026-07-30 12:58:39.868 [http-nio-8080-exec-1] DEBUG c.p.mapper.SysRoleMapper.selectById - ==> Parameters: 2(Long)
2026-07-30 12:58:39.868 [http-nio-8080-exec-1] DEBUG c.p.mapper.SysRoleMapper.selectById - <==      Total: 1
2026-07-30 12:58:39.868 [http-nio-8080-exec-1] DEBUG c.p.m.S.selectMenuByRoleId - ==>  Preparing: SELECT m.* FROM sys_menu m INNER JOIN sys_role_menu rm ON m.id = rm.menu_id WHERE rm.role_id = ?
2026-07-30 12:58:39.868 [http-nio-8080-exec-1] DEBUG c.p.m.S.selectMenuByRoleId - ==> Parameters: 2(Long)
2026-07-30 12:58:39.869 [http-nio-8080-exec-1] DEBUG c.p.m.S.selectMenuByRoleId - <==      Total: 1
2026-07-30 12:58:39.870 [http-nio-8080-exec-1] DEBUG o.s.security.web.FilterChainProxy - Secured GET /roles
2026-07-30 12:58:39.870 [http-nio-8080-exec-1] WARN  c.p.exception.GlobalExceptionHandler - 权限不足: 权限不足
2026-07-30 12:58:40.550 [http-nio-8080-exec-2] DEBUG o.s.security.web.FilterChainProxy - Securing GET /menus/tree
2026-07-30 12:58:40.553 [http-nio-8080-exec-2] DEBUG c.p.mapper.SysUserMapper.selectList - ==>  Preparing: SELECT id,username,password,nickname,email,phone,status,create_time,update_time,version FROM sys_user WHERE (username = ?)
2026-07-30 12:58:40.553 [http-nio-8080-exec-2] DEBUG c.p.mapper.SysUserMapper.selectList - ==> Parameters: gugu(String)
2026-07-30 12:58:40.553 [http-nio-8080-exec-2] DEBUG c.p.mapper.SysUserMapper.selectList - <==      Total: 1
2026-07-30 12:58:40.553 [http-nio-8080-exec-2] DEBUG c.p.m.SysUserRoleMapper.selectList - ==>  Preparing: SELECT id,user_id,role_id FROM sys_user_role WHERE (user_id = ?)
2026-07-30 12:58:40.553 [http-nio-8080-exec-2] DEBUG c.p.m.SysUserRoleMapper.selectList - ==> Parameters: 11(Long)
2026-07-30 12:58:40.553 [http-nio-8080-exec-2] DEBUG c.p.m.SysUserRoleMapper.selectList - <==      Total: 1
2026-07-30 12:58:40.553 [http-nio-8080-exec-2] DEBUG c.p.mapper.SysRoleMapper.selectById - ==>  Preparing: SELECT id,name,code,description,status,create_time,update_time,version FROM sys_role WHERE id=?
2026-07-30 12:58:40.553 [http-nio-8080-exec-2] DEBUG c.p.mapper.SysRoleMapper.selectById - ==> Parameters: 2(Long)
2026-07-30 12:58:40.553 [http-nio-8080-exec-2] DEBUG c.p.mapper.SysRoleMapper.selectById - <==      Total: 1
2026-07-30 12:58:40.553 [http-nio-8080-exec-2] DEBUG c.p.m.S.selectMenuByRoleId - ==>  Preparing: SELECT m.* FROM sys_menu m INNER JOIN sys_role_menu rm ON m.id = rm.menu_id WHERE rm.role_id = ?
2026-07-30 12:58:40.553 [http-nio-8080-exec-2] DEBUG c.p.m.S.selectMenuByRoleId - ==> Parameters: 2(Long)
2026-07-30 12:58:40.557 [http-nio-8080-exec-2] DEBUG c.p.m.S.selectMenuByRoleId - <==      Total: 1
2026-07-30 12:58:40.558 [http-nio-8080-exec-2] DEBUG o.s.security.web.FilterChainProxy - Secured GET /menus/tree
2026-07-30 12:58:40.559 [http-nio-8080-exec-2] DEBUG c.p.mapper.SysMenuMapper.selectList - ==>  Preparing: SELECT id,parent_id,name,path,component,icon,permission,sort,type,status,create_time,update_time,version FROM sys_menu ORDER BY sort ASC
2026-07-30 12:58:40.559 [http-nio-8080-exec-2] DEBUG c.p.mapper.SysMenuMapper.selectList - ==> Parameters: 
2026-07-30 12:58:40.562 [http-nio-8080-exec-2] DEBUG c.p.mapper.SysMenuMapper.selectList - <==      Total: 21
2026-07-30 12:58:54.605 [http-nio-8080-exec-3] DEBUG o.s.security.web.FilterChainProxy - Securing DELETE /menus/21
2026-07-30 12:58:54.617 [http-nio-8080-exec-3] DEBUG c.p.mapper.SysUserMapper.selectList - ==>  Preparing: SELECT id,username,password,nickname,email,phone,status,create_time,update_time,version FROM sys_user WHERE (username = ?)
2026-07-30 12:58:54.617 [http-nio-8080-exec-3] DEBUG c.p.mapper.SysUserMapper.selectList - ==> Parameters: gugu(String)
2026-07-30 12:58:54.619 [http-nio-8080-exec-3] DEBUG c.p.mapper.SysUserMapper.selectList - <==      Total: 1
2026-07-30 12:58:54.619 [http-nio-8080-exec-3] DEBUG c.p.m.SysUserRoleMapper.selectList - ==>  Preparing: SELECT id,user_id,role_id FROM sys_user_role WHERE (user_id = ?)
2026-07-30 12:58:54.619 [http-nio-8080-exec-3] DEBUG c.p.m.SysUserRoleMapper.selectList - ==> Parameters: 11(Long)
2026-07-30 12:58:54.619 [http-nio-8080-exec-3] DEBUG c.p.m.SysUserRoleMapper.selectList - <==      Total: 1
2026-07-30 12:58:54.621 [http-nio-8080-exec-3] DEBUG c.p.mapper.SysRoleMapper.selectById - ==>  Preparing: SELECT id,name,code,description,status,create_time,update_time,version FROM sys_role WHERE id=?
2026-07-30 12:58:54.621 [http-nio-8080-exec-3] DEBUG c.p.mapper.SysRoleMapper.selectById - ==> Parameters: 2(Long)
2026-07-30 12:58:54.621 [http-nio-8080-exec-3] DEBUG c.p.mapper.SysRoleMapper.selectById - <==      Total: 1
2026-07-30 12:58:54.621 [http-nio-8080-exec-3] DEBUG c.p.m.S.selectMenuByRoleId - ==>  Preparing: SELECT m.* FROM sys_menu m INNER JOIN sys_role_menu rm ON m.id = rm.menu_id WHERE rm.role_id = ?
2026-07-30 12:58:54.621 [http-nio-8080-exec-3] DEBUG c.p.m.S.selectMenuByRoleId - ==> Parameters: 2(Long)
2026-07-30 12:58:54.621 [http-nio-8080-exec-3] DEBUG c.p.m.S.selectMenuByRoleId - <==      Total: 1
2026-07-30 12:58:54.624 [http-nio-8080-exec-3] DEBUG o.s.security.web.FilterChainProxy - Secured DELETE /menus/21
2026-07-30 12:58:54.632 [http-nio-8080-exec-3] WARN  c.p.exception.GlobalExceptionHandler - 权限不足: 权限不足
2026-07-30 12:58:56.813 [http-nio-8080-exec-4] DEBUG o.s.security.web.FilterChainProxy - Securing GET /menus/tree
2026-07-30 12:58:56.817 [http-nio-8080-exec-4] DEBUG c.p.mapper.SysUserMapper.selectList - ==>  Preparing: SELECT id,username,password,nickname,email,phone,status,create_time,update_time,version FROM sys_user WHERE (username = ?)
2026-07-30 12:58:56.817 [http-nio-8080-exec-4] DEBUG c.p.mapper.SysUserMapper.selectList - ==> Parameters: gugu(String)
2026-07-30 12:58:56.818 [http-nio-8080-exec-4] DEBUG c.p.mapper.SysUserMapper.selectList - <==      Total: 1
2026-07-30 12:58:56.819 [http-nio-8080-exec-4] DEBUG c.p.m.SysUserRoleMapper.selectList - ==>  Preparing: SELECT id,user_id,role_id FROM sys_user_role WHERE (user_id = ?)
2026-07-30 12:58:56.819 [http-nio-8080-exec-4] DEBUG c.p.m.SysUserRoleMapper.selectList - ==> Parameters: 11(Long)
2026-07-30 12:58:56.820 [http-nio-8080-exec-4] DEBUG c.p.m.SysUserRoleMapper.selectList - <==      Total: 1
2026-07-30 12:58:56.820 [http-nio-8080-exec-4] DEBUG c.p.mapper.SysRoleMapper.selectById - ==>  Preparing: SELECT id,name,code,description,status,create_time,update_time,version FROM sys_role WHERE id=?
2026-07-30 12:58:56.820 [http-nio-8080-exec-4] DEBUG c.p.mapper.SysRoleMapper.selectById - ==> Parameters: 2(Long)
2026-07-30 12:58:56.822 [http-nio-8080-exec-4] DEBUG c.p.mapper.SysRoleMapper.selectById - <==      Total: 1
2026-07-30 12:58:56.823 [http-nio-8080-exec-4] DEBUG c.p.m.S.selectMenuByRoleId - ==>  Preparing: SELECT m.* FROM sys_menu m INNER JOIN sys_role_menu rm ON m.id = rm.menu_id WHERE rm.role_id = ?
2026-07-30 12:58:56.823 [http-nio-8080-exec-4] DEBUG c.p.m.S.selectMenuByRoleId - ==> Parameters: 2(Long)
2026-07-30 12:58:56.824 [http-nio-8080-exec-4] DEBUG c.p.m.S.selectMenuByRoleId - <==      Total: 1
2026-07-30 12:58:56.825 [http-nio-8080-exec-4] DEBUG o.s.security.web.FilterChainProxy - Secured GET /menus/tree
2026-07-30 12:58:56.825 [http-nio-8080-exec-4] DEBUG c.p.mapper.SysMenuMapper.selectList - ==>  Preparing: SELECT id,parent_id,name,path,component,icon,permission,sort,type,status,create_time,update_time,version FROM sys_menu ORDER BY sort ASC
2026-07-30 12:58:56.825 [http-nio-8080-exec-4] DEBUG c.p.mapper.SysMenuMapper.selectList - ==> Parameters: 
2026-07-30 12:58:56.829 [http-nio-8080-exec-4] DEBUG c.p.mapper.SysMenuMapper.selectList - <==      Total: 21
2026-07-30 12:58:56.893 [http-nio-8080-exec-5] DEBUG o.s.security.web.FilterChainProxy - Securing GET /menus/tree
2026-07-30 12:58:56.895 [http-nio-8080-exec-5] DEBUG c.p.mapper.SysUserMapper.selectList - ==>  Preparing: SELECT id,username,password,nickname,email,phone,status,create_time,update_time,version FROM sys_user WHERE (username = ?)
2026-07-30 12:58:56.896 [http-nio-8080-exec-5] DEBUG c.p.mapper.SysUserMapper.selectList - ==> Parameters: gugu(String)
2026-07-30 12:58:56.898 [http-nio-8080-exec-5] DEBUG c.p.mapper.SysUserMapper.selectList - <==      Total: 1
2026-07-30 12:58:56.899 [http-nio-8080-exec-5] DEBUG c.p.m.SysUserRoleMapper.selectList - ==>  Preparing: SELECT id,user_id,role_id FROM sys_user_role WHERE (user_id = ?)
2026-07-30 12:58:56.899 [http-nio-8080-exec-5] DEBUG c.p.m.SysUserRoleMapper.selectList - ==> Parameters: 11(Long)
2026-07-30 12:58:56.900 [http-nio-8080-exec-5] DEBUG c.p.m.SysUserRoleMapper.selectList - <==      Total: 1
2026-07-30 12:58:56.900 [http-nio-8080-exec-5] DEBUG c.p.mapper.SysRoleMapper.selectById - ==>  Preparing: SELECT id,name,code,description,status,create_time,update_time,version FROM sys_role WHERE id=?
2026-07-30 12:58:56.900 [http-nio-8080-exec-5] DEBUG c.p.mapper.SysRoleMapper.selectById - ==> Parameters: 2(Long)
2026-07-30 12:58:56.901 [http-nio-8080-exec-5] DEBUG c.p.mapper.SysRoleMapper.selectById - <==      Total: 1
2026-07-30 12:58:56.902 [http-nio-8080-exec-5] DEBUG c.p.m.S.selectMenuByRoleId - ==>  Preparing: SELECT m.* FROM sys_menu m INNER JOIN sys_role_menu rm ON m.id = rm.menu_id WHERE rm.role_id = ?
2026-07-30 12:58:56.902 [http-nio-8080-exec-5] DEBUG c.p.m.S.selectMenuByRoleId - ==> Parameters: 2(Long)
2026-07-30 12:58:56.902 [http-nio-8080-exec-5] DEBUG c.p.m.S.selectMenuByRoleId - <==      Total: 1
2026-07-30 12:58:56.902 [http-nio-8080-exec-5] DEBUG o.s.security.web.FilterChainProxy - Secured GET /menus/tree
2026-07-30 12:58:56.906 [http-nio-8080-exec-5] DEBUG c.p.mapper.SysMenuMapper.selectList - ==>  Preparing: SELECT id,parent_id,name,path,component,icon,permission,sort,type,status,create_time,update_time,version FROM sys_menu ORDER BY sort ASC
2026-07-30 12:58:56.906 [http-nio-8080-exec-5] DEBUG c.p.mapper.SysMenuMapper.selectList - ==> Parameters: 
2026-07-30 12:58:56.906 [http-nio-8080-exec-5] DEBUG c.p.mapper.SysMenuMapper.selectList - <==      Total: 21
2026-07-30 12:59:12.480 [http-nio-8080-exec-6] DEBUG o.s.security.web.FilterChainProxy - Securing GET /roles
2026-07-30 12:59:12.484 [http-nio-8080-exec-6] DEBUG c.p.mapper.SysUserMapper.selectList - ==>  Preparing: SELECT id,username,password,nickname,email,phone,status,create_time,update_time,version FROM sys_user WHERE (username = ?)
2026-07-30 12:59:12.485 [http-nio-8080-exec-6] DEBUG c.p.mapper.SysUserMapper.selectList - ==> Parameters: gugu(String)
2026-07-30 12:59:12.486 [http-nio-8080-exec-6] DEBUG c.p.mapper.SysUserMapper.selectList - <==      Total: 1
2026-07-30 12:59:12.487 [http-nio-8080-exec-6] DEBUG c.p.m.SysUserRoleMapper.selectList - ==>  Preparing: SELECT id,user_id,role_id FROM sys_user_role WHERE (user_id = ?)
2026-07-30 12:59:12.487 [http-nio-8080-exec-6] DEBUG c.p.m.SysUserRoleMapper.selectList - ==> Parameters: 11(Long)
2026-07-30 12:59:12.490 [http-nio-8080-exec-6] DEBUG c.p.m.SysUserRoleMapper.selectList - <==      Total: 1
2026-07-30 12:59:12.490 [http-nio-8080-exec-6] DEBUG c.p.mapper.SysRoleMapper.selectById - ==>  Preparing: SELECT id,name,code,description,status,create_time,update_time,version FROM sys_role WHERE id=?
2026-07-30 12:59:12.491 [http-nio-8080-exec-6] DEBUG c.p.mapper.SysRoleMapper.selectById - ==> Parameters: 2(Long)
2026-07-30 12:59:12.493 [http-nio-8080-exec-6] DEBUG c.p.mapper.SysRoleMapper.selectById - <==      Total: 1
2026-07-30 12:59:12.493 [http-nio-8080-exec-6] DEBUG c.p.m.S.selectMenuByRoleId - ==>  Preparing: SELECT m.* FROM sys_menu m INNER JOIN sys_role_menu rm ON m.id = rm.menu_id WHERE rm.role_id = ?
2026-07-30 12:59:12.493 [http-nio-8080-exec-6] DEBUG c.p.m.S.selectMenuByRoleId - ==> Parameters: 2(Long)
2026-07-30 12:59:12.493 [http-nio-8080-exec-6] DEBUG c.p.m.S.selectMenuByRoleId - <==      Total: 1
2026-07-30 12:59:12.497 [http-nio-8080-exec-6] DEBUG o.s.security.web.FilterChainProxy - Secured GET /roles
2026-07-30 12:59:12.497 [http-nio-8080-exec-6] WARN  c.p.exception.GlobalExceptionHandler - 权限不足: 权限不足
2026-07-30 12:59:13.483 [http-nio-8080-exec-7] DEBUG o.s.security.web.FilterChainProxy - Securing GET /users
2026-07-30 12:59:13.486 [http-nio-8080-exec-7] DEBUG c.p.mapper.SysUserMapper.selectList - ==>  Preparing: SELECT id,username,password,nickname,email,phone,status,create_time,update_time,version FROM sys_user WHERE (username = ?)
2026-07-30 12:59:13.486 [http-nio-8080-exec-7] DEBUG c.p.mapper.SysUserMapper.selectList - ==> Parameters: gugu(String)
2026-07-30 12:59:13.487 [http-nio-8080-exec-7] DEBUG c.p.mapper.SysUserMapper.selectList - <==      Total: 1
2026-07-30 12:59:13.487 [http-nio-8080-exec-7] DEBUG c.p.m.SysUserRoleMapper.selectList - ==>  Preparing: SELECT id,user_id,role_id FROM sys_user_role WHERE (user_id = ?)
2026-07-30 12:59:13.487 [http-nio-8080-exec-7] DEBUG c.p.m.SysUserRoleMapper.selectList - ==> Parameters: 11(Long)
2026-07-30 12:59:13.487 [http-nio-8080-exec-7] DEBUG c.p.m.SysUserRoleMapper.selectList - <==      Total: 1
2026-07-30 12:59:13.487 [http-nio-8080-exec-7] DEBUG c.p.mapper.SysRoleMapper.selectById - ==>  Preparing: SELECT id,name,code,description,status,create_time,update_time,version FROM sys_role WHERE id=?
2026-07-30 12:59:13.487 [http-nio-8080-exec-7] DEBUG c.p.mapper.SysRoleMapper.selectById - ==> Parameters: 2(Long)
2026-07-30 12:59:13.487 [http-nio-8080-exec-7] DEBUG c.p.mapper.SysRoleMapper.selectById - <==      Total: 1
2026-07-30 12:59:13.487 [http-nio-8080-exec-7] DEBUG c.p.m.S.selectMenuByRoleId - ==>  Preparing: SELECT m.* FROM sys_menu m INNER JOIN sys_role_menu rm ON m.id = rm.menu_id WHERE rm.role_id = ?
2026-07-30 12:59:13.487 [http-nio-8080-exec-7] DEBUG c.p.m.S.selectMenuByRoleId - ==> Parameters: 2(Long)
2026-07-30 12:59:13.490 [http-nio-8080-exec-7] DEBUG c.p.m.S.selectMenuByRoleId - <==      Total: 1
2026-07-30 12:59:13.491 [http-nio-8080-exec-7] DEBUG o.s.security.web.FilterChainProxy - Secured GET /users
2026-07-30 12:59:13.492 [http-nio-8080-exec-7] WARN  c.p.exception.GlobalExceptionHandler - 权限不足: 权限不足
2026-07-30 13:06:01.325 [SpringApplicationShutdownHook] INFO  com.zaxxer.hikari.HikariDataSource - HikariPool-1 - Shutdown initiated...
2026-07-30 13:06:01.332 [SpringApplicationShutdownHook] INFO  com.zaxxer.hikari.HikariDataSource - HikariPool-1 - Shutdown completed.
2026-07-30 13:06:07.469 [background-preinit] INFO  o.h.validator.internal.util.Version - HV000001: Hibernate Validator 8.0.1.Final
2026-07-30 13:06:07.500 [main] INFO  com.pes.PesApplication - Starting PesApplication using Java 17.0.12 with PID 25820 (E:\PES\pes-java\target\classes started by ASUS in E:\PES)
2026-07-30 13:06:07.500 [main] DEBUG com.pes.PesApplication - Running with Spring Boot v3.2.0, Spring v6.1.1
2026-07-30 13:06:07.501 [main] INFO  com.pes.PesApplication - The following 1 profile is active: "dev"
2026-07-30 13:06:08.734 [main] INFO  o.s.b.w.e.tomcat.TomcatWebServer - Tomcat initialized with port 8080 (http)
2026-07-30 13:06:08.741 [main] INFO  o.a.coyote.http11.Http11NioProtocol - Initializing ProtocolHandler ["http-nio-8080"]
2026-07-30 13:06:08.742 [main] INFO  o.a.catalina.core.StandardService - Starting service [Tomcat]
2026-07-30 13:06:08.742 [main] INFO  o.a.catalina.core.StandardEngine - Starting Servlet engine: [Apache Tomcat/10.1.16]
2026-07-30 13:06:08.798 [main] INFO  o.a.c.c.C.[Tomcat].[localhost].[/] - Initializing Spring embedded WebApplicationContext
2026-07-30 13:06:08.798 [main] INFO  o.s.b.w.s.c.ServletWebServerApplicationContext - Root WebApplicationContext: initialization completed in 1263 ms
2026-07-30 13:06:08.948 [main] INFO  com.zaxxer.hikari.HikariDataSource - HikariPool-1 - Starting...
2026-07-30 13:06:09.251 [main] INFO  com.zaxxer.hikari.pool.HikariPool - HikariPool-1 - Added connection com.mysql.cj.jdbc.ConnectionImpl@59371066
2026-07-30 13:06:09.254 [main] INFO  com.zaxxer.hikari.HikariDataSource - HikariPool-1 - Start completed.
2026-07-30 13:06:09.521 [main] DEBUG c.p.s.filter.JwtAuthenticationFilter - Filter 'jwtAuthenticationFilter' configured for use
2026-07-30 13:06:09.756 [main] INFO  com.pes.config.RedisConfig - Redis 连接成功: localhost:6379 (db:0)
2026-07-30 13:06:09.820 [main] INFO  com.pes.config.RedisConfig - RedisTemplate 初始化完成
2026-07-30 13:06:10.153 [main] INFO  com.pes.utils.CaptchaStore - 验证码存储: Redis 模式 (已连接:OK)
2026-07-30 13:06:10.507 [main] INFO  o.s.s.web.DefaultSecurityFilterChain - Will secure any request with [org.springframework.security.web.session.DisableEncodeUrlFilter@5192b301, org.springframework.security.web.context.request.async.WebAsyncManagerIntegrationFilter@1a99692, org.springframework.security.web.context.SecurityContextHolderFilter@893081e, org.springframework.security.web.header.HeaderWriterFilter@200e6029, org.springframework.web.filter.CorsFilter@21540255, org.springframework.security.web.authentication.logout.LogoutFilter@3fb4beb1, com.pes.security.filter.JwtAuthenticationFilter@5a7e81, org.springframework.security.web.savedrequest.RequestCacheAwareFilter@646ddc20, org.springframework.security.web.servletapi.SecurityContextHolderAwareRequestFilter@22561412, org.springframework.security.web.authentication.AnonymousAuthenticationFilter@2a0881f1, org.springframework.security.web.session.SessionManagementFilter@220e1b7b, org.springframework.security.web.access.ExceptionTranslationFilter@1d5958d3, org.springframework.security.web.access.intercept.AuthorizationFilter@da4c5cb]
2026-07-30 13:06:10.724 [main] INFO  o.a.coyote.http11.Http11NioProtocol - Starting ProtocolHandler ["http-nio-8080"]
2026-07-30 13:06:10.736 [main] INFO  o.s.b.w.e.tomcat.TomcatWebServer - Tomcat started on port 8080 (http) with context path ''
2026-07-30 13:06:10.741 [main] INFO  com.pes.PesApplication - Started PesApplication in 3.725 seconds (process running for 4.582)
2026-07-30 13:06:21.950 [SpringApplicationShutdownHook] INFO  com.zaxxer.hikari.HikariDataSource - HikariPool-1 - Shutdown initiated...
2026-07-30 13:06:21.952 [SpringApplicationShutdownHook] INFO  com.zaxxer.hikari.HikariDataSource - HikariPool-1 - Shutdown completed.
2026-07-30 13:06:27.582 [background-preinit] INFO  o.h.validator.internal.util.Version - HV000001: Hibernate Validator 8.0.1.Final
2026-07-30 13:06:27.610 [main] INFO  com.pes.PesApplication - Starting PesApplication using Java 17.0.12 with PID 23392 (E:\PES\pes-java\target\classes started by ASUS in E:\PES)
2026-07-30 13:06:27.610 [main] DEBUG com.pes.PesApplication - Running with Spring Boot v3.2.0, Spring v6.1.1
2026-07-30 13:06:27.610 [main] INFO  com.pes.PesApplication - The following 1 profile is active: "dev"
2026-07-30 13:06:28.675 [main] INFO  o.s.b.w.e.tomcat.TomcatWebServer - Tomcat initialized with port 8080 (http)
2026-07-30 13:06:28.685 [main] INFO  o.a.coyote.http11.Http11NioProtocol - Initializing ProtocolHandler ["http-nio-8080"]
2026-07-30 13:06:28.687 [main] INFO  o.a.catalina.core.StandardService - Starting service [Tomcat]
2026-07-30 13:06:28.687 [main] INFO  o.a.catalina.core.StandardEngine - Starting Servlet engine: [Apache Tomcat/10.1.16]
2026-07-30 13:06:28.743 [main] INFO  o.a.c.c.C.[Tomcat].[localhost].[/] - Initializing Spring embedded WebApplicationContext
2026-07-30 13:06:28.745 [main] INFO  o.s.b.w.s.c.ServletWebServerApplicationContext - Root WebApplicationContext: initialization completed in 1102 ms
2026-07-30 13:06:28.879 [main] INFO  com.zaxxer.hikari.HikariDataSource - HikariPool-1 - Starting...
2026-07-30 13:06:29.097 [main] INFO  com.zaxxer.hikari.pool.HikariPool - HikariPool-1 - Added connection com.mysql.cj.jdbc.ConnectionImpl@71ad959b
2026-07-30 13:06:29.099 [main] INFO  com.zaxxer.hikari.HikariDataSource - HikariPool-1 - Start completed.
2026-07-30 13:06:29.352 [main] DEBUG c.p.s.filter.JwtAuthenticationFilter - Filter 'jwtAuthenticationFilter' configured for use
2026-07-30 13:06:29.603 [main] INFO  com.pes.config.RedisConfig - Redis 连接成功: localhost:6379 (db:0)
2026-07-30 13:06:29.661 [main] INFO  com.pes.config.RedisConfig - RedisTemplate 初始化完成
2026-07-30 13:06:30.017 [main] INFO  com.pes.utils.CaptchaStore - 验证码存储: Redis 模式 (已连接:OK)
2026-07-30 13:06:30.519 [main] INFO  o.s.s.web.DefaultSecurityFilterChain - Will secure any request with [org.springframework.security.web.session.DisableEncodeUrlFilter@6f6c6c70, org.springframework.security.web.context.request.async.WebAsyncManagerIntegrationFilter@75d95b67, org.springframework.security.web.context.SecurityContextHolderFilter@2dd46693, org.springframework.security.web.header.HeaderWriterFilter@5b72b13a, org.springframework.web.filter.CorsFilter@61993d18, org.springframework.security.web.authentication.logout.LogoutFilter@7b11ff9a, com.pes.security.filter.JwtAuthenticationFilter@69d667a5, org.springframework.security.web.savedrequest.RequestCacheAwareFilter@eb1e868, org.springframework.security.web.servletapi.SecurityContextHolderAwareRequestFilter@71a7cf7c, org.springframework.security.web.authentication.AnonymousAuthenticationFilter@40f15786, org.springframework.security.web.session.SessionManagementFilter@6318ff9, org.springframework.security.web.access.ExceptionTranslationFilter@3b764e66, org.springframework.security.web.access.intercept.AuthorizationFilter@2823b7c5]
2026-07-30 13:06:30.723 [main] INFO  o.a.coyote.http11.Http11NioProtocol - Starting ProtocolHandler ["http-nio-8080"]
2026-07-30 13:06:30.733 [main] INFO  o.s.b.w.e.tomcat.TomcatWebServer - Tomcat started on port 8080 (http) with context path ''
2026-07-30 13:06:30.739 [main] INFO  com.pes.PesApplication - Started PesApplication in 3.48 seconds (process running for 3.991)
2026-07-30 13:06:39.884 [http-nio-8080-exec-1] INFO  o.a.c.c.C.[Tomcat].[localhost].[/] - Initializing Spring DispatcherServlet 'dispatcherServlet'
2026-07-30 13:06:39.884 [http-nio-8080-exec-1] INFO  o.s.web.servlet.DispatcherServlet - Initializing Servlet 'dispatcherServlet'
2026-07-30 13:06:39.885 [http-nio-8080-exec-1] INFO  o.s.web.servlet.DispatcherServlet - Completed initialization in 1 ms
2026-07-30 13:06:39.892 [http-nio-8080-exec-1] DEBUG o.s.security.web.FilterChainProxy - Securing GET /menus/tree
2026-07-30 13:06:40.014 [http-nio-8080-exec-1] DEBUG c.p.mapper.SysUserMapper.selectList - ==>  Preparing: SELECT id,username,password,nickname,email,phone,status,create_time,update_time,version FROM sys_user WHERE (username = ?)
2026-07-30 13:06:40.026 [http-nio-8080-exec-1] DEBUG c.p.mapper.SysUserMapper.selectList - ==> Parameters: gugu(String)
2026-07-30 13:06:40.042 [http-nio-8080-exec-1] DEBUG c.p.mapper.SysUserMapper.selectList - <==      Total: 1
2026-07-30 13:06:40.045 [http-nio-8080-exec-1] DEBUG c.p.m.SysUserRoleMapper.selectList - ==>  Preparing: SELECT id,user_id,role_id FROM sys_user_role WHERE (user_id = ?)
2026-07-30 13:06:40.046 [http-nio-8080-exec-1] DEBUG c.p.m.SysUserRoleMapper.selectList - ==> Parameters: 11(Long)
2026-07-30 13:06:40.047 [http-nio-8080-exec-1] DEBUG c.p.m.SysUserRoleMapper.selectList - <==      Total: 1
2026-07-30 13:06:40.047 [http-nio-8080-exec-1] DEBUG c.p.mapper.SysRoleMapper.selectById - ==>  Preparing: SELECT id,name,code,description,status,create_time,update_time,version FROM sys_role WHERE id=?
2026-07-30 13:06:40.049 [http-nio-8080-exec-1] DEBUG c.p.mapper.SysRoleMapper.selectById - ==> Parameters: 2(Long)
2026-07-30 13:06:40.050 [http-nio-8080-exec-1] DEBUG c.p.mapper.SysRoleMapper.selectById - <==      Total: 1
2026-07-30 13:06:40.050 [http-nio-8080-exec-1] DEBUG c.p.m.S.selectMenuByRoleId - ==>  Preparing: SELECT m.* FROM sys_menu m INNER JOIN sys_role_menu rm ON m.id = rm.menu_id WHERE rm.role_id = ?
2026-07-30 13:06:40.050 [http-nio-8080-exec-1] DEBUG c.p.m.S.selectMenuByRoleId - ==> Parameters: 2(Long)
2026-07-30 13:06:40.051 [http-nio-8080-exec-1] DEBUG c.p.m.S.selectMenuByRoleId - <==      Total: 1
2026-07-30 13:06:40.061 [http-nio-8080-exec-1] DEBUG o.s.security.web.FilterChainProxy - Secured GET /menus/tree
2026-07-30 13:06:40.069 [http-nio-8080-exec-1] DEBUG c.p.mapper.SysMenuMapper.selectList - ==>  Preparing: SELECT id,parent_id,name,path,component,icon,permission,sort,type,status,create_time,update_time,version FROM sys_menu ORDER BY sort ASC
2026-07-30 13:06:40.069 [http-nio-8080-exec-1] DEBUG c.p.mapper.SysMenuMapper.selectList - ==> Parameters: 
2026-07-30 13:06:40.077 [http-nio-8080-exec-1] DEBUG c.p.mapper.SysMenuMapper.selectList - <==      Total: 21
2026-07-30 13:06:40.379 [http-nio-8080-exec-2] DEBUG o.s.security.web.FilterChainProxy - Securing GET /users
2026-07-30 13:06:40.382 [http-nio-8080-exec-2] DEBUG c.p.mapper.SysUserMapper.selectList - ==>  Preparing: SELECT id,username,password,nickname,email,phone,status,create_time,update_time,version FROM sys_user WHERE (username = ?)
2026-07-30 13:06:40.382 [http-nio-8080-exec-2] DEBUG c.p.mapper.SysUserMapper.selectList - ==> Parameters: gugu(String)
2026-07-30 13:06:40.384 [http-nio-8080-exec-2] DEBUG c.p.mapper.SysUserMapper.selectList - <==      Total: 1
2026-07-30 13:06:40.385 [http-nio-8080-exec-2] DEBUG c.p.m.SysUserRoleMapper.selectList - ==>  Preparing: SELECT id,user_id,role_id FROM sys_user_role WHERE (user_id = ?)
2026-07-30 13:06:40.386 [http-nio-8080-exec-2] DEBUG c.p.m.SysUserRoleMapper.selectList - ==> Parameters: 11(Long)
2026-07-30 13:06:40.387 [http-nio-8080-exec-2] DEBUG c.p.m.SysUserRoleMapper.selectList - <==      Total: 1
2026-07-30 13:06:40.387 [http-nio-8080-exec-2] DEBUG c.p.mapper.SysRoleMapper.selectById - ==>  Preparing: SELECT id,name,code,description,status,create_time,update_time,version FROM sys_role WHERE id=?
2026-07-30 13:06:40.388 [http-nio-8080-exec-2] DEBUG c.p.mapper.SysRoleMapper.selectById - ==> Parameters: 2(Long)
2026-07-30 13:06:40.388 [http-nio-8080-exec-2] DEBUG c.p.mapper.SysRoleMapper.selectById - <==      Total: 1
2026-07-30 13:06:40.390 [http-nio-8080-exec-2] DEBUG c.p.m.S.selectMenuByRoleId - ==>  Preparing: SELECT m.* FROM sys_menu m INNER JOIN sys_role_menu rm ON m.id = rm.menu_id WHERE rm.role_id = ?
2026-07-30 13:06:40.390 [http-nio-8080-exec-2] DEBUG c.p.m.S.selectMenuByRoleId - ==> Parameters: 2(Long)
2026-07-30 13:06:40.392 [http-nio-8080-exec-2] DEBUG c.p.m.S.selectMenuByRoleId - <==      Total: 1
2026-07-30 13:06:40.393 [http-nio-8080-exec-2] DEBUG o.s.security.web.FilterChainProxy - Secured GET /users
2026-07-30 13:06:40.407 [http-nio-8080-exec-2] WARN  c.p.exception.GlobalExceptionHandler - 权限不足: 权限不足
2026-07-30 13:06:40.449 [http-nio-8080-exec-3] DEBUG o.s.security.web.FilterChainProxy - Securing GET /menus/tree
2026-07-30 13:06:40.450 [http-nio-8080-exec-3] DEBUG c.p.mapper.SysUserMapper.selectList - ==>  Preparing: SELECT id,username,password,nickname,email,phone,status,create_time,update_time,version FROM sys_user WHERE (username = ?)
2026-07-30 13:06:40.452 [http-nio-8080-exec-3] DEBUG c.p.mapper.SysUserMapper.selectList - ==> Parameters: gugu(String)
2026-07-30 13:06:40.453 [http-nio-8080-exec-3] DEBUG c.p.mapper.SysUserMapper.selectList - <==      Total: 1
2026-07-30 13:06:40.454 [http-nio-8080-exec-3] DEBUG c.p.m.SysUserRoleMapper.selectList - ==>  Preparing: SELECT id,user_id,role_id FROM sys_user_role WHERE (user_id = ?)
2026-07-30 13:06:40.455 [http-nio-8080-exec-3] DEBUG c.p.m.SysUserRoleMapper.selectList - ==> Parameters: 11(Long)
2026-07-30 13:06:40.456 [http-nio-8080-exec-3] DEBUG c.p.m.SysUserRoleMapper.selectList - <==      Total: 1
2026-07-30 13:06:40.456 [http-nio-8080-exec-3] DEBUG c.p.mapper.SysRoleMapper.selectById - ==>  Preparing: SELECT id,name,code,description,status,create_time,update_time,version FROM sys_role WHERE id=?
2026-07-30 13:06:40.456 [http-nio-8080-exec-3] DEBUG c.p.mapper.SysRoleMapper.selectById - ==> Parameters: 2(Long)
2026-07-30 13:06:40.457 [http-nio-8080-exec-3] DEBUG c.p.mapper.SysRoleMapper.selectById - <==      Total: 1
2026-07-30 13:06:40.457 [http-nio-8080-exec-3] DEBUG c.p.m.S.selectMenuByRoleId - ==>  Preparing: SELECT m.* FROM sys_menu m INNER JOIN sys_role_menu rm ON m.id = rm.menu_id WHERE rm.role_id = ?
2026-07-30 13:06:40.458 [http-nio-8080-exec-3] DEBUG c.p.m.S.selectMenuByRoleId - ==> Parameters: 2(Long)
2026-07-30 13:06:40.459 [http-nio-8080-exec-3] DEBUG c.p.m.S.selectMenuByRoleId - <==      Total: 1
2026-07-30 13:06:40.459 [http-nio-8080-exec-3] DEBUG o.s.security.web.FilterChainProxy - Secured GET /menus/tree
2026-07-30 13:06:40.460 [http-nio-8080-exec-3] DEBUG c.p.mapper.SysMenuMapper.selectList - ==>  Preparing: SELECT id,parent_id,name,path,component,icon,permission,sort,type,status,create_time,update_time,version FROM sys_menu ORDER BY sort ASC
2026-07-30 13:06:40.460 [http-nio-8080-exec-3] DEBUG c.p.mapper.SysMenuMapper.selectList - ==> Parameters: 
2026-07-30 13:06:40.464 [http-nio-8080-exec-3] DEBUG c.p.mapper.SysMenuMapper.selectList - <==      Total: 21
2026-07-30 13:06:40.650 [http-nio-8080-exec-4] DEBUG o.s.security.web.FilterChainProxy - Securing GET /dashboard/stats
2026-07-30 13:06:40.654 [http-nio-8080-exec-4] DEBUG c.p.mapper.SysUserMapper.selectList - ==>  Preparing: SELECT id,username,password,nickname,email,phone,status,create_time,update_time,version FROM sys_user WHERE (username = ?)
2026-07-30 13:06:40.655 [http-nio-8080-exec-4] DEBUG c.p.mapper.SysUserMapper.selectList - ==> Parameters: gugu(String)
2026-07-30 13:06:40.657 [http-nio-8080-exec-4] DEBUG c.p.mapper.SysUserMapper.selectList - <==      Total: 1
2026-07-30 13:06:40.660 [http-nio-8080-exec-4] DEBUG c.p.m.SysUserRoleMapper.selectList - ==>  Preparing: SELECT id,user_id,role_id FROM sys_user_role WHERE (user_id = ?)
2026-07-30 13:06:40.660 [http-nio-8080-exec-4] DEBUG c.p.m.SysUserRoleMapper.selectList - ==> Parameters: 11(Long)
2026-07-30 13:06:40.664 [http-nio-8080-exec-4] DEBUG c.p.m.SysUserRoleMapper.selectList - <==      Total: 1
2026-07-30 13:06:40.665 [http-nio-8080-exec-4] DEBUG c.p.mapper.SysRoleMapper.selectById - ==>  Preparing: SELECT id,name,code,description,status,create_time,update_time,version FROM sys_role WHERE id=?
2026-07-30 13:06:40.666 [http-nio-8080-exec-4] DEBUG c.p.mapper.SysRoleMapper.selectById - ==> Parameters: 2(Long)
2026-07-30 13:06:40.667 [http-nio-8080-exec-4] DEBUG c.p.mapper.SysRoleMapper.selectById - <==      Total: 1
2026-07-30 13:06:40.668 [http-nio-8080-exec-4] DEBUG c.p.m.S.selectMenuByRoleId - ==>  Preparing: SELECT m.* FROM sys_menu m INNER JOIN sys_role_menu rm ON m.id = rm.menu_id WHERE rm.role_id = ?
2026-07-30 13:06:40.668 [http-nio-8080-exec-4] DEBUG c.p.m.S.selectMenuByRoleId - ==> Parameters: 2(Long)
2026-07-30 13:06:40.669 [http-nio-8080-exec-4] DEBUG c.p.m.S.selectMenuByRoleId - <==      Total: 1
2026-07-30 13:06:40.669 [http-nio-8080-exec-4] DEBUG o.s.security.web.FilterChainProxy - Secured GET /dashboard/stats
2026-07-30 13:06:40.671 [http-nio-8080-exec-4] DEBUG c.p.mapper.SysUserMapper.selectCount - ==>  Preparing: SELECT COUNT( * ) AS total FROM sys_user
2026-07-30 13:06:40.671 [http-nio-8080-exec-4] DEBUG c.p.mapper.SysUserMapper.selectCount - ==> Parameters: 
2026-07-30 13:06:40.675 [http-nio-8080-exec-4] DEBUG c.p.mapper.SysUserMapper.selectCount - <==      Total: 1
2026-07-30 13:06:40.675 [http-nio-8080-exec-4] DEBUG c.p.mapper.SysRoleMapper.selectCount - ==>  Preparing: SELECT COUNT( * ) AS total FROM sys_role
2026-07-30 13:06:40.675 [http-nio-8080-exec-4] DEBUG c.p.mapper.SysRoleMapper.selectCount - ==> Parameters: 
2026-07-30 13:06:40.678 [http-nio-8080-exec-4] DEBUG c.p.mapper.SysRoleMapper.selectCount - <==      Total: 1
2026-07-30 13:06:40.678 [http-nio-8080-exec-4] DEBUG c.p.mapper.SysMenuMapper.selectCount - ==>  Preparing: SELECT COUNT( * ) AS total FROM sys_menu
2026-07-30 13:06:40.678 [http-nio-8080-exec-4] DEBUG c.p.mapper.SysMenuMapper.selectCount - ==> Parameters: 
2026-07-30 13:06:40.681 [http-nio-8080-exec-4] DEBUG c.p.mapper.SysMenuMapper.selectCount - <==      Total: 1
2026-07-30 13:06:43.971 [http-nio-8080-exec-5] DEBUG o.s.security.web.FilterChainProxy - Securing GET /users
2026-07-30 13:06:43.975 [http-nio-8080-exec-5] DEBUG c.p.mapper.SysUserMapper.selectList - ==>  Preparing: SELECT id,username,password,nickname,email,phone,status,create_time,update_time,version FROM sys_user WHERE (username = ?)
2026-07-30 13:06:43.975 [http-nio-8080-exec-5] DEBUG c.p.mapper.SysUserMapper.selectList - ==> Parameters: gugu(String)
2026-07-30 13:06:43.977 [http-nio-8080-exec-5] DEBUG c.p.mapper.SysUserMapper.selectList - <==      Total: 1
2026-07-30 13:06:43.978 [http-nio-8080-exec-5] DEBUG c.p.m.SysUserRoleMapper.selectList - ==>  Preparing: SELECT id,user_id,role_id FROM sys_user_role WHERE (user_id = ?)
2026-07-30 13:06:43.978 [http-nio-8080-exec-5] DEBUG c.p.m.SysUserRoleMapper.selectList - ==> Parameters: 11(Long)
2026-07-30 13:06:43.979 [http-nio-8080-exec-5] DEBUG c.p.m.SysUserRoleMapper.selectList - <==      Total: 1
2026-07-30 13:06:43.979 [http-nio-8080-exec-5] DEBUG c.p.mapper.SysRoleMapper.selectById - ==>  Preparing: SELECT id,name,code,description,status,create_time,update_time,version FROM sys_role WHERE id=?
2026-07-30 13:06:43.980 [http-nio-8080-exec-5] DEBUG c.p.mapper.SysRoleMapper.selectById - ==> Parameters: 2(Long)
2026-07-30 13:06:43.980 [http-nio-8080-exec-5] DEBUG c.p.mapper.SysRoleMapper.selectById - <==      Total: 1
2026-07-30 13:06:43.980 [http-nio-8080-exec-5] DEBUG c.p.m.S.selectMenuByRoleId - ==>  Preparing: SELECT m.* FROM sys_menu m INNER JOIN sys_role_menu rm ON m.id = rm.menu_id WHERE rm.role_id = ?
2026-07-30 13:06:43.981 [http-nio-8080-exec-5] DEBUG c.p.m.S.selectMenuByRoleId - ==> Parameters: 2(Long)
2026-07-30 13:06:43.982 [http-nio-8080-exec-5] DEBUG c.p.m.S.selectMenuByRoleId - <==      Total: 1
2026-07-30 13:06:43.983 [http-nio-8080-exec-5] DEBUG o.s.security.web.FilterChainProxy - Secured GET /users
2026-07-30 13:06:43.983 [http-nio-8080-exec-5] WARN  c.p.exception.GlobalExceptionHandler - 权限不足: 权限不足
2026-07-30 13:06:45.054 [http-nio-8080-exec-6] DEBUG o.s.security.web.FilterChainProxy - Securing GET /roles
2026-07-30 13:06:45.054 [http-nio-8080-exec-6] DEBUG c.p.mapper.SysUserMapper.selectList - ==>  Preparing: SELECT id,username,password,nickname,email,phone,status,create_time,update_time,version FROM sys_user WHERE (username = ?)
2026-07-30 13:06:45.054 [http-nio-8080-exec-6] DEBUG c.p.mapper.SysUserMapper.selectList - ==> Parameters: gugu(String)
2026-07-30 13:06:45.054 [http-nio-8080-exec-6] DEBUG c.p.mapper.SysUserMapper.selectList - <==      Total: 1
2026-07-30 13:06:45.054 [http-nio-8080-exec-6] DEBUG c.p.m.SysUserRoleMapper.selectList - ==>  Preparing: SELECT id,user_id,role_id FROM sys_user_role WHERE (user_id = ?)
2026-07-30 13:06:45.061 [http-nio-8080-exec-6] DEBUG c.p.m.SysUserRoleMapper.selectList - ==> Parameters: 11(Long)
2026-07-30 13:06:45.062 [http-nio-8080-exec-6] DEBUG c.p.m.SysUserRoleMapper.selectList - <==      Total: 1
2026-07-30 13:06:45.062 [http-nio-8080-exec-6] DEBUG c.p.mapper.SysRoleMapper.selectById - ==>  Preparing: SELECT id,name,code,description,status,create_time,update_time,version FROM sys_role WHERE id=?
2026-07-30 13:06:45.063 [http-nio-8080-exec-6] DEBUG c.p.mapper.SysRoleMapper.selectById - ==> Parameters: 2(Long)
2026-07-30 13:06:45.064 [http-nio-8080-exec-6] DEBUG c.p.mapper.SysRoleMapper.selectById - <==      Total: 1
2026-07-30 13:06:45.064 [http-nio-8080-exec-6] DEBUG c.p.m.S.selectMenuByRoleId - ==>  Preparing: SELECT m.* FROM sys_menu m INNER JOIN sys_role_menu rm ON m.id = rm.menu_id WHERE rm.role_id = ?
2026-07-30 13:06:45.064 [http-nio-8080-exec-6] DEBUG c.p.m.S.selectMenuByRoleId - ==> Parameters: 2(Long)
2026-07-30 13:06:45.065 [http-nio-8080-exec-6] DEBUG c.p.m.S.selectMenuByRoleId - <==      Total: 1
2026-07-30 13:06:45.066 [http-nio-8080-exec-6] DEBUG o.s.security.web.FilterChainProxy - Secured GET /roles
2026-07-30 13:06:45.067 [http-nio-8080-exec-6] WARN  c.p.exception.GlobalExceptionHandler - 权限不足: 权限不足
2026-07-30 13:06:45.871 [http-nio-8080-exec-7] DEBUG o.s.security.web.FilterChainProxy - Securing GET /menus/tree
2026-07-30 13:06:45.873 [http-nio-8080-exec-7] DEBUG c.p.mapper.SysUserMapper.selectList - ==>  Preparing: SELECT id,username,password,nickname,email,phone,status,create_time,update_time,version FROM sys_user WHERE (username = ?)
2026-07-30 13:06:45.874 [http-nio-8080-exec-7] DEBUG c.p.mapper.SysUserMapper.selectList - ==> Parameters: gugu(String)
2026-07-30 13:06:45.875 [http-nio-8080-exec-7] DEBUG c.p.mapper.SysUserMapper.selectList - <==      Total: 1
2026-07-30 13:06:45.876 [http-nio-8080-exec-7] DEBUG c.p.m.SysUserRoleMapper.selectList - ==>  Preparing: SELECT id,user_id,role_id FROM sys_user_role WHERE (user_id = ?)
2026-07-30 13:06:45.876 [http-nio-8080-exec-7] DEBUG c.p.m.SysUserRoleMapper.selectList - ==> Parameters: 11(Long)
2026-07-30 13:06:45.877 [http-nio-8080-exec-7] DEBUG c.p.m.SysUserRoleMapper.selectList - <==      Total: 1
2026-07-30 13:06:45.877 [http-nio-8080-exec-7] DEBUG c.p.mapper.SysRoleMapper.selectById - ==>  Preparing: SELECT id,name,code,description,status,create_time,update_time,version FROM sys_role WHERE id=?
2026-07-30 13:06:45.877 [http-nio-8080-exec-7] DEBUG c.p.mapper.SysRoleMapper.selectById - ==> Parameters: 2(Long)
2026-07-30 13:06:45.879 [http-nio-8080-exec-7] DEBUG c.p.mapper.SysRoleMapper.selectById - <==      Total: 1
2026-07-30 13:06:45.879 [http-nio-8080-exec-7] DEBUG c.p.m.S.selectMenuByRoleId - ==>  Preparing: SELECT m.* FROM sys_menu m INNER JOIN sys_role_menu rm ON m.id = rm.menu_id WHERE rm.role_id = ?
2026-07-30 13:06:45.879 [http-nio-8080-exec-7] DEBUG c.p.m.S.selectMenuByRoleId - ==> Parameters: 2(Long)
2026-07-30 13:06:45.880 [http-nio-8080-exec-7] DEBUG c.p.m.S.selectMenuByRoleId - <==      Total: 1
2026-07-30 13:06:45.880 [http-nio-8080-exec-7] DEBUG o.s.security.web.FilterChainProxy - Secured GET /menus/tree
2026-07-30 13:06:45.881 [http-nio-8080-exec-7] DEBUG c.p.mapper.SysMenuMapper.selectList - ==>  Preparing: SELECT id,parent_id,name,path,component,icon,permission,sort,type,status,create_time,update_time,version FROM sys_menu ORDER BY sort ASC
2026-07-30 13:06:45.881 [http-nio-8080-exec-7] DEBUG c.p.mapper.SysMenuMapper.selectList - ==> Parameters: 
2026-07-30 13:06:45.884 [http-nio-8080-exec-7] DEBUG c.p.mapper.SysMenuMapper.selectList - <==      Total: 21
2026-07-30 13:15:37.389 [http-nio-8080-exec-8] DEBUG o.s.security.web.FilterChainProxy - Securing GET /menus/tree
2026-07-30 13:15:37.393 [http-nio-8080-exec-8] DEBUG c.p.mapper.SysUserMapper.selectList - ==>  Preparing: SELECT id,username,password,nickname,email,phone,status,create_time,update_time,version FROM sys_user WHERE (username = ?)
2026-07-30 13:15:37.395 [http-nio-8080-exec-8] DEBUG c.p.mapper.SysUserMapper.selectList - ==> Parameters: gugu(String)
2026-07-30 13:15:37.397 [http-nio-8080-exec-8] DEBUG c.p.mapper.SysUserMapper.selectList - <==      Total: 1
2026-07-30 13:15:37.397 [http-nio-8080-exec-8] DEBUG c.p.m.SysUserRoleMapper.selectList - ==>  Preparing: SELECT id,user_id,role_id FROM sys_user_role WHERE (user_id = ?)
2026-07-30 13:15:37.398 [http-nio-8080-exec-8] DEBUG c.p.m.SysUserRoleMapper.selectList - ==> Parameters: 11(Long)
2026-07-30 13:15:37.400 [http-nio-8080-exec-8] DEBUG c.p.m.SysUserRoleMapper.selectList - <==      Total: 1
2026-07-30 13:15:37.401 [http-nio-8080-exec-8] DEBUG c.p.mapper.SysRoleMapper.selectById - ==>  Preparing: SELECT id,name,code,description,status,create_time,update_time,version FROM sys_role WHERE id=?
2026-07-30 13:15:37.401 [http-nio-8080-exec-8] DEBUG c.p.mapper.SysRoleMapper.selectById - ==> Parameters: 2(Long)
2026-07-30 13:15:37.403 [http-nio-8080-exec-8] DEBUG c.p.mapper.SysRoleMapper.selectById - <==      Total: 1
2026-07-30 13:15:37.404 [http-nio-8080-exec-8] DEBUG c.p.m.S.selectMenuByRoleId - ==>  Preparing: SELECT m.* FROM sys_menu m INNER JOIN sys_role_menu rm ON m.id = rm.menu_id WHERE rm.role_id = ?
2026-07-30 13:15:37.405 [http-nio-8080-exec-8] DEBUG c.p.m.S.selectMenuByRoleId - ==> Parameters: 2(Long)
2026-07-30 13:15:37.407 [http-nio-8080-exec-8] DEBUG c.p.m.S.selectMenuByRoleId - <==      Total: 1
2026-07-30 13:15:37.408 [http-nio-8080-exec-8] DEBUG o.s.security.web.FilterChainProxy - Secured GET /menus/tree
2026-07-30 13:15:37.410 [http-nio-8080-exec-8] DEBUG c.p.mapper.SysMenuMapper.selectList - ==>  Preparing: SELECT id,parent_id,name,path,component,icon,permission,sort,type,status,create_time,update_time,version FROM sys_menu ORDER BY sort ASC
2026-07-30 13:15:37.411 [http-nio-8080-exec-8] DEBUG c.p.mapper.SysMenuMapper.selectList - ==> Parameters: 
2026-07-30 13:15:37.414 [http-nio-8080-exec-8] DEBUG c.p.mapper.SysMenuMapper.selectList - <==      Total: 21
2026-07-30 13:15:37.607 [http-nio-8080-exec-9] DEBUG o.s.security.web.FilterChainProxy - Securing GET /menus/tree
2026-07-30 13:15:37.610 [http-nio-8080-exec-9] DEBUG c.p.mapper.SysUserMapper.selectList - ==>  Preparing: SELECT id,username,password,nickname,email,phone,status,create_time,update_time,version FROM sys_user WHERE (username = ?)
2026-07-30 13:15:37.610 [http-nio-8080-exec-9] DEBUG c.p.mapper.SysUserMapper.selectList - ==> Parameters: gugu(String)
2026-07-30 13:15:37.612 [http-nio-8080-exec-9] DEBUG c.p.mapper.SysUserMapper.selectList - <==      Total: 1
2026-07-30 13:15:37.613 [http-nio-8080-exec-9] DEBUG c.p.m.SysUserRoleMapper.selectList - ==>  Preparing: SELECT id,user_id,role_id FROM sys_user_role WHERE (user_id = ?)
2026-07-30 13:15:37.614 [http-nio-8080-exec-9] DEBUG c.p.m.SysUserRoleMapper.selectList - ==> Parameters: 11(Long)
2026-07-30 13:15:37.616 [http-nio-8080-exec-9] DEBUG c.p.m.SysUserRoleMapper.selectList - <==      Total: 1
2026-07-30 13:15:37.616 [http-nio-8080-exec-9] DEBUG c.p.mapper.SysRoleMapper.selectById - ==>  Preparing: SELECT id,name,code,description,status,create_time,update_time,version FROM sys_role WHERE id=?
2026-07-30 13:15:37.617 [http-nio-8080-exec-9] DEBUG c.p.mapper.SysRoleMapper.selectById - ==> Parameters: 2(Long)
2026-07-30 13:15:37.619 [http-nio-8080-exec-9] DEBUG c.p.mapper.SysRoleMapper.selectById - <==      Total: 1
2026-07-30 13:15:37.619 [http-nio-8080-exec-9] DEBUG c.p.m.S.selectMenuByRoleId - ==>  Preparing: SELECT m.* FROM sys_menu m INNER JOIN sys_role_menu rm ON m.id = rm.menu_id WHERE rm.role_id = ?
2026-07-30 13:15:37.619 [http-nio-8080-exec-9] DEBUG c.p.m.S.selectMenuByRoleId - ==> Parameters: 2(Long)
2026-07-30 13:15:37.621 [http-nio-8080-exec-9] DEBUG c.p.m.S.selectMenuByRoleId - <==      Total: 1
2026-07-30 13:15:37.622 [http-nio-8080-exec-9] DEBUG o.s.security.web.FilterChainProxy - Secured GET /menus/tree
2026-07-30 13:15:37.624 [http-nio-8080-exec-9] DEBUG c.p.mapper.SysMenuMapper.selectList - ==>  Preparing: SELECT id,parent_id,name,path,component,icon,permission,sort,type,status,create_time,update_time,version FROM sys_menu ORDER BY sort ASC
2026-07-30 13:15:37.624 [http-nio-8080-exec-9] DEBUG c.p.mapper.SysMenuMapper.selectList - ==> Parameters: 
2026-07-30 13:15:37.628 [http-nio-8080-exec-9] DEBUG c.p.mapper.SysMenuMapper.selectList - <==      Total: 21
2026-07-30 13:15:38.251 [HikariPool-1 housekeeper] WARN  com.zaxxer.hikari.pool.HikariPool - HikariPool-1 - Thread starvation or clock leap detected (housekeeper delta=1m38s922ms422µs700ns).
2026-07-30 13:18:12.021 [http-nio-8080-exec-10] DEBUG o.s.security.web.FilterChainProxy - Securing PUT /menus/2
2026-07-30 13:18:12.030 [http-nio-8080-exec-10] DEBUG c.p.mapper.SysUserMapper.selectList - ==>  Preparing: SELECT id,username,password,nickname,email,phone,status,create_time,update_time,version FROM sys_user WHERE (username = ?)
2026-07-30 13:18:12.031 [http-nio-8080-exec-10] DEBUG c.p.mapper.SysUserMapper.selectList - ==> Parameters: gugu(String)
2026-07-30 13:18:12.032 [http-nio-8080-exec-10] DEBUG c.p.mapper.SysUserMapper.selectList - <==      Total: 1
2026-07-30 13:18:12.032 [http-nio-8080-exec-10] DEBUG c.p.m.SysUserRoleMapper.selectList - ==>  Preparing: SELECT id,user_id,role_id FROM sys_user_role WHERE (user_id = ?)
2026-07-30 13:18:12.033 [http-nio-8080-exec-10] DEBUG c.p.m.SysUserRoleMapper.selectList - ==> Parameters: 11(Long)
2026-07-30 13:18:12.033 [http-nio-8080-exec-10] DEBUG c.p.m.SysUserRoleMapper.selectList - <==      Total: 1
2026-07-30 13:18:12.033 [http-nio-8080-exec-10] DEBUG c.p.mapper.SysRoleMapper.selectById - ==>  Preparing: SELECT id,name,code,description,status,create_time,update_time,version FROM sys_role WHERE id=?
2026-07-30 13:18:12.033 [http-nio-8080-exec-10] DEBUG c.p.mapper.SysRoleMapper.selectById - ==> Parameters: 2(Long)
2026-07-30 13:18:12.033 [http-nio-8080-exec-10] DEBUG c.p.mapper.SysRoleMapper.selectById - <==      Total: 1
2026-07-30 13:18:12.033 [http-nio-8080-exec-10] DEBUG c.p.m.S.selectMenuByRoleId - ==>  Preparing: SELECT m.* FROM sys_menu m INNER JOIN sys_role_menu rm ON m.id = rm.menu_id WHERE rm.role_id = ?
2026-07-30 13:18:12.033 [http-nio-8080-exec-10] DEBUG c.p.m.S.selectMenuByRoleId - ==> Parameters: 2(Long)
2026-07-30 13:18:12.033 [http-nio-8080-exec-10] DEBUG c.p.m.S.selectMenuByRoleId - <==      Total: 1
2026-07-30 13:18:12.033 [http-nio-8080-exec-10] DEBUG o.s.security.web.FilterChainProxy - Secured PUT /menus/2
2026-07-30 13:18:12.033 [http-nio-8080-exec-10] ERROR c.p.exception.GlobalExceptionHandler - 未知异常
java.lang.IllegalArgumentException: Name for argument of type [java.lang.Long] not specified, and parameter name information not found in class file either.
	at org.springframework.web.method.annotation.AbstractNamedValueMethodArgumentResolver.updateNamedValueInfo(AbstractNamedValueMethodArgumentResolver.java:183)
	at org.springframework.web.method.annotation.AbstractNamedValueMethodArgumentResolver.getNamedValueInfo(AbstractNamedValueMethodArgumentResolver.java:160)
	at org.springframework.web.method.annotation.AbstractNamedValueMethodArgumentResolver.resolveArgument(AbstractNamedValueMethodArgumentResolver.java:106)
	at org.springframework.web.method.support.HandlerMethodArgumentResolverComposite.resolveArgument(HandlerMethodArgumentResolverComposite.java:122)
	at org.springframework.web.method.support.InvocableHandlerMethod.getMethodArgumentValues(InvocableHandlerMethod.java:218)
	at org.springframework.web.method.support.InvocableHandlerMethod.invokeForRequest(InvocableHandlerMethod.java:171)
	at org.springframework.web.servlet.mvc.method.annotation.ServletInvocableHandlerMethod.invokeAndHandle(ServletInvocableHandlerMethod.java:118)
	at org.springframework.web.servlet.mvc.method.annotation.RequestMappingHandlerAdapter.invokeHandlerMethod(RequestMappingHandlerAdapter.java:917)
	at org.springframework.web.servlet.mvc.method.annotation.RequestMappingHandlerAdapter.handleInternal(RequestMappingHandlerAdapter.java:829)
	at org.springframework.web.servlet.mvc.method.AbstractHandlerMethodAdapter.handle(AbstractHandlerMethodAdapter.java:87)
	at org.springframework.web.servlet.DispatcherServlet.doDispatch(DispatcherServlet.java:1089)
	at org.springframework.web.servlet.DispatcherServlet.doService(DispatcherServlet.java:979)
	at org.springframework.web.servlet.FrameworkServlet.processRequest(FrameworkServlet.java:1014)
	at org.springframework.web.servlet.FrameworkServlet.doPut(FrameworkServlet.java:925)
	at jakarta.servlet.http.HttpServlet.service(HttpServlet.java:593)
	at org.springframework.web.servlet.FrameworkServlet.service(FrameworkServlet.java:885)
	at jakarta.servlet.http.HttpServlet.service(HttpServlet.java:658)
	at org.apache.catalina.core.ApplicationFilterChain.internalDoFilter(ApplicationFilterChain.java:205)
	at org.apache.catalina.core.ApplicationFilterChain.doFilter(ApplicationFilterChain.java:149)
	at org.apache.tomcat.websocket.server.WsFilter.doFilter(WsFilter.java:51)
	at org.apache.catalina.core.ApplicationFilterChain.internalDoFilter(ApplicationFilterChain.java:174)
	at org.apache.catalina.core.ApplicationFilterChain.doFilter(ApplicationFilterChain.java:149)
	at org.springframework.web.filter.OncePerRequestFilter.doFilter(OncePerRequestFilter.java:110)
	at org.apache.catalina.core.ApplicationFilterChain.internalDoFilter(ApplicationFilterChain.java:174)
	at org.apache.catalina.core.ApplicationFilterChain.doFilter(ApplicationFilterChain.java:149)
	at org.springframework.web.filter.OncePerRequestFilter.doFilter(OncePerRequestFilter.java:110)
	at org.apache.catalina.core.ApplicationFilterChain.internalDoFilter(ApplicationFilterChain.java:174)
	at org.apache.catalina.core.ApplicationFilterChain.doFilter(ApplicationFilterChain.java:149)
	at org.springframework.security.web.FilterChainProxy.lambda$doFilterInternal$3(FilterChainProxy.java:231)
	at org.springframework.security.web.FilterChainProxy$VirtualFilterChain.doFilter(FilterChainProxy.java:365)
	at org.springframework.security.web.access.intercept.AuthorizationFilter.doFilter(AuthorizationFilter.java:100)
	at org.springframework.security.web.FilterChainProxy$VirtualFilterChain.doFilter(FilterChainProxy.java:374)
	at org.springframework.security.web.access.ExceptionTranslationFilter.doFilter(ExceptionTranslationFilter.java:126)
	at org.springframework.security.web.access.ExceptionTranslationFilter.doFilter(ExceptionTranslationFilter.java:120)
	at org.springframework.security.web.FilterChainProxy$VirtualFilterChain.doFilter(FilterChainProxy.java:374)
	at org.springframework.security.web.session.SessionManagementFilter.doFilter(SessionManagementFilter.java:131)
	at org.springframework.security.web.session.SessionManagementFilter.doFilter(SessionManagementFilter.java:85)
	at org.springframework.security.web.FilterChainProxy$VirtualFilterChain.doFilter(FilterChainProxy.java:374)
	at org.springframework.security.web.authentication.AnonymousAuthenticationFilter.doFilter(AnonymousAuthenticationFilter.java:100)
	at org.springframework.security.web.FilterChainProxy$VirtualFilterChain.doFilter(FilterChainProxy.java:374)
	at org.springframework.security.web.servletapi.SecurityContextHolderAwareRequestFilter.doFilter(SecurityContextHolderAwareRequestFilter.java:179)
	at org.springframework.security.web.FilterChainProxy$VirtualFilterChain.doFilter(FilterChainProxy.java:374)
	at org.springframework.security.web.savedrequest.RequestCacheAwareFilter.doFilter(RequestCacheAwareFilter.java:63)
	at org.springframework.security.web.FilterChainProxy$VirtualFilterChain.doFilter(FilterChainProxy.java:374)
	at com.pes.security.filter.JwtAuthenticationFilter.doFilterInternal(JwtAuthenticationFilter.java:46)
	at org.springframework.web.filter.OncePerRequestFilter.doFilter(OncePerRequestFilter.java:116)
	at org.springframework.security.web.FilterChainProxy$VirtualFilterChain.doFilter(FilterChainProxy.java:374)
	at org.springframework.security.web.authentication.logout.LogoutFilter.doFilter(LogoutFilter.java:107)
	at org.springframework.security.web.authentication.logout.LogoutFilter.doFilter(LogoutFilter.java:93)
	at org.springframework.security.web.FilterChainProxy$VirtualFilterChain.doFilter(FilterChainProxy.java:374)
	at org.springframework.web.filter.CorsFilter.doFilterInternal(CorsFilter.java:91)
	at org.springframework.web.filter.OncePerRequestFilter.doFilter(OncePerRequestFilter.java:116)
	at org.springframework.security.web.FilterChainProxy$VirtualFilterChain.doFilter(FilterChainProxy.java:374)
	at org.springframework.security.web.header.HeaderWriterFilter.doHeadersAfter(HeaderWriterFilter.java:90)
	at org.springframework.security.web.header.HeaderWriterFilter.doFilterInternal(HeaderWriterFilter.java:75)
	at org.springframework.web.filter.OncePerRequestFilter.doFilter(OncePerRequestFilter.java:116)
	at org.springframework.security.web.FilterChainProxy$VirtualFilterChain.doFilter(FilterChainProxy.java:374)
	at org.springframework.security.web.context.SecurityContextHolderFilter.doFilter(SecurityContextHolderFilter.java:82)
	at org.springframework.security.web.context.SecurityContextHolderFilter.doFilter(SecurityContextHolderFilter.java:69)
	at org.springframework.security.web.FilterChainProxy$VirtualFilterChain.doFilter(FilterChainProxy.java:374)
	at org.springframework.security.web.context.request.async.WebAsyncManagerIntegrationFilter.doFilterInternal(WebAsyncManagerIntegrationFilter.java:62)
	at org.springframework.web.filter.OncePerRequestFilter.doFilter(OncePerRequestFilter.java:116)
	at org.springframework.security.web.FilterChainProxy$VirtualFilterChain.doFilter(FilterChainProxy.java:374)
	at org.springframework.security.web.session.DisableEncodeUrlFilter.doFilterInternal(DisableEncodeUrlFilter.java:42)
	at org.springframework.web.filter.OncePerRequestFilter.doFilter(OncePerRequestFilter.java:116)
	at org.springframework.security.web.FilterChainProxy$VirtualFilterChain.doFilter(FilterChainProxy.java:374)
	at org.springframework.security.web.FilterChainProxy.doFilterInternal(FilterChainProxy.java:233)
	at org.springframework.security.web.FilterChainProxy.doFilter(FilterChainProxy.java:191)
	at org.springframework.web.filter.DelegatingFilterProxy.invokeDelegate(DelegatingFilterProxy.java:352)
	at org.springframework.web.filter.DelegatingFilterProxy.doFilter(DelegatingFilterProxy.java:268)
	at org.apache.catalina.core.ApplicationFilterChain.internalDoFilter(ApplicationFilterChain.java:174)
	at org.apache.catalina.core.ApplicationFilterChain.doFilter(ApplicationFilterChain.java:149)
	at org.springframework.web.filter.RequestContextFilter.doFilterInternal(RequestContextFilter.java:100)
	at org.springframework.web.filter.OncePerRequestFilter.doFilter(OncePerRequestFilter.java:116)
	at org.apache.catalina.core.ApplicationFilterChain.internalDoFilter(ApplicationFilterChain.java:174)
	at org.apache.catalina.core.ApplicationFilterChain.doFilter(ApplicationFilterChain.java:149)
	at org.springframework.web.filter.FormContentFilter.doFilterInternal(FormContentFilter.java:93)
	at org.springframework.web.filter.OncePerRequestFilter.doFilter(OncePerRequestFilter.java:116)
	at org.apache.catalina.core.ApplicationFilterChain.internalDoFilter(ApplicationFilterChain.java:174)
	at org.apache.catalina.core.ApplicationFilterChain.doFilter(ApplicationFilterChain.java:149)
	at org.springframework.web.filter.CharacterEncodingFilter.doFilterInternal(CharacterEncodingFilter.java:201)
	at org.springframework.web.filter.OncePerRequestFilter.doFilter(OncePerRequestFilter.java:116)
	at org.apache.catalina.core.ApplicationFilterChain.internalDoFilter(ApplicationFilterChain.java:174)
	at org.apache.catalina.core.ApplicationFilterChain.doFilter(ApplicationFilterChain.java:149)
	at org.apache.catalina.core.StandardWrapperValve.invoke(StandardWrapperValve.java:167)
	at org.apache.catalina.core.StandardContextValve.invoke(StandardContextValve.java:90)
	at org.apache.catalina.authenticator.AuthenticatorBase.invoke(AuthenticatorBase.java:482)
	at org.apache.catalina.core.StandardHostValve.invoke(StandardHostValve.java:115)
	at org.apache.catalina.valves.ErrorReportValve.invoke(ErrorReportValve.java:93)
	at org.apache.catalina.core.StandardEngineValve.invoke(StandardEngineValve.java:74)
	at org.apache.catalina.connector.CoyoteAdapter.service(CoyoteAdapter.java:340)
	at org.apache.coyote.http11.Http11Processor.service(Http11Processor.java:391)
	at org.apache.coyote.AbstractProcessorLight.process(AbstractProcessorLight.java:63)
	at org.apache.coyote.AbstractProtocol$ConnectionHandler.process(AbstractProtocol.java:896)
	at org.apache.tomcat.util.net.NioEndpoint$SocketProcessor.doRun(NioEndpoint.java:1744)
	at org.apache.tomcat.util.net.SocketProcessorBase.run(SocketProcessorBase.java:52)
	at org.apache.tomcat.util.threads.ThreadPoolExecutor.runWorker(ThreadPoolExecutor.java:1191)
	at org.apache.tomcat.util.threads.ThreadPoolExecutor$Worker.run(ThreadPoolExecutor.java:659)
	at org.apache.tomcat.util.threads.TaskThread$WrappingRunnable.run(TaskThread.java:61)
	at java.base/java.lang.Thread.run(Thread.java:842)
2026-07-30 13:23:48.476 [http-nio-8080-exec-1] DEBUG o.s.security.web.FilterChainProxy - Securing GET /menus/tree
2026-07-30 13:23:48.477 [http-nio-8080-exec-1] DEBUG c.p.mapper.SysUserMapper.selectList - ==>  Preparing: SELECT id,username,password,nickname,email,phone,status,create_time,update_time,version FROM sys_user WHERE (username = ?)
2026-07-30 13:23:48.477 [http-nio-8080-exec-1] DEBUG c.p.mapper.SysUserMapper.selectList - ==> Parameters: gugu(String)
2026-07-30 13:23:48.478 [http-nio-8080-exec-1] DEBUG c.p.mapper.SysUserMapper.selectList - <==      Total: 1
2026-07-30 13:23:48.479 [http-nio-8080-exec-1] DEBUG c.p.m.SysUserRoleMapper.selectList - ==>  Preparing: SELECT id,user_id,role_id FROM sys_user_role WHERE (user_id = ?)
2026-07-30 13:23:48.479 [http-nio-8080-exec-1] DEBUG c.p.m.SysUserRoleMapper.selectList - ==> Parameters: 11(Long)
2026-07-30 13:23:48.479 [http-nio-8080-exec-1] DEBUG c.p.m.SysUserRoleMapper.selectList - <==      Total: 1
2026-07-30 13:23:48.479 [http-nio-8080-exec-1] DEBUG c.p.mapper.SysRoleMapper.selectById - ==>  Preparing: SELECT id,name,code,description,status,create_time,update_time,version FROM sys_role WHERE id=?
2026-07-30 13:23:48.480 [http-nio-8080-exec-1] DEBUG c.p.mapper.SysRoleMapper.selectById - ==> Parameters: 2(Long)
2026-07-30 13:23:48.480 [http-nio-8080-exec-1] DEBUG c.p.mapper.SysRoleMapper.selectById - <==      Total: 1
2026-07-30 13:23:48.480 [http-nio-8080-exec-1] DEBUG c.p.m.S.selectMenuByRoleId - ==>  Preparing: SELECT m.* FROM sys_menu m INNER JOIN sys_role_menu rm ON m.id = rm.menu_id WHERE rm.role_id = ?
2026-07-30 13:23:48.481 [http-nio-8080-exec-1] DEBUG c.p.m.S.selectMenuByRoleId - ==> Parameters: 2(Long)
2026-07-30 13:23:48.481 [http-nio-8080-exec-1] DEBUG c.p.m.S.selectMenuByRoleId - <==      Total: 1
2026-07-30 13:23:48.483 [http-nio-8080-exec-1] DEBUG o.s.security.web.FilterChainProxy - Secured GET /menus/tree
2026-07-30 13:23:48.483 [http-nio-8080-exec-1] DEBUG c.p.mapper.SysMenuMapper.selectList - ==>  Preparing: SELECT id,parent_id,name,path,component,icon,permission,sort,type,status,create_time,update_time,version FROM sys_menu ORDER BY sort ASC
2026-07-30 13:23:48.483 [http-nio-8080-exec-1] DEBUG c.p.mapper.SysMenuMapper.selectList - ==> Parameters: 
2026-07-30 13:23:48.484 [http-nio-8080-exec-1] DEBUG c.p.mapper.SysMenuMapper.selectList - <==      Total: 21
2026-07-30 13:24:32.507 [http-nio-8080-exec-2] DEBUG o.s.security.web.FilterChainProxy - Securing GET /menus/tree
2026-07-30 13:24:32.508 [http-nio-8080-exec-2] DEBUG c.p.mapper.SysUserMapper.selectList - ==>  Preparing: SELECT id,username,password,nickname,email,phone,status,create_time,update_time,version FROM sys_user WHERE (username = ?)
2026-07-30 13:24:32.509 [http-nio-8080-exec-2] DEBUG c.p.mapper.SysUserMapper.selectList - ==> Parameters: gugu(String)
2026-07-30 13:24:32.509 [http-nio-8080-exec-2] DEBUG c.p.mapper.SysUserMapper.selectList - <==      Total: 1
2026-07-30 13:24:32.511 [http-nio-8080-exec-2] DEBUG c.p.m.SysUserRoleMapper.selectList - ==>  Preparing: SELECT id,user_id,role_id FROM sys_user_role WHERE (user_id = ?)
2026-07-30 13:24:32.511 [http-nio-8080-exec-2] DEBUG c.p.m.SysUserRoleMapper.selectList - ==> Parameters: 11(Long)
2026-07-30 13:24:32.512 [http-nio-8080-exec-2] DEBUG c.p.m.SysUserRoleMapper.selectList - <==      Total: 1
2026-07-30 13:24:32.512 [http-nio-8080-exec-2] DEBUG c.p.mapper.SysRoleMapper.selectById - ==>  Preparing: SELECT id,name,code,description,status,create_time,update_time,version FROM sys_role WHERE id=?
2026-07-30 13:24:32.512 [http-nio-8080-exec-2] DEBUG c.p.mapper.SysRoleMapper.selectById - ==> Parameters: 2(Long)
2026-07-30 13:24:32.513 [http-nio-8080-exec-2] DEBUG c.p.mapper.SysRoleMapper.selectById - <==      Total: 1
2026-07-30 13:24:32.513 [http-nio-8080-exec-2] DEBUG c.p.m.S.selectMenuByRoleId - ==>  Preparing: SELECT m.* FROM sys_menu m INNER JOIN sys_role_menu rm ON m.id = rm.menu_id WHERE rm.role_id = ?
2026-07-30 13:24:32.513 [http-nio-8080-exec-2] DEBUG c.p.m.S.selectMenuByRoleId - ==> Parameters: 2(Long)
2026-07-30 13:24:32.513 [http-nio-8080-exec-2] DEBUG c.p.m.S.selectMenuByRoleId - <==      Total: 1
2026-07-30 13:24:32.514 [http-nio-8080-exec-2] DEBUG o.s.security.web.FilterChainProxy - Secured GET /menus/tree
2026-07-30 13:24:32.514 [http-nio-8080-exec-2] DEBUG c.p.mapper.SysMenuMapper.selectList - ==>  Preparing: SELECT id,parent_id,name,path,component,icon,permission,sort,type,status,create_time,update_time,version FROM sys_menu ORDER BY sort ASC
2026-07-30 13:24:32.514 [http-nio-8080-exec-2] DEBUG c.p.mapper.SysMenuMapper.selectList - ==> Parameters: 
2026-07-30 13:24:32.516 [http-nio-8080-exec-2] DEBUG c.p.mapper.SysMenuMapper.selectList - <==      Total: 21
2026-07-30 13:31:18.430 [http-nio-8080-exec-3] DEBUG o.s.security.web.FilterChainProxy - Securing GET /menus/tree
2026-07-30 13:31:18.432 [http-nio-8080-exec-3] DEBUG c.p.mapper.SysUserMapper.selectList - ==>  Preparing: SELECT id,username,password,nickname,email,phone,status,create_time,update_time,version FROM sys_user WHERE (username = ?)
2026-07-30 13:31:18.432 [http-nio-8080-exec-3] DEBUG c.p.mapper.SysUserMapper.selectList - ==> Parameters: gugu(String)
2026-07-30 13:31:18.433 [http-nio-8080-exec-3] DEBUG c.p.mapper.SysUserMapper.selectList - <==      Total: 1
2026-07-30 13:31:18.434 [http-nio-8080-exec-3] DEBUG c.p.m.SysUserRoleMapper.selectList - ==>  Preparing: SELECT id,user_id,role_id FROM sys_user_role WHERE (user_id = ?)
2026-07-30 13:31:18.434 [http-nio-8080-exec-3] DEBUG c.p.m.SysUserRoleMapper.selectList - ==> Parameters: 11(Long)
2026-07-30 13:31:18.435 [http-nio-8080-exec-3] DEBUG c.p.m.SysUserRoleMapper.selectList - <==      Total: 1
2026-07-30 13:31:18.435 [http-nio-8080-exec-3] DEBUG c.p.mapper.SysRoleMapper.selectById - ==>  Preparing: SELECT id,name,code,description,status,create_time,update_time,version FROM sys_role WHERE id=?
2026-07-30 13:31:18.435 [http-nio-8080-exec-3] DEBUG c.p.mapper.SysRoleMapper.selectById - ==> Parameters: 2(Long)
2026-07-30 13:31:18.436 [http-nio-8080-exec-3] DEBUG c.p.mapper.SysRoleMapper.selectById - <==      Total: 1
2026-07-30 13:31:18.436 [http-nio-8080-exec-3] DEBUG c.p.m.S.selectMenuByRoleId - ==>  Preparing: SELECT m.* FROM sys_menu m INNER JOIN sys_role_menu rm ON m.id = rm.menu_id WHERE rm.role_id = ?
2026-07-30 13:31:18.436 [http-nio-8080-exec-3] DEBUG c.p.m.S.selectMenuByRoleId - ==> Parameters: 2(Long)
2026-07-30 13:31:18.437 [http-nio-8080-exec-3] DEBUG c.p.m.S.selectMenuByRoleId - <==      Total: 1
2026-07-30 13:31:18.438 [http-nio-8080-exec-3] DEBUG o.s.security.web.FilterChainProxy - Secured GET /menus/tree
2026-07-30 13:31:18.439 [http-nio-8080-exec-3] DEBUG c.p.mapper.SysMenuMapper.selectList - ==>  Preparing: SELECT id,parent_id,name,path,component,icon,permission,sort,type,status,create_time,update_time,version FROM sys_menu ORDER BY sort ASC
2026-07-30 13:31:18.439 [http-nio-8080-exec-3] DEBUG c.p.mapper.SysMenuMapper.selectList - ==> Parameters: 
2026-07-30 13:31:18.440 [http-nio-8080-exec-3] DEBUG c.p.mapper.SysMenuMapper.selectList - <==      Total: 21
2026-07-30 13:32:21.444 [http-nio-8080-exec-4] DEBUG o.s.security.web.FilterChainProxy - Securing GET /menus/tree
2026-07-30 13:32:21.446 [http-nio-8080-exec-4] DEBUG c.p.mapper.SysUserMapper.selectList - ==>  Preparing: SELECT id,username,password,nickname,email,phone,status,create_time,update_time,version FROM sys_user WHERE (username = ?)
2026-07-30 13:32:21.446 [http-nio-8080-exec-4] DEBUG c.p.mapper.SysUserMapper.selectList - ==> Parameters: gugu(String)
2026-07-30 13:32:21.447 [http-nio-8080-exec-4] DEBUG c.p.mapper.SysUserMapper.selectList - <==      Total: 1
2026-07-30 13:32:21.448 [http-nio-8080-exec-4] DEBUG c.p.m.SysUserRoleMapper.selectList - ==>  Preparing: SELECT id,user_id,role_id FROM sys_user_role WHERE (user_id = ?)
2026-07-30 13:32:21.448 [http-nio-8080-exec-4] DEBUG c.p.m.SysUserRoleMapper.selectList - ==> Parameters: 11(Long)
2026-07-30 13:32:21.450 [http-nio-8080-exec-4] DEBUG c.p.m.SysUserRoleMapper.selectList - <==      Total: 1
2026-07-30 13:32:21.450 [http-nio-8080-exec-4] DEBUG c.p.mapper.SysRoleMapper.selectById - ==>  Preparing: SELECT id,name,code,description,status,create_time,update_time,version FROM sys_role WHERE id=?
2026-07-30 13:32:21.450 [http-nio-8080-exec-4] DEBUG c.p.mapper.SysRoleMapper.selectById - ==> Parameters: 2(Long)
2026-07-30 13:32:21.451 [http-nio-8080-exec-4] DEBUG c.p.mapper.SysRoleMapper.selectById - <==      Total: 1
2026-07-30 13:32:21.452 [http-nio-8080-exec-4] DEBUG c.p.m.S.selectMenuByRoleId - ==>  Preparing: SELECT m.* FROM sys_menu m INNER JOIN sys_role_menu rm ON m.id = rm.menu_id WHERE rm.role_id = ?
2026-07-30 13:32:21.452 [http-nio-8080-exec-4] DEBUG c.p.m.S.selectMenuByRoleId - ==> Parameters: 2(Long)
2026-07-30 13:32:21.453 [http-nio-8080-exec-4] DEBUG c.p.m.S.selectMenuByRoleId - <==      Total: 1
2026-07-30 13:32:21.454 [http-nio-8080-exec-4] DEBUG o.s.security.web.FilterChainProxy - Secured GET /menus/tree
2026-07-30 13:32:21.455 [http-nio-8080-exec-4] DEBUG c.p.mapper.SysMenuMapper.selectList - ==>  Preparing: SELECT id,parent_id,name,path,component,icon,permission,sort,type,status,create_time,update_time,version FROM sys_menu ORDER BY sort ASC
2026-07-30 13:32:21.455 [http-nio-8080-exec-4] DEBUG c.p.mapper.SysMenuMapper.selectList - ==> Parameters: 
2026-07-30 13:32:21.456 [http-nio-8080-exec-4] DEBUG c.p.mapper.SysMenuMapper.selectList - <==      Total: 21
2026-07-30 13:32:21.548 [http-nio-8080-exec-5] DEBUG o.s.security.web.FilterChainProxy - Securing GET /menus/tree
2026-07-30 13:32:21.550 [http-nio-8080-exec-5] DEBUG c.p.mapper.SysUserMapper.selectList - ==>  Preparing: SELECT id,username,password,nickname,email,phone,status,create_time,update_time,version FROM sys_user WHERE (username = ?)
2026-07-30 13:32:21.550 [http-nio-8080-exec-5] DEBUG c.p.mapper.SysUserMapper.selectList - ==> Parameters: gugu(String)
2026-07-30 13:32:21.552 [http-nio-8080-exec-5] DEBUG c.p.mapper.SysUserMapper.selectList - <==      Total: 1
2026-07-30 13:32:21.553 [http-nio-8080-exec-5] DEBUG c.p.m.SysUserRoleMapper.selectList - ==>  Preparing: SELECT id,user_id,role_id FROM sys_user_role WHERE (user_id = ?)
2026-07-30 13:32:21.553 [http-nio-8080-exec-5] DEBUG c.p.m.SysUserRoleMapper.selectList - ==> Parameters: 11(Long)
2026-07-30 13:32:21.553 [http-nio-8080-exec-5] DEBUG c.p.m.SysUserRoleMapper.selectList - <==      Total: 1
2026-07-30 13:32:21.553 [http-nio-8080-exec-5] DEBUG c.p.mapper.SysRoleMapper.selectById - ==>  Preparing: SELECT id,name,code,description,status,create_time,update_time,version FROM sys_role WHERE id=?
2026-07-30 13:32:21.555 [http-nio-8080-exec-5] DEBUG c.p.mapper.SysRoleMapper.selectById - ==> Parameters: 2(Long)
2026-07-30 13:32:21.555 [http-nio-8080-exec-5] DEBUG c.p.mapper.SysRoleMapper.selectById - <==      Total: 1
2026-07-30 13:32:21.555 [http-nio-8080-exec-5] DEBUG c.p.m.S.selectMenuByRoleId - ==>  Preparing: SELECT m.* FROM sys_menu m INNER JOIN sys_role_menu rm ON m.id = rm.menu_id WHERE rm.role_id = ?
2026-07-30 13:32:21.555 [http-nio-8080-exec-5] DEBUG c.p.m.S.selectMenuByRoleId - ==> Parameters: 2(Long)
2026-07-30 13:32:21.557 [http-nio-8080-exec-5] DEBUG c.p.m.S.selectMenuByRoleId - <==      Total: 1
2026-07-30 13:32:21.558 [http-nio-8080-exec-5] DEBUG o.s.security.web.FilterChainProxy - Secured GET /menus/tree
2026-07-30 13:32:21.558 [http-nio-8080-exec-5] DEBUG c.p.mapper.SysMenuMapper.selectList - ==>  Preparing: SELECT id,parent_id,name,path,component,icon,permission,sort,type,status,create_time,update_time,version FROM sys_menu ORDER BY sort ASC
2026-07-30 13:32:21.558 [http-nio-8080-exec-5] DEBUG c.p.mapper.SysMenuMapper.selectList - ==> Parameters: 
2026-07-30 13:32:21.559 [http-nio-8080-exec-5] DEBUG c.p.mapper.SysMenuMapper.selectList - <==      Total: 21
2026-07-30 13:32:24.638 [http-nio-8080-exec-6] DEBUG o.s.security.web.FilterChainProxy - Securing GET /menus/tree
2026-07-30 13:32:24.641 [http-nio-8080-exec-6] DEBUG c.p.mapper.SysUserMapper.selectList - ==>  Preparing: SELECT id,username,password,nickname,email,phone,status,create_time,update_time,version FROM sys_user WHERE (username = ?)
2026-07-30 13:32:24.642 [http-nio-8080-exec-6] DEBUG c.p.mapper.SysUserMapper.selectList - ==> Parameters: gugu(String)
2026-07-30 13:32:24.644 [http-nio-8080-exec-6] DEBUG c.p.mapper.SysUserMapper.selectList - <==      Total: 1
2026-07-30 13:32:24.644 [http-nio-8080-exec-6] DEBUG c.p.m.SysUserRoleMapper.selectList - ==>  Preparing: SELECT id,user_id,role_id FROM sys_user_role WHERE (user_id = ?)
2026-07-30 13:32:24.645 [http-nio-8080-exec-6] DEBUG c.p.m.SysUserRoleMapper.selectList - ==> Parameters: 11(Long)
2026-07-30 13:32:24.646 [http-nio-8080-exec-6] DEBUG c.p.m.SysUserRoleMapper.selectList - <==      Total: 1
2026-07-30 13:32:24.647 [http-nio-8080-exec-6] DEBUG c.p.mapper.SysRoleMapper.selectById - ==>  Preparing: SELECT id,name,code,description,status,create_time,update_time,version FROM sys_role WHERE id=?
2026-07-30 13:32:24.647 [http-nio-8080-exec-6] DEBUG c.p.mapper.SysRoleMapper.selectById - ==> Parameters: 2(Long)
2026-07-30 13:32:24.649 [http-nio-8080-exec-6] DEBUG c.p.mapper.SysRoleMapper.selectById - <==      Total: 1
2026-07-30 13:32:24.649 [http-nio-8080-exec-6] DEBUG c.p.m.S.selectMenuByRoleId - ==>  Preparing: SELECT m.* FROM sys_menu m INNER JOIN sys_role_menu rm ON m.id = rm.menu_id WHERE rm.role_id = ?
2026-07-30 13:32:24.649 [http-nio-8080-exec-6] DEBUG c.p.m.S.selectMenuByRoleId - ==> Parameters: 2(Long)
2026-07-30 13:32:24.651 [http-nio-8080-exec-6] DEBUG c.p.m.S.selectMenuByRoleId - <==      Total: 1
2026-07-30 13:32:24.651 [http-nio-8080-exec-6] DEBUG o.s.security.web.FilterChainProxy - Secured GET /menus/tree
2026-07-30 13:32:24.652 [http-nio-8080-exec-6] DEBUG c.p.mapper.SysMenuMapper.selectList - ==>  Preparing: SELECT id,parent_id,name,path,component,icon,permission,sort,type,status,create_time,update_time,version FROM sys_menu ORDER BY sort ASC
2026-07-30 13:32:24.652 [http-nio-8080-exec-6] DEBUG c.p.mapper.SysMenuMapper.selectList - ==> Parameters: 
2026-07-30 13:32:24.654 [http-nio-8080-exec-6] DEBUG c.p.mapper.SysMenuMapper.selectList - <==      Total: 21
2026-07-30 13:32:24.708 [http-nio-8080-exec-7] DEBUG o.s.security.web.FilterChainProxy - Securing GET /menus/tree
2026-07-30 13:32:24.709 [http-nio-8080-exec-7] DEBUG c.p.mapper.SysUserMapper.selectList - ==>  Preparing: SELECT id,username,password,nickname,email,phone,status,create_time,update_time,version FROM sys_user WHERE (username = ?)
2026-07-30 13:32:24.709 [http-nio-8080-exec-7] DEBUG c.p.mapper.SysUserMapper.selectList - ==> Parameters: gugu(String)
2026-07-30 13:32:24.710 [http-nio-8080-exec-7] DEBUG c.p.mapper.SysUserMapper.selectList - <==      Total: 1
2026-07-30 13:32:24.711 [http-nio-8080-exec-7] DEBUG c.p.m.SysUserRoleMapper.selectList - ==>  Preparing: SELECT id,user_id,role_id FROM sys_user_role WHERE (user_id = ?)
2026-07-30 13:32:24.711 [http-nio-8080-exec-7] DEBUG c.p.m.SysUserRoleMapper.selectList - ==> Parameters: 11(Long)
2026-07-30 13:32:24.711 [http-nio-8080-exec-7] DEBUG c.p.m.SysUserRoleMapper.selectList - <==      Total: 1
2026-07-30 13:32:24.713 [http-nio-8080-exec-7] DEBUG c.p.mapper.SysRoleMapper.selectById - ==>  Preparing: SELECT id,name,code,description,status,create_time,update_time,version FROM sys_role WHERE id=?
2026-07-30 13:32:24.713 [http-nio-8080-exec-7] DEBUG c.p.mapper.SysRoleMapper.selectById - ==> Parameters: 2(Long)
2026-07-30 13:32:24.713 [http-nio-8080-exec-7] DEBUG c.p.mapper.SysRoleMapper.selectById - <==      Total: 1
2026-07-30 13:32:24.714 [http-nio-8080-exec-7] DEBUG c.p.m.S.selectMenuByRoleId - ==>  Preparing: SELECT m.* FROM sys_menu m INNER JOIN sys_role_menu rm ON m.id = rm.menu_id WHERE rm.role_id = ?
2026-07-30 13:32:24.714 [http-nio-8080-exec-7] DEBUG c.p.m.S.selectMenuByRoleId - ==> Parameters: 2(Long)
2026-07-30 13:32:24.714 [http-nio-8080-exec-7] DEBUG c.p.m.S.selectMenuByRoleId - <==      Total: 1
2026-07-30 13:32:24.716 [http-nio-8080-exec-7] DEBUG o.s.security.web.FilterChainProxy - Secured GET /menus/tree
2026-07-30 13:32:24.717 [http-nio-8080-exec-7] DEBUG c.p.mapper.SysMenuMapper.selectList - ==>  Preparing: SELECT id,parent_id,name,path,component,icon,permission,sort,type,status,create_time,update_time,version FROM sys_menu ORDER BY sort ASC
2026-07-30 13:32:24.717 [http-nio-8080-exec-7] DEBUG c.p.mapper.SysMenuMapper.selectList - ==> Parameters: 
2026-07-30 13:32:24.719 [http-nio-8080-exec-7] DEBUG c.p.mapper.SysMenuMapper.selectList - <==      Total: 21
2026-07-30 13:32:39.689 [SpringApplicationShutdownHook] INFO  com.zaxxer.hikari.HikariDataSource - HikariPool-1 - Shutdown initiated...
2026-07-30 13:32:39.693 [SpringApplicationShutdownHook] INFO  com.zaxxer.hikari.HikariDataSource - HikariPool-1 - Shutdown completed.
2026-07-30 13:37:56.555 [background-preinit] INFO  o.h.validator.internal.util.Version - HV000001: Hibernate Validator 8.0.1.Final
2026-07-30 13:37:56.583 [main] INFO  com.pes.PesApplication - Starting PesApplication using Java 17.0.12 with PID 24648 (E:\PES\pes-java\target\classes started by ASUS in E:\PES)
2026-07-30 13:37:56.584 [main] DEBUG com.pes.PesApplication - Running with Spring Boot v3.2.0, Spring v6.1.1
2026-07-30 13:37:56.584 [main] INFO  com.pes.PesApplication - The following 1 profile is active: "dev"
2026-07-30 13:37:57.662 [main] INFO  o.s.b.w.e.tomcat.TomcatWebServer - Tomcat initialized with port 8080 (http)
2026-07-30 13:37:57.667 [main] INFO  o.a.coyote.http11.Http11NioProtocol - Initializing ProtocolHandler ["http-nio-8080"]
2026-07-30 13:37:57.668 [main] INFO  o.a.catalina.core.StandardService - Starting service [Tomcat]
2026-07-30 13:37:57.670 [main] INFO  o.a.catalina.core.StandardEngine - Starting Servlet engine: [Apache Tomcat/10.1.16]
2026-07-30 13:37:57.722 [main] INFO  o.a.c.c.C.[Tomcat].[localhost].[/] - Initializing Spring embedded WebApplicationContext
2026-07-30 13:37:57.722 [main] INFO  o.s.b.w.s.c.ServletWebServerApplicationContext - Root WebApplicationContext: initialization completed in 1103 ms
2026-07-30 13:37:57.845 [main] INFO  com.zaxxer.hikari.HikariDataSource - HikariPool-1 - Starting...
2026-07-30 13:37:58.060 [main] INFO  com.zaxxer.hikari.pool.HikariPool - HikariPool-1 - Added connection com.mysql.cj.jdbc.ConnectionImpl@543b0737
2026-07-30 13:37:58.061 [main] INFO  com.zaxxer.hikari.HikariDataSource - HikariPool-1 - Start completed.
2026-07-30 13:37:58.275 [main] DEBUG c.p.s.filter.JwtAuthenticationFilter - Filter 'jwtAuthenticationFilter' configured for use
2026-07-30 13:37:58.491 [main] INFO  com.pes.config.RedisConfig - Redis 连接成功: localhost:6379 (db:0)
2026-07-30 13:37:58.549 [main] INFO  com.pes.config.RedisConfig - RedisTemplate 初始化完成
2026-07-30 13:37:58.849 [main] INFO  com.pes.utils.CaptchaStore - 验证码存储: Redis 模式 (已连接:OK)
2026-07-30 13:37:59.184 [main] INFO  o.s.s.web.DefaultSecurityFilterChain - Will secure any request with [org.springframework.security.web.session.DisableEncodeUrlFilter@6870a76f, org.springframework.security.web.context.request.async.WebAsyncManagerIntegrationFilter@42257df7, org.springframework.security.web.context.SecurityContextHolderFilter@eee26bd, org.springframework.security.web.header.HeaderWriterFilter@53c9541c, org.springframework.web.filter.CorsFilter@c67395, org.springframework.security.web.authentication.logout.LogoutFilter@5b2ade46, com.pes.security.filter.JwtAuthenticationFilter@51a719e7, org.springframework.security.web.savedrequest.RequestCacheAwareFilter@498f5728, org.springframework.security.web.servletapi.SecurityContextHolderAwareRequestFilter@39451d92, org.springframework.security.web.authentication.AnonymousAuthenticationFilter@7b11ff9a, org.springframework.security.web.session.SessionManagementFilter@578c99ac, org.springframework.security.web.access.ExceptionTranslationFilter@4ed5492c, org.springframework.security.web.access.intercept.AuthorizationFilter@1a34772e]
2026-07-30 13:37:59.380 [main] INFO  o.a.coyote.http11.Http11NioProtocol - Starting ProtocolHandler ["http-nio-8080"]
2026-07-30 13:37:59.391 [main] INFO  o.s.b.w.e.tomcat.TomcatWebServer - Tomcat started on port 8080 (http) with context path ''
2026-07-30 13:37:59.398 [main] INFO  com.pes.PesApplication - Started PesApplication in 3.221 seconds (process running for 3.867)
2026-07-30 13:38:09.539 [http-nio-8080-exec-1] INFO  o.a.c.c.C.[Tomcat].[localhost].[/] - Initializing Spring DispatcherServlet 'dispatcherServlet'
2026-07-30 13:38:09.539 [http-nio-8080-exec-1] INFO  o.s.web.servlet.DispatcherServlet - Initializing Servlet 'dispatcherServlet'
2026-07-30 13:38:09.539 [http-nio-8080-exec-1] INFO  o.s.web.servlet.DispatcherServlet - Completed initialization in 0 ms
2026-07-30 13:38:09.547 [http-nio-8080-exec-1] DEBUG o.s.security.web.FilterChainProxy - Securing GET /menus/tree
2026-07-30 13:38:09.723 [http-nio-8080-exec-1] DEBUG c.p.mapper.SysUserMapper.selectList - ==>  Preparing: SELECT id,username,password,nickname,email,phone,status,create_time,update_time,version FROM sys_user WHERE (username = ?)
2026-07-30 13:38:09.742 [http-nio-8080-exec-1] DEBUG c.p.mapper.SysUserMapper.selectList - ==> Parameters: gugu(String)
2026-07-30 13:38:09.764 [http-nio-8080-exec-1] DEBUG c.p.mapper.SysUserMapper.selectList - <==      Total: 1
2026-07-30 13:38:09.768 [http-nio-8080-exec-1] DEBUG c.p.m.SysUserRoleMapper.selectList - ==>  Preparing: SELECT id,user_id,role_id FROM sys_user_role WHERE (user_id = ?)
2026-07-30 13:38:09.770 [http-nio-8080-exec-1] DEBUG c.p.m.SysUserRoleMapper.selectList - ==> Parameters: 11(Long)
2026-07-30 13:38:09.771 [http-nio-8080-exec-1] DEBUG c.p.m.SysUserRoleMapper.selectList - <==      Total: 1
2026-07-30 13:38:09.772 [http-nio-8080-exec-1] DEBUG c.p.mapper.SysRoleMapper.selectById - ==>  Preparing: SELECT id,name,code,description,status,create_time,update_time,version FROM sys_role WHERE id=?
2026-07-30 13:38:09.772 [http-nio-8080-exec-1] DEBUG c.p.mapper.SysRoleMapper.selectById - ==> Parameters: 2(Long)
2026-07-30 13:38:09.772 [http-nio-8080-exec-1] DEBUG c.p.mapper.SysRoleMapper.selectById - <==      Total: 1
2026-07-30 13:38:09.772 [http-nio-8080-exec-1] DEBUG c.p.m.S.selectMenuByRoleId - ==>  Preparing: SELECT m.* FROM sys_menu m INNER JOIN sys_role_menu rm ON m.id = rm.menu_id WHERE rm.role_id = ?
2026-07-30 13:38:09.772 [http-nio-8080-exec-1] DEBUG c.p.m.S.selectMenuByRoleId - ==> Parameters: 2(Long)
2026-07-30 13:38:09.772 [http-nio-8080-exec-1] DEBUG c.p.m.S.selectMenuByRoleId - <==      Total: 1
2026-07-30 13:38:09.789 [http-nio-8080-exec-1] DEBUG o.s.security.web.FilterChainProxy - Secured GET /menus/tree
2026-07-30 13:38:09.801 [http-nio-8080-exec-1] DEBUG c.p.mapper.SysMenuMapper.selectList - ==>  Preparing: SELECT id,parent_id,name,path,component,icon,permission,sort,type,status,create_time,update_time,version FROM sys_menu ORDER BY sort ASC
2026-07-30 13:38:09.801 [http-nio-8080-exec-1] DEBUG c.p.mapper.SysMenuMapper.selectList - ==> Parameters: 
2026-07-30 13:38:09.812 [http-nio-8080-exec-1] DEBUG c.p.mapper.SysMenuMapper.selectList - <==      Total: 21
2026-07-30 13:38:10.105 [http-nio-8080-exec-2] DEBUG o.s.security.web.FilterChainProxy - Securing GET /dashboard/stats
2026-07-30 13:38:10.107 [http-nio-8080-exec-2] DEBUG c.p.mapper.SysUserMapper.selectList - ==>  Preparing: SELECT id,username,password,nickname,email,phone,status,create_time,update_time,version FROM sys_user WHERE (username = ?)
2026-07-30 13:38:10.108 [http-nio-8080-exec-2] DEBUG c.p.mapper.SysUserMapper.selectList - ==> Parameters: gugu(String)
2026-07-30 13:38:10.111 [http-nio-8080-exec-2] DEBUG c.p.mapper.SysUserMapper.selectList - <==      Total: 1
2026-07-30 13:38:10.112 [http-nio-8080-exec-2] DEBUG c.p.m.SysUserRoleMapper.selectList - ==>  Preparing: SELECT id,user_id,role_id FROM sys_user_role WHERE (user_id = ?)
2026-07-30 13:38:10.112 [http-nio-8080-exec-2] DEBUG c.p.m.SysUserRoleMapper.selectList - ==> Parameters: 11(Long)
2026-07-30 13:38:10.113 [http-nio-8080-exec-2] DEBUG c.p.m.SysUserRoleMapper.selectList - <==      Total: 1
2026-07-30 13:38:10.115 [http-nio-8080-exec-2] DEBUG c.p.mapper.SysRoleMapper.selectById - ==>  Preparing: SELECT id,name,code,description,status,create_time,update_time,version FROM sys_role WHERE id=?
2026-07-30 13:38:10.115 [http-nio-8080-exec-2] DEBUG c.p.mapper.SysRoleMapper.selectById - ==> Parameters: 2(Long)
2026-07-30 13:38:10.116 [http-nio-8080-exec-2] DEBUG c.p.mapper.SysRoleMapper.selectById - <==      Total: 1
2026-07-30 13:38:10.116 [http-nio-8080-exec-2] DEBUG c.p.m.S.selectMenuByRoleId - ==>  Preparing: SELECT m.* FROM sys_menu m INNER JOIN sys_role_menu rm ON m.id = rm.menu_id WHERE rm.role_id = ?
2026-07-30 13:38:10.116 [http-nio-8080-exec-2] DEBUG c.p.m.S.selectMenuByRoleId - ==> Parameters: 2(Long)
2026-07-30 13:38:10.118 [http-nio-8080-exec-2] DEBUG c.p.m.S.selectMenuByRoleId - <==      Total: 1
2026-07-30 13:38:10.119 [http-nio-8080-exec-2] DEBUG o.s.security.web.FilterChainProxy - Secured GET /dashboard/stats
2026-07-30 13:38:10.120 [http-nio-8080-exec-2] DEBUG c.p.mapper.SysUserMapper.selectCount - ==>  Preparing: SELECT COUNT( * ) AS total FROM sys_user
2026-07-30 13:38:10.120 [http-nio-8080-exec-2] DEBUG c.p.mapper.SysUserMapper.selectCount - ==> Parameters: 
2026-07-30 13:38:10.122 [http-nio-8080-exec-2] DEBUG c.p.mapper.SysUserMapper.selectCount - <==      Total: 1
2026-07-30 13:38:10.123 [http-nio-8080-exec-2] DEBUG c.p.mapper.SysRoleMapper.selectCount - ==>  Preparing: SELECT COUNT( * ) AS total FROM sys_role
2026-07-30 13:38:10.124 [http-nio-8080-exec-2] DEBUG c.p.mapper.SysRoleMapper.selectCount - ==> Parameters: 
2026-07-30 13:38:10.125 [http-nio-8080-exec-2] DEBUG c.p.mapper.SysRoleMapper.selectCount - <==      Total: 1
2026-07-30 13:38:10.125 [http-nio-8080-exec-2] DEBUG c.p.mapper.SysMenuMapper.selectCount - ==>  Preparing: SELECT COUNT( * ) AS total FROM sys_menu
2026-07-30 13:38:10.125 [http-nio-8080-exec-2] DEBUG c.p.mapper.SysMenuMapper.selectCount - ==> Parameters: 
2026-07-30 13:38:10.125 [http-nio-8080-exec-2] DEBUG c.p.mapper.SysMenuMapper.selectCount - <==      Total: 1
2026-07-30 13:38:13.502 [http-nio-8080-exec-3] DEBUG o.s.security.web.FilterChainProxy - Securing GET /logs/operation?page=1&pageSize=10
2026-07-30 13:38:13.505 [http-nio-8080-exec-3] DEBUG c.p.mapper.SysUserMapper.selectList - ==>  Preparing: SELECT id,username,password,nickname,email,phone,status,create_time,update_time,version FROM sys_user WHERE (username = ?)
2026-07-30 13:38:13.505 [http-nio-8080-exec-3] DEBUG c.p.mapper.SysUserMapper.selectList - ==> Parameters: gugu(String)
2026-07-30 13:38:13.506 [http-nio-8080-exec-3] DEBUG c.p.mapper.SysUserMapper.selectList - <==      Total: 1
2026-07-30 13:38:13.507 [http-nio-8080-exec-3] DEBUG c.p.m.SysUserRoleMapper.selectList - ==>  Preparing: SELECT id,user_id,role_id FROM sys_user_role WHERE (user_id = ?)
2026-07-30 13:38:13.507 [http-nio-8080-exec-3] DEBUG c.p.m.SysUserRoleMapper.selectList - ==> Parameters: 11(Long)
2026-07-30 13:38:13.508 [http-nio-8080-exec-3] DEBUG c.p.m.SysUserRoleMapper.selectList - <==      Total: 1
2026-07-30 13:38:13.509 [http-nio-8080-exec-3] DEBUG c.p.mapper.SysRoleMapper.selectById - ==>  Preparing: SELECT id,name,code,description,status,create_time,update_time,version FROM sys_role WHERE id=?
2026-07-30 13:38:13.509 [http-nio-8080-exec-3] DEBUG c.p.mapper.SysRoleMapper.selectById - ==> Parameters: 2(Long)
2026-07-30 13:38:13.510 [http-nio-8080-exec-3] DEBUG c.p.mapper.SysRoleMapper.selectById - <==      Total: 1
2026-07-30 13:38:13.511 [http-nio-8080-exec-3] DEBUG c.p.m.S.selectMenuByRoleId - ==>  Preparing: SELECT m.* FROM sys_menu m INNER JOIN sys_role_menu rm ON m.id = rm.menu_id WHERE rm.role_id = ?
2026-07-30 13:38:13.513 [http-nio-8080-exec-3] DEBUG c.p.m.S.selectMenuByRoleId - ==> Parameters: 2(Long)
2026-07-30 13:38:13.515 [http-nio-8080-exec-3] DEBUG c.p.m.S.selectMenuByRoleId - <==      Total: 1
2026-07-30 13:38:13.517 [http-nio-8080-exec-3] DEBUG o.s.security.web.FilterChainProxy - Secured GET /logs/operation?page=1&pageSize=10
2026-07-30 13:38:13.518 [http-nio-8080-exec-3] ERROR c.p.exception.GlobalExceptionHandler - 未知异常
java.lang.IllegalArgumentException: Name for argument of type [int] not specified, and parameter name information not found in class file either.
	at org.springframework.web.method.annotation.AbstractNamedValueMethodArgumentResolver.updateNamedValueInfo(AbstractNamedValueMethodArgumentResolver.java:183)
	at org.springframework.web.method.annotation.AbstractNamedValueMethodArgumentResolver.getNamedValueInfo(AbstractNamedValueMethodArgumentResolver.java:160)
	at org.springframework.web.method.annotation.AbstractNamedValueMethodArgumentResolver.resolveArgument(AbstractNamedValueMethodArgumentResolver.java:106)
	at org.springframework.web.method.support.HandlerMethodArgumentResolverComposite.resolveArgument(HandlerMethodArgumentResolverComposite.java:122)
	at org.springframework.web.method.support.InvocableHandlerMethod.getMethodArgumentValues(InvocableHandlerMethod.java:218)
	at org.springframework.web.method.support.InvocableHandlerMethod.invokeForRequest(InvocableHandlerMethod.java:171)
	at org.springframework.web.servlet.mvc.method.annotation.ServletInvocableHandlerMethod.invokeAndHandle(ServletInvocableHandlerMethod.java:118)
	at org.springframework.web.servlet.mvc.method.annotation.RequestMappingHandlerAdapter.invokeHandlerMethod(RequestMappingHandlerAdapter.java:917)
	at org.springframework.web.servlet.mvc.method.annotation.RequestMappingHandlerAdapter.handleInternal(RequestMappingHandlerAdapter.java:829)
	at org.springframework.web.servlet.mvc.method.AbstractHandlerMethodAdapter.handle(AbstractHandlerMethodAdapter.java:87)
	at org.springframework.web.servlet.DispatcherServlet.doDispatch(DispatcherServlet.java:1089)
	at org.springframework.web.servlet.DispatcherServlet.doService(DispatcherServlet.java:979)
	at org.springframework.web.servlet.FrameworkServlet.processRequest(FrameworkServlet.java:1014)
	at org.springframework.web.servlet.FrameworkServlet.doGet(FrameworkServlet.java:903)
	at jakarta.servlet.http.HttpServlet.service(HttpServlet.java:564)
	at org.springframework.web.servlet.FrameworkServlet.service(FrameworkServlet.java:885)
	at jakarta.servlet.http.HttpServlet.service(HttpServlet.java:658)
	at org.apache.catalina.core.ApplicationFilterChain.internalDoFilter(ApplicationFilterChain.java:205)
	at org.apache.catalina.core.ApplicationFilterChain.doFilter(ApplicationFilterChain.java:149)
	at org.apache.tomcat.websocket.server.WsFilter.doFilter(WsFilter.java:51)
	at org.apache.catalina.core.ApplicationFilterChain.internalDoFilter(ApplicationFilterChain.java:174)
	at org.apache.catalina.core.ApplicationFilterChain.doFilter(ApplicationFilterChain.java:149)
	at org.springframework.web.filter.OncePerRequestFilter.doFilter(OncePerRequestFilter.java:110)
	at org.apache.catalina.core.ApplicationFilterChain.internalDoFilter(ApplicationFilterChain.java:174)
	at org.apache.catalina.core.ApplicationFilterChain.doFilter(ApplicationFilterChain.java:149)
	at org.springframework.web.filter.OncePerRequestFilter.doFilter(OncePerRequestFilter.java:110)
	at org.apache.catalina.core.ApplicationFilterChain.internalDoFilter(ApplicationFilterChain.java:174)
	at org.apache.catalina.core.ApplicationFilterChain.doFilter(ApplicationFilterChain.java:149)
	at org.springframework.security.web.FilterChainProxy.lambda$doFilterInternal$3(FilterChainProxy.java:231)
	at org.springframework.security.web.FilterChainProxy$VirtualFilterChain.doFilter(FilterChainProxy.java:365)
	at org.springframework.security.web.access.intercept.AuthorizationFilter.doFilter(AuthorizationFilter.java:100)
	at org.springframework.security.web.FilterChainProxy$VirtualFilterChain.doFilter(FilterChainProxy.java:374)
	at org.springframework.security.web.access.ExceptionTranslationFilter.doFilter(ExceptionTranslationFilter.java:126)
	at org.springframework.security.web.access.ExceptionTranslationFilter.doFilter(ExceptionTranslationFilter.java:120)
	at org.springframework.security.web.FilterChainProxy$VirtualFilterChain.doFilter(FilterChainProxy.java:374)
	at org.springframework.security.web.session.SessionManagementFilter.doFilter(SessionManagementFilter.java:131)
	at org.springframework.security.web.session.SessionManagementFilter.doFilter(SessionManagementFilter.java:85)
	at org.springframework.security.web.FilterChainProxy$VirtualFilterChain.doFilter(FilterChainProxy.java:374)
	at org.springframework.security.web.authentication.AnonymousAuthenticationFilter.doFilter(AnonymousAuthenticationFilter.java:100)
	at org.springframework.security.web.FilterChainProxy$VirtualFilterChain.doFilter(FilterChainProxy.java:374)
	at org.springframework.security.web.servletapi.SecurityContextHolderAwareRequestFilter.doFilter(SecurityContextHolderAwareRequestFilter.java:179)
	at org.springframework.security.web.FilterChainProxy$VirtualFilterChain.doFilter(FilterChainProxy.java:374)
	at org.springframework.security.web.savedrequest.RequestCacheAwareFilter.doFilter(RequestCacheAwareFilter.java:63)
	at org.springframework.security.web.FilterChainProxy$VirtualFilterChain.doFilter(FilterChainProxy.java:374)
	at com.pes.security.filter.JwtAuthenticationFilter.doFilterInternal(JwtAuthenticationFilter.java:46)
	at org.springframework.web.filter.OncePerRequestFilter.doFilter(OncePerRequestFilter.java:116)
	at org.springframework.security.web.FilterChainProxy$VirtualFilterChain.doFilter(FilterChainProxy.java:374)
	at org.springframework.security.web.authentication.logout.LogoutFilter.doFilter(LogoutFilter.java:107)
	at org.springframework.security.web.authentication.logout.LogoutFilter.doFilter(LogoutFilter.java:93)
	at org.springframework.security.web.FilterChainProxy$VirtualFilterChain.doFilter(FilterChainProxy.java:374)
	at org.springframework.web.filter.CorsFilter.doFilterInternal(CorsFilter.java:91)
	at org.springframework.web.filter.OncePerRequestFilter.doFilter(OncePerRequestFilter.java:116)
	at org.springframework.security.web.FilterChainProxy$VirtualFilterChain.doFilter(FilterChainProxy.java:374)
	at org.springframework.security.web.header.HeaderWriterFilter.doHeadersAfter(HeaderWriterFilter.java:90)
	at org.springframework.security.web.header.HeaderWriterFilter.doFilterInternal(HeaderWriterFilter.java:75)
	at org.springframework.web.filter.OncePerRequestFilter.doFilter(OncePerRequestFilter.java:116)
	at org.springframework.security.web.FilterChainProxy$VirtualFilterChain.doFilter(FilterChainProxy.java:374)
	at org.springframework.security.web.context.SecurityContextHolderFilter.doFilter(SecurityContextHolderFilter.java:82)
	at org.springframework.security.web.context.SecurityContextHolderFilter.doFilter(SecurityContextHolderFilter.java:69)
	at org.springframework.security.web.FilterChainProxy$VirtualFilterChain.doFilter(FilterChainProxy.java:374)
	at org.springframework.security.web.context.request.async.WebAsyncManagerIntegrationFilter.doFilterInternal(WebAsyncManagerIntegrationFilter.java:62)
	at org.springframework.web.filter.OncePerRequestFilter.doFilter(OncePerRequestFilter.java:116)
	at org.springframework.security.web.FilterChainProxy$VirtualFilterChain.doFilter(FilterChainProxy.java:374)
	at org.springframework.security.web.session.DisableEncodeUrlFilter.doFilterInternal(DisableEncodeUrlFilter.java:42)
	at org.springframework.web.filter.OncePerRequestFilter.doFilter(OncePerRequestFilter.java:116)
	at org.springframework.security.web.FilterChainProxy$VirtualFilterChain.doFilter(FilterChainProxy.java:374)
	at org.springframework.security.web.FilterChainProxy.doFilterInternal(FilterChainProxy.java:233)
	at org.springframework.security.web.FilterChainProxy.doFilter(FilterChainProxy.java:191)
	at org.springframework.web.filter.DelegatingFilterProxy.invokeDelegate(DelegatingFilterProxy.java:352)
	at org.springframework.web.filter.DelegatingFilterProxy.doFilter(DelegatingFilterProxy.java:268)
	at org.apache.catalina.core.ApplicationFilterChain.internalDoFilter(ApplicationFilterChain.java:174)
	at org.apache.catalina.core.ApplicationFilterChain.doFilter(ApplicationFilterChain.java:149)
	at org.springframework.web.filter.RequestContextFilter.doFilterInternal(RequestContextFilter.java:100)
	at org.springframework.web.filter.OncePerRequestFilter.doFilter(OncePerRequestFilter.java:116)
	at org.apache.catalina.core.ApplicationFilterChain.internalDoFilter(ApplicationFilterChain.java:174)
	at org.apache.catalina.core.ApplicationFilterChain.doFilter(ApplicationFilterChain.java:149)
	at org.springframework.web.filter.FormContentFilter.doFilterInternal(FormContentFilter.java:93)
	at org.springframework.web.filter.OncePerRequestFilter.doFilter(OncePerRequestFilter.java:116)
	at org.apache.catalina.core.ApplicationFilterChain.internalDoFilter(ApplicationFilterChain.java:174)
	at org.apache.catalina.core.ApplicationFilterChain.doFilter(ApplicationFilterChain.java:149)
	at org.springframework.web.filter.CharacterEncodingFilter.doFilterInternal(CharacterEncodingFilter.java:201)
	at org.springframework.web.filter.OncePerRequestFilter.doFilter(OncePerRequestFilter.java:116)
	at org.apache.catalina.core.ApplicationFilterChain.internalDoFilter(ApplicationFilterChain.java:174)
	at org.apache.catalina.core.ApplicationFilterChain.doFilter(ApplicationFilterChain.java:149)
	at org.apache.catalina.core.StandardWrapperValve.invoke(StandardWrapperValve.java:167)
	at org.apache.catalina.core.StandardContextValve.invoke(StandardContextValve.java:90)
	at org.apache.catalina.authenticator.AuthenticatorBase.invoke(AuthenticatorBase.java:482)
	at org.apache.catalina.core.StandardHostValve.invoke(StandardHostValve.java:115)
	at org.apache.catalina.valves.ErrorReportValve.invoke(ErrorReportValve.java:93)
	at org.apache.catalina.core.StandardEngineValve.invoke(StandardEngineValve.java:74)
	at org.apache.catalina.connector.CoyoteAdapter.service(CoyoteAdapter.java:340)
	at org.apache.coyote.http11.Http11Processor.service(Http11Processor.java:391)
	at org.apache.coyote.AbstractProcessorLight.process(AbstractProcessorLight.java:63)
	at org.apache.coyote.AbstractProtocol$ConnectionHandler.process(AbstractProtocol.java:896)
	at org.apache.tomcat.util.net.NioEndpoint$SocketProcessor.doRun(NioEndpoint.java:1744)
	at org.apache.tomcat.util.net.SocketProcessorBase.run(SocketProcessorBase.java:52)
	at org.apache.tomcat.util.threads.ThreadPoolExecutor.runWorker(ThreadPoolExecutor.java:1191)
	at org.apache.tomcat.util.threads.ThreadPoolExecutor$Worker.run(ThreadPoolExecutor.java:659)
	at org.apache.tomcat.util.threads.TaskThread$WrappingRunnable.run(TaskThread.java:61)
	at java.base/java.lang.Thread.run(Thread.java:842)
2026-07-30 13:38:18.094 [http-nio-8080-exec-4] DEBUG o.s.security.web.FilterChainProxy - Securing GET /menus/tree
2026-07-30 13:38:18.097 [http-nio-8080-exec-4] DEBUG c.p.mapper.SysUserMapper.selectList - ==>  Preparing: SELECT id,username,password,nickname,email,phone,status,create_time,update_time,version FROM sys_user WHERE (username = ?)
2026-07-30 13:38:18.098 [http-nio-8080-exec-4] DEBUG c.p.mapper.SysUserMapper.selectList - ==> Parameters: gugu(String)
2026-07-30 13:38:18.099 [http-nio-8080-exec-4] DEBUG c.p.mapper.SysUserMapper.selectList - <==      Total: 1
2026-07-30 13:38:18.100 [http-nio-8080-exec-4] DEBUG c.p.m.SysUserRoleMapper.selectList - ==>  Preparing: SELECT id,user_id,role_id FROM sys_user_role WHERE (user_id = ?)
2026-07-30 13:38:18.101 [http-nio-8080-exec-4] DEBUG c.p.m.SysUserRoleMapper.selectList - ==> Parameters: 11(Long)
2026-07-30 13:38:18.103 [http-nio-8080-exec-4] DEBUG c.p.m.SysUserRoleMapper.selectList - <==      Total: 1
2026-07-30 13:38:18.103 [http-nio-8080-exec-4] DEBUG c.p.mapper.SysRoleMapper.selectById - ==>  Preparing: SELECT id,name,code,description,status,create_time,update_time,version FROM sys_role WHERE id=?
2026-07-30 13:38:18.103 [http-nio-8080-exec-4] DEBUG c.p.mapper.SysRoleMapper.selectById - ==> Parameters: 2(Long)
2026-07-30 13:38:18.104 [http-nio-8080-exec-4] DEBUG c.p.mapper.SysRoleMapper.selectById - <==      Total: 1
2026-07-30 13:38:18.105 [http-nio-8080-exec-4] DEBUG c.p.m.S.selectMenuByRoleId - ==>  Preparing: SELECT m.* FROM sys_menu m INNER JOIN sys_role_menu rm ON m.id = rm.menu_id WHERE rm.role_id = ?
2026-07-30 13:38:18.105 [http-nio-8080-exec-4] DEBUG c.p.m.S.selectMenuByRoleId - ==> Parameters: 2(Long)
2026-07-30 13:38:18.106 [http-nio-8080-exec-4] DEBUG c.p.m.S.selectMenuByRoleId - <==      Total: 1
2026-07-30 13:38:18.108 [http-nio-8080-exec-4] DEBUG o.s.security.web.FilterChainProxy - Secured GET /menus/tree
2026-07-30 13:38:18.108 [http-nio-8080-exec-4] DEBUG c.p.mapper.SysMenuMapper.selectList - ==>  Preparing: SELECT id,parent_id,name,path,component,icon,permission,sort,type,status,create_time,update_time,version FROM sys_menu ORDER BY sort ASC
2026-07-30 13:38:18.109 [http-nio-8080-exec-4] DEBUG c.p.mapper.SysMenuMapper.selectList - ==> Parameters: 
2026-07-30 13:38:18.112 [http-nio-8080-exec-4] DEBUG c.p.mapper.SysMenuMapper.selectList - <==      Total: 21
2026-07-30 13:38:57.597 [http-nio-8080-exec-5] DEBUG o.s.security.web.FilterChainProxy - Securing GET /menus/tree
2026-07-30 13:38:57.601 [http-nio-8080-exec-5] DEBUG c.p.mapper.SysUserMapper.selectList - ==>  Preparing: SELECT id,username,password,nickname,email,phone,status,create_time,update_time,version FROM sys_user WHERE (username = ?)
2026-07-30 13:38:57.602 [http-nio-8080-exec-5] DEBUG c.p.mapper.SysUserMapper.selectList - ==> Parameters: gugu(String)
2026-07-30 13:38:57.603 [http-nio-8080-exec-5] DEBUG c.p.mapper.SysUserMapper.selectList - <==      Total: 1
2026-07-30 13:38:57.606 [http-nio-8080-exec-5] DEBUG c.p.m.SysUserRoleMapper.selectList - ==>  Preparing: SELECT id,user_id,role_id FROM sys_user_role WHERE (user_id = ?)
2026-07-30 13:38:57.607 [http-nio-8080-exec-5] DEBUG c.p.m.SysUserRoleMapper.selectList - ==> Parameters: 11(Long)
2026-07-30 13:38:57.608 [http-nio-8080-exec-5] DEBUG c.p.m.SysUserRoleMapper.selectList - <==      Total: 1
2026-07-30 13:38:57.608 [http-nio-8080-exec-5] DEBUG c.p.mapper.SysRoleMapper.selectById - ==>  Preparing: SELECT id,name,code,description,status,create_time,update_time,version FROM sys_role WHERE id=?
2026-07-30 13:38:57.608 [http-nio-8080-exec-5] DEBUG c.p.mapper.SysRoleMapper.selectById - ==> Parameters: 2(Long)
2026-07-30 13:38:57.611 [http-nio-8080-exec-5] DEBUG c.p.mapper.SysRoleMapper.selectById - <==      Total: 1
2026-07-30 13:38:57.611 [http-nio-8080-exec-5] DEBUG c.p.m.S.selectMenuByRoleId - ==>  Preparing: SELECT m.* FROM sys_menu m INNER JOIN sys_role_menu rm ON m.id = rm.menu_id WHERE rm.role_id = ?
2026-07-30 13:38:57.612 [http-nio-8080-exec-5] DEBUG c.p.m.S.selectMenuByRoleId - ==> Parameters: 2(Long)
2026-07-30 13:38:57.613 [http-nio-8080-exec-5] DEBUG c.p.m.S.selectMenuByRoleId - <==      Total: 1
2026-07-30 13:38:57.616 [http-nio-8080-exec-5] DEBUG o.s.security.web.FilterChainProxy - Secured GET /menus/tree
2026-07-30 13:38:57.617 [http-nio-8080-exec-5] DEBUG c.p.mapper.SysMenuMapper.selectList - ==>  Preparing: SELECT id,parent_id,name,path,component,icon,permission,sort,type,status,create_time,update_time,version FROM sys_menu ORDER BY sort ASC
2026-07-30 13:38:57.617 [http-nio-8080-exec-5] DEBUG c.p.mapper.SysMenuMapper.selectList - ==> Parameters: 
2026-07-30 13:38:57.621 [http-nio-8080-exec-5] DEBUG c.p.mapper.SysMenuMapper.selectList - <==      Total: 20
2026-07-30 13:38:57.707 [http-nio-8080-exec-6] DEBUG o.s.security.web.FilterChainProxy - Securing GET /menus/tree
2026-07-30 13:38:57.710 [http-nio-8080-exec-6] DEBUG c.p.mapper.SysUserMapper.selectList - ==>  Preparing: SELECT id,username,password,nickname,email,phone,status,create_time,update_time,version FROM sys_user WHERE (username = ?)
2026-07-30 13:38:57.711 [http-nio-8080-exec-6] DEBUG c.p.mapper.SysUserMapper.selectList - ==> Parameters: gugu(String)
2026-07-30 13:38:57.713 [http-nio-8080-exec-6] DEBUG c.p.mapper.SysUserMapper.selectList - <==      Total: 1
2026-07-30 13:38:57.715 [http-nio-8080-exec-6] DEBUG c.p.m.SysUserRoleMapper.selectList - ==>  Preparing: SELECT id,user_id,role_id FROM sys_user_role WHERE (user_id = ?)
2026-07-30 13:38:57.716 [http-nio-8080-exec-6] DEBUG c.p.m.SysUserRoleMapper.selectList - ==> Parameters: 11(Long)
2026-07-30 13:38:57.718 [http-nio-8080-exec-6] DEBUG c.p.m.SysUserRoleMapper.selectList - <==      Total: 1
2026-07-30 13:38:57.719 [http-nio-8080-exec-6] DEBUG c.p.mapper.SysRoleMapper.selectById - ==>  Preparing: SELECT id,name,code,description,status,create_time,update_time,version FROM sys_role WHERE id=?
2026-07-30 13:38:57.720 [http-nio-8080-exec-6] DEBUG c.p.mapper.SysRoleMapper.selectById - ==> Parameters: 2(Long)
2026-07-30 13:38:57.722 [http-nio-8080-exec-6] DEBUG c.p.mapper.SysRoleMapper.selectById - <==      Total: 1
2026-07-30 13:38:57.724 [http-nio-8080-exec-6] DEBUG c.p.m.S.selectMenuByRoleId - ==>  Preparing: SELECT m.* FROM sys_menu m INNER JOIN sys_role_menu rm ON m.id = rm.menu_id WHERE rm.role_id = ?
2026-07-30 13:38:57.724 [http-nio-8080-exec-6] DEBUG c.p.m.S.selectMenuByRoleId - ==> Parameters: 2(Long)
2026-07-30 13:38:57.725 [http-nio-8080-exec-6] DEBUG c.p.m.S.selectMenuByRoleId - <==      Total: 1
2026-07-30 13:38:57.725 [http-nio-8080-exec-6] DEBUG o.s.security.web.FilterChainProxy - Secured GET /menus/tree
2026-07-30 13:38:57.730 [http-nio-8080-exec-6] DEBUG c.p.mapper.SysMenuMapper.selectList - ==>  Preparing: SELECT id,parent_id,name,path,component,icon,permission,sort,type,status,create_time,update_time,version FROM sys_menu ORDER BY sort ASC
2026-07-30 13:38:57.730 [http-nio-8080-exec-6] DEBUG c.p.mapper.SysMenuMapper.selectList - ==> Parameters: 
2026-07-30 13:38:57.735 [http-nio-8080-exec-6] DEBUG c.p.mapper.SysMenuMapper.selectList - <==      Total: 20
2026-07-30 13:43:09.757 [http-nio-8080-exec-7] DEBUG o.s.security.web.FilterChainProxy - Securing GET /menus/tree
2026-07-30 13:43:09.759 [http-nio-8080-exec-7] DEBUG c.p.mapper.SysUserMapper.selectList - ==>  Preparing: SELECT id,username,password,nickname,email,phone,status,create_time,update_time,version FROM sys_user WHERE (username = ?)
2026-07-30 13:43:09.760 [http-nio-8080-exec-7] DEBUG c.p.mapper.SysUserMapper.selectList - ==> Parameters: gugu(String)
2026-07-30 13:43:09.761 [http-nio-8080-exec-7] DEBUG c.p.mapper.SysUserMapper.selectList - <==      Total: 1
2026-07-30 13:43:09.762 [http-nio-8080-exec-7] DEBUG c.p.m.SysUserRoleMapper.selectList - ==>  Preparing: SELECT id,user_id,role_id FROM sys_user_role WHERE (user_id = ?)
2026-07-30 13:43:09.762 [http-nio-8080-exec-7] DEBUG c.p.m.SysUserRoleMapper.selectList - ==> Parameters: 11(Long)
2026-07-30 13:43:09.763 [http-nio-8080-exec-7] DEBUG c.p.m.SysUserRoleMapper.selectList - <==      Total: 1
2026-07-30 13:43:09.764 [http-nio-8080-exec-7] DEBUG c.p.mapper.SysRoleMapper.selectById - ==>  Preparing: SELECT id,name,code,description,status,create_time,update_time,version FROM sys_role WHERE id=?
2026-07-30 13:43:09.764 [http-nio-8080-exec-7] DEBUG c.p.mapper.SysRoleMapper.selectById - ==> Parameters: 2(Long)
2026-07-30 13:43:09.764 [http-nio-8080-exec-7] DEBUG c.p.mapper.SysRoleMapper.selectById - <==      Total: 1
2026-07-30 13:43:09.765 [http-nio-8080-exec-7] DEBUG c.p.m.S.selectMenuByRoleId - ==>  Preparing: SELECT m.* FROM sys_menu m INNER JOIN sys_role_menu rm ON m.id = rm.menu_id WHERE rm.role_id = ?
2026-07-30 13:43:09.765 [http-nio-8080-exec-7] DEBUG c.p.m.S.selectMenuByRoleId - ==> Parameters: 2(Long)
2026-07-30 13:43:09.766 [http-nio-8080-exec-7] DEBUG c.p.m.S.selectMenuByRoleId - <==      Total: 1
2026-07-30 13:43:09.766 [http-nio-8080-exec-7] DEBUG o.s.security.web.FilterChainProxy - Secured GET /menus/tree
2026-07-30 13:43:09.767 [http-nio-8080-exec-7] DEBUG c.p.mapper.SysMenuMapper.selectList - ==>  Preparing: SELECT id,parent_id,name,path,component,icon,permission,sort,type,status,create_time,update_time,version FROM sys_menu ORDER BY sort ASC
2026-07-30 13:43:09.767 [http-nio-8080-exec-7] DEBUG c.p.mapper.SysMenuMapper.selectList - ==> Parameters: 
2026-07-30 13:43:09.769 [http-nio-8080-exec-7] DEBUG c.p.mapper.SysMenuMapper.selectList - <==      Total: 20
2026-07-30 13:43:18.070 [http-nio-8080-exec-8] DEBUG o.s.security.web.FilterChainProxy - Securing GET /menus/tree
2026-07-30 13:43:18.072 [http-nio-8080-exec-8] DEBUG c.p.mapper.SysUserMapper.selectList - ==>  Preparing: SELECT id,username,password,nickname,email,phone,status,create_time,update_time,version FROM sys_user WHERE (username = ?)
2026-07-30 13:43:18.072 [http-nio-8080-exec-8] DEBUG c.p.mapper.SysUserMapper.selectList - ==> Parameters: gugu(String)
2026-07-30 13:43:18.074 [http-nio-8080-exec-8] DEBUG c.p.mapper.SysUserMapper.selectList - <==      Total: 1
2026-07-30 13:43:18.074 [http-nio-8080-exec-8] DEBUG c.p.m.SysUserRoleMapper.selectList - ==>  Preparing: SELECT id,user_id,role_id FROM sys_user_role WHERE (user_id = ?)
2026-07-30 13:43:18.074 [http-nio-8080-exec-8] DEBUG c.p.m.SysUserRoleMapper.selectList - ==> Parameters: 11(Long)
2026-07-30 13:43:18.075 [http-nio-8080-exec-8] DEBUG c.p.m.SysUserRoleMapper.selectList - <==      Total: 1
2026-07-30 13:43:18.075 [http-nio-8080-exec-8] DEBUG c.p.mapper.SysRoleMapper.selectById - ==>  Preparing: SELECT id,name,code,description,status,create_time,update_time,version FROM sys_role WHERE id=?
2026-07-30 13:43:18.075 [http-nio-8080-exec-8] DEBUG c.p.mapper.SysRoleMapper.selectById - ==> Parameters: 2(Long)
2026-07-30 13:43:18.075 [http-nio-8080-exec-8] DEBUG c.p.mapper.SysRoleMapper.selectById - <==      Total: 1
2026-07-30 13:43:18.076 [http-nio-8080-exec-8] DEBUG c.p.m.S.selectMenuByRoleId - ==>  Preparing: SELECT m.* FROM sys_menu m INNER JOIN sys_role_menu rm ON m.id = rm.menu_id WHERE rm.role_id = ?
2026-07-30 13:43:18.076 [http-nio-8080-exec-8] DEBUG c.p.m.S.selectMenuByRoleId - ==> Parameters: 2(Long)
2026-07-30 13:43:18.076 [http-nio-8080-exec-8] DEBUG c.p.m.S.selectMenuByRoleId - <==      Total: 1
2026-07-30 13:43:18.077 [http-nio-8080-exec-8] DEBUG o.s.security.web.FilterChainProxy - Secured GET /menus/tree
2026-07-30 13:43:18.077 [http-nio-8080-exec-8] DEBUG c.p.mapper.SysMenuMapper.selectList - ==>  Preparing: SELECT id,parent_id,name,path,component,icon,permission,sort,type,status,create_time,update_time,version FROM sys_menu ORDER BY sort ASC
2026-07-30 13:43:18.077 [http-nio-8080-exec-8] DEBUG c.p.mapper.SysMenuMapper.selectList - ==> Parameters: 
2026-07-30 13:43:18.079 [http-nio-8080-exec-8] DEBUG c.p.mapper.SysMenuMapper.selectList - <==      Total: 20
2026-07-30 13:43:27.396 [http-nio-8080-exec-9] DEBUG o.s.security.web.FilterChainProxy - Securing GET /menus/tree
2026-07-30 13:43:27.398 [http-nio-8080-exec-9] DEBUG c.p.mapper.SysUserMapper.selectList - ==>  Preparing: SELECT id,username,password,nickname,email,phone,status,create_time,update_time,version FROM sys_user WHERE (username = ?)
2026-07-30 13:43:27.398 [http-nio-8080-exec-9] DEBUG c.p.mapper.SysUserMapper.selectList - ==> Parameters: gugu(String)
2026-07-30 13:43:27.399 [http-nio-8080-exec-9] DEBUG c.p.mapper.SysUserMapper.selectList - <==      Total: 1
2026-07-30 13:43:27.400 [http-nio-8080-exec-9] DEBUG c.p.m.SysUserRoleMapper.selectList - ==>  Preparing: SELECT id,user_id,role_id FROM sys_user_role WHERE (user_id = ?)
2026-07-30 13:43:27.400 [http-nio-8080-exec-9] DEBUG c.p.m.SysUserRoleMapper.selectList - ==> Parameters: 11(Long)
2026-07-30 13:43:27.400 [http-nio-8080-exec-9] DEBUG c.p.m.SysUserRoleMapper.selectList - <==      Total: 1
2026-07-30 13:43:27.400 [http-nio-8080-exec-9] DEBUG c.p.mapper.SysRoleMapper.selectById - ==>  Preparing: SELECT id,name,code,description,status,create_time,update_time,version FROM sys_role WHERE id=?
2026-07-30 13:43:27.400 [http-nio-8080-exec-9] DEBUG c.p.mapper.SysRoleMapper.selectById - ==> Parameters: 2(Long)
2026-07-30 13:43:27.401 [http-nio-8080-exec-9] DEBUG c.p.mapper.SysRoleMapper.selectById - <==      Total: 1
2026-07-30 13:43:27.401 [http-nio-8080-exec-9] DEBUG c.p.m.S.selectMenuByRoleId - ==>  Preparing: SELECT m.* FROM sys_menu m INNER JOIN sys_role_menu rm ON m.id = rm.menu_id WHERE rm.role_id = ?
2026-07-30 13:43:27.401 [http-nio-8080-exec-9] DEBUG c.p.m.S.selectMenuByRoleId - ==> Parameters: 2(Long)
2026-07-30 13:43:27.402 [http-nio-8080-exec-9] DEBUG c.p.m.S.selectMenuByRoleId - <==      Total: 1
2026-07-30 13:43:27.402 [http-nio-8080-exec-9] DEBUG o.s.security.web.FilterChainProxy - Secured GET /menus/tree
2026-07-30 13:43:27.403 [http-nio-8080-exec-9] DEBUG c.p.mapper.SysMenuMapper.selectList - ==>  Preparing: SELECT id,parent_id,name,path,component,icon,permission,sort,type,status,create_time,update_time,version FROM sys_menu ORDER BY sort ASC
2026-07-30 13:43:27.403 [http-nio-8080-exec-9] DEBUG c.p.mapper.SysMenuMapper.selectList - ==> Parameters: 
2026-07-30 13:43:27.404 [http-nio-8080-exec-9] DEBUG c.p.mapper.SysMenuMapper.selectList - <==      Total: 20
2026-07-30 13:44:31.946 [http-nio-8080-exec-10] DEBUG o.s.security.web.FilterChainProxy - Securing GET /menus/tree
2026-07-30 13:44:31.948 [http-nio-8080-exec-10] DEBUG c.p.mapper.SysUserMapper.selectList - ==>  Preparing: SELECT id,username,password,nickname,email,phone,status,create_time,update_time,version FROM sys_user WHERE (username = ?)
2026-07-30 13:44:31.949 [http-nio-8080-exec-10] DEBUG c.p.mapper.SysUserMapper.selectList - ==> Parameters: gugu(String)
2026-07-30 13:44:31.950 [http-nio-8080-exec-10] DEBUG c.p.mapper.SysUserMapper.selectList - <==      Total: 1
2026-07-30 13:44:31.951 [http-nio-8080-exec-10] DEBUG c.p.m.SysUserRoleMapper.selectList - ==>  Preparing: SELECT id,user_id,role_id FROM sys_user_role WHERE (user_id = ?)
2026-07-30 13:44:31.951 [http-nio-8080-exec-10] DEBUG c.p.m.SysUserRoleMapper.selectList - ==> Parameters: 11(Long)
2026-07-30 13:44:31.952 [http-nio-8080-exec-10] DEBUG c.p.m.SysUserRoleMapper.selectList - <==      Total: 1
2026-07-30 13:44:31.953 [http-nio-8080-exec-10] DEBUG c.p.mapper.SysRoleMapper.selectById - ==>  Preparing: SELECT id,name,code,description,status,create_time,update_time,version FROM sys_role WHERE id=?
2026-07-30 13:44:31.953 [http-nio-8080-exec-10] DEBUG c.p.mapper.SysRoleMapper.selectById - ==> Parameters: 2(Long)
2026-07-30 13:44:31.954 [http-nio-8080-exec-10] DEBUG c.p.mapper.SysRoleMapper.selectById - <==      Total: 1
2026-07-30 13:44:31.954 [http-nio-8080-exec-10] DEBUG c.p.m.S.selectMenuByRoleId - ==>  Preparing: SELECT m.* FROM sys_menu m INNER JOIN sys_role_menu rm ON m.id = rm.menu_id WHERE rm.role_id = ?
2026-07-30 13:44:31.954 [http-nio-8080-exec-10] DEBUG c.p.m.S.selectMenuByRoleId - ==> Parameters: 2(Long)
2026-07-30 13:44:31.955 [http-nio-8080-exec-10] DEBUG c.p.m.S.selectMenuByRoleId - <==      Total: 1
2026-07-30 13:44:31.955 [http-nio-8080-exec-10] DEBUG o.s.security.web.FilterChainProxy - Secured GET /menus/tree
2026-07-30 13:44:31.957 [http-nio-8080-exec-10] DEBUG c.p.mapper.SysMenuMapper.selectList - ==>  Preparing: SELECT id,parent_id,name,path,component,icon,permission,sort,type,status,create_time,update_time,version FROM sys_menu ORDER BY sort ASC
2026-07-30 13:44:31.957 [http-nio-8080-exec-10] DEBUG c.p.mapper.SysMenuMapper.selectList - ==> Parameters: 
2026-07-30 13:44:31.958 [http-nio-8080-exec-10] DEBUG c.p.mapper.SysMenuMapper.selectList - <==      Total: 20
2026-07-30 13:44:32.043 [http-nio-8080-exec-1] DEBUG o.s.security.web.FilterChainProxy - Securing GET /menus/tree
2026-07-30 13:44:32.046 [http-nio-8080-exec-1] DEBUG c.p.mapper.SysUserMapper.selectList - ==>  Preparing: SELECT id,username,password,nickname,email,phone,status,create_time,update_time,version FROM sys_user WHERE (username = ?)
2026-07-30 13:44:32.046 [http-nio-8080-exec-1] DEBUG c.p.mapper.SysUserMapper.selectList - ==> Parameters: gugu(String)
2026-07-30 13:44:32.048 [http-nio-8080-exec-1] DEBUG c.p.mapper.SysUserMapper.selectList - <==      Total: 1
2026-07-30 13:44:32.048 [http-nio-8080-exec-1] DEBUG c.p.m.SysUserRoleMapper.selectList - ==>  Preparing: SELECT id,user_id,role_id FROM sys_user_role WHERE (user_id = ?)
2026-07-30 13:44:32.049 [http-nio-8080-exec-1] DEBUG c.p.m.SysUserRoleMapper.selectList - ==> Parameters: 11(Long)
2026-07-30 13:44:32.050 [http-nio-8080-exec-1] DEBUG c.p.m.SysUserRoleMapper.selectList - <==      Total: 1
2026-07-30 13:44:32.051 [http-nio-8080-exec-1] DEBUG c.p.mapper.SysRoleMapper.selectById - ==>  Preparing: SELECT id,name,code,description,status,create_time,update_time,version FROM sys_role WHERE id=?
2026-07-30 13:44:32.051 [http-nio-8080-exec-1] DEBUG c.p.mapper.SysRoleMapper.selectById - ==> Parameters: 2(Long)
2026-07-30 13:44:32.053 [http-nio-8080-exec-1] DEBUG c.p.mapper.SysRoleMapper.selectById - <==      Total: 1
2026-07-30 13:44:32.053 [http-nio-8080-exec-1] DEBUG c.p.m.S.selectMenuByRoleId - ==>  Preparing: SELECT m.* FROM sys_menu m INNER JOIN sys_role_menu rm ON m.id = rm.menu_id WHERE rm.role_id = ?
2026-07-30 13:44:32.053 [http-nio-8080-exec-1] DEBUG c.p.m.S.selectMenuByRoleId - ==> Parameters: 2(Long)
2026-07-30 13:44:32.055 [http-nio-8080-exec-1] DEBUG c.p.m.S.selectMenuByRoleId - <==      Total: 1
2026-07-30 13:44:32.056 [http-nio-8080-exec-1] DEBUG o.s.security.web.FilterChainProxy - Secured GET /menus/tree
2026-07-30 13:44:32.056 [http-nio-8080-exec-1] DEBUG c.p.mapper.SysMenuMapper.selectList - ==>  Preparing: SELECT id,parent_id,name,path,component,icon,permission,sort,type,status,create_time,update_time,version FROM sys_menu ORDER BY sort ASC
2026-07-30 13:44:32.056 [http-nio-8080-exec-1] DEBUG c.p.mapper.SysMenuMapper.selectList - ==> Parameters: 
2026-07-30 13:44:32.058 [http-nio-8080-exec-1] DEBUG c.p.mapper.SysMenuMapper.selectList - <==      Total: 20
2026-07-30 13:47:43.376 [http-nio-8080-exec-2] DEBUG o.s.security.web.FilterChainProxy - Securing GET /menus/tree
2026-07-30 13:47:43.378 [http-nio-8080-exec-2] DEBUG c.p.mapper.SysUserMapper.selectList - ==>  Preparing: SELECT id,username,password,nickname,email,phone,status,create_time,update_time,version FROM sys_user WHERE (username = ?)
2026-07-30 13:47:43.378 [http-nio-8080-exec-2] DEBUG c.p.mapper.SysUserMapper.selectList - ==> Parameters: gugu(String)
2026-07-30 13:47:43.379 [http-nio-8080-exec-2] DEBUG c.p.mapper.SysUserMapper.selectList - <==      Total: 1
2026-07-30 13:47:43.379 [http-nio-8080-exec-2] DEBUG c.p.m.SysUserRoleMapper.selectList - ==>  Preparing: SELECT id,user_id,role_id FROM sys_user_role WHERE (user_id = ?)
2026-07-30 13:47:43.379 [http-nio-8080-exec-2] DEBUG c.p.m.SysUserRoleMapper.selectList - ==> Parameters: 11(Long)
2026-07-30 13:47:43.380 [http-nio-8080-exec-2] DEBUG c.p.m.SysUserRoleMapper.selectList - <==      Total: 1
2026-07-30 13:47:43.380 [http-nio-8080-exec-2] DEBUG c.p.mapper.SysRoleMapper.selectById - ==>  Preparing: SELECT id,name,code,description,status,create_time,update_time,version FROM sys_role WHERE id=?
2026-07-30 13:47:43.380 [http-nio-8080-exec-2] DEBUG c.p.mapper.SysRoleMapper.selectById - ==> Parameters: 2(Long)
2026-07-30 13:47:43.381 [http-nio-8080-exec-2] DEBUG c.p.mapper.SysRoleMapper.selectById - <==      Total: 1
2026-07-30 13:47:43.381 [http-nio-8080-exec-2] DEBUG c.p.m.S.selectMenuByRoleId - ==>  Preparing: SELECT m.* FROM sys_menu m INNER JOIN sys_role_menu rm ON m.id = rm.menu_id WHERE rm.role_id = ?
2026-07-30 13:47:43.381 [http-nio-8080-exec-2] DEBUG c.p.m.S.selectMenuByRoleId - ==> Parameters: 2(Long)
2026-07-30 13:47:43.382 [http-nio-8080-exec-2] DEBUG c.p.m.S.selectMenuByRoleId - <==      Total: 1
2026-07-30 13:47:43.383 [http-nio-8080-exec-2] DEBUG o.s.security.web.FilterChainProxy - Secured GET /menus/tree
2026-07-30 13:47:43.383 [http-nio-8080-exec-2] DEBUG c.p.mapper.SysMenuMapper.selectList - ==>  Preparing: SELECT id,parent_id,name,path,component,icon,permission,sort,type,status,create_time,update_time,version FROM sys_menu ORDER BY sort ASC
2026-07-30 13:47:43.383 [http-nio-8080-exec-2] DEBUG c.p.mapper.SysMenuMapper.selectList - ==> Parameters: 
2026-07-30 13:47:43.384 [http-nio-8080-exec-2] DEBUG c.p.mapper.SysMenuMapper.selectList - <==      Total: 20
2026-07-30 13:47:46.260 [http-nio-8080-exec-3] DEBUG o.s.security.web.FilterChainProxy - Securing GET /menus/tree
2026-07-30 13:47:46.263 [http-nio-8080-exec-3] DEBUG c.p.mapper.SysUserMapper.selectList - ==>  Preparing: SELECT id,username,password,nickname,email,phone,status,create_time,update_time,version FROM sys_user WHERE (username = ?)
2026-07-30 13:47:46.263 [http-nio-8080-exec-3] DEBUG c.p.mapper.SysUserMapper.selectList - ==> Parameters: gugu(String)
2026-07-30 13:47:46.264 [http-nio-8080-exec-3] DEBUG c.p.mapper.SysUserMapper.selectList - <==      Total: 1
2026-07-30 13:47:46.264 [http-nio-8080-exec-3] DEBUG c.p.m.SysUserRoleMapper.selectList - ==>  Preparing: SELECT id,user_id,role_id FROM sys_user_role WHERE (user_id = ?)
2026-07-30 13:47:46.264 [http-nio-8080-exec-3] DEBUG c.p.m.SysUserRoleMapper.selectList - ==> Parameters: 11(Long)
2026-07-30 13:47:46.265 [http-nio-8080-exec-3] DEBUG c.p.m.SysUserRoleMapper.selectList - <==      Total: 1
2026-07-30 13:47:46.265 [http-nio-8080-exec-3] DEBUG c.p.mapper.SysRoleMapper.selectById - ==>  Preparing: SELECT id,name,code,description,status,create_time,update_time,version FROM sys_role WHERE id=?
2026-07-30 13:47:46.266 [http-nio-8080-exec-3] DEBUG c.p.mapper.SysRoleMapper.selectById - ==> Parameters: 2(Long)
2026-07-30 13:47:46.266 [http-nio-8080-exec-3] DEBUG c.p.mapper.SysRoleMapper.selectById - <==      Total: 1
2026-07-30 13:47:46.266 [http-nio-8080-exec-3] DEBUG c.p.m.S.selectMenuByRoleId - ==>  Preparing: SELECT m.* FROM sys_menu m INNER JOIN sys_role_menu rm ON m.id = rm.menu_id WHERE rm.role_id = ?
2026-07-30 13:47:46.267 [http-nio-8080-exec-3] DEBUG c.p.m.S.selectMenuByRoleId - ==> Parameters: 2(Long)
2026-07-30 13:47:46.267 [http-nio-8080-exec-3] DEBUG c.p.m.S.selectMenuByRoleId - <==      Total: 1
2026-07-30 13:47:46.268 [http-nio-8080-exec-3] DEBUG o.s.security.web.FilterChainProxy - Secured GET /menus/tree
2026-07-30 13:47:46.268 [http-nio-8080-exec-3] DEBUG c.p.mapper.SysMenuMapper.selectList - ==>  Preparing: SELECT id,parent_id,name,path,component,icon,permission,sort,type,status,create_time,update_time,version FROM sys_menu ORDER BY sort ASC
2026-07-30 13:47:46.268 [http-nio-8080-exec-3] DEBUG c.p.mapper.SysMenuMapper.selectList - ==> Parameters: 
2026-07-30 13:47:46.270 [http-nio-8080-exec-3] DEBUG c.p.mapper.SysMenuMapper.selectList - <==      Total: 20
2026-07-30 13:47:50.981 [http-nio-8080-exec-4] DEBUG o.s.security.web.FilterChainProxy - Securing GET /menus/tree
2026-07-30 13:47:50.983 [http-nio-8080-exec-4] DEBUG c.p.mapper.SysUserMapper.selectList - ==>  Preparing: SELECT id,username,password,nickname,email,phone,status,create_time,update_time,version FROM sys_user WHERE (username = ?)
2026-07-30 13:47:50.983 [http-nio-8080-exec-4] DEBUG c.p.mapper.SysUserMapper.selectList - ==> Parameters: gugu(String)
2026-07-30 13:47:50.984 [http-nio-8080-exec-4] DEBUG c.p.mapper.SysUserMapper.selectList - <==      Total: 1
2026-07-30 13:47:50.985 [http-nio-8080-exec-4] DEBUG c.p.m.SysUserRoleMapper.selectList - ==>  Preparing: SELECT id,user_id,role_id FROM sys_user_role WHERE (user_id = ?)
2026-07-30 13:47:50.985 [http-nio-8080-exec-4] DEBUG c.p.m.SysUserRoleMapper.selectList - ==> Parameters: 11(Long)
2026-07-30 13:47:50.985 [http-nio-8080-exec-4] DEBUG c.p.m.SysUserRoleMapper.selectList - <==      Total: 1
2026-07-30 13:47:50.986 [http-nio-8080-exec-4] DEBUG c.p.mapper.SysRoleMapper.selectById - ==>  Preparing: SELECT id,name,code,description,status,create_time,update_time,version FROM sys_role WHERE id=?
2026-07-30 13:47:50.986 [http-nio-8080-exec-4] DEBUG c.p.mapper.SysRoleMapper.selectById - ==> Parameters: 2(Long)
2026-07-30 13:47:50.986 [http-nio-8080-exec-4] DEBUG c.p.mapper.SysRoleMapper.selectById - <==      Total: 1
2026-07-30 13:47:50.986 [http-nio-8080-exec-4] DEBUG c.p.m.S.selectMenuByRoleId - ==>  Preparing: SELECT m.* FROM sys_menu m INNER JOIN sys_role_menu rm ON m.id = rm.menu_id WHERE rm.role_id = ?
2026-07-30 13:47:50.986 [http-nio-8080-exec-4] DEBUG c.p.m.S.selectMenuByRoleId - ==> Parameters: 2(Long)
2026-07-30 13:47:50.987 [http-nio-8080-exec-4] DEBUG c.p.m.S.selectMenuByRoleId - <==      Total: 1
2026-07-30 13:47:50.987 [http-nio-8080-exec-4] DEBUG o.s.security.web.FilterChainProxy - Secured GET /menus/tree
2026-07-30 13:47:50.988 [http-nio-8080-exec-4] DEBUG c.p.mapper.SysMenuMapper.selectList - ==>  Preparing: SELECT id,parent_id,name,path,component,icon,permission,sort,type,status,create_time,update_time,version FROM sys_menu ORDER BY sort ASC
2026-07-30 13:47:50.988 [http-nio-8080-exec-4] DEBUG c.p.mapper.SysMenuMapper.selectList - ==> Parameters: 
2026-07-30 13:47:50.990 [http-nio-8080-exec-4] DEBUG c.p.mapper.SysMenuMapper.selectList - <==      Total: 20
2026-07-30 13:48:33.287 [http-nio-8080-exec-5] DEBUG o.s.security.web.FilterChainProxy - Securing GET /menus/tree
2026-07-30 13:48:33.289 [http-nio-8080-exec-5] DEBUG c.p.mapper.SysUserMapper.selectList - ==>  Preparing: SELECT id,username,password,nickname,email,phone,status,create_time,update_time,version FROM sys_user WHERE (username = ?)
2026-07-30 13:48:33.289 [http-nio-8080-exec-5] DEBUG c.p.mapper.SysUserMapper.selectList - ==> Parameters: gugu(String)
2026-07-30 13:48:33.291 [http-nio-8080-exec-5] DEBUG c.p.mapper.SysUserMapper.selectList - <==      Total: 1
2026-07-30 13:48:33.292 [http-nio-8080-exec-5] DEBUG c.p.m.SysUserRoleMapper.selectList - ==>  Preparing: SELECT id,user_id,role_id FROM sys_user_role WHERE (user_id = ?)
2026-07-30 13:48:33.293 [http-nio-8080-exec-5] DEBUG c.p.m.SysUserRoleMapper.selectList - ==> Parameters: 11(Long)
2026-07-30 13:48:33.294 [http-nio-8080-exec-5] DEBUG c.p.m.SysUserRoleMapper.selectList - <==      Total: 1
2026-07-30 13:48:33.294 [http-nio-8080-exec-5] DEBUG c.p.mapper.SysRoleMapper.selectById - ==>  Preparing: SELECT id,name,code,description,status,create_time,update_time,version FROM sys_role WHERE id=?
2026-07-30 13:48:33.294 [http-nio-8080-exec-5] DEBUG c.p.mapper.SysRoleMapper.selectById - ==> Parameters: 2(Long)
2026-07-30 13:48:33.295 [http-nio-8080-exec-5] DEBUG c.p.mapper.SysRoleMapper.selectById - <==      Total: 1
2026-07-30 13:48:33.295 [http-nio-8080-exec-5] DEBUG c.p.m.S.selectMenuByRoleId - ==>  Preparing: SELECT m.* FROM sys_menu m INNER JOIN sys_role_menu rm ON m.id = rm.menu_id WHERE rm.role_id = ?
2026-07-30 13:48:33.295 [http-nio-8080-exec-5] DEBUG c.p.m.S.selectMenuByRoleId - ==> Parameters: 2(Long)
2026-07-30 13:48:33.296 [http-nio-8080-exec-5] DEBUG c.p.m.S.selectMenuByRoleId - <==      Total: 1
2026-07-30 13:48:33.297 [http-nio-8080-exec-5] DEBUG o.s.security.web.FilterChainProxy - Secured GET /menus/tree
2026-07-30 13:48:33.298 [http-nio-8080-exec-5] DEBUG c.p.mapper.SysMenuMapper.selectList - ==>  Preparing: SELECT id,parent_id,name,path,component,icon,permission,sort,type,status,create_time,update_time,version FROM sys_menu ORDER BY sort ASC
2026-07-30 13:48:33.298 [http-nio-8080-exec-5] DEBUG c.p.mapper.SysMenuMapper.selectList - ==> Parameters: 
2026-07-30 13:48:33.299 [http-nio-8080-exec-5] DEBUG c.p.mapper.SysMenuMapper.selectList - <==      Total: 20
2026-07-30 13:48:33.396 [http-nio-8080-exec-6] DEBUG o.s.security.web.FilterChainProxy - Securing GET /menus/tree
2026-07-30 13:48:33.398 [http-nio-8080-exec-6] DEBUG c.p.mapper.SysUserMapper.selectList - ==>  Preparing: SELECT id,username,password,nickname,email,phone,status,create_time,update_time,version FROM sys_user WHERE (username = ?)
2026-07-30 13:48:33.398 [http-nio-8080-exec-6] DEBUG c.p.mapper.SysUserMapper.selectList - ==> Parameters: gugu(String)
2026-07-30 13:48:33.400 [http-nio-8080-exec-6] DEBUG c.p.mapper.SysUserMapper.selectList - <==      Total: 1
2026-07-30 13:48:33.401 [http-nio-8080-exec-6] DEBUG c.p.m.SysUserRoleMapper.selectList - ==>  Preparing: SELECT id,user_id,role_id FROM sys_user_role WHERE (user_id = ?)
2026-07-30 13:48:33.402 [http-nio-8080-exec-6] DEBUG c.p.m.SysUserRoleMapper.selectList - ==> Parameters: 11(Long)
2026-07-30 13:48:33.404 [http-nio-8080-exec-6] DEBUG c.p.m.SysUserRoleMapper.selectList - <==      Total: 1
2026-07-30 13:48:33.405 [http-nio-8080-exec-6] DEBUG c.p.mapper.SysRoleMapper.selectById - ==>  Preparing: SELECT id,name,code,description,status,create_time,update_time,version FROM sys_role WHERE id=?
2026-07-30 13:48:33.405 [http-nio-8080-exec-6] DEBUG c.p.mapper.SysRoleMapper.selectById - ==> Parameters: 2(Long)
2026-07-30 13:48:33.408 [http-nio-8080-exec-6] DEBUG c.p.mapper.SysRoleMapper.selectById - <==      Total: 1
2026-07-30 13:48:33.408 [http-nio-8080-exec-6] DEBUG c.p.m.S.selectMenuByRoleId - ==>  Preparing: SELECT m.* FROM sys_menu m INNER JOIN sys_role_menu rm ON m.id = rm.menu_id WHERE rm.role_id = ?
2026-07-30 13:48:33.408 [http-nio-8080-exec-6] DEBUG c.p.m.S.selectMenuByRoleId - ==> Parameters: 2(Long)
2026-07-30 13:48:33.408 [http-nio-8080-exec-6] DEBUG c.p.m.S.selectMenuByRoleId - <==      Total: 1
2026-07-30 13:48:33.410 [http-nio-8080-exec-6] DEBUG o.s.security.web.FilterChainProxy - Secured GET /menus/tree
2026-07-30 13:48:33.410 [http-nio-8080-exec-6] DEBUG c.p.mapper.SysMenuMapper.selectList - ==>  Preparing: SELECT id,parent_id,name,path,component,icon,permission,sort,type,status,create_time,update_time,version FROM sys_menu ORDER BY sort ASC
2026-07-30 13:48:33.410 [http-nio-8080-exec-6] DEBUG c.p.mapper.SysMenuMapper.selectList - ==> Parameters: 
2026-07-30 13:48:33.412 [http-nio-8080-exec-6] DEBUG c.p.mapper.SysMenuMapper.selectList - <==      Total: 20
2026-07-30 13:50:23.192 [http-nio-8080-exec-7] DEBUG o.s.security.web.FilterChainProxy - Securing GET /users
2026-07-30 13:50:23.196 [http-nio-8080-exec-7] DEBUG c.p.mapper.SysUserMapper.selectList - ==>  Preparing: SELECT id,username,password,nickname,email,phone,status,create_time,update_time,version FROM sys_user WHERE (username = ?)
2026-07-30 13:50:23.196 [http-nio-8080-exec-7] DEBUG c.p.mapper.SysUserMapper.selectList - ==> Parameters: gugu(String)
2026-07-30 13:50:23.200 [http-nio-8080-exec-7] DEBUG c.p.mapper.SysUserMapper.selectList - <==      Total: 1
2026-07-30 13:50:23.201 [http-nio-8080-exec-7] DEBUG c.p.m.SysUserRoleMapper.selectList - ==>  Preparing: SELECT id,user_id,role_id FROM sys_user_role WHERE (user_id = ?)
2026-07-30 13:50:23.201 [http-nio-8080-exec-7] DEBUG c.p.m.SysUserRoleMapper.selectList - ==> Parameters: 11(Long)
2026-07-30 13:50:23.202 [http-nio-8080-exec-7] DEBUG c.p.m.SysUserRoleMapper.selectList - <==      Total: 1
2026-07-30 13:50:23.202 [http-nio-8080-exec-7] DEBUG c.p.mapper.SysRoleMapper.selectById - ==>  Preparing: SELECT id,name,code,description,status,create_time,update_time,version FROM sys_role WHERE id=?
2026-07-30 13:50:23.203 [http-nio-8080-exec-7] DEBUG c.p.mapper.SysRoleMapper.selectById - ==> Parameters: 2(Long)
2026-07-30 13:50:23.203 [http-nio-8080-exec-7] DEBUG c.p.mapper.SysRoleMapper.selectById - <==      Total: 1
2026-07-30 13:50:23.203 [http-nio-8080-exec-7] DEBUG c.p.m.S.selectMenuByRoleId - ==>  Preparing: SELECT m.* FROM sys_menu m INNER JOIN sys_role_menu rm ON m.id = rm.menu_id WHERE rm.role_id = ?
2026-07-30 13:50:23.204 [http-nio-8080-exec-7] DEBUG c.p.m.S.selectMenuByRoleId - ==> Parameters: 2(Long)
2026-07-30 13:50:23.204 [http-nio-8080-exec-7] DEBUG c.p.m.S.selectMenuByRoleId - <==      Total: 1
2026-07-30 13:50:23.205 [http-nio-8080-exec-7] DEBUG o.s.security.web.FilterChainProxy - Secured GET /users
2026-07-30 13:50:23.211 [http-nio-8080-exec-7] WARN  c.p.exception.GlobalExceptionHandler - 权限不足: 权限不足
2026-07-30 13:50:34.557 [http-nio-8080-exec-8] DEBUG o.s.security.web.FilterChainProxy - Securing GET /menus/tree
2026-07-30 13:50:34.560 [http-nio-8080-exec-8] DEBUG c.p.mapper.SysUserMapper.selectList - ==>  Preparing: SELECT id,username,password,nickname,email,phone,status,create_time,update_time,version FROM sys_user WHERE (username = ?)
2026-07-30 13:50:34.560 [http-nio-8080-exec-8] DEBUG c.p.mapper.SysUserMapper.selectList - ==> Parameters: gugu(String)
2026-07-30 13:50:34.561 [http-nio-8080-exec-8] DEBUG c.p.mapper.SysUserMapper.selectList - <==      Total: 1
2026-07-30 13:50:34.561 [http-nio-8080-exec-8] DEBUG c.p.m.SysUserRoleMapper.selectList - ==>  Preparing: SELECT id,user_id,role_id FROM sys_user_role WHERE (user_id = ?)
2026-07-30 13:50:34.561 [http-nio-8080-exec-8] DEBUG c.p.m.SysUserRoleMapper.selectList - ==> Parameters: 11(Long)
2026-07-30 13:50:34.563 [http-nio-8080-exec-8] DEBUG c.p.m.SysUserRoleMapper.selectList - <==      Total: 1
2026-07-30 13:50:34.563 [http-nio-8080-exec-8] DEBUG c.p.mapper.SysRoleMapper.selectById - ==>  Preparing: SELECT id,name,code,description,status,create_time,update_time,version FROM sys_role WHERE id=?
2026-07-30 13:50:34.563 [http-nio-8080-exec-8] DEBUG c.p.mapper.SysRoleMapper.selectById - ==> Parameters: 2(Long)
2026-07-30 13:50:34.563 [http-nio-8080-exec-8] DEBUG c.p.mapper.SysRoleMapper.selectById - <==      Total: 1
2026-07-30 13:50:34.564 [http-nio-8080-exec-8] DEBUG c.p.m.S.selectMenuByRoleId - ==>  Preparing: SELECT m.* FROM sys_menu m INNER JOIN sys_role_menu rm ON m.id = rm.menu_id WHERE rm.role_id = ?
2026-07-30 13:50:34.564 [http-nio-8080-exec-8] DEBUG c.p.m.S.selectMenuByRoleId - ==> Parameters: 2(Long)
2026-07-30 13:50:34.564 [http-nio-8080-exec-8] DEBUG c.p.m.S.selectMenuByRoleId - <==      Total: 1
2026-07-30 13:50:34.565 [http-nio-8080-exec-8] DEBUG o.s.security.web.FilterChainProxy - Secured GET /menus/tree
2026-07-30 13:50:34.565 [http-nio-8080-exec-8] DEBUG c.p.mapper.SysMenuMapper.selectList - ==>  Preparing: SELECT id,parent_id,name,path,component,icon,permission,sort,type,status,create_time,update_time,version FROM sys_menu ORDER BY sort ASC
2026-07-30 13:50:34.566 [http-nio-8080-exec-8] DEBUG c.p.mapper.SysMenuMapper.selectList - ==> Parameters: 
2026-07-30 13:50:34.566 [http-nio-8080-exec-8] DEBUG c.p.mapper.SysMenuMapper.selectList - <==      Total: 20
2026-07-30 13:50:34.629 [http-nio-8080-exec-9] DEBUG o.s.security.web.FilterChainProxy - Securing GET /users
2026-07-30 13:50:34.630 [http-nio-8080-exec-9] DEBUG c.p.mapper.SysUserMapper.selectList - ==>  Preparing: SELECT id,username,password,nickname,email,phone,status,create_time,update_time,version FROM sys_user WHERE (username = ?)
2026-07-30 13:50:34.630 [http-nio-8080-exec-9] DEBUG c.p.mapper.SysUserMapper.selectList - ==> Parameters: gugu(String)
2026-07-30 13:50:34.631 [http-nio-8080-exec-9] DEBUG c.p.mapper.SysUserMapper.selectList - <==      Total: 1
2026-07-30 13:50:34.632 [http-nio-8080-exec-9] DEBUG c.p.m.SysUserRoleMapper.selectList - ==>  Preparing: SELECT id,user_id,role_id FROM sys_user_role WHERE (user_id = ?)
2026-07-30 13:50:34.632 [http-nio-8080-exec-9] DEBUG c.p.m.SysUserRoleMapper.selectList - ==> Parameters: 11(Long)
2026-07-30 13:50:34.633 [http-nio-8080-exec-9] DEBUG c.p.m.SysUserRoleMapper.selectList - <==      Total: 1
2026-07-30 13:50:34.633 [http-nio-8080-exec-9] DEBUG c.p.mapper.SysRoleMapper.selectById - ==>  Preparing: SELECT id,name,code,description,status,create_time,update_time,version FROM sys_role WHERE id=?
2026-07-30 13:50:34.633 [http-nio-8080-exec-9] DEBUG c.p.mapper.SysRoleMapper.selectById - ==> Parameters: 2(Long)
2026-07-30 13:50:34.634 [http-nio-8080-exec-9] DEBUG c.p.mapper.SysRoleMapper.selectById - <==      Total: 1
2026-07-30 13:50:34.634 [http-nio-8080-exec-9] DEBUG c.p.m.S.selectMenuByRoleId - ==>  Preparing: SELECT m.* FROM sys_menu m INNER JOIN sys_role_menu rm ON m.id = rm.menu_id WHERE rm.role_id = ?
2026-07-30 13:50:34.635 [http-nio-8080-exec-9] DEBUG c.p.m.S.selectMenuByRoleId - ==> Parameters: 2(Long)
2026-07-30 13:50:34.636 [http-nio-8080-exec-9] DEBUG c.p.m.S.selectMenuByRoleId - <==      Total: 1
2026-07-30 13:50:34.636 [http-nio-8080-exec-9] DEBUG o.s.security.web.FilterChainProxy - Secured GET /users
2026-07-30 13:50:34.636 [http-nio-8080-exec-9] WARN  c.p.exception.GlobalExceptionHandler - 权限不足: 权限不足
2026-07-30 13:53:35.481 [http-nio-8080-exec-10] DEBUG o.s.security.web.FilterChainProxy - Securing GET /menus/tree
2026-07-30 13:53:35.483 [http-nio-8080-exec-10] DEBUG c.p.mapper.SysUserMapper.selectList - ==>  Preparing: SELECT id,username,password,nickname,email,phone,status,create_time,update_time,version FROM sys_user WHERE (username = ?)
2026-07-30 13:53:35.483 [http-nio-8080-exec-10] DEBUG c.p.mapper.SysUserMapper.selectList - ==> Parameters: gugu(String)
2026-07-30 13:53:35.484 [http-nio-8080-exec-10] DEBUG c.p.mapper.SysUserMapper.selectList - <==      Total: 1
2026-07-30 13:53:35.486 [http-nio-8080-exec-10] DEBUG c.p.m.SysUserRoleMapper.selectList - ==>  Preparing: SELECT id,user_id,role_id FROM sys_user_role WHERE (user_id = ?)
2026-07-30 13:53:35.486 [http-nio-8080-exec-10] DEBUG c.p.m.SysUserRoleMapper.selectList - ==> Parameters: 11(Long)
2026-07-30 13:53:35.487 [http-nio-8080-exec-10] DEBUG c.p.m.SysUserRoleMapper.selectList - <==      Total: 1
2026-07-30 13:53:35.487 [http-nio-8080-exec-10] DEBUG c.p.mapper.SysRoleMapper.selectById - ==>  Preparing: SELECT id,name,code,description,status,create_time,update_time,version FROM sys_role WHERE id=?
2026-07-30 13:53:35.487 [http-nio-8080-exec-10] DEBUG c.p.mapper.SysRoleMapper.selectById - ==> Parameters: 2(Long)
2026-07-30 13:53:35.488 [http-nio-8080-exec-10] DEBUG c.p.mapper.SysRoleMapper.selectById - <==      Total: 1
2026-07-30 13:53:35.488 [http-nio-8080-exec-10] DEBUG c.p.m.S.selectMenuByRoleId - ==>  Preparing: SELECT m.* FROM sys_menu m INNER JOIN sys_role_menu rm ON m.id = rm.menu_id WHERE rm.role_id = ?
2026-07-30 13:53:35.488 [http-nio-8080-exec-10] DEBUG c.p.m.S.selectMenuByRoleId - ==> Parameters: 2(Long)
2026-07-30 13:53:35.490 [http-nio-8080-exec-10] DEBUG c.p.m.S.selectMenuByRoleId - <==      Total: 1
2026-07-30 13:53:35.490 [http-nio-8080-exec-10] DEBUG o.s.security.web.FilterChainProxy - Secured GET /menus/tree
2026-07-30 13:53:35.491 [http-nio-8080-exec-10] DEBUG c.p.mapper.SysMenuMapper.selectList - ==>  Preparing: SELECT id,parent_id,name,path,component,icon,permission,sort,type,status,create_time,update_time,version FROM sys_menu ORDER BY sort ASC
2026-07-30 13:53:35.491 [http-nio-8080-exec-10] DEBUG c.p.mapper.SysMenuMapper.selectList - ==> Parameters: 
2026-07-30 13:53:35.492 [http-nio-8080-exec-10] DEBUG c.p.mapper.SysMenuMapper.selectList - <==      Total: 20
2026-07-30 13:53:35.577 [http-nio-8080-exec-1] DEBUG o.s.security.web.FilterChainProxy - Securing GET /users
2026-07-30 13:53:35.577 [http-nio-8080-exec-1] DEBUG c.p.mapper.SysUserMapper.selectList - ==>  Preparing: SELECT id,username,password,nickname,email,phone,status,create_time,update_time,version FROM sys_user WHERE (username = ?)
2026-07-30 13:53:35.578 [http-nio-8080-exec-1] DEBUG c.p.mapper.SysUserMapper.selectList - ==> Parameters: gugu(String)
2026-07-30 13:53:35.578 [http-nio-8080-exec-1] DEBUG c.p.mapper.SysUserMapper.selectList - <==      Total: 1
2026-07-30 13:53:35.579 [http-nio-8080-exec-1] DEBUG c.p.m.SysUserRoleMapper.selectList - ==>  Preparing: SELECT id,user_id,role_id FROM sys_user_role WHERE (user_id = ?)
2026-07-30 13:53:35.579 [http-nio-8080-exec-1] DEBUG c.p.m.SysUserRoleMapper.selectList - ==> Parameters: 11(Long)
2026-07-30 13:53:35.580 [http-nio-8080-exec-1] DEBUG c.p.m.SysUserRoleMapper.selectList - <==      Total: 1
2026-07-30 13:53:35.580 [http-nio-8080-exec-1] DEBUG c.p.mapper.SysRoleMapper.selectById - ==>  Preparing: SELECT id,name,code,description,status,create_time,update_time,version FROM sys_role WHERE id=?
2026-07-30 13:53:35.580 [http-nio-8080-exec-1] DEBUG c.p.mapper.SysRoleMapper.selectById - ==> Parameters: 2(Long)
2026-07-30 13:53:35.581 [http-nio-8080-exec-1] DEBUG c.p.mapper.SysRoleMapper.selectById - <==      Total: 1
2026-07-30 13:53:35.581 [http-nio-8080-exec-1] DEBUG c.p.m.S.selectMenuByRoleId - ==>  Preparing: SELECT m.* FROM sys_menu m INNER JOIN sys_role_menu rm ON m.id = rm.menu_id WHERE rm.role_id = ?
2026-07-30 13:53:35.581 [http-nio-8080-exec-1] DEBUG c.p.m.S.selectMenuByRoleId - ==> Parameters: 2(Long)
2026-07-30 13:53:35.583 [http-nio-8080-exec-1] DEBUG c.p.m.S.selectMenuByRoleId - <==      Total: 1
2026-07-30 13:53:35.584 [http-nio-8080-exec-1] DEBUG o.s.security.web.FilterChainProxy - Secured GET /users
2026-07-30 13:53:35.585 [http-nio-8080-exec-1] WARN  c.p.exception.GlobalExceptionHandler - 权限不足: 权限不足
2026-07-30 13:57:33.359 [http-nio-8080-exec-2] DEBUG o.s.security.web.FilterChainProxy - Securing GET /menus/tree
2026-07-30 13:57:33.362 [http-nio-8080-exec-2] DEBUG c.p.mapper.SysUserMapper.selectList - ==>  Preparing: SELECT id,username,password,nickname,email,phone,status,create_time,update_time,version FROM sys_user WHERE (username = ?)
2026-07-30 13:57:33.363 [http-nio-8080-exec-2] DEBUG c.p.mapper.SysUserMapper.selectList - ==> Parameters: gugu(String)
2026-07-30 13:57:33.364 [http-nio-8080-exec-2] DEBUG c.p.mapper.SysUserMapper.selectList - <==      Total: 1
2026-07-30 13:57:33.364 [http-nio-8080-exec-2] DEBUG c.p.m.SysUserRoleMapper.selectList - ==>  Preparing: SELECT id,user_id,role_id FROM sys_user_role WHERE (user_id = ?)
2026-07-30 13:57:33.364 [http-nio-8080-exec-2] DEBUG c.p.m.SysUserRoleMapper.selectList - ==> Parameters: 11(Long)
2026-07-30 13:57:33.365 [http-nio-8080-exec-2] DEBUG c.p.m.SysUserRoleMapper.selectList - <==      Total: 1
2026-07-30 13:57:33.365 [http-nio-8080-exec-2] DEBUG c.p.mapper.SysRoleMapper.selectById - ==>  Preparing: SELECT id,name,code,description,status,create_time,update_time,version FROM sys_role WHERE id=?
2026-07-30 13:57:33.365 [http-nio-8080-exec-2] DEBUG c.p.mapper.SysRoleMapper.selectById - ==> Parameters: 2(Long)
2026-07-30 13:57:33.366 [http-nio-8080-exec-2] DEBUG c.p.mapper.SysRoleMapper.selectById - <==      Total: 1
2026-07-30 13:57:33.366 [http-nio-8080-exec-2] DEBUG c.p.m.S.selectMenuByRoleId - ==>  Preparing: SELECT m.* FROM sys_menu m INNER JOIN sys_role_menu rm ON m.id = rm.menu_id WHERE rm.role_id = ?
2026-07-30 13:57:33.366 [http-nio-8080-exec-2] DEBUG c.p.m.S.selectMenuByRoleId - ==> Parameters: 2(Long)
2026-07-30 13:57:33.367 [http-nio-8080-exec-2] DEBUG c.p.m.S.selectMenuByRoleId - <==      Total: 1
2026-07-30 13:57:33.368 [http-nio-8080-exec-2] DEBUG o.s.security.web.FilterChainProxy - Secured GET /menus/tree
2026-07-30 13:57:33.369 [http-nio-8080-exec-2] DEBUG c.p.mapper.SysMenuMapper.selectList - ==>  Preparing: SELECT id,parent_id,name,path,component,icon,permission,sort,type,status,create_time,update_time,version FROM sys_menu ORDER BY sort ASC
2026-07-30 13:57:33.369 [http-nio-8080-exec-2] DEBUG c.p.mapper.SysMenuMapper.selectList - ==> Parameters: 
2026-07-30 13:57:33.370 [http-nio-8080-exec-2] DEBUG c.p.mapper.SysMenuMapper.selectList - <==      Total: 20
2026-07-30 13:57:33.453 [http-nio-8080-exec-3] DEBUG o.s.security.web.FilterChainProxy - Securing GET /users
2026-07-30 13:57:33.455 [http-nio-8080-exec-3] DEBUG c.p.mapper.SysUserMapper.selectList - ==>  Preparing: SELECT id,username,password,nickname,email,phone,status,create_time,update_time,version FROM sys_user WHERE (username = ?)
2026-07-30 13:57:33.456 [http-nio-8080-exec-3] DEBUG c.p.mapper.SysUserMapper.selectList - ==> Parameters: gugu(String)
2026-07-30 13:57:33.456 [http-nio-8080-exec-3] DEBUG c.p.mapper.SysUserMapper.selectList - <==      Total: 1
2026-07-30 13:57:33.457 [http-nio-8080-exec-3] DEBUG c.p.m.SysUserRoleMapper.selectList - ==>  Preparing: SELECT id,user_id,role_id FROM sys_user_role WHERE (user_id = ?)
2026-07-30 13:57:33.457 [http-nio-8080-exec-3] DEBUG c.p.m.SysUserRoleMapper.selectList - ==> Parameters: 11(Long)
2026-07-30 13:57:33.458 [http-nio-8080-exec-3] DEBUG c.p.m.SysUserRoleMapper.selectList - <==      Total: 1
2026-07-30 13:57:33.458 [http-nio-8080-exec-3] DEBUG c.p.mapper.SysRoleMapper.selectById - ==>  Preparing: SELECT id,name,code,description,status,create_time,update_time,version FROM sys_role WHERE id=?
2026-07-30 13:57:33.459 [http-nio-8080-exec-3] DEBUG c.p.mapper.SysRoleMapper.selectById - ==> Parameters: 2(Long)
2026-07-30 13:57:33.459 [http-nio-8080-exec-3] DEBUG c.p.mapper.SysRoleMapper.selectById - <==      Total: 1
2026-07-30 13:57:33.459 [http-nio-8080-exec-3] DEBUG c.p.m.S.selectMenuByRoleId - ==>  Preparing: SELECT m.* FROM sys_menu m INNER JOIN sys_role_menu rm ON m.id = rm.menu_id WHERE rm.role_id = ?
2026-07-30 13:57:33.459 [http-nio-8080-exec-3] DEBUG c.p.m.S.selectMenuByRoleId - ==> Parameters: 2(Long)
2026-07-30 13:57:33.461 [http-nio-8080-exec-3] DEBUG c.p.m.S.selectMenuByRoleId - <==      Total: 1
2026-07-30 13:57:33.461 [http-nio-8080-exec-3] DEBUG o.s.security.web.FilterChainProxy - Secured GET /users
2026-07-30 13:57:33.462 [http-nio-8080-exec-3] WARN  c.p.exception.GlobalExceptionHandler - 权限不足: 权限不足
2026-07-30 14:00:28.115 [http-nio-8080-exec-4] DEBUG o.s.security.web.FilterChainProxy - Securing GET /menus/tree
2026-07-30 14:00:28.117 [http-nio-8080-exec-4] DEBUG c.p.mapper.SysUserMapper.selectList - ==>  Preparing: SELECT id,username,password,nickname,email,phone,status,create_time,update_time,version FROM sys_user WHERE (username = ?)
2026-07-30 14:00:28.118 [http-nio-8080-exec-4] DEBUG c.p.mapper.SysUserMapper.selectList - ==> Parameters: gugu(String)
2026-07-30 14:00:28.119 [http-nio-8080-exec-4] DEBUG c.p.mapper.SysUserMapper.selectList - <==      Total: 1
2026-07-30 14:00:28.119 [http-nio-8080-exec-4] DEBUG c.p.m.SysUserRoleMapper.selectList - ==>  Preparing: SELECT id,user_id,role_id FROM sys_user_role WHERE (user_id = ?)
2026-07-30 14:00:28.120 [http-nio-8080-exec-4] DEBUG c.p.m.SysUserRoleMapper.selectList - ==> Parameters: 11(Long)
2026-07-30 14:00:28.120 [http-nio-8080-exec-4] DEBUG c.p.m.SysUserRoleMapper.selectList - <==      Total: 1
2026-07-30 14:00:28.120 [http-nio-8080-exec-4] DEBUG c.p.mapper.SysRoleMapper.selectById - ==>  Preparing: SELECT id,name,code,description,status,create_time,update_time,version FROM sys_role WHERE id=?
2026-07-30 14:00:28.120 [http-nio-8080-exec-4] DEBUG c.p.mapper.SysRoleMapper.selectById - ==> Parameters: 2(Long)
2026-07-30 14:00:28.121 [http-nio-8080-exec-4] DEBUG c.p.mapper.SysRoleMapper.selectById - <==      Total: 1
2026-07-30 14:00:28.121 [http-nio-8080-exec-4] DEBUG c.p.m.S.selectMenuByRoleId - ==>  Preparing: SELECT m.* FROM sys_menu m INNER JOIN sys_role_menu rm ON m.id = rm.menu_id WHERE rm.role_id = ?
2026-07-30 14:00:28.121 [http-nio-8080-exec-4] DEBUG c.p.m.S.selectMenuByRoleId - ==> Parameters: 2(Long)
2026-07-30 14:00:28.121 [http-nio-8080-exec-4] DEBUG c.p.m.S.selectMenuByRoleId - <==      Total: 1
2026-07-30 14:00:28.123 [http-nio-8080-exec-4] DEBUG o.s.security.web.FilterChainProxy - Secured GET /menus/tree
2026-07-30 14:00:28.124 [http-nio-8080-exec-4] DEBUG c.p.mapper.SysMenuMapper.selectList - ==>  Preparing: SELECT id,parent_id,name,path,component,icon,permission,sort,type,status,create_time,update_time,version FROM sys_menu ORDER BY sort ASC
2026-07-30 14:00:28.124 [http-nio-8080-exec-4] DEBUG c.p.mapper.SysMenuMapper.selectList - ==> Parameters: 
2026-07-30 14:00:28.125 [http-nio-8080-exec-4] DEBUG c.p.mapper.SysMenuMapper.selectList - <==      Total: 20
2026-07-30 14:00:28.183 [http-nio-8080-exec-5] DEBUG o.s.security.web.FilterChainProxy - Securing GET /users
2026-07-30 14:00:28.186 [http-nio-8080-exec-5] DEBUG c.p.mapper.SysUserMapper.selectList - ==>  Preparing: SELECT id,username,password,nickname,email,phone,status,create_time,update_time,version FROM sys_user WHERE (username = ?)
2026-07-30 14:00:28.186 [http-nio-8080-exec-5] DEBUG c.p.mapper.SysUserMapper.selectList - ==> Parameters: gugu(String)
2026-07-30 14:00:28.187 [http-nio-8080-exec-5] DEBUG c.p.mapper.SysUserMapper.selectList - <==      Total: 1
2026-07-30 14:00:28.187 [http-nio-8080-exec-5] DEBUG c.p.m.SysUserRoleMapper.selectList - ==>  Preparing: SELECT id,user_id,role_id FROM sys_user_role WHERE (user_id = ?)
2026-07-30 14:00:28.188 [http-nio-8080-exec-5] DEBUG c.p.m.SysUserRoleMapper.selectList - ==> Parameters: 11(Long)
2026-07-30 14:00:28.189 [http-nio-8080-exec-5] DEBUG c.p.m.SysUserRoleMapper.selectList - <==      Total: 1
2026-07-30 14:00:28.190 [http-nio-8080-exec-5] DEBUG c.p.mapper.SysRoleMapper.selectById - ==>  Preparing: SELECT id,name,code,description,status,create_time,update_time,version FROM sys_role WHERE id=?
2026-07-30 14:00:28.190 [http-nio-8080-exec-5] DEBUG c.p.mapper.SysRoleMapper.selectById - ==> Parameters: 2(Long)
2026-07-30 14:00:28.191 [http-nio-8080-exec-5] DEBUG c.p.mapper.SysRoleMapper.selectById - <==      Total: 1
2026-07-30 14:00:28.191 [http-nio-8080-exec-5] DEBUG c.p.m.S.selectMenuByRoleId - ==>  Preparing: SELECT m.* FROM sys_menu m INNER JOIN sys_role_menu rm ON m.id = rm.menu_id WHERE rm.role_id = ?
2026-07-30 14:00:28.191 [http-nio-8080-exec-5] DEBUG c.p.m.S.selectMenuByRoleId - ==> Parameters: 2(Long)
2026-07-30 14:00:28.191 [http-nio-8080-exec-5] DEBUG c.p.m.S.selectMenuByRoleId - <==      Total: 1
2026-07-30 14:00:28.191 [http-nio-8080-exec-5] DEBUG o.s.security.web.FilterChainProxy - Secured GET /users
2026-07-30 14:00:28.191 [http-nio-8080-exec-5] WARN  c.p.exception.GlobalExceptionHandler - 权限不足: 权限不足
2026-07-30 14:03:09.975 [http-nio-8080-exec-6] DEBUG o.s.security.web.FilterChainProxy - Securing GET /menus/tree
2026-07-30 14:03:09.979 [http-nio-8080-exec-6] DEBUG c.p.mapper.SysUserMapper.selectList - ==>  Preparing: SELECT id,username,password,nickname,email,phone,status,create_time,update_time,version FROM sys_user WHERE (username = ?)
2026-07-30 14:03:09.979 [http-nio-8080-exec-6] DEBUG c.p.mapper.SysUserMapper.selectList - ==> Parameters: gugu(String)
2026-07-30 14:03:09.980 [http-nio-8080-exec-6] DEBUG c.p.mapper.SysUserMapper.selectList - <==      Total: 1
2026-07-30 14:03:09.981 [http-nio-8080-exec-6] DEBUG c.p.m.SysUserRoleMapper.selectList - ==>  Preparing: SELECT id,user_id,role_id FROM sys_user_role WHERE (user_id = ?)
2026-07-30 14:03:09.981 [http-nio-8080-exec-6] DEBUG c.p.m.SysUserRoleMapper.selectList - ==> Parameters: 11(Long)
2026-07-30 14:03:09.982 [http-nio-8080-exec-6] DEBUG c.p.m.SysUserRoleMapper.selectList - <==      Total: 1
2026-07-30 14:03:09.982 [http-nio-8080-exec-6] DEBUG c.p.mapper.SysRoleMapper.selectById - ==>  Preparing: SELECT id,name,code,description,status,create_time,update_time,version FROM sys_role WHERE id=?
2026-07-30 14:03:09.982 [http-nio-8080-exec-6] DEBUG c.p.mapper.SysRoleMapper.selectById - ==> Parameters: 2(Long)
2026-07-30 14:03:09.983 [http-nio-8080-exec-6] DEBUG c.p.mapper.SysRoleMapper.selectById - <==      Total: 1
2026-07-30 14:03:09.983 [http-nio-8080-exec-6] DEBUG c.p.m.S.selectMenuByRoleId - ==>  Preparing: SELECT m.* FROM sys_menu m INNER JOIN sys_role_menu rm ON m.id = rm.menu_id WHERE rm.role_id = ?
2026-07-30 14:03:09.983 [http-nio-8080-exec-6] DEBUG c.p.m.S.selectMenuByRoleId - ==> Parameters: 2(Long)
2026-07-30 14:03:09.984 [http-nio-8080-exec-6] DEBUG c.p.m.S.selectMenuByRoleId - <==      Total: 1
2026-07-30 14:03:09.984 [http-nio-8080-exec-6] DEBUG o.s.security.web.FilterChainProxy - Secured GET /menus/tree
2026-07-30 14:03:09.985 [http-nio-8080-exec-6] DEBUG c.p.mapper.SysMenuMapper.selectList - ==>  Preparing: SELECT id,parent_id,name,path,component,icon,permission,sort,type,status,create_time,update_time,version FROM sys_menu ORDER BY sort ASC
2026-07-30 14:03:09.985 [http-nio-8080-exec-6] DEBUG c.p.mapper.SysMenuMapper.selectList - ==> Parameters: 
2026-07-30 14:03:09.986 [http-nio-8080-exec-6] DEBUG c.p.mapper.SysMenuMapper.selectList - <==      Total: 20
2026-07-30 14:03:10.081 [http-nio-8080-exec-7] DEBUG o.s.security.web.FilterChainProxy - Securing GET /users
2026-07-30 14:03:10.083 [http-nio-8080-exec-7] DEBUG c.p.mapper.SysUserMapper.selectList - ==>  Preparing: SELECT id,username,password,nickname,email,phone,status,create_time,update_time,version FROM sys_user WHERE (username = ?)
2026-07-30 14:03:10.083 [http-nio-8080-exec-7] DEBUG c.p.mapper.SysUserMapper.selectList - ==> Parameters: gugu(String)
2026-07-30 14:03:10.084 [http-nio-8080-exec-7] DEBUG c.p.mapper.SysUserMapper.selectList - <==      Total: 1
2026-07-30 14:03:10.084 [http-nio-8080-exec-7] DEBUG c.p.m.SysUserRoleMapper.selectList - ==>  Preparing: SELECT id,user_id,role_id FROM sys_user_role WHERE (user_id = ?)
2026-07-30 14:03:10.085 [http-nio-8080-exec-7] DEBUG c.p.m.SysUserRoleMapper.selectList - ==> Parameters: 11(Long)
2026-07-30 14:03:10.086 [http-nio-8080-exec-7] DEBUG c.p.m.SysUserRoleMapper.selectList - <==      Total: 1
2026-07-30 14:03:10.086 [http-nio-8080-exec-7] DEBUG c.p.mapper.SysRoleMapper.selectById - ==>  Preparing: SELECT id,name,code,description,status,create_time,update_time,version FROM sys_role WHERE id=?
2026-07-30 14:03:10.086 [http-nio-8080-exec-7] DEBUG c.p.mapper.SysRoleMapper.selectById - ==> Parameters: 2(Long)
2026-07-30 14:03:10.088 [http-nio-8080-exec-7] DEBUG c.p.mapper.SysRoleMapper.selectById - <==      Total: 1
2026-07-30 14:03:10.089 [http-nio-8080-exec-7] DEBUG c.p.m.S.selectMenuByRoleId - ==>  Preparing: SELECT m.* FROM sys_menu m INNER JOIN sys_role_menu rm ON m.id = rm.menu_id WHERE rm.role_id = ?
2026-07-30 14:03:10.089 [http-nio-8080-exec-7] DEBUG c.p.m.S.selectMenuByRoleId - ==> Parameters: 2(Long)
2026-07-30 14:03:10.090 [http-nio-8080-exec-7] DEBUG c.p.m.S.selectMenuByRoleId - <==      Total: 1
2026-07-30 14:03:10.091 [http-nio-8080-exec-7] DEBUG o.s.security.web.FilterChainProxy - Secured GET /users
2026-07-30 14:03:10.091 [http-nio-8080-exec-7] WARN  c.p.exception.GlobalExceptionHandler - 权限不足: 权限不足
2026-07-30 14:03:13.229 [SpringApplicationShutdownHook] INFO  com.zaxxer.hikari.HikariDataSource - HikariPool-1 - Shutdown initiated...
2026-07-30 14:03:13.236 [SpringApplicationShutdownHook] INFO  com.zaxxer.hikari.HikariDataSource - HikariPool-1 - Shutdown completed.
2026-07-30 14:03:17.283 [background-preinit] INFO  o.h.validator.internal.util.Version - HV000001: Hibernate Validator 8.0.1.Final
2026-07-30 14:03:17.314 [main] INFO  com.pes.PesApplication - Starting PesApplication using Java 17.0.12 with PID 16132 (E:\PES\pes-java\target\classes started by ASUS in E:\PES)
2026-07-30 14:03:17.314 [main] DEBUG com.pes.PesApplication - Running with Spring Boot v3.2.0, Spring v6.1.1
2026-07-30 14:03:17.315 [main] INFO  com.pes.PesApplication - The following 1 profile is active: "dev"
2026-07-30 14:03:18.338 [main] INFO  o.s.b.w.e.tomcat.TomcatWebServer - Tomcat initialized with port 8080 (http)
2026-07-30 14:03:18.343 [main] INFO  o.a.coyote.http11.Http11NioProtocol - Initializing ProtocolHandler ["http-nio-8080"]
2026-07-30 14:03:18.344 [main] INFO  o.a.catalina.core.StandardService - Starting service [Tomcat]
2026-07-30 14:03:18.344 [main] INFO  o.a.catalina.core.StandardEngine - Starting Servlet engine: [Apache Tomcat/10.1.16]
2026-07-30 14:03:18.397 [main] INFO  o.a.c.c.C.[Tomcat].[localhost].[/] - Initializing Spring embedded WebApplicationContext
2026-07-30 14:03:18.398 [main] INFO  o.s.b.w.s.c.ServletWebServerApplicationContext - Root WebApplicationContext: initialization completed in 1051 ms
2026-07-30 14:03:18.519 [main] INFO  com.zaxxer.hikari.HikariDataSource - HikariPool-1 - Starting...
2026-07-30 14:03:18.725 [main] INFO  com.zaxxer.hikari.pool.HikariPool - HikariPool-1 - Added connection com.mysql.cj.jdbc.ConnectionImpl@2913ca3e
2026-07-30 14:03:18.727 [main] INFO  com.zaxxer.hikari.HikariDataSource - HikariPool-1 - Start completed.
2026-07-30 14:03:18.927 [main] DEBUG c.p.s.filter.JwtAuthenticationFilter - Filter 'jwtAuthenticationFilter' configured for use
2026-07-30 14:03:19.140 [main] INFO  com.pes.config.RedisConfig - Redis 连接成功: localhost:6379 (db:0)
2026-07-30 14:03:19.200 [main] INFO  com.pes.config.RedisConfig - RedisTemplate 初始化完成
2026-07-30 14:03:19.495 [main] INFO  com.pes.utils.CaptchaStore - 验证码存储: Redis 模式 (已连接:OK)
2026-07-30 14:03:19.818 [main] INFO  o.s.s.web.DefaultSecurityFilterChain - Will secure any request with [org.springframework.security.web.session.DisableEncodeUrlFilter@56d3af4d, org.springframework.security.web.context.request.async.WebAsyncManagerIntegrationFilter@43b7bd5a, org.springframework.security.web.context.SecurityContextHolderFilter@1f6ba47b, org.springframework.security.web.header.HeaderWriterFilter@7f49df25, org.springframework.web.filter.CorsFilter@154864f8, org.springframework.security.web.authentication.logout.LogoutFilter@209b4b35, com.pes.security.filter.JwtAuthenticationFilter@603d25db, org.springframework.security.web.savedrequest.RequestCacheAwareFilter@3ee2d546, org.springframework.security.web.servletapi.SecurityContextHolderAwareRequestFilter@58be583e, org.springframework.security.web.authentication.AnonymousAuthenticationFilter@37fd496a, org.springframework.security.web.session.SessionManagementFilter@2087c939, org.springframework.security.web.access.ExceptionTranslationFilter@eb1e868, org.springframework.security.web.access.intercept.AuthorizationFilter@27aa7294]
2026-07-30 14:03:19.996 [main] INFO  o.a.coyote.http11.Http11NioProtocol - Starting ProtocolHandler ["http-nio-8080"]
2026-07-30 14:03:20.005 [main] INFO  o.s.b.w.e.tomcat.TomcatWebServer - Tomcat started on port 8080 (http) with context path ''
2026-07-30 14:03:20.011 [main] INFO  com.pes.PesApplication - Started PesApplication in 3.135 seconds (process running for 3.712)
2026-07-30 14:03:20.012 [main] INFO  com.pes.config.DataInitializer - ========== 开始检查并初始化种子数据 ==========
2026-07-30 14:03:20.069 [main] DEBUG c.p.mapper.SysRoleMapper.selectCount - ==>  Preparing: SELECT COUNT( * ) AS total FROM sys_role
2026-07-30 14:03:20.080 [main] DEBUG c.p.mapper.SysRoleMapper.selectCount - ==> Parameters: 
2026-07-30 14:03:20.096 [main] DEBUG c.p.mapper.SysRoleMapper.selectCount - <==      Total: 1
2026-07-30 14:03:20.099 [main] INFO  com.pes.config.DataInitializer - 角色数据已存在，跳过初始化
2026-07-30 14:03:20.099 [main] DEBUG c.p.mapper.SysMenuMapper.selectCount - ==>  Preparing: SELECT COUNT( * ) AS total FROM sys_menu
2026-07-30 14:03:20.099 [main] DEBUG c.p.mapper.SysMenuMapper.selectCount - ==> Parameters: 
2026-07-30 14:03:20.100 [main] DEBUG c.p.mapper.SysMenuMapper.selectCount - <==      Total: 1
2026-07-30 14:03:20.101 [main] INFO  com.pes.config.DataInitializer - 菜单数据已存在，跳过初始化
2026-07-30 14:03:20.109 [main] DEBUG c.p.mapper.SysUserMapper.selectList - ==>  Preparing: SELECT id,username,password,nickname,email,phone,status,create_time,update_time,version FROM sys_user WHERE (username = ?)
2026-07-30 14:03:20.110 [main] DEBUG c.p.mapper.SysUserMapper.selectList - ==> Parameters: admin(String)
2026-07-30 14:03:20.113 [main] DEBUG c.p.mapper.SysUserMapper.selectList - <==      Total: 1
2026-07-30 14:03:20.113 [main] INFO  com.pes.config.DataInitializer - 管理员用户已存在，跳过创建
2026-07-30 14:03:20.114 [main] DEBUG c.p.m.SysUserRoleMapper.selectCount - ==>  Preparing: SELECT COUNT( * ) AS total FROM sys_user_role WHERE (user_id = ? AND role_id = ?)
2026-07-30 14:03:20.114 [main] DEBUG c.p.m.SysUserRoleMapper.selectCount - ==> Parameters: 1(Long), 1(Long)
2026-07-30 14:03:20.115 [main] DEBUG c.p.m.SysUserRoleMapper.selectCount - <==      Total: 1
2026-07-30 14:03:20.115 [main] DEBUG c.p.m.SysRoleMenuMapper.selectCount - ==>  Preparing: SELECT COUNT( * ) AS total FROM sys_role_menu
2026-07-30 14:03:20.116 [main] DEBUG c.p.m.SysRoleMenuMapper.selectCount - ==> Parameters: 
2026-07-30 14:03:20.117 [main] DEBUG c.p.m.SysRoleMenuMapper.selectCount - <==      Total: 1
2026-07-30 14:03:20.117 [main] INFO  com.pes.config.DataInitializer - 角色-菜单关联已存在，跳过初始化
2026-07-30 14:03:20.117 [main] INFO  com.pes.config.DataInitializer - ========== 种子数据初始化完成 ==========
2026-07-30 14:03:23.012 [http-nio-8080-exec-1] INFO  o.a.c.c.C.[Tomcat].[localhost].[/] - Initializing Spring DispatcherServlet 'dispatcherServlet'
2026-07-30 14:03:23.012 [http-nio-8080-exec-1] INFO  o.s.web.servlet.DispatcherServlet - Initializing Servlet 'dispatcherServlet'
2026-07-30 14:03:23.013 [http-nio-8080-exec-1] INFO  o.s.web.servlet.DispatcherServlet - Completed initialization in 1 ms
2026-07-30 14:03:23.018 [http-nio-8080-exec-1] DEBUG o.s.security.web.FilterChainProxy - Securing GET /menus/tree
2026-07-30 14:03:23.082 [http-nio-8080-exec-1] DEBUG c.p.mapper.SysUserMapper.selectList - ==>  Preparing: SELECT id,username,password,nickname,email,phone,status,create_time,update_time,version FROM sys_user WHERE (username = ?)
2026-07-30 14:03:23.082 [http-nio-8080-exec-1] DEBUG c.p.mapper.SysUserMapper.selectList - ==> Parameters: gugu(String)
2026-07-30 14:03:23.083 [http-nio-8080-exec-1] DEBUG c.p.mapper.SysUserMapper.selectList - <==      Total: 1
2026-07-30 14:03:23.084 [http-nio-8080-exec-1] DEBUG c.p.m.SysUserRoleMapper.selectList - ==>  Preparing: SELECT id,user_id,role_id FROM sys_user_role WHERE (user_id = ?)
2026-07-30 14:03:23.085 [http-nio-8080-exec-1] DEBUG c.p.m.SysUserRoleMapper.selectList - ==> Parameters: 11(Long)
2026-07-30 14:03:23.085 [http-nio-8080-exec-1] DEBUG c.p.m.SysUserRoleMapper.selectList - <==      Total: 1
2026-07-30 14:03:23.086 [http-nio-8080-exec-1] DEBUG c.p.mapper.SysRoleMapper.selectById - ==>  Preparing: SELECT id,name,code,description,status,create_time,update_time,version FROM sys_role WHERE id=?
2026-07-30 14:03:23.086 [http-nio-8080-exec-1] DEBUG c.p.mapper.SysRoleMapper.selectById - ==> Parameters: 2(Long)
2026-07-30 14:03:23.087 [http-nio-8080-exec-1] DEBUG c.p.mapper.SysRoleMapper.selectById - <==      Total: 1
2026-07-30 14:03:23.088 [http-nio-8080-exec-1] DEBUG c.p.m.S.selectMenuByRoleId - ==>  Preparing: SELECT m.* FROM sys_menu m INNER JOIN sys_role_menu rm ON m.id = rm.menu_id WHERE rm.role_id = ?
2026-07-30 14:03:23.088 [http-nio-8080-exec-1] DEBUG c.p.m.S.selectMenuByRoleId - ==> Parameters: 2(Long)
2026-07-30 14:03:23.089 [http-nio-8080-exec-1] DEBUG c.p.m.S.selectMenuByRoleId - <==      Total: 1
2026-07-30 14:03:23.100 [http-nio-8080-exec-1] DEBUG o.s.security.web.FilterChainProxy - Secured GET /menus/tree
2026-07-30 14:03:23.110 [http-nio-8080-exec-1] DEBUG c.p.mapper.SysMenuMapper.selectList - ==>  Preparing: SELECT id,parent_id,name,path,component,icon,permission,sort,type,status,create_time,update_time,version FROM sys_menu ORDER BY sort ASC
2026-07-30 14:03:23.110 [http-nio-8080-exec-1] DEBUG c.p.mapper.SysMenuMapper.selectList - ==> Parameters: 
2026-07-30 14:03:23.116 [http-nio-8080-exec-1] DEBUG c.p.mapper.SysMenuMapper.selectList - <==      Total: 21
2026-07-30 14:03:23.337 [http-nio-8080-exec-2] DEBUG o.s.security.web.FilterChainProxy - Securing GET /users
2026-07-30 14:03:23.341 [http-nio-8080-exec-2] DEBUG c.p.mapper.SysUserMapper.selectList - ==>  Preparing: SELECT id,username,password,nickname,email,phone,status,create_time,update_time,version FROM sys_user WHERE (username = ?)
2026-07-30 14:03:23.341 [http-nio-8080-exec-2] DEBUG c.p.mapper.SysUserMapper.selectList - ==> Parameters: gugu(String)
2026-07-30 14:03:23.343 [http-nio-8080-exec-2] DEBUG c.p.mapper.SysUserMapper.selectList - <==      Total: 1
2026-07-30 14:03:23.347 [http-nio-8080-exec-2] DEBUG c.p.m.SysUserRoleMapper.selectList - ==>  Preparing: SELECT id,user_id,role_id FROM sys_user_role WHERE (user_id = ?)
2026-07-30 14:03:23.347 [http-nio-8080-exec-2] DEBUG c.p.m.SysUserRoleMapper.selectList - ==> Parameters: 11(Long)
2026-07-30 14:03:23.349 [http-nio-8080-exec-2] DEBUG c.p.m.SysUserRoleMapper.selectList - <==      Total: 1
2026-07-30 14:03:23.351 [http-nio-8080-exec-2] DEBUG c.p.mapper.SysRoleMapper.selectById - ==>  Preparing: SELECT id,name,code,description,status,create_time,update_time,version FROM sys_role WHERE id=?
2026-07-30 14:03:23.353 [http-nio-8080-exec-2] DEBUG c.p.mapper.SysRoleMapper.selectById - ==> Parameters: 2(Long)
2026-07-30 14:03:23.353 [http-nio-8080-exec-2] DEBUG c.p.mapper.SysRoleMapper.selectById - <==      Total: 1
2026-07-30 14:03:23.356 [http-nio-8080-exec-2] DEBUG c.p.m.S.selectMenuByRoleId - ==>  Preparing: SELECT m.* FROM sys_menu m INNER JOIN sys_role_menu rm ON m.id = rm.menu_id WHERE rm.role_id = ?
2026-07-30 14:03:23.356 [http-nio-8080-exec-2] DEBUG c.p.m.S.selectMenuByRoleId - ==> Parameters: 2(Long)
2026-07-30 14:03:23.358 [http-nio-8080-exec-2] DEBUG c.p.m.S.selectMenuByRoleId - <==      Total: 1
2026-07-30 14:03:23.358 [http-nio-8080-exec-2] DEBUG o.s.security.web.FilterChainProxy - Secured GET /users
2026-07-30 14:03:23.378 [http-nio-8080-exec-2] WARN  c.p.exception.GlobalExceptionHandler - 权限不足: 权限不足
2026-07-30 14:03:23.564 [http-nio-8080-exec-3] DEBUG o.s.security.web.FilterChainProxy - Securing GET /menus/tree
2026-07-30 14:03:23.567 [http-nio-8080-exec-3] DEBUG c.p.mapper.SysUserMapper.selectList - ==>  Preparing: SELECT id,username,password,nickname,email,phone,status,create_time,update_time,version FROM sys_user WHERE (username = ?)
2026-07-30 14:03:23.567 [http-nio-8080-exec-3] DEBUG c.p.mapper.SysUserMapper.selectList - ==> Parameters: gugu(String)
2026-07-30 14:03:23.569 [http-nio-8080-exec-3] DEBUG c.p.mapper.SysUserMapper.selectList - <==      Total: 1
2026-07-30 14:03:23.572 [http-nio-8080-exec-3] DEBUG c.p.m.SysUserRoleMapper.selectList - ==>  Preparing: SELECT id,user_id,role_id FROM sys_user_role WHERE (user_id = ?)
2026-07-30 14:03:23.573 [http-nio-8080-exec-3] DEBUG c.p.m.SysUserRoleMapper.selectList - ==> Parameters: 11(Long)
2026-07-30 14:03:23.574 [http-nio-8080-exec-3] DEBUG c.p.m.SysUserRoleMapper.selectList - <==      Total: 1
2026-07-30 14:03:23.575 [http-nio-8080-exec-3] DEBUG c.p.mapper.SysRoleMapper.selectById - ==>  Preparing: SELECT id,name,code,description,status,create_time,update_time,version FROM sys_role WHERE id=?
2026-07-30 14:03:23.575 [http-nio-8080-exec-3] DEBUG c.p.mapper.SysRoleMapper.selectById - ==> Parameters: 2(Long)
2026-07-30 14:03:23.577 [http-nio-8080-exec-3] DEBUG c.p.mapper.SysRoleMapper.selectById - <==      Total: 1
2026-07-30 14:03:23.578 [http-nio-8080-exec-3] DEBUG c.p.m.S.selectMenuByRoleId - ==>  Preparing: SELECT m.* FROM sys_menu m INNER JOIN sys_role_menu rm ON m.id = rm.menu_id WHERE rm.role_id = ?
2026-07-30 14:03:23.578 [http-nio-8080-exec-3] DEBUG c.p.m.S.selectMenuByRoleId - ==> Parameters: 2(Long)
2026-07-30 14:03:23.579 [http-nio-8080-exec-3] DEBUG c.p.m.S.selectMenuByRoleId - <==      Total: 1
2026-07-30 14:03:23.580 [http-nio-8080-exec-3] DEBUG o.s.security.web.FilterChainProxy - Secured GET /menus/tree
2026-07-30 14:03:23.582 [http-nio-8080-exec-3] DEBUG c.p.mapper.SysMenuMapper.selectList - ==>  Preparing: SELECT id,parent_id,name,path,component,icon,permission,sort,type,status,create_time,update_time,version FROM sys_menu ORDER BY sort ASC
2026-07-30 14:03:23.582 [http-nio-8080-exec-3] DEBUG c.p.mapper.SysMenuMapper.selectList - ==> Parameters: 
2026-07-30 14:03:23.585 [http-nio-8080-exec-3] DEBUG c.p.mapper.SysMenuMapper.selectList - <==      Total: 21
2026-07-30 14:03:23.759 [http-nio-8080-exec-4] DEBUG o.s.security.web.FilterChainProxy - Securing GET /dashboard/stats
2026-07-30 14:03:23.761 [http-nio-8080-exec-4] DEBUG c.p.mapper.SysUserMapper.selectList - ==>  Preparing: SELECT id,username,password,nickname,email,phone,status,create_time,update_time,version FROM sys_user WHERE (username = ?)
2026-07-30 14:03:23.761 [http-nio-8080-exec-4] DEBUG c.p.mapper.SysUserMapper.selectList - ==> Parameters: gugu(String)
2026-07-30 14:03:23.763 [http-nio-8080-exec-4] DEBUG c.p.mapper.SysUserMapper.selectList - <==      Total: 1
2026-07-30 14:03:23.764 [http-nio-8080-exec-4] DEBUG c.p.m.SysUserRoleMapper.selectList - ==>  Preparing: SELECT id,user_id,role_id FROM sys_user_role WHERE (user_id = ?)
2026-07-30 14:03:23.764 [http-nio-8080-exec-4] DEBUG c.p.m.SysUserRoleMapper.selectList - ==> Parameters: 11(Long)
2026-07-30 14:03:23.766 [http-nio-8080-exec-4] DEBUG c.p.m.SysUserRoleMapper.selectList - <==      Total: 1
2026-07-30 14:03:23.766 [http-nio-8080-exec-4] DEBUG c.p.mapper.SysRoleMapper.selectById - ==>  Preparing: SELECT id,name,code,description,status,create_time,update_time,version FROM sys_role WHERE id=?
2026-07-30 14:03:23.767 [http-nio-8080-exec-4] DEBUG c.p.mapper.SysRoleMapper.selectById - ==> Parameters: 2(Long)
2026-07-30 14:03:23.769 [http-nio-8080-exec-4] DEBUG c.p.mapper.SysRoleMapper.selectById - <==      Total: 1
2026-07-30 14:03:23.770 [http-nio-8080-exec-4] DEBUG c.p.m.S.selectMenuByRoleId - ==>  Preparing: SELECT m.* FROM sys_menu m INNER JOIN sys_role_menu rm ON m.id = rm.menu_id WHERE rm.role_id = ?
2026-07-30 14:03:23.770 [http-nio-8080-exec-4] DEBUG c.p.m.S.selectMenuByRoleId - ==> Parameters: 2(Long)
2026-07-30 14:03:23.772 [http-nio-8080-exec-4] DEBUG c.p.m.S.selectMenuByRoleId - <==      Total: 1
2026-07-30 14:03:23.773 [http-nio-8080-exec-4] DEBUG o.s.security.web.FilterChainProxy - Secured GET /dashboard/stats
2026-07-30 14:03:23.774 [http-nio-8080-exec-4] DEBUG c.p.mapper.SysUserMapper.selectCount - ==>  Preparing: SELECT COUNT( * ) AS total FROM sys_user
2026-07-30 14:03:23.774 [http-nio-8080-exec-4] DEBUG c.p.mapper.SysUserMapper.selectCount - ==> Parameters: 
2026-07-30 14:03:23.776 [http-nio-8080-exec-4] DEBUG c.p.mapper.SysUserMapper.selectCount - <==      Total: 1
2026-07-30 14:03:23.776 [http-nio-8080-exec-4] DEBUG c.p.mapper.SysRoleMapper.selectCount - ==>  Preparing: SELECT COUNT( * ) AS total FROM sys_role
2026-07-30 14:03:23.776 [http-nio-8080-exec-4] DEBUG c.p.mapper.SysRoleMapper.selectCount - ==> Parameters: 
2026-07-30 14:03:23.779 [http-nio-8080-exec-4] DEBUG c.p.mapper.SysRoleMapper.selectCount - <==      Total: 1
2026-07-30 14:03:23.780 [http-nio-8080-exec-4] DEBUG c.p.mapper.SysMenuMapper.selectCount - ==>  Preparing: SELECT COUNT( * ) AS total FROM sys_menu
2026-07-30 14:03:23.780 [http-nio-8080-exec-4] DEBUG c.p.mapper.SysMenuMapper.selectCount - ==> Parameters: 
2026-07-30 14:03:23.784 [http-nio-8080-exec-4] DEBUG c.p.mapper.SysMenuMapper.selectCount - <==      Total: 1
2026-07-30 14:03:32.239 [http-nio-8080-exec-5] DEBUG o.s.security.web.FilterChainProxy - Securing GET /users
2026-07-30 14:03:32.244 [http-nio-8080-exec-5] DEBUG c.p.mapper.SysUserMapper.selectList - ==>  Preparing: SELECT id,username,password,nickname,email,phone,status,create_time,update_time,version FROM sys_user WHERE (username = ?)
2026-07-30 14:03:32.245 [http-nio-8080-exec-5] DEBUG c.p.mapper.SysUserMapper.selectList - ==> Parameters: gugu(String)
2026-07-30 14:03:32.245 [http-nio-8080-exec-5] DEBUG c.p.mapper.SysUserMapper.selectList - <==      Total: 1
2026-07-30 14:03:32.245 [http-nio-8080-exec-5] DEBUG c.p.m.SysUserRoleMapper.selectList - ==>  Preparing: SELECT id,user_id,role_id FROM sys_user_role WHERE (user_id = ?)
2026-07-30 14:03:32.245 [http-nio-8080-exec-5] DEBUG c.p.m.SysUserRoleMapper.selectList - ==> Parameters: 11(Long)
2026-07-30 14:03:32.247 [http-nio-8080-exec-5] DEBUG c.p.m.SysUserRoleMapper.selectList - <==      Total: 1
2026-07-30 14:03:32.248 [http-nio-8080-exec-5] DEBUG c.p.mapper.SysRoleMapper.selectById - ==>  Preparing: SELECT id,name,code,description,status,create_time,update_time,version FROM sys_role WHERE id=?
2026-07-30 14:03:32.248 [http-nio-8080-exec-5] DEBUG c.p.mapper.SysRoleMapper.selectById - ==> Parameters: 2(Long)
2026-07-30 14:03:32.250 [http-nio-8080-exec-5] DEBUG c.p.mapper.SysRoleMapper.selectById - <==      Total: 1
2026-07-30 14:03:32.250 [http-nio-8080-exec-5] DEBUG c.p.m.S.selectMenuByRoleId - ==>  Preparing: SELECT m.* FROM sys_menu m INNER JOIN sys_role_menu rm ON m.id = rm.menu_id WHERE rm.role_id = ?
2026-07-30 14:03:32.250 [http-nio-8080-exec-5] DEBUG c.p.m.S.selectMenuByRoleId - ==> Parameters: 2(Long)
2026-07-30 14:03:32.250 [http-nio-8080-exec-5] DEBUG c.p.m.S.selectMenuByRoleId - <==      Total: 1
2026-07-30 14:03:32.250 [http-nio-8080-exec-5] DEBUG o.s.security.web.FilterChainProxy - Secured GET /users
2026-07-30 14:03:32.250 [http-nio-8080-exec-5] WARN  c.p.exception.GlobalExceptionHandler - 权限不足: 权限不足
2026-07-30 14:03:37.429 [http-nio-8080-exec-6] DEBUG o.s.security.web.FilterChainProxy - Securing GET /roles
2026-07-30 14:03:37.432 [http-nio-8080-exec-6] DEBUG c.p.mapper.SysUserMapper.selectList - ==>  Preparing: SELECT id,username,password,nickname,email,phone,status,create_time,update_time,version FROM sys_user WHERE (username = ?)
2026-07-30 14:03:37.432 [http-nio-8080-exec-6] DEBUG c.p.mapper.SysUserMapper.selectList - ==> Parameters: gugu(String)
2026-07-30 14:03:37.433 [http-nio-8080-exec-6] DEBUG c.p.mapper.SysUserMapper.selectList - <==      Total: 1
2026-07-30 14:03:37.435 [http-nio-8080-exec-6] DEBUG c.p.m.SysUserRoleMapper.selectList - ==>  Preparing: SELECT id,user_id,role_id FROM sys_user_role WHERE (user_id = ?)
2026-07-30 14:03:37.435 [http-nio-8080-exec-6] DEBUG c.p.m.SysUserRoleMapper.selectList - ==> Parameters: 11(Long)
2026-07-30 14:03:37.436 [http-nio-8080-exec-6] DEBUG c.p.m.SysUserRoleMapper.selectList - <==      Total: 1
2026-07-30 14:03:37.437 [http-nio-8080-exec-6] DEBUG c.p.mapper.SysRoleMapper.selectById - ==>  Preparing: SELECT id,name,code,description,status,create_time,update_time,version FROM sys_role WHERE id=?
2026-07-30 14:03:37.437 [http-nio-8080-exec-6] DEBUG c.p.mapper.SysRoleMapper.selectById - ==> Parameters: 2(Long)
2026-07-30 14:03:37.437 [http-nio-8080-exec-6] DEBUG c.p.mapper.SysRoleMapper.selectById - <==      Total: 1
2026-07-30 14:03:37.437 [http-nio-8080-exec-6] DEBUG c.p.m.S.selectMenuByRoleId - ==>  Preparing: SELECT m.* FROM sys_menu m INNER JOIN sys_role_menu rm ON m.id = rm.menu_id WHERE rm.role_id = ?
2026-07-30 14:03:37.438 [http-nio-8080-exec-6] DEBUG c.p.m.S.selectMenuByRoleId - ==> Parameters: 2(Long)
2026-07-30 14:03:37.438 [http-nio-8080-exec-6] DEBUG c.p.m.S.selectMenuByRoleId - <==      Total: 1
2026-07-30 14:03:37.439 [http-nio-8080-exec-6] DEBUG o.s.security.web.FilterChainProxy - Secured GET /roles
2026-07-30 14:03:37.440 [http-nio-8080-exec-6] WARN  c.p.exception.GlobalExceptionHandler - 权限不足: 权限不足
2026-07-30 14:03:40.482 [http-nio-8080-exec-7] DEBUG o.s.security.web.FilterChainProxy - Securing GET /menus/tree
2026-07-30 14:03:40.484 [http-nio-8080-exec-7] DEBUG c.p.mapper.SysUserMapper.selectList - ==>  Preparing: SELECT id,username,password,nickname,email,phone,status,create_time,update_time,version FROM sys_user WHERE (username = ?)
2026-07-30 14:03:40.486 [http-nio-8080-exec-7] DEBUG c.p.mapper.SysUserMapper.selectList - ==> Parameters: gugu(String)
2026-07-30 14:03:40.487 [http-nio-8080-exec-7] DEBUG c.p.mapper.SysUserMapper.selectList - <==      Total: 1
2026-07-30 14:03:40.488 [http-nio-8080-exec-7] DEBUG c.p.m.SysUserRoleMapper.selectList - ==>  Preparing: SELECT id,user_id,role_id FROM sys_user_role WHERE (user_id = ?)
2026-07-30 14:03:40.488 [http-nio-8080-exec-7] DEBUG c.p.m.SysUserRoleMapper.selectList - ==> Parameters: 11(Long)
2026-07-30 14:03:40.489 [http-nio-8080-exec-7] DEBUG c.p.m.SysUserRoleMapper.selectList - <==      Total: 1
2026-07-30 14:03:40.489 [http-nio-8080-exec-7] DEBUG c.p.mapper.SysRoleMapper.selectById - ==>  Preparing: SELECT id,name,code,description,status,create_time,update_time,version FROM sys_role WHERE id=?
2026-07-30 14:03:40.491 [http-nio-8080-exec-7] DEBUG c.p.mapper.SysRoleMapper.selectById - ==> Parameters: 2(Long)
2026-07-30 14:03:40.491 [http-nio-8080-exec-7] DEBUG c.p.mapper.SysRoleMapper.selectById - <==      Total: 1
2026-07-30 14:03:40.491 [http-nio-8080-exec-7] DEBUG c.p.m.S.selectMenuByRoleId - ==>  Preparing: SELECT m.* FROM sys_menu m INNER JOIN sys_role_menu rm ON m.id = rm.menu_id WHERE rm.role_id = ?
2026-07-30 14:03:40.491 [http-nio-8080-exec-7] DEBUG c.p.m.S.selectMenuByRoleId - ==> Parameters: 2(Long)
2026-07-30 14:03:40.491 [http-nio-8080-exec-7] DEBUG c.p.m.S.selectMenuByRoleId - <==      Total: 1
2026-07-30 14:03:40.491 [http-nio-8080-exec-7] DEBUG o.s.security.web.FilterChainProxy - Secured GET /menus/tree
2026-07-30 14:03:40.491 [http-nio-8080-exec-7] DEBUG c.p.mapper.SysMenuMapper.selectList - ==>  Preparing: SELECT id,parent_id,name,path,component,icon,permission,sort,type,status,create_time,update_time,version FROM sys_menu ORDER BY sort ASC
2026-07-30 14:03:40.491 [http-nio-8080-exec-7] DEBUG c.p.mapper.SysMenuMapper.selectList - ==> Parameters: 
2026-07-30 14:03:40.499 [http-nio-8080-exec-7] DEBUG c.p.mapper.SysMenuMapper.selectList - <==      Total: 21
2026-07-30 14:03:47.079 [http-nio-8080-exec-10] DEBUG o.s.security.web.FilterChainProxy - Securing GET /dashboard/stats
2026-07-30 14:03:47.083 [http-nio-8080-exec-10] DEBUG c.p.mapper.SysUserMapper.selectList - ==>  Preparing: SELECT id,username,password,nickname,email,phone,status,create_time,update_time,version FROM sys_user WHERE (username = ?)
2026-07-30 14:03:47.084 [http-nio-8080-exec-10] DEBUG c.p.mapper.SysUserMapper.selectList - ==> Parameters: gugu(String)
2026-07-30 14:03:47.085 [http-nio-8080-exec-10] DEBUG c.p.mapper.SysUserMapper.selectList - <==      Total: 1
2026-07-30 14:03:47.085 [http-nio-8080-exec-10] DEBUG c.p.m.SysUserRoleMapper.selectList - ==>  Preparing: SELECT id,user_id,role_id FROM sys_user_role WHERE (user_id = ?)
2026-07-30 14:03:47.085 [http-nio-8080-exec-10] DEBUG c.p.m.SysUserRoleMapper.selectList - ==> Parameters: 11(Long)
2026-07-30 14:03:47.086 [http-nio-8080-exec-10] DEBUG c.p.m.SysUserRoleMapper.selectList - <==      Total: 1
2026-07-30 14:03:47.087 [http-nio-8080-exec-10] DEBUG c.p.mapper.SysRoleMapper.selectById - ==>  Preparing: SELECT id,name,code,description,status,create_time,update_time,version FROM sys_role WHERE id=?
2026-07-30 14:03:47.087 [http-nio-8080-exec-10] DEBUG c.p.mapper.SysRoleMapper.selectById - ==> Parameters: 2(Long)
2026-07-30 14:03:47.087 [http-nio-8080-exec-10] DEBUG c.p.mapper.SysRoleMapper.selectById - <==      Total: 1
2026-07-30 14:03:47.087 [http-nio-8080-exec-10] DEBUG c.p.m.S.selectMenuByRoleId - ==>  Preparing: SELECT m.* FROM sys_menu m INNER JOIN sys_role_menu rm ON m.id = rm.menu_id WHERE rm.role_id = ?
2026-07-30 14:03:47.089 [http-nio-8080-exec-10] DEBUG c.p.m.S.selectMenuByRoleId - ==> Parameters: 2(Long)
2026-07-30 14:03:47.089 [http-nio-8080-exec-10] DEBUG c.p.m.S.selectMenuByRoleId - <==      Total: 1
2026-07-30 14:03:47.090 [http-nio-8080-exec-10] DEBUG o.s.security.web.FilterChainProxy - Secured GET /dashboard/stats
2026-07-30 14:03:47.091 [http-nio-8080-exec-10] DEBUG c.p.mapper.SysUserMapper.selectCount - ==>  Preparing: SELECT COUNT( * ) AS total FROM sys_user
2026-07-30 14:03:47.091 [http-nio-8080-exec-10] DEBUG c.p.mapper.SysUserMapper.selectCount - ==> Parameters: 
2026-07-30 14:03:47.094 [http-nio-8080-exec-10] DEBUG c.p.mapper.SysUserMapper.selectCount - <==      Total: 1
2026-07-30 14:03:47.094 [http-nio-8080-exec-10] DEBUG c.p.mapper.SysRoleMapper.selectCount - ==>  Preparing: SELECT COUNT( * ) AS total FROM sys_role
2026-07-30 14:03:47.094 [http-nio-8080-exec-10] DEBUG c.p.mapper.SysRoleMapper.selectCount - ==> Parameters: 
2026-07-30 14:03:47.094 [http-nio-8080-exec-10] DEBUG c.p.mapper.SysRoleMapper.selectCount - <==      Total: 1
2026-07-30 14:03:47.097 [http-nio-8080-exec-10] DEBUG c.p.mapper.SysMenuMapper.selectCount - ==>  Preparing: SELECT COUNT( * ) AS total FROM sys_menu
2026-07-30 14:03:47.097 [http-nio-8080-exec-10] DEBUG c.p.mapper.SysMenuMapper.selectCount - ==> Parameters: 
2026-07-30 14:03:47.097 [http-nio-8080-exec-10] DEBUG c.p.mapper.SysMenuMapper.selectCount - <==      Total: 1
2026-07-30 14:06:39.501 [http-nio-8080-exec-9] DEBUG o.s.security.web.FilterChainProxy - Securing GET /dashboard/stats
2026-07-30 14:06:39.503 [http-nio-8080-exec-9] DEBUG c.p.mapper.SysUserMapper.selectList - ==>  Preparing: SELECT id,username,password,nickname,email,phone,status,create_time,update_time,version FROM sys_user WHERE (username = ?)
2026-07-30 14:06:39.503 [http-nio-8080-exec-9] DEBUG c.p.mapper.SysUserMapper.selectList - ==> Parameters: gugu(String)
2026-07-30 14:06:39.504 [http-nio-8080-exec-9] DEBUG c.p.mapper.SysUserMapper.selectList - <==      Total: 1
2026-07-30 14:06:39.505 [http-nio-8080-exec-9] DEBUG c.p.m.SysUserRoleMapper.selectList - ==>  Preparing: SELECT id,user_id,role_id FROM sys_user_role WHERE (user_id = ?)
2026-07-30 14:06:39.505 [http-nio-8080-exec-9] DEBUG c.p.m.SysUserRoleMapper.selectList - ==> Parameters: 11(Long)
2026-07-30 14:06:39.505 [http-nio-8080-exec-9] DEBUG c.p.m.SysUserRoleMapper.selectList - <==      Total: 1
2026-07-30 14:06:39.506 [http-nio-8080-exec-9] DEBUG c.p.mapper.SysRoleMapper.selectById - ==>  Preparing: SELECT id,name,code,description,status,create_time,update_time,version FROM sys_role WHERE id=?
2026-07-30 14:06:39.506 [http-nio-8080-exec-9] DEBUG c.p.mapper.SysRoleMapper.selectById - ==> Parameters: 2(Long)
2026-07-30 14:06:39.506 [http-nio-8080-exec-9] DEBUG c.p.mapper.SysRoleMapper.selectById - <==      Total: 1
2026-07-30 14:06:39.508 [http-nio-8080-exec-9] DEBUG c.p.m.S.selectMenuByRoleId - ==>  Preparing: SELECT m.* FROM sys_menu m INNER JOIN sys_role_menu rm ON m.id = rm.menu_id WHERE rm.role_id = ?
2026-07-30 14:06:39.508 [http-nio-8080-exec-9] DEBUG c.p.m.S.selectMenuByRoleId - ==> Parameters: 2(Long)
2026-07-30 14:06:39.508 [http-nio-8080-exec-9] DEBUG c.p.m.S.selectMenuByRoleId - <==      Total: 1
2026-07-30 14:06:39.509 [http-nio-8080-exec-9] DEBUG o.s.security.web.FilterChainProxy - Secured GET /dashboard/stats
2026-07-30 14:06:39.509 [http-nio-8080-exec-9] DEBUG c.p.mapper.SysUserMapper.selectCount - ==>  Preparing: SELECT COUNT( * ) AS total FROM sys_user
2026-07-30 14:06:39.509 [http-nio-8080-exec-9] DEBUG c.p.mapper.SysUserMapper.selectCount - ==> Parameters: 
2026-07-30 14:06:39.510 [http-nio-8080-exec-9] DEBUG c.p.mapper.SysUserMapper.selectCount - <==      Total: 1
2026-07-30 14:06:39.511 [http-nio-8080-exec-9] DEBUG c.p.mapper.SysRoleMapper.selectCount - ==>  Preparing: SELECT COUNT( * ) AS total FROM sys_role
2026-07-30 14:06:39.511 [http-nio-8080-exec-9] DEBUG c.p.mapper.SysRoleMapper.selectCount - ==> Parameters: 
2026-07-30 14:06:39.512 [http-nio-8080-exec-9] DEBUG c.p.mapper.SysRoleMapper.selectCount - <==      Total: 1
2026-07-30 14:06:39.512 [http-nio-8080-exec-9] DEBUG c.p.mapper.SysMenuMapper.selectCount - ==>  Preparing: SELECT COUNT( * ) AS total FROM sys_menu
2026-07-30 14:06:39.512 [http-nio-8080-exec-9] DEBUG c.p.mapper.SysMenuMapper.selectCount - ==> Parameters: 
2026-07-30 14:06:39.513 [http-nio-8080-exec-9] DEBUG c.p.mapper.SysMenuMapper.selectCount - <==      Total: 1
2026-07-30 14:07:45.486 [http-nio-8080-exec-8] DEBUG o.s.security.web.FilterChainProxy - Securing GET /menus/tree
2026-07-30 14:07:45.489 [http-nio-8080-exec-8] DEBUG c.p.mapper.SysUserMapper.selectList - ==>  Preparing: SELECT id,username,password,nickname,email,phone,status,create_time,update_time,version FROM sys_user WHERE (username = ?)
2026-07-30 14:07:45.489 [http-nio-8080-exec-8] DEBUG c.p.mapper.SysUserMapper.selectList - ==> Parameters: gugu(String)
2026-07-30 14:07:45.491 [http-nio-8080-exec-8] DEBUG c.p.mapper.SysUserMapper.selectList - <==      Total: 1
2026-07-30 14:07:45.492 [http-nio-8080-exec-8] DEBUG c.p.m.SysUserRoleMapper.selectList - ==>  Preparing: SELECT id,user_id,role_id FROM sys_user_role WHERE (user_id = ?)
2026-07-30 14:07:45.492 [http-nio-8080-exec-8] DEBUG c.p.m.SysUserRoleMapper.selectList - ==> Parameters: 11(Long)
2026-07-30 14:07:45.493 [http-nio-8080-exec-8] DEBUG c.p.m.SysUserRoleMapper.selectList - <==      Total: 1
2026-07-30 14:07:45.494 [http-nio-8080-exec-8] DEBUG c.p.mapper.SysRoleMapper.selectById - ==>  Preparing: SELECT id,name,code,description,status,create_time,update_time,version FROM sys_role WHERE id=?
2026-07-30 14:07:45.494 [http-nio-8080-exec-8] DEBUG c.p.mapper.SysRoleMapper.selectById - ==> Parameters: 2(Long)
2026-07-30 14:07:45.496 [http-nio-8080-exec-8] DEBUG c.p.mapper.SysRoleMapper.selectById - <==      Total: 1
2026-07-30 14:07:45.496 [http-nio-8080-exec-8] DEBUG c.p.m.S.selectMenuByRoleId - ==>  Preparing: SELECT m.* FROM sys_menu m INNER JOIN sys_role_menu rm ON m.id = rm.menu_id WHERE rm.role_id = ?
2026-07-30 14:07:45.497 [http-nio-8080-exec-8] DEBUG c.p.m.S.selectMenuByRoleId - ==> Parameters: 2(Long)
2026-07-30 14:07:45.498 [http-nio-8080-exec-8] DEBUG c.p.m.S.selectMenuByRoleId - <==      Total: 1
2026-07-30 14:07:45.499 [http-nio-8080-exec-8] DEBUG o.s.security.web.FilterChainProxy - Secured GET /menus/tree
2026-07-30 14:07:45.500 [http-nio-8080-exec-8] DEBUG c.p.mapper.SysMenuMapper.selectList - ==>  Preparing: SELECT id,parent_id,name,path,component,icon,permission,sort,type,status,create_time,update_time,version FROM sys_menu ORDER BY sort ASC
2026-07-30 14:07:45.500 [http-nio-8080-exec-8] DEBUG c.p.mapper.SysMenuMapper.selectList - ==> Parameters: 
2026-07-30 14:07:45.502 [http-nio-8080-exec-8] DEBUG c.p.mapper.SysMenuMapper.selectList - <==      Total: 21
2026-07-30 14:07:45.558 [http-nio-8080-exec-1] DEBUG o.s.security.web.FilterChainProxy - Securing GET /dashboard/stats
2026-07-30 14:07:45.560 [http-nio-8080-exec-1] DEBUG c.p.mapper.SysUserMapper.selectList - ==>  Preparing: SELECT id,username,password,nickname,email,phone,status,create_time,update_time,version FROM sys_user WHERE (username = ?)
2026-07-30 14:07:45.561 [http-nio-8080-exec-1] DEBUG c.p.mapper.SysUserMapper.selectList - ==> Parameters: gugu(String)
2026-07-30 14:07:45.562 [http-nio-8080-exec-1] DEBUG c.p.mapper.SysUserMapper.selectList - <==      Total: 1
2026-07-30 14:07:45.565 [http-nio-8080-exec-1] DEBUG c.p.m.SysUserRoleMapper.selectList - ==>  Preparing: SELECT id,user_id,role_id FROM sys_user_role WHERE (user_id = ?)
2026-07-30 14:07:45.565 [http-nio-8080-exec-1] DEBUG c.p.m.SysUserRoleMapper.selectList - ==> Parameters: 11(Long)
2026-07-30 14:07:45.565 [http-nio-8080-exec-1] DEBUG c.p.m.SysUserRoleMapper.selectList - <==      Total: 1
2026-07-30 14:07:45.565 [http-nio-8080-exec-1] DEBUG c.p.mapper.SysRoleMapper.selectById - ==>  Preparing: SELECT id,name,code,description,status,create_time,update_time,version FROM sys_role WHERE id=?
2026-07-30 14:07:45.565 [http-nio-8080-exec-1] DEBUG c.p.mapper.SysRoleMapper.selectById - ==> Parameters: 2(Long)
2026-07-30 14:07:45.568 [http-nio-8080-exec-1] DEBUG c.p.mapper.SysRoleMapper.selectById - <==      Total: 1
2026-07-30 14:07:45.568 [http-nio-8080-exec-1] DEBUG c.p.m.S.selectMenuByRoleId - ==>  Preparing: SELECT m.* FROM sys_menu m INNER JOIN sys_role_menu rm ON m.id = rm.menu_id WHERE rm.role_id = ?
2026-07-30 14:07:45.568 [http-nio-8080-exec-1] DEBUG c.p.m.S.selectMenuByRoleId - ==> Parameters: 2(Long)
2026-07-30 14:07:45.568 [http-nio-8080-exec-1] DEBUG c.p.m.S.selectMenuByRoleId - <==      Total: 1
2026-07-30 14:07:45.570 [http-nio-8080-exec-1] DEBUG o.s.security.web.FilterChainProxy - Secured GET /dashboard/stats
2026-07-30 14:07:45.570 [http-nio-8080-exec-1] DEBUG c.p.mapper.SysUserMapper.selectCount - ==>  Preparing: SELECT COUNT( * ) AS total FROM sys_user
2026-07-30 14:07:45.570 [http-nio-8080-exec-1] DEBUG c.p.mapper.SysUserMapper.selectCount - ==> Parameters: 
2026-07-30 14:07:45.574 [http-nio-8080-exec-1] DEBUG c.p.mapper.SysUserMapper.selectCount - <==      Total: 1
2026-07-30 14:07:45.574 [http-nio-8080-exec-1] DEBUG c.p.mapper.SysRoleMapper.selectCount - ==>  Preparing: SELECT COUNT( * ) AS total FROM sys_role
2026-07-30 14:07:45.574 [http-nio-8080-exec-1] DEBUG c.p.mapper.SysRoleMapper.selectCount - ==> Parameters: 
2026-07-30 14:07:45.574 [http-nio-8080-exec-1] DEBUG c.p.mapper.SysRoleMapper.selectCount - <==      Total: 1
2026-07-30 14:07:45.577 [http-nio-8080-exec-1] DEBUG c.p.mapper.SysMenuMapper.selectCount - ==>  Preparing: SELECT COUNT( * ) AS total FROM sys_menu
2026-07-30 14:07:45.577 [http-nio-8080-exec-1] DEBUG c.p.mapper.SysMenuMapper.selectCount - ==> Parameters: 
2026-07-30 14:07:45.577 [http-nio-8080-exec-1] DEBUG c.p.mapper.SysMenuMapper.selectCount - <==      Total: 1
2026-07-30 14:07:49.412 [http-nio-8080-exec-2] DEBUG o.s.security.web.FilterChainProxy - Securing GET /users
2026-07-30 14:07:49.416 [http-nio-8080-exec-2] DEBUG c.p.mapper.SysUserMapper.selectList - ==>  Preparing: SELECT id,username,password,nickname,email,phone,status,create_time,update_time,version FROM sys_user WHERE (username = ?)
2026-07-30 14:07:49.416 [http-nio-8080-exec-2] DEBUG c.p.mapper.SysUserMapper.selectList - ==> Parameters: gugu(String)
2026-07-30 14:07:49.418 [http-nio-8080-exec-2] DEBUG c.p.mapper.SysUserMapper.selectList - <==      Total: 1
2026-07-30 14:07:49.418 [http-nio-8080-exec-2] DEBUG c.p.m.SysUserRoleMapper.selectList - ==>  Preparing: SELECT id,user_id,role_id FROM sys_user_role WHERE (user_id = ?)
2026-07-30 14:07:49.418 [http-nio-8080-exec-2] DEBUG c.p.m.SysUserRoleMapper.selectList - ==> Parameters: 11(Long)
2026-07-30 14:07:49.420 [http-nio-8080-exec-2] DEBUG c.p.m.SysUserRoleMapper.selectList - <==      Total: 1
2026-07-30 14:07:49.420 [http-nio-8080-exec-2] DEBUG c.p.mapper.SysRoleMapper.selectById - ==>  Preparing: SELECT id,name,code,description,status,create_time,update_time,version FROM sys_role WHERE id=?
2026-07-30 14:07:49.421 [http-nio-8080-exec-2] DEBUG c.p.mapper.SysRoleMapper.selectById - ==> Parameters: 2(Long)
2026-07-30 14:07:49.422 [http-nio-8080-exec-2] DEBUG c.p.mapper.SysRoleMapper.selectById - <==      Total: 1
2026-07-30 14:07:49.422 [http-nio-8080-exec-2] DEBUG c.p.m.S.selectMenuByRoleId - ==>  Preparing: SELECT m.* FROM sys_menu m INNER JOIN sys_role_menu rm ON m.id = rm.menu_id WHERE rm.role_id = ?
2026-07-30 14:07:49.422 [http-nio-8080-exec-2] DEBUG c.p.m.S.selectMenuByRoleId - ==> Parameters: 2(Long)
2026-07-30 14:07:49.423 [http-nio-8080-exec-2] DEBUG c.p.m.S.selectMenuByRoleId - <==      Total: 1
2026-07-30 14:07:49.424 [http-nio-8080-exec-2] DEBUG o.s.security.web.FilterChainProxy - Secured GET /users
2026-07-30 14:07:49.424 [http-nio-8080-exec-2] WARN  c.p.exception.GlobalExceptionHandler - 权限不足: 权限不足
2026-07-30 14:07:59.624 [SpringApplicationShutdownHook] INFO  com.zaxxer.hikari.HikariDataSource - HikariPool-1 - Shutdown initiated...
2026-07-30 14:07:59.628 [SpringApplicationShutdownHook] INFO  com.zaxxer.hikari.HikariDataSource - HikariPool-1 - Shutdown completed.
2026-07-30 14:08:01.863 [background-preinit] INFO  o.h.validator.internal.util.Version - HV000001: Hibernate Validator 8.0.1.Final
2026-07-30 14:08:01.893 [main] INFO  com.pes.PesApplication - Starting PesApplication using Java 17.0.12 with PID 29396 (E:\PES\pes-java\target\classes started by ASUS in E:\PES)
2026-07-30 14:08:01.894 [main] DEBUG com.pes.PesApplication - Running with Spring Boot v3.2.0, Spring v6.1.1
2026-07-30 14:08:01.894 [main] INFO  com.pes.PesApplication - The following 1 profile is active: "dev"
2026-07-30 14:08:02.959 [main] INFO  o.s.b.w.e.tomcat.TomcatWebServer - Tomcat initialized with port 8080 (http)
2026-07-30 14:08:02.965 [main] INFO  o.a.coyote.http11.Http11NioProtocol - Initializing ProtocolHandler ["http-nio-8080"]
2026-07-30 14:08:02.966 [main] INFO  o.a.catalina.core.StandardService - Starting service [Tomcat]
2026-07-30 14:08:02.967 [main] INFO  o.a.catalina.core.StandardEngine - Starting Servlet engine: [Apache Tomcat/10.1.16]
2026-07-30 14:08:03.022 [main] INFO  o.a.c.c.C.[Tomcat].[localhost].[/] - Initializing Spring embedded WebApplicationContext
2026-07-30 14:08:03.022 [main] INFO  o.s.b.w.s.c.ServletWebServerApplicationContext - Root WebApplicationContext: initialization completed in 1087 ms
2026-07-30 14:08:03.150 [main] INFO  com.zaxxer.hikari.HikariDataSource - HikariPool-1 - Starting...
2026-07-30 14:08:03.342 [main] INFO  com.zaxxer.hikari.pool.HikariPool - HikariPool-1 - Added connection com.mysql.cj.jdbc.ConnectionImpl@79cdf2d4
2026-07-30 14:08:03.344 [main] INFO  com.zaxxer.hikari.HikariDataSource - HikariPool-1 - Start completed.
2026-07-30 14:08:03.557 [main] DEBUG c.p.s.filter.JwtAuthenticationFilter - Filter 'jwtAuthenticationFilter' configured for use
2026-07-30 14:08:03.771 [main] INFO  com.pes.config.RedisConfig - Redis 连接成功: localhost:6379 (db:0)
2026-07-30 14:08:03.827 [main] INFO  com.pes.config.RedisConfig - RedisTemplate 初始化完成
2026-07-30 14:08:04.116 [main] INFO  com.pes.utils.CaptchaStore - 验证码存储: Redis 模式 (已连接:OK)
2026-07-30 14:08:04.443 [main] INFO  o.s.s.web.DefaultSecurityFilterChain - Will secure any request with [org.springframework.security.web.session.DisableEncodeUrlFilter@7254a68a, org.springframework.security.web.context.request.async.WebAsyncManagerIntegrationFilter@49f9758, org.springframework.security.web.context.SecurityContextHolderFilter@61c3d7ac, org.springframework.security.web.header.HeaderWriterFilter@39451d92, org.springframework.web.filter.CorsFilter@727453a3, org.springframework.security.web.authentication.logout.LogoutFilter@75d95b67, com.pes.security.filter.JwtAuthenticationFilter@7ab1ad9, org.springframework.security.web.savedrequest.RequestCacheAwareFilter@30221cfa, org.springframework.security.web.servletapi.SecurityContextHolderAwareRequestFilter@662061e3, org.springframework.security.web.authentication.AnonymousAuthenticationFilter@36e98434, org.springframework.security.web.session.SessionManagementFilter@24482a4f, org.springframework.security.web.access.ExceptionTranslationFilter@3d1c8f35, org.springframework.security.web.access.intercept.AuthorizationFilter@7e7987b8]
2026-07-30 14:08:04.630 [main] INFO  o.a.coyote.http11.Http11NioProtocol - Starting ProtocolHandler ["http-nio-8080"]
2026-07-30 14:08:04.639 [main] INFO  o.s.b.w.e.tomcat.TomcatWebServer - Tomcat started on port 8080 (http) with context path ''
2026-07-30 14:08:04.645 [main] INFO  com.pes.PesApplication - Started PesApplication in 3.269 seconds (process running for 3.938)
2026-07-30 14:08:04.646 [main] INFO  com.pes.config.DataInitializer - ========== 开始检查并初始化种子数据 ==========
2026-07-30 14:08:04.690 [main] DEBUG c.p.mapper.SysRoleMapper.selectCount - ==>  Preparing: SELECT COUNT( * ) AS total FROM sys_role
2026-07-30 14:08:04.700 [main] DEBUG c.p.mapper.SysRoleMapper.selectCount - ==> Parameters: 
2026-07-30 14:08:04.715 [main] DEBUG c.p.mapper.SysRoleMapper.selectCount - <==      Total: 1
2026-07-30 14:08:04.718 [main] INFO  com.pes.config.DataInitializer - 角色数据已存在，跳过初始化
2026-07-30 14:08:04.718 [main] DEBUG c.p.mapper.SysMenuMapper.selectCount - ==>  Preparing: SELECT COUNT( * ) AS total FROM sys_menu
2026-07-30 14:08:04.718 [main] DEBUG c.p.mapper.SysMenuMapper.selectCount - ==> Parameters: 
2026-07-30 14:08:04.720 [main] DEBUG c.p.mapper.SysMenuMapper.selectCount - <==      Total: 1
2026-07-30 14:08:04.720 [main] INFO  com.pes.config.DataInitializer - 菜单数据已存在，跳过初始化
2026-07-30 14:08:04.728 [main] DEBUG c.p.mapper.SysUserMapper.selectList - ==>  Preparing: SELECT id,username,password,nickname,email,phone,status,create_time,update_time,version FROM sys_user WHERE (username = ?)
2026-07-30 14:08:04.729 [main] DEBUG c.p.mapper.SysUserMapper.selectList - ==> Parameters: admin(String)
2026-07-30 14:08:04.731 [main] DEBUG c.p.mapper.SysUserMapper.selectList - <==      Total: 1
2026-07-30 14:08:04.732 [main] INFO  com.pes.config.DataInitializer - 管理员用户已存在，跳过创建
2026-07-30 14:08:04.733 [main] DEBUG c.p.m.SysUserRoleMapper.selectCount - ==>  Preparing: SELECT COUNT( * ) AS total FROM sys_user_role WHERE (user_id = ? AND role_id = ?)
2026-07-30 14:08:04.733 [main] DEBUG c.p.m.SysUserRoleMapper.selectCount - ==> Parameters: 1(Long), 1(Long)
2026-07-30 14:08:04.734 [main] DEBUG c.p.m.SysUserRoleMapper.selectCount - <==      Total: 1
2026-07-30 14:08:04.734 [main] DEBUG c.p.m.SysRoleMenuMapper.selectCount - ==>  Preparing: SELECT COUNT( * ) AS total FROM sys_role_menu
2026-07-30 14:08:04.734 [main] DEBUG c.p.m.SysRoleMenuMapper.selectCount - ==> Parameters: 
2026-07-30 14:08:04.735 [main] DEBUG c.p.m.SysRoleMenuMapper.selectCount - <==      Total: 1
2026-07-30 14:08:04.735 [main] INFO  com.pes.config.DataInitializer - 角色-菜单关联已存在，跳过初始化
2026-07-30 14:08:04.735 [main] INFO  com.pes.config.DataInitializer - ========== 种子数据初始化完成 ==========
2026-07-30 14:09:25.643 [http-nio-8080-exec-1] INFO  o.a.c.c.C.[Tomcat].[localhost].[/] - Initializing Spring DispatcherServlet 'dispatcherServlet'
2026-07-30 14:09:25.643 [http-nio-8080-exec-1] INFO  o.s.web.servlet.DispatcherServlet - Initializing Servlet 'dispatcherServlet'
2026-07-30 14:09:25.644 [http-nio-8080-exec-1] INFO  o.s.web.servlet.DispatcherServlet - Completed initialization in 1 ms
2026-07-30 14:09:25.649 [http-nio-8080-exec-1] DEBUG o.s.security.web.FilterChainProxy - Securing GET /menus/tree
2026-07-30 14:09:25.708 [http-nio-8080-exec-1] DEBUG c.p.mapper.SysUserMapper.selectList - ==>  Preparing: SELECT id,username,password,nickname,email,phone,status,create_time,update_time,version FROM sys_user WHERE (username = ?)
2026-07-30 14:09:25.708 [http-nio-8080-exec-1] DEBUG c.p.mapper.SysUserMapper.selectList - ==> Parameters: gugu(String)
2026-07-30 14:09:25.708 [http-nio-8080-exec-1] DEBUG c.p.mapper.SysUserMapper.selectList - <==      Total: 1
2026-07-30 14:09:25.714 [http-nio-8080-exec-1] DEBUG c.p.m.SysUserRoleMapper.selectList - ==>  Preparing: SELECT id,user_id,role_id FROM sys_user_role WHERE (user_id = ?)
2026-07-30 14:09:25.714 [http-nio-8080-exec-1] DEBUG c.p.m.SysUserRoleMapper.selectList - ==> Parameters: 11(Long)
2026-07-30 14:09:25.714 [http-nio-8080-exec-1] DEBUG c.p.m.SysUserRoleMapper.selectList - <==      Total: 1
2026-07-30 14:09:25.716 [http-nio-8080-exec-1] DEBUG c.p.mapper.SysRoleMapper.selectById - ==>  Preparing: SELECT id,name,code,description,status,create_time,update_time,version FROM sys_role WHERE id=?
2026-07-30 14:09:25.716 [http-nio-8080-exec-1] DEBUG c.p.mapper.SysRoleMapper.selectById - ==> Parameters: 2(Long)
2026-07-30 14:09:25.718 [http-nio-8080-exec-1] DEBUG c.p.mapper.SysRoleMapper.selectById - <==      Total: 1
2026-07-30 14:09:25.718 [http-nio-8080-exec-1] DEBUG c.p.m.S.selectMenuByRoleId - ==>  Preparing: SELECT m.* FROM sys_menu m INNER JOIN sys_role_menu rm ON m.id = rm.menu_id WHERE rm.role_id = ?
2026-07-30 14:09:25.718 [http-nio-8080-exec-1] DEBUG c.p.m.S.selectMenuByRoleId - ==> Parameters: 2(Long)
2026-07-30 14:09:25.718 [http-nio-8080-exec-1] DEBUG c.p.m.S.selectMenuByRoleId - <==      Total: 1
2026-07-30 14:09:25.730 [http-nio-8080-exec-1] DEBUG o.s.security.web.FilterChainProxy - Secured GET /menus/tree
2026-07-30 14:09:25.740 [http-nio-8080-exec-1] DEBUG c.p.mapper.SysMenuMapper.selectList - ==>  Preparing: SELECT id,parent_id,name,path,component,icon,permission,sort,type,status,create_time,update_time,version FROM sys_menu ORDER BY sort ASC
2026-07-30 14:09:25.740 [http-nio-8080-exec-1] DEBUG c.p.mapper.SysMenuMapper.selectList - ==> Parameters: 
2026-07-30 14:09:25.751 [http-nio-8080-exec-1] DEBUG c.p.mapper.SysMenuMapper.selectList - <==      Total: 21
2026-07-30 14:09:26.022 [http-nio-8080-exec-2] DEBUG o.s.security.web.FilterChainProxy - Securing GET /dashboard/stats
2026-07-30 14:09:26.024 [http-nio-8080-exec-2] DEBUG c.p.mapper.SysUserMapper.selectList - ==>  Preparing: SELECT id,username,password,nickname,email,phone,status,create_time,update_time,version FROM sys_user WHERE (username = ?)
2026-07-30 14:09:26.025 [http-nio-8080-exec-2] DEBUG c.p.mapper.SysUserMapper.selectList - ==> Parameters: gugu(String)
2026-07-30 14:09:26.027 [http-nio-8080-exec-2] DEBUG c.p.mapper.SysUserMapper.selectList - <==      Total: 1
2026-07-30 14:09:26.028 [http-nio-8080-exec-2] DEBUG c.p.m.SysUserRoleMapper.selectList - ==>  Preparing: SELECT id,user_id,role_id FROM sys_user_role WHERE (user_id = ?)
2026-07-30 14:09:26.028 [http-nio-8080-exec-2] DEBUG c.p.m.SysUserRoleMapper.selectList - ==> Parameters: 11(Long)
2026-07-30 14:09:26.029 [http-nio-8080-exec-2] DEBUG c.p.m.SysUserRoleMapper.selectList - <==      Total: 1
2026-07-30 14:09:26.029 [http-nio-8080-exec-2] DEBUG c.p.mapper.SysRoleMapper.selectById - ==>  Preparing: SELECT id,name,code,description,status,create_time,update_time,version FROM sys_role WHERE id=?
2026-07-30 14:09:26.031 [http-nio-8080-exec-2] DEBUG c.p.mapper.SysRoleMapper.selectById - ==> Parameters: 2(Long)
2026-07-30 14:09:26.031 [http-nio-8080-exec-2] DEBUG c.p.mapper.SysRoleMapper.selectById - <==      Total: 1
2026-07-30 14:09:26.032 [http-nio-8080-exec-2] DEBUG c.p.m.S.selectMenuByRoleId - ==>  Preparing: SELECT m.* FROM sys_menu m INNER JOIN sys_role_menu rm ON m.id = rm.menu_id WHERE rm.role_id = ?
2026-07-30 14:09:26.032 [http-nio-8080-exec-2] DEBUG c.p.m.S.selectMenuByRoleId - ==> Parameters: 2(Long)
2026-07-30 14:09:26.033 [http-nio-8080-exec-2] DEBUG c.p.m.S.selectMenuByRoleId - <==      Total: 1
2026-07-30 14:09:26.033 [http-nio-8080-exec-2] DEBUG o.s.security.web.FilterChainProxy - Secured GET /dashboard/stats
2026-07-30 14:09:26.034 [http-nio-8080-exec-2] DEBUG c.p.mapper.SysUserMapper.selectCount - ==>  Preparing: SELECT COUNT( * ) AS total FROM sys_user
2026-07-30 14:09:26.034 [http-nio-8080-exec-2] DEBUG c.p.mapper.SysUserMapper.selectCount - ==> Parameters: 
2026-07-30 14:09:26.035 [http-nio-8080-exec-2] DEBUG c.p.mapper.SysUserMapper.selectCount - <==      Total: 1
2026-07-30 14:09:26.037 [http-nio-8080-exec-2] DEBUG c.p.mapper.SysRoleMapper.selectCount - ==>  Preparing: SELECT COUNT( * ) AS total FROM sys_role
2026-07-30 14:09:26.037 [http-nio-8080-exec-2] DEBUG c.p.mapper.SysRoleMapper.selectCount - ==> Parameters: 
2026-07-30 14:09:26.038 [http-nio-8080-exec-2] DEBUG c.p.mapper.SysRoleMapper.selectCount - <==      Total: 1
2026-07-30 14:09:26.040 [http-nio-8080-exec-2] DEBUG c.p.mapper.SysMenuMapper.selectCount - ==>  Preparing: SELECT COUNT( * ) AS total FROM sys_menu
2026-07-30 14:09:26.040 [http-nio-8080-exec-2] DEBUG c.p.mapper.SysMenuMapper.selectCount - ==> Parameters: 
2026-07-30 14:09:26.040 [http-nio-8080-exec-2] DEBUG c.p.mapper.SysMenuMapper.selectCount - <==      Total: 1
2026-07-30 14:09:28.149 [http-nio-8080-exec-3] DEBUG o.s.security.web.FilterChainProxy - Securing GET /users
2026-07-30 14:09:28.152 [http-nio-8080-exec-3] DEBUG c.p.mapper.SysUserMapper.selectList - ==>  Preparing: SELECT id,username,password,nickname,email,phone,status,create_time,update_time,version FROM sys_user WHERE (username = ?)
2026-07-30 14:09:28.152 [http-nio-8080-exec-3] DEBUG c.p.mapper.SysUserMapper.selectList - ==> Parameters: gugu(String)
2026-07-30 14:09:28.154 [http-nio-8080-exec-3] DEBUG c.p.mapper.SysUserMapper.selectList - <==      Total: 1
2026-07-30 14:09:28.154 [http-nio-8080-exec-3] DEBUG c.p.m.SysUserRoleMapper.selectList - ==>  Preparing: SELECT id,user_id,role_id FROM sys_user_role WHERE (user_id = ?)
2026-07-30 14:09:28.155 [http-nio-8080-exec-3] DEBUG c.p.m.SysUserRoleMapper.selectList - ==> Parameters: 11(Long)
2026-07-30 14:09:28.155 [http-nio-8080-exec-3] DEBUG c.p.m.SysUserRoleMapper.selectList - <==      Total: 1
2026-07-30 14:09:28.156 [http-nio-8080-exec-3] DEBUG c.p.mapper.SysRoleMapper.selectById - ==>  Preparing: SELECT id,name,code,description,status,create_time,update_time,version FROM sys_role WHERE id=?
2026-07-30 14:09:28.156 [http-nio-8080-exec-3] DEBUG c.p.mapper.SysRoleMapper.selectById - ==> Parameters: 2(Long)
2026-07-30 14:09:28.157 [http-nio-8080-exec-3] DEBUG c.p.mapper.SysRoleMapper.selectById - <==      Total: 1
2026-07-30 14:09:28.157 [http-nio-8080-exec-3] DEBUG c.p.m.S.selectMenuByRoleId - ==>  Preparing: SELECT m.* FROM sys_menu m INNER JOIN sys_role_menu rm ON m.id = rm.menu_id WHERE rm.role_id = ?
2026-07-30 14:09:28.157 [http-nio-8080-exec-3] DEBUG c.p.m.S.selectMenuByRoleId - ==> Parameters: 2(Long)
2026-07-30 14:09:28.157 [http-nio-8080-exec-3] DEBUG c.p.m.S.selectMenuByRoleId - <==      Total: 1
2026-07-30 14:09:28.158 [http-nio-8080-exec-3] DEBUG o.s.security.web.FilterChainProxy - Secured GET /users
2026-07-30 14:09:28.164 [http-nio-8080-exec-3] WARN  c.p.exception.GlobalExceptionHandler - 权限不足: 权限不足
2026-07-30 14:09:38.160 [http-nio-8080-exec-4] DEBUG o.s.security.web.FilterChainProxy - Securing POST /logout
2026-07-30 14:09:38.167 [http-nio-8080-exec-4] DEBUG o.s.s.w.a.logout.LogoutFilter - Logging out [null]
2026-07-30 14:09:38.167 [http-nio-8080-exec-4] DEBUG o.s.s.web.DefaultRedirectStrategy - Redirecting to /login?logout
2026-07-30 14:09:38.172 [http-nio-8080-exec-5] DEBUG o.s.security.web.FilterChainProxy - Securing GET /login?logout
2026-07-30 14:09:38.172 [http-nio-8080-exec-5] DEBUG o.s.s.w.a.AnonymousAuthenticationFilter - Set SecurityContextHolder to anonymous SecurityContext
2026-07-30 14:09:38.175 [http-nio-8080-exec-5] DEBUG o.s.security.web.FilterChainProxy - Secured GET /login?logout
2026-07-30 14:09:38.175 [http-nio-8080-exec-5] ERROR c.p.exception.GlobalExceptionHandler - 未知异常
org.springframework.web.HttpRequestMethodNotSupportedException: Request method 'GET' is not supported
	at org.springframework.web.servlet.mvc.method.RequestMappingInfoHandlerMapping.handleNoMatch(RequestMappingInfoHandlerMapping.java:265)
	at org.springframework.web.servlet.handler.AbstractHandlerMethodMapping.lookupHandlerMethod(AbstractHandlerMethodMapping.java:441)
	at org.springframework.web.servlet.handler.AbstractHandlerMethodMapping.getHandlerInternal(AbstractHandlerMethodMapping.java:382)
	at org.springframework.web.servlet.mvc.method.RequestMappingInfoHandlerMapping.getHandlerInternal(RequestMappingInfoHandlerMapping.java:126)
	at org.springframework.web.servlet.mvc.method.RequestMappingInfoHandlerMapping.getHandlerInternal(RequestMappingInfoHandlerMapping.java:68)
	at org.springframework.web.servlet.handler.AbstractHandlerMapping.getHandler(AbstractHandlerMapping.java:507)
	at org.springframework.web.servlet.DispatcherServlet.getHandler(DispatcherServlet.java:1283)
	at org.springframework.web.servlet.DispatcherServlet.doDispatch(DispatcherServlet.java:1065)
	at org.springframework.web.servlet.DispatcherServlet.doService(DispatcherServlet.java:979)
	at org.springframework.web.servlet.FrameworkServlet.processRequest(FrameworkServlet.java:1014)
	at org.springframework.web.servlet.FrameworkServlet.doGet(FrameworkServlet.java:903)
	at jakarta.servlet.http.HttpServlet.service(HttpServlet.java:564)
	at org.springframework.web.servlet.FrameworkServlet.service(FrameworkServlet.java:885)
	at jakarta.servlet.http.HttpServlet.service(HttpServlet.java:658)
	at org.apache.catalina.core.ApplicationFilterChain.internalDoFilter(ApplicationFilterChain.java:205)
	at org.apache.catalina.core.ApplicationFilterChain.doFilter(ApplicationFilterChain.java:149)
	at org.apache.tomcat.websocket.server.WsFilter.doFilter(WsFilter.java:51)
	at org.apache.catalina.core.ApplicationFilterChain.internalDoFilter(ApplicationFilterChain.java:174)
	at org.apache.catalina.core.ApplicationFilterChain.doFilter(ApplicationFilterChain.java:149)
	at org.springframework.web.filter.OncePerRequestFilter.doFilter(OncePerRequestFilter.java:110)
	at org.apache.catalina.core.ApplicationFilterChain.internalDoFilter(ApplicationFilterChain.java:174)
	at org.apache.catalina.core.ApplicationFilterChain.doFilter(ApplicationFilterChain.java:149)
	at org.springframework.web.filter.OncePerRequestFilter.doFilter(OncePerRequestFilter.java:110)
	at org.apache.catalina.core.ApplicationFilterChain.internalDoFilter(ApplicationFilterChain.java:174)
	at org.apache.catalina.core.ApplicationFilterChain.doFilter(ApplicationFilterChain.java:149)
	at org.springframework.security.web.FilterChainProxy.lambda$doFilterInternal$3(FilterChainProxy.java:231)
	at org.springframework.security.web.FilterChainProxy$VirtualFilterChain.doFilter(FilterChainProxy.java:365)
	at org.springframework.security.web.access.intercept.AuthorizationFilter.doFilter(AuthorizationFilter.java:100)
	at org.springframework.security.web.FilterChainProxy$VirtualFilterChain.doFilter(FilterChainProxy.java:374)
	at org.springframework.security.web.access.ExceptionTranslationFilter.doFilter(ExceptionTranslationFilter.java:126)
	at org.springframework.security.web.access.ExceptionTranslationFilter.doFilter(ExceptionTranslationFilter.java:120)
	at org.springframework.security.web.FilterChainProxy$VirtualFilterChain.doFilter(FilterChainProxy.java:374)
	at org.springframework.security.web.session.SessionManagementFilter.doFilter(SessionManagementFilter.java:131)
	at org.springframework.security.web.session.SessionManagementFilter.doFilter(SessionManagementFilter.java:85)
	at org.springframework.security.web.FilterChainProxy$VirtualFilterChain.doFilter(FilterChainProxy.java:374)
	at org.springframework.security.web.authentication.AnonymousAuthenticationFilter.doFilter(AnonymousAuthenticationFilter.java:100)
	at org.springframework.security.web.FilterChainProxy$VirtualFilterChain.doFilter(FilterChainProxy.java:374)
	at org.springframework.security.web.servletapi.SecurityContextHolderAwareRequestFilter.doFilter(SecurityContextHolderAwareRequestFilter.java:179)
	at org.springframework.security.web.FilterChainProxy$VirtualFilterChain.doFilter(FilterChainProxy.java:374)
	at org.springframework.security.web.savedrequest.RequestCacheAwareFilter.doFilter(RequestCacheAwareFilter.java:63)
	at org.springframework.security.web.FilterChainProxy$VirtualFilterChain.doFilter(FilterChainProxy.java:374)
	at com.pes.security.filter.JwtAuthenticationFilter.doFilterInternal(JwtAuthenticationFilter.java:46)
	at org.springframework.web.filter.OncePerRequestFilter.doFilter(OncePerRequestFilter.java:116)
	at org.springframework.security.web.FilterChainProxy$VirtualFilterChain.doFilter(FilterChainProxy.java:374)
	at org.springframework.security.web.authentication.logout.LogoutFilter.doFilter(LogoutFilter.java:107)
	at org.springframework.security.web.authentication.logout.LogoutFilter.doFilter(LogoutFilter.java:93)
	at org.springframework.security.web.FilterChainProxy$VirtualFilterChain.doFilter(FilterChainProxy.java:374)
	at org.springframework.web.filter.CorsFilter.doFilterInternal(CorsFilter.java:91)
	at org.springframework.web.filter.OncePerRequestFilter.doFilter(OncePerRequestFilter.java:116)
	at org.springframework.security.web.FilterChainProxy$VirtualFilterChain.doFilter(FilterChainProxy.java:374)
	at org.springframework.security.web.header.HeaderWriterFilter.doHeadersAfter(HeaderWriterFilter.java:90)
	at org.springframework.security.web.header.HeaderWriterFilter.doFilterInternal(HeaderWriterFilter.java:75)
	at org.springframework.web.filter.OncePerRequestFilter.doFilter(OncePerRequestFilter.java:116)
	at org.springframework.security.web.FilterChainProxy$VirtualFilterChain.doFilter(FilterChainProxy.java:374)
	at org.springframework.security.web.context.SecurityContextHolderFilter.doFilter(SecurityContextHolderFilter.java:82)
	at org.springframework.security.web.context.SecurityContextHolderFilter.doFilter(SecurityContextHolderFilter.java:69)
	at org.springframework.security.web.FilterChainProxy$VirtualFilterChain.doFilter(FilterChainProxy.java:374)
	at org.springframework.security.web.context.request.async.WebAsyncManagerIntegrationFilter.doFilterInternal(WebAsyncManagerIntegrationFilter.java:62)
	at org.springframework.web.filter.OncePerRequestFilter.doFilter(OncePerRequestFilter.java:116)
	at org.springframework.security.web.FilterChainProxy$VirtualFilterChain.doFilter(FilterChainProxy.java:374)
	at org.springframework.security.web.session.DisableEncodeUrlFilter.doFilterInternal(DisableEncodeUrlFilter.java:42)
	at org.springframework.web.filter.OncePerRequestFilter.doFilter(OncePerRequestFilter.java:116)
	at org.springframework.security.web.FilterChainProxy$VirtualFilterChain.doFilter(FilterChainProxy.java:374)
	at org.springframework.security.web.FilterChainProxy.doFilterInternal(FilterChainProxy.java:233)
	at org.springframework.security.web.FilterChainProxy.doFilter(FilterChainProxy.java:191)
	at org.springframework.web.filter.DelegatingFilterProxy.invokeDelegate(DelegatingFilterProxy.java:352)
	at org.springframework.web.filter.DelegatingFilterProxy.doFilter(DelegatingFilterProxy.java:268)
	at org.apache.catalina.core.ApplicationFilterChain.internalDoFilter(ApplicationFilterChain.java:174)
	at org.apache.catalina.core.ApplicationFilterChain.doFilter(ApplicationFilterChain.java:149)
	at org.springframework.web.filter.RequestContextFilter.doFilterInternal(RequestContextFilter.java:100)
	at org.springframework.web.filter.OncePerRequestFilter.doFilter(OncePerRequestFilter.java:116)
	at org.apache.catalina.core.ApplicationFilterChain.internalDoFilter(ApplicationFilterChain.java:174)
	at org.apache.catalina.core.ApplicationFilterChain.doFilter(ApplicationFilterChain.java:149)
	at org.springframework.web.filter.FormContentFilter.doFilterInternal(FormContentFilter.java:93)
	at org.springframework.web.filter.OncePerRequestFilter.doFilter(OncePerRequestFilter.java:116)
	at org.apache.catalina.core.ApplicationFilterChain.internalDoFilter(ApplicationFilterChain.java:174)
	at org.apache.catalina.core.ApplicationFilterChain.doFilter(ApplicationFilterChain.java:149)
	at org.springframework.web.filter.CharacterEncodingFilter.doFilterInternal(CharacterEncodingFilter.java:201)
	at org.springframework.web.filter.OncePerRequestFilter.doFilter(OncePerRequestFilter.java:116)
	at org.apache.catalina.core.ApplicationFilterChain.internalDoFilter(ApplicationFilterChain.java:174)
	at org.apache.catalina.core.ApplicationFilterChain.doFilter(ApplicationFilterChain.java:149)
	at org.apache.catalina.core.StandardWrapperValve.invoke(StandardWrapperValve.java:167)
	at org.apache.catalina.core.StandardContextValve.invoke(StandardContextValve.java:90)
	at org.apache.catalina.authenticator.AuthenticatorBase.invoke(AuthenticatorBase.java:482)
	at org.apache.catalina.core.StandardHostValve.invoke(StandardHostValve.java:115)
	at org.apache.catalina.valves.ErrorReportValve.invoke(ErrorReportValve.java:93)
	at org.apache.catalina.core.StandardEngineValve.invoke(StandardEngineValve.java:74)
	at org.apache.catalina.connector.CoyoteAdapter.service(CoyoteAdapter.java:340)
	at org.apache.coyote.http11.Http11Processor.service(Http11Processor.java:391)
	at org.apache.coyote.AbstractProcessorLight.process(AbstractProcessorLight.java:63)
	at org.apache.coyote.AbstractProtocol$ConnectionHandler.process(AbstractProtocol.java:896)
	at org.apache.tomcat.util.net.NioEndpoint$SocketProcessor.doRun(NioEndpoint.java:1744)
	at org.apache.tomcat.util.net.SocketProcessorBase.run(SocketProcessorBase.java:52)
	at org.apache.tomcat.util.threads.ThreadPoolExecutor.runWorker(ThreadPoolExecutor.java:1191)
	at org.apache.tomcat.util.threads.ThreadPoolExecutor$Worker.run(ThreadPoolExecutor.java:659)
	at org.apache.tomcat.util.threads.TaskThread$WrappingRunnable.run(TaskThread.java:61)
	at java.base/java.lang.Thread.run(Thread.java:842)
2026-07-30 14:12:01.560 [SpringApplicationShutdownHook] INFO  com.zaxxer.hikari.HikariDataSource - HikariPool-1 - Shutdown initiated...
2026-07-30 14:12:01.564 [SpringApplicationShutdownHook] INFO  com.zaxxer.hikari.HikariDataSource - HikariPool-1 - Shutdown completed.
2026-07-30 14:12:03.388 [background-preinit] INFO  o.h.validator.internal.util.Version - HV000001: Hibernate Validator 8.0.1.Final
2026-07-30 14:12:03.414 [main] INFO  com.pes.PesApplication - Starting PesApplication using Java 17.0.12 with PID 19780 (E:\PES\pes-java\target\classes started by ASUS in E:\PES)
2026-07-30 14:12:03.414 [main] DEBUG com.pes.PesApplication - Running with Spring Boot v3.2.0, Spring v6.1.1
2026-07-30 14:12:03.415 [main] INFO  com.pes.PesApplication - The following 1 profile is active: "dev"
2026-07-30 14:12:04.446 [main] INFO  o.s.b.w.e.tomcat.TomcatWebServer - Tomcat initialized with port 8080 (http)
2026-07-30 14:12:04.452 [main] INFO  o.a.coyote.http11.Http11NioProtocol - Initializing ProtocolHandler ["http-nio-8080"]
2026-07-30 14:12:04.453 [main] INFO  o.a.catalina.core.StandardService - Starting service [Tomcat]
2026-07-30 14:12:04.453 [main] INFO  o.a.catalina.core.StandardEngine - Starting Servlet engine: [Apache Tomcat/10.1.16]
2026-07-30 14:12:04.509 [main] INFO  o.a.c.c.C.[Tomcat].[localhost].[/] - Initializing Spring embedded WebApplicationContext
2026-07-30 14:12:04.509 [main] INFO  o.s.b.w.s.c.ServletWebServerApplicationContext - Root WebApplicationContext: initialization completed in 1064 ms
2026-07-30 14:12:04.628 [main] INFO  com.zaxxer.hikari.HikariDataSource - HikariPool-1 - Starting...
2026-07-30 14:12:04.839 [main] INFO  com.zaxxer.hikari.pool.HikariPool - HikariPool-1 - Added connection com.mysql.cj.jdbc.ConnectionImpl@1d7c9811
2026-07-30 14:12:04.840 [main] INFO  com.zaxxer.hikari.HikariDataSource - HikariPool-1 - Start completed.
2026-07-30 14:12:05.088 [main] DEBUG c.p.s.filter.JwtAuthenticationFilter - Filter 'jwtAuthenticationFilter' configured for use
2026-07-30 14:12:05.325 [main] INFO  com.pes.config.RedisConfig - Redis 连接成功: localhost:6379 (db:0)
2026-07-30 14:12:05.385 [main] INFO  com.pes.config.RedisConfig - RedisTemplate 初始化完成
2026-07-30 14:12:05.706 [main] INFO  com.pes.utils.CaptchaStore - 验证码存储: Redis 模式 (已连接:OK)
2026-07-30 14:12:06.087 [main] INFO  o.s.s.web.DefaultSecurityFilterChain - Will secure any request with [org.springframework.security.web.session.DisableEncodeUrlFilter@7e7987b8, org.springframework.security.web.context.request.async.WebAsyncManagerIntegrationFilter@6bcfb561, org.springframework.security.web.context.SecurityContextHolderFilter@3140ad41, org.springframework.security.web.header.HeaderWriterFilter@3d1c8f35, org.springframework.web.filter.CorsFilter@6f240187, org.springframework.security.web.authentication.logout.LogoutFilter@2ce3d95a, com.pes.security.filter.JwtAuthenticationFilter@7fe87c0e, org.springframework.security.web.savedrequest.RequestCacheAwareFilter@61c3d7ac, org.springframework.security.web.servletapi.SecurityContextHolderAwareRequestFilter@4bc9389, org.springframework.security.web.authentication.AnonymousAuthenticationFilter@7254a68a, org.springframework.security.web.session.SessionManagementFilter@5a5a973c, org.springframework.security.web.access.ExceptionTranslationFilter@7bf16972, org.springframework.security.web.access.intercept.AuthorizationFilter@2a666c8e]
2026-07-30 14:12:06.332 [main] INFO  o.a.coyote.http11.Http11NioProtocol - Starting ProtocolHandler ["http-nio-8080"]
2026-07-30 14:12:06.344 [main] INFO  o.s.b.w.e.tomcat.TomcatWebServer - Tomcat started on port 8080 (http) with context path ''
2026-07-30 14:12:06.351 [main] INFO  com.pes.PesApplication - Started PesApplication in 3.299 seconds (process running for 3.895)
2026-07-30 14:12:06.352 [main] INFO  com.pes.config.DataInitializer - ========== 开始检查并初始化种子数据 ==========
2026-07-30 14:12:06.410 [main] DEBUG c.p.mapper.SysRoleMapper.selectCount - ==>  Preparing: SELECT COUNT( * ) AS total FROM sys_role
2026-07-30 14:12:06.421 [main] DEBUG c.p.mapper.SysRoleMapper.selectCount - ==> Parameters: 
2026-07-30 14:12:06.438 [main] DEBUG c.p.mapper.SysRoleMapper.selectCount - <==      Total: 1
2026-07-30 14:12:06.441 [main] INFO  com.pes.config.DataInitializer - 角色数据已存在，跳过初始化
2026-07-30 14:12:06.441 [main] DEBUG c.p.mapper.SysMenuMapper.selectCount - ==>  Preparing: SELECT COUNT( * ) AS total FROM sys_menu
2026-07-30 14:12:06.441 [main] DEBUG c.p.mapper.SysMenuMapper.selectCount - ==> Parameters: 
2026-07-30 14:12:06.442 [main] DEBUG c.p.mapper.SysMenuMapper.selectCount - <==      Total: 1
2026-07-30 14:12:06.443 [main] INFO  com.pes.config.DataInitializer - 菜单数据已存在，跳过初始化
2026-07-30 14:12:06.452 [main] DEBUG c.p.mapper.SysUserMapper.selectList - ==>  Preparing: SELECT id,username,password,nickname,email,phone,status,create_time,update_time,version FROM sys_user WHERE (username = ?)
2026-07-30 14:12:06.452 [main] DEBUG c.p.mapper.SysUserMapper.selectList - ==> Parameters: admin(String)
2026-07-30 14:12:06.456 [main] DEBUG c.p.mapper.SysUserMapper.selectList - <==      Total: 1
2026-07-30 14:12:06.456 [main] INFO  com.pes.config.DataInitializer - 管理员用户已存在，跳过创建
2026-07-30 14:12:06.457 [main] DEBUG c.p.m.SysUserRoleMapper.selectCount - ==>  Preparing: SELECT COUNT( * ) AS total FROM sys_user_role WHERE (user_id = ? AND role_id = ?)
2026-07-30 14:12:06.458 [main] DEBUG c.p.m.SysUserRoleMapper.selectCount - ==> Parameters: 1(Long), 1(Long)
2026-07-30 14:12:06.459 [main] DEBUG c.p.m.SysUserRoleMapper.selectCount - <==      Total: 1
2026-07-30 14:12:06.459 [main] DEBUG c.p.m.SysRoleMenuMapper.selectCount - ==>  Preparing: SELECT COUNT( * ) AS total FROM sys_role_menu
2026-07-30 14:12:06.460 [main] DEBUG c.p.m.SysRoleMenuMapper.selectCount - ==> Parameters: 
2026-07-30 14:12:06.462 [main] DEBUG c.p.m.SysRoleMenuMapper.selectCount - <==      Total: 1
2026-07-30 14:12:06.462 [main] INFO  com.pes.config.DataInitializer - 角色-菜单关联已存在，跳过初始化
2026-07-30 14:12:06.462 [main] INFO  com.pes.config.DataInitializer - ========== 种子数据初始化完成 ==========
2026-07-30 14:12:06.494 [http-nio-8080-exec-1] INFO  o.a.c.c.C.[Tomcat].[localhost].[/] - Initializing Spring DispatcherServlet 'dispatcherServlet'
2026-07-30 14:12:06.494 [http-nio-8080-exec-1] INFO  o.s.web.servlet.DispatcherServlet - Initializing Servlet 'dispatcherServlet'
2026-07-30 14:12:06.495 [http-nio-8080-exec-1] INFO  o.s.web.servlet.DispatcherServlet - Completed initialization in 1 ms
2026-07-30 14:12:06.500 [http-nio-8080-exec-1] DEBUG o.s.security.web.FilterChainProxy - Securing GET /users
2026-07-30 14:12:06.560 [http-nio-8080-exec-1] DEBUG c.p.mapper.SysUserMapper.selectList - ==>  Preparing: SELECT id,username,password,nickname,email,phone,status,create_time,update_time,version FROM sys_user WHERE (username = ?)
2026-07-30 14:12:06.561 [http-nio-8080-exec-1] DEBUG c.p.mapper.SysUserMapper.selectList - ==> Parameters: gugu(String)
2026-07-30 14:12:06.561 [http-nio-8080-exec-1] DEBUG c.p.mapper.SysUserMapper.selectList - <==      Total: 1
2026-07-30 14:12:06.562 [http-nio-8080-exec-1] DEBUG c.p.m.SysUserRoleMapper.selectList - ==>  Preparing: SELECT id,user_id,role_id FROM sys_user_role WHERE (user_id = ?)
2026-07-30 14:12:06.562 [http-nio-8080-exec-1] DEBUG c.p.m.SysUserRoleMapper.selectList - ==> Parameters: 11(Long)
2026-07-30 14:12:06.562 [http-nio-8080-exec-1] DEBUG c.p.m.SysUserRoleMapper.selectList - <==      Total: 1
2026-07-30 14:12:06.564 [http-nio-8080-exec-1] DEBUG c.p.mapper.SysRoleMapper.selectById - ==>  Preparing: SELECT id,name,code,description,status,create_time,update_time,version FROM sys_role WHERE id=?
2026-07-30 14:12:06.564 [http-nio-8080-exec-1] DEBUG c.p.mapper.SysRoleMapper.selectById - ==> Parameters: 2(Long)
2026-07-30 14:12:06.565 [http-nio-8080-exec-1] DEBUG c.p.mapper.SysRoleMapper.selectById - <==      Total: 1
2026-07-30 14:12:06.566 [http-nio-8080-exec-1] DEBUG c.p.m.S.selectMenuByRoleId - ==>  Preparing: SELECT m.* FROM sys_menu m INNER JOIN sys_role_menu rm ON m.id = rm.menu_id WHERE rm.role_id = ?
2026-07-30 14:12:06.566 [http-nio-8080-exec-1] DEBUG c.p.m.S.selectMenuByRoleId - ==> Parameters: 2(Long)
2026-07-30 14:12:06.566 [http-nio-8080-exec-1] DEBUG c.p.m.S.selectMenuByRoleId - <==      Total: 1
2026-07-30 14:12:06.576 [http-nio-8080-exec-1] DEBUG o.s.security.web.FilterChainProxy - Secured GET /users
2026-07-30 14:12:06.589 [http-nio-8080-exec-1] WARN  c.p.exception.GlobalExceptionHandler - 权限不足: 权限不足
2026-07-30 14:12:13.564 [SpringApplicationShutdownHook] INFO  com.zaxxer.hikari.HikariDataSource - HikariPool-1 - Shutdown initiated...
2026-07-30 14:12:13.568 [SpringApplicationShutdownHook] INFO  com.zaxxer.hikari.HikariDataSource - HikariPool-1 - Shutdown completed.
2026-07-30 14:12:15.235 [background-preinit] INFO  o.h.validator.internal.util.Version - HV000001: Hibernate Validator 8.0.1.Final
2026-07-30 14:12:15.263 [main] INFO  com.pes.PesApplication - Starting PesApplication using Java 17.0.12 with PID 28492 (E:\PES\pes-java\target\classes started by ASUS in E:\PES)
2026-07-30 14:12:15.263 [main] DEBUG com.pes.PesApplication - Running with Spring Boot v3.2.0, Spring v6.1.1
2026-07-30 14:12:15.264 [main] INFO  com.pes.PesApplication - The following 1 profile is active: "dev"
2026-07-30 14:12:16.244 [main] INFO  o.s.b.w.e.tomcat.TomcatWebServer - Tomcat initialized with port 8080 (http)
2026-07-30 14:12:16.249 [main] INFO  o.a.coyote.http11.Http11NioProtocol - Initializing ProtocolHandler ["http-nio-8080"]
2026-07-30 14:12:16.250 [main] INFO  o.a.catalina.core.StandardService - Starting service [Tomcat]
2026-07-30 14:12:16.250 [main] INFO  o.a.catalina.core.StandardEngine - Starting Servlet engine: [Apache Tomcat/10.1.16]
2026-07-30 14:12:16.304 [main] INFO  o.a.c.c.C.[Tomcat].[localhost].[/] - Initializing Spring embedded WebApplicationContext
2026-07-30 14:12:16.304 [main] INFO  o.s.b.w.s.c.ServletWebServerApplicationContext - Root WebApplicationContext: initialization completed in 1012 ms
2026-07-30 14:12:16.428 [main] INFO  com.zaxxer.hikari.HikariDataSource - HikariPool-1 - Starting...
2026-07-30 14:12:16.634 [main] INFO  com.zaxxer.hikari.pool.HikariPool - HikariPool-1 - Added connection com.mysql.cj.jdbc.ConnectionImpl@24aedcc5
2026-07-30 14:12:16.636 [main] INFO  com.zaxxer.hikari.HikariDataSource - HikariPool-1 - Start completed.
2026-07-30 14:12:16.829 [main] DEBUG c.p.s.filter.JwtAuthenticationFilter - Filter 'jwtAuthenticationFilter' configured for use
2026-07-30 14:12:17.043 [main] INFO  com.pes.config.RedisConfig - Redis 连接成功: localhost:6379 (db:0)
2026-07-30 14:12:17.098 [main] INFO  com.pes.config.RedisConfig - RedisTemplate 初始化完成
2026-07-30 14:12:17.385 [main] INFO  com.pes.utils.CaptchaStore - 验证码存储: Redis 模式 (已连接:OK)
2026-07-30 14:12:17.714 [main] INFO  o.s.s.web.DefaultSecurityFilterChain - Will secure any request with [org.springframework.security.web.session.DisableEncodeUrlFilter@37fd496a, org.springframework.security.web.context.request.async.WebAsyncManagerIntegrationFilter@6c4e486e, org.springframework.security.web.context.SecurityContextHolderFilter@3ee2d546, org.springframework.security.web.header.HeaderWriterFilter@5a5a973c, org.springframework.web.filter.CorsFilter@605eb072, org.springframework.security.web.authentication.logout.LogoutFilter@ff1a5a0, com.pes.security.filter.JwtAuthenticationFilter@4d2f9e3c, org.springframework.security.web.savedrequest.RequestCacheAwareFilter@1a34772e, org.springframework.security.web.servletapi.SecurityContextHolderAwareRequestFilter@401002ce, org.springframework.security.web.authentication.AnonymousAuthenticationFilter@27ac3b6d, org.springframework.security.web.session.SessionManagementFilter@123e9094, org.springframework.security.web.access.ExceptionTranslationFilter@7f49df25, org.springframework.security.web.access.intercept.AuthorizationFilter@56d3af4d]
2026-07-30 14:12:17.891 [main] INFO  o.a.coyote.http11.Http11NioProtocol - Starting ProtocolHandler ["http-nio-8080"]
2026-07-30 14:12:17.901 [main] INFO  o.s.b.w.e.tomcat.TomcatWebServer - Tomcat started on port 8080 (http) with context path ''
2026-07-30 14:12:17.906 [main] INFO  com.pes.PesApplication - Started PesApplication in 3.023 seconds (process running for 3.557)
2026-07-30 14:12:17.907 [main] INFO  com.pes.config.DataInitializer - ========== 开始检查并初始化种子数据 ==========
2026-07-30 14:12:17.962 [main] DEBUG c.p.mapper.SysRoleMapper.selectCount - ==>  Preparing: SELECT COUNT( * ) AS total FROM sys_role
2026-07-30 14:12:17.973 [main] DEBUG c.p.mapper.SysRoleMapper.selectCount - ==> Parameters: 
2026-07-30 14:12:17.989 [main] DEBUG c.p.mapper.SysRoleMapper.selectCount - <==      Total: 1
2026-07-30 14:12:17.991 [main] INFO  com.pes.config.DataInitializer - 角色数据已存在，跳过初始化
2026-07-30 14:12:17.991 [main] DEBUG c.p.mapper.SysMenuMapper.selectCount - ==>  Preparing: SELECT COUNT( * ) AS total FROM sys_menu
2026-07-30 14:12:17.993 [main] DEBUG c.p.mapper.SysMenuMapper.selectCount - ==> Parameters: 
2026-07-30 14:12:17.994 [main] DEBUG c.p.mapper.SysMenuMapper.selectCount - <==      Total: 1
2026-07-30 14:12:17.994 [main] INFO  com.pes.config.DataInitializer - 菜单数据已存在，跳过初始化
2026-07-30 14:12:18.001 [main] DEBUG c.p.mapper.SysUserMapper.selectList - ==>  Preparing: SELECT id,username,password,nickname,email,phone,status,create_time,update_time,version FROM sys_user WHERE (username = ?)
2026-07-30 14:12:18.002 [main] DEBUG c.p.mapper.SysUserMapper.selectList - ==> Parameters: admin(String)
2026-07-30 14:12:18.005 [main] DEBUG c.p.mapper.SysUserMapper.selectList - <==      Total: 1
2026-07-30 14:12:18.005 [main] INFO  com.pes.config.DataInitializer - 管理员用户已存在，跳过创建
2026-07-30 14:12:18.006 [main] DEBUG c.p.m.SysUserRoleMapper.selectCount - ==>  Preparing: SELECT COUNT( * ) AS total FROM sys_user_role WHERE (user_id = ? AND role_id = ?)
2026-07-30 14:12:18.007 [main] DEBUG c.p.m.SysUserRoleMapper.selectCount - ==> Parameters: 1(Long), 1(Long)
2026-07-30 14:12:18.008 [main] DEBUG c.p.m.SysUserRoleMapper.selectCount - <==      Total: 1
2026-07-30 14:12:18.008 [main] DEBUG c.p.m.SysRoleMenuMapper.selectCount - ==>  Preparing: SELECT COUNT( * ) AS total FROM sys_role_menu
2026-07-30 14:12:18.008 [main] DEBUG c.p.m.SysRoleMenuMapper.selectCount - ==> Parameters: 
2026-07-30 14:12:18.009 [main] DEBUG c.p.m.SysRoleMenuMapper.selectCount - <==      Total: 1
2026-07-30 14:12:18.010 [main] INFO  com.pes.config.DataInitializer - 角色-菜单关联已存在，跳过初始化
2026-07-30 14:12:18.010 [main] INFO  com.pes.config.DataInitializer - ========== 种子数据初始化完成 ==========
2026-07-30 14:12:22.092 [http-nio-8080-exec-1] INFO  o.a.c.c.C.[Tomcat].[localhost].[/] - Initializing Spring DispatcherServlet 'dispatcherServlet'
2026-07-30 14:12:22.092 [http-nio-8080-exec-1] INFO  o.s.web.servlet.DispatcherServlet - Initializing Servlet 'dispatcherServlet'
2026-07-30 14:12:22.093 [http-nio-8080-exec-1] INFO  o.s.web.servlet.DispatcherServlet - Completed initialization in 1 ms
2026-07-30 14:12:22.099 [http-nio-8080-exec-1] DEBUG o.s.security.web.FilterChainProxy - Securing GET /menus/tree
2026-07-30 14:12:22.158 [http-nio-8080-exec-1] DEBUG c.p.mapper.SysUserMapper.selectList - ==>  Preparing: SELECT id,username,password,nickname,email,phone,status,create_time,update_time,version FROM sys_user WHERE (username = ?)
2026-07-30 14:12:22.159 [http-nio-8080-exec-1] DEBUG c.p.mapper.SysUserMapper.selectList - ==> Parameters: gugu(String)
2026-07-30 14:12:22.160 [http-nio-8080-exec-1] DEBUG c.p.mapper.SysUserMapper.selectList - <==      Total: 1
2026-07-30 14:12:22.161 [http-nio-8080-exec-1] DEBUG c.p.m.SysUserRoleMapper.selectList - ==>  Preparing: SELECT id,user_id,role_id FROM sys_user_role WHERE (user_id = ?)
2026-07-30 14:12:22.161 [http-nio-8080-exec-1] DEBUG c.p.m.SysUserRoleMapper.selectList - ==> Parameters: 11(Long)
2026-07-30 14:12:22.161 [http-nio-8080-exec-1] DEBUG c.p.m.SysUserRoleMapper.selectList - <==      Total: 1
2026-07-30 14:12:22.162 [http-nio-8080-exec-1] DEBUG c.p.mapper.SysRoleMapper.selectById - ==>  Preparing: SELECT id,name,code,description,status,create_time,update_time,version FROM sys_role WHERE id=?
2026-07-30 14:12:22.162 [http-nio-8080-exec-1] DEBUG c.p.mapper.SysRoleMapper.selectById - ==> Parameters: 2(Long)
2026-07-30 14:12:22.163 [http-nio-8080-exec-1] DEBUG c.p.mapper.SysRoleMapper.selectById - <==      Total: 1
2026-07-30 14:12:22.164 [http-nio-8080-exec-1] DEBUG c.p.m.S.selectMenuByRoleId - ==>  Preparing: SELECT m.* FROM sys_menu m INNER JOIN sys_role_menu rm ON m.id = rm.menu_id WHERE rm.role_id = ?
2026-07-30 14:12:22.164 [http-nio-8080-exec-1] DEBUG c.p.m.S.selectMenuByRoleId - ==> Parameters: 2(Long)
2026-07-30 14:12:22.165 [http-nio-8080-exec-1] DEBUG c.p.m.S.selectMenuByRoleId - <==      Total: 1
2026-07-30 14:12:22.175 [http-nio-8080-exec-1] DEBUG o.s.security.web.FilterChainProxy - Secured GET /menus/tree
2026-07-30 14:12:22.184 [http-nio-8080-exec-1] DEBUG c.p.mapper.SysMenuMapper.selectList - ==>  Preparing: SELECT id,parent_id,name,path,component,icon,permission,sort,type,status,create_time,update_time,version FROM sys_menu ORDER BY sort ASC
2026-07-30 14:12:22.184 [http-nio-8080-exec-1] DEBUG c.p.mapper.SysMenuMapper.selectList - ==> Parameters: 
2026-07-30 14:12:22.191 [http-nio-8080-exec-1] DEBUG c.p.mapper.SysMenuMapper.selectList - <==      Total: 21
2026-07-30 14:12:22.356 [http-nio-8080-exec-2] DEBUG o.s.security.web.FilterChainProxy - Securing GET /users
2026-07-30 14:12:22.358 [http-nio-8080-exec-2] DEBUG c.p.mapper.SysUserMapper.selectList - ==>  Preparing: SELECT id,username,password,nickname,email,phone,status,create_time,update_time,version FROM sys_user WHERE (username = ?)
2026-07-30 14:12:22.358 [http-nio-8080-exec-2] DEBUG c.p.mapper.SysUserMapper.selectList - ==> Parameters: gugu(String)
2026-07-30 14:12:22.360 [http-nio-8080-exec-2] DEBUG c.p.mapper.SysUserMapper.selectList - <==      Total: 1
2026-07-30 14:12:22.360 [http-nio-8080-exec-2] DEBUG c.p.m.SysUserRoleMapper.selectList - ==>  Preparing: SELECT id,user_id,role_id FROM sys_user_role WHERE (user_id = ?)
2026-07-30 14:12:22.360 [http-nio-8080-exec-2] DEBUG c.p.m.SysUserRoleMapper.selectList - ==> Parameters: 11(Long)
2026-07-30 14:12:22.361 [http-nio-8080-exec-2] DEBUG c.p.m.SysUserRoleMapper.selectList - <==      Total: 1
2026-07-30 14:12:22.361 [http-nio-8080-exec-2] DEBUG c.p.mapper.SysRoleMapper.selectById - ==>  Preparing: SELECT id,name,code,description,status,create_time,update_time,version FROM sys_role WHERE id=?
2026-07-30 14:12:22.361 [http-nio-8080-exec-2] DEBUG c.p.mapper.SysRoleMapper.selectById - ==> Parameters: 2(Long)
2026-07-30 14:12:22.363 [http-nio-8080-exec-2] DEBUG c.p.mapper.SysRoleMapper.selectById - <==      Total: 1
2026-07-30 14:12:22.363 [http-nio-8080-exec-2] DEBUG c.p.m.S.selectMenuByRoleId - ==>  Preparing: SELECT m.* FROM sys_menu m INNER JOIN sys_role_menu rm ON m.id = rm.menu_id WHERE rm.role_id = ?
2026-07-30 14:12:22.363 [http-nio-8080-exec-2] DEBUG c.p.m.S.selectMenuByRoleId - ==> Parameters: 2(Long)
2026-07-30 14:12:22.364 [http-nio-8080-exec-2] DEBUG c.p.m.S.selectMenuByRoleId - <==      Total: 1
2026-07-30 14:12:22.365 [http-nio-8080-exec-2] DEBUG o.s.security.web.FilterChainProxy - Secured GET /users
2026-07-30 14:12:22.370 [http-nio-8080-exec-2] WARN  c.p.exception.GlobalExceptionHandler - 权限不足: 权限不足
2026-07-30 14:12:23.674 [http-nio-8080-exec-3] DEBUG o.s.security.web.FilterChainProxy - Securing GET /menus/tree
2026-07-30 14:12:23.676 [http-nio-8080-exec-3] DEBUG c.p.mapper.SysUserMapper.selectList - ==>  Preparing: SELECT id,username,password,nickname,email,phone,status,create_time,update_time,version FROM sys_user WHERE (username = ?)
2026-07-30 14:12:23.678 [http-nio-8080-exec-3] DEBUG c.p.mapper.SysUserMapper.selectList - ==> Parameters: gugu(String)
2026-07-30 14:12:23.679 [http-nio-8080-exec-3] DEBUG c.p.mapper.SysUserMapper.selectList - <==      Total: 1
2026-07-30 14:12:23.680 [http-nio-8080-exec-3] DEBUG c.p.m.SysUserRoleMapper.selectList - ==>  Preparing: SELECT id,user_id,role_id FROM sys_user_role WHERE (user_id = ?)
2026-07-30 14:12:23.681 [http-nio-8080-exec-3] DEBUG c.p.m.SysUserRoleMapper.selectList - ==> Parameters: 11(Long)
2026-07-30 14:12:23.684 [http-nio-8080-exec-3] DEBUG c.p.m.SysUserRoleMapper.selectList - <==      Total: 1
2026-07-30 14:12:23.684 [http-nio-8080-exec-3] DEBUG c.p.mapper.SysRoleMapper.selectById - ==>  Preparing: SELECT id,name,code,description,status,create_time,update_time,version FROM sys_role WHERE id=?
2026-07-30 14:12:23.685 [http-nio-8080-exec-3] DEBUG c.p.mapper.SysRoleMapper.selectById - ==> Parameters: 2(Long)
2026-07-30 14:12:23.685 [http-nio-8080-exec-3] DEBUG c.p.mapper.SysRoleMapper.selectById - <==      Total: 1
2026-07-30 14:12:23.685 [http-nio-8080-exec-3] DEBUG c.p.m.S.selectMenuByRoleId - ==>  Preparing: SELECT m.* FROM sys_menu m INNER JOIN sys_role_menu rm ON m.id = rm.menu_id WHERE rm.role_id = ?
2026-07-30 14:12:23.687 [http-nio-8080-exec-3] DEBUG c.p.m.S.selectMenuByRoleId - ==> Parameters: 2(Long)
2026-07-30 14:12:23.688 [http-nio-8080-exec-3] DEBUG c.p.m.S.selectMenuByRoleId - <==      Total: 1
2026-07-30 14:12:23.689 [http-nio-8080-exec-3] DEBUG o.s.security.web.FilterChainProxy - Secured GET /menus/tree
2026-07-30 14:12:23.689 [http-nio-8080-exec-3] DEBUG c.p.mapper.SysMenuMapper.selectList - ==>  Preparing: SELECT id,parent_id,name,path,component,icon,permission,sort,type,status,create_time,update_time,version FROM sys_menu ORDER BY sort ASC
2026-07-30 14:12:23.689 [http-nio-8080-exec-3] DEBUG c.p.mapper.SysMenuMapper.selectList - ==> Parameters: 
2026-07-30 14:12:23.692 [http-nio-8080-exec-3] DEBUG c.p.mapper.SysMenuMapper.selectList - <==      Total: 21
2026-07-30 14:12:23.844 [http-nio-8080-exec-4] DEBUG o.s.security.web.FilterChainProxy - Securing GET /dashboard/stats
2026-07-30 14:12:23.847 [http-nio-8080-exec-4] DEBUG c.p.mapper.SysUserMapper.selectList - ==>  Preparing: SELECT id,username,password,nickname,email,phone,status,create_time,update_time,version FROM sys_user WHERE (username = ?)
2026-07-30 14:12:23.848 [http-nio-8080-exec-4] DEBUG c.p.mapper.SysUserMapper.selectList - ==> Parameters: gugu(String)
2026-07-30 14:12:23.850 [http-nio-8080-exec-4] DEBUG c.p.mapper.SysUserMapper.selectList - <==      Total: 1
2026-07-30 14:12:23.851 [http-nio-8080-exec-4] DEBUG c.p.m.SysUserRoleMapper.selectList - ==>  Preparing: SELECT id,user_id,role_id FROM sys_user_role WHERE (user_id = ?)
2026-07-30 14:12:23.851 [http-nio-8080-exec-4] DEBUG c.p.m.SysUserRoleMapper.selectList - ==> Parameters: 11(Long)
2026-07-30 14:12:23.853 [http-nio-8080-exec-4] DEBUG c.p.m.SysUserRoleMapper.selectList - <==      Total: 1
2026-07-30 14:12:23.853 [http-nio-8080-exec-4] DEBUG c.p.mapper.SysRoleMapper.selectById - ==>  Preparing: SELECT id,name,code,description,status,create_time,update_time,version FROM sys_role WHERE id=?
2026-07-30 14:12:23.854 [http-nio-8080-exec-4] DEBUG c.p.mapper.SysRoleMapper.selectById - ==> Parameters: 2(Long)
2026-07-30 14:12:23.856 [http-nio-8080-exec-4] DEBUG c.p.mapper.SysRoleMapper.selectById - <==      Total: 1
2026-07-30 14:12:23.856 [http-nio-8080-exec-4] DEBUG c.p.m.S.selectMenuByRoleId - ==>  Preparing: SELECT m.* FROM sys_menu m INNER JOIN sys_role_menu rm ON m.id = rm.menu_id WHERE rm.role_id = ?
2026-07-30 14:12:23.856 [http-nio-8080-exec-4] DEBUG c.p.m.S.selectMenuByRoleId - ==> Parameters: 2(Long)
2026-07-30 14:12:23.857 [http-nio-8080-exec-4] DEBUG c.p.m.S.selectMenuByRoleId - <==      Total: 1
2026-07-30 14:12:23.859 [http-nio-8080-exec-4] DEBUG o.s.security.web.FilterChainProxy - Secured GET /dashboard/stats
2026-07-30 14:12:23.860 [http-nio-8080-exec-4] DEBUG c.p.mapper.SysUserMapper.selectCount - ==>  Preparing: SELECT COUNT( * ) AS total FROM sys_user
2026-07-30 14:12:23.860 [http-nio-8080-exec-4] DEBUG c.p.mapper.SysUserMapper.selectCount - ==> Parameters: 
2026-07-30 14:12:23.862 [http-nio-8080-exec-4] DEBUG c.p.mapper.SysUserMapper.selectCount - <==      Total: 1
2026-07-30 14:12:23.862 [http-nio-8080-exec-4] DEBUG c.p.mapper.SysRoleMapper.selectCount - ==>  Preparing: SELECT COUNT( * ) AS total FROM sys_role
2026-07-30 14:12:23.862 [http-nio-8080-exec-4] DEBUG c.p.mapper.SysRoleMapper.selectCount - ==> Parameters: 
2026-07-30 14:12:23.863 [http-nio-8080-exec-4] DEBUG c.p.mapper.SysRoleMapper.selectCount - <==      Total: 1
2026-07-30 14:12:23.864 [http-nio-8080-exec-4] DEBUG c.p.mapper.SysMenuMapper.selectCount - ==>  Preparing: SELECT COUNT( * ) AS total FROM sys_menu
2026-07-30 14:12:23.864 [http-nio-8080-exec-4] DEBUG c.p.mapper.SysMenuMapper.selectCount - ==> Parameters: 
2026-07-30 14:12:23.866 [http-nio-8080-exec-4] DEBUG c.p.mapper.SysMenuMapper.selectCount - <==      Total: 1
2026-07-30 14:12:27.083 [http-nio-8080-exec-5] DEBUG o.s.security.web.FilterChainProxy - Securing POST /logout
2026-07-30 14:12:27.084 [http-nio-8080-exec-5] DEBUG o.s.s.w.a.logout.LogoutFilter - Logging out [null]
2026-07-30 14:12:27.090 [http-nio-8080-exec-5] DEBUG o.s.s.web.DefaultRedirectStrategy - Redirecting to /login?logout
2026-07-30 14:12:27.101 [http-nio-8080-exec-6] DEBUG o.s.security.web.FilterChainProxy - Securing GET /login?logout
2026-07-30 14:12:27.103 [http-nio-8080-exec-6] DEBUG o.s.s.w.a.AnonymousAuthenticationFilter - Set SecurityContextHolder to anonymous SecurityContext
2026-07-30 14:12:27.106 [http-nio-8080-exec-6] DEBUG o.s.security.web.FilterChainProxy - Secured GET /login?logout
2026-07-30 14:12:27.106 [http-nio-8080-exec-6] ERROR c.p.exception.GlobalExceptionHandler - 未知异常
org.springframework.web.HttpRequestMethodNotSupportedException: Request method 'GET' is not supported
	at org.springframework.web.servlet.mvc.method.RequestMappingInfoHandlerMapping.handleNoMatch(RequestMappingInfoHandlerMapping.java:265)
	at org.springframework.web.servlet.handler.AbstractHandlerMethodMapping.lookupHandlerMethod(AbstractHandlerMethodMapping.java:441)
	at org.springframework.web.servlet.handler.AbstractHandlerMethodMapping.getHandlerInternal(AbstractHandlerMethodMapping.java:382)
	at org.springframework.web.servlet.mvc.method.RequestMappingInfoHandlerMapping.getHandlerInternal(RequestMappingInfoHandlerMapping.java:126)
	at org.springframework.web.servlet.mvc.method.RequestMappingInfoHandlerMapping.getHandlerInternal(RequestMappingInfoHandlerMapping.java:68)
	at org.springframework.web.servlet.handler.AbstractHandlerMapping.getHandler(AbstractHandlerMapping.java:507)
	at org.springframework.web.servlet.DispatcherServlet.getHandler(DispatcherServlet.java:1283)
	at org.springframework.web.servlet.DispatcherServlet.doDispatch(DispatcherServlet.java:1065)
	at org.springframework.web.servlet.DispatcherServlet.doService(DispatcherServlet.java:979)
	at org.springframework.web.servlet.FrameworkServlet.processRequest(FrameworkServlet.java:1014)
	at org.springframework.web.servlet.FrameworkServlet.doGet(FrameworkServlet.java:903)
	at jakarta.servlet.http.HttpServlet.service(HttpServlet.java:564)
	at org.springframework.web.servlet.FrameworkServlet.service(FrameworkServlet.java:885)
	at jakarta.servlet.http.HttpServlet.service(HttpServlet.java:658)
	at org.apache.catalina.core.ApplicationFilterChain.internalDoFilter(ApplicationFilterChain.java:205)
	at org.apache.catalina.core.ApplicationFilterChain.doFilter(ApplicationFilterChain.java:149)
	at org.apache.tomcat.websocket.server.WsFilter.doFilter(WsFilter.java:51)
	at org.apache.catalina.core.ApplicationFilterChain.internalDoFilter(ApplicationFilterChain.java:174)
	at org.apache.catalina.core.ApplicationFilterChain.doFilter(ApplicationFilterChain.java:149)
	at org.springframework.web.filter.OncePerRequestFilter.doFilter(OncePerRequestFilter.java:110)
	at org.apache.catalina.core.ApplicationFilterChain.internalDoFilter(ApplicationFilterChain.java:174)
	at org.apache.catalina.core.ApplicationFilterChain.doFilter(ApplicationFilterChain.java:149)
	at org.springframework.web.filter.OncePerRequestFilter.doFilter(OncePerRequestFilter.java:110)
	at org.apache.catalina.core.ApplicationFilterChain.internalDoFilter(ApplicationFilterChain.java:174)
	at org.apache.catalina.core.ApplicationFilterChain.doFilter(ApplicationFilterChain.java:149)
	at org.springframework.security.web.FilterChainProxy.lambda$doFilterInternal$3(FilterChainProxy.java:231)
	at org.springframework.security.web.FilterChainProxy$VirtualFilterChain.doFilter(FilterChainProxy.java:365)
	at org.springframework.security.web.access.intercept.AuthorizationFilter.doFilter(AuthorizationFilter.java:100)
	at org.springframework.security.web.FilterChainProxy$VirtualFilterChain.doFilter(FilterChainProxy.java:374)
	at org.springframework.security.web.access.ExceptionTranslationFilter.doFilter(ExceptionTranslationFilter.java:126)
	at org.springframework.security.web.access.ExceptionTranslationFilter.doFilter(ExceptionTranslationFilter.java:120)
	at org.springframework.security.web.FilterChainProxy$VirtualFilterChain.doFilter(FilterChainProxy.java:374)
	at org.springframework.security.web.session.SessionManagementFilter.doFilter(SessionManagementFilter.java:131)
	at org.springframework.security.web.session.SessionManagementFilter.doFilter(SessionManagementFilter.java:85)
	at org.springframework.security.web.FilterChainProxy$VirtualFilterChain.doFilter(FilterChainProxy.java:374)
	at org.springframework.security.web.authentication.AnonymousAuthenticationFilter.doFilter(AnonymousAuthenticationFilter.java:100)
	at org.springframework.security.web.FilterChainProxy$VirtualFilterChain.doFilter(FilterChainProxy.java:374)
	at org.springframework.security.web.servletapi.SecurityContextHolderAwareRequestFilter.doFilter(SecurityContextHolderAwareRequestFilter.java:179)
	at org.springframework.security.web.FilterChainProxy$VirtualFilterChain.doFilter(FilterChainProxy.java:374)
	at org.springframework.security.web.savedrequest.RequestCacheAwareFilter.doFilter(RequestCacheAwareFilter.java:63)
	at org.springframework.security.web.FilterChainProxy$VirtualFilterChain.doFilter(FilterChainProxy.java:374)
	at com.pes.security.filter.JwtAuthenticationFilter.doFilterInternal(JwtAuthenticationFilter.java:46)
	at org.springframework.web.filter.OncePerRequestFilter.doFilter(OncePerRequestFilter.java:116)
	at org.springframework.security.web.FilterChainProxy$VirtualFilterChain.doFilter(FilterChainProxy.java:374)
	at org.springframework.security.web.authentication.logout.LogoutFilter.doFilter(LogoutFilter.java:107)
	at org.springframework.security.web.authentication.logout.LogoutFilter.doFilter(LogoutFilter.java:93)
	at org.springframework.security.web.FilterChainProxy$VirtualFilterChain.doFilter(FilterChainProxy.java:374)
	at org.springframework.web.filter.CorsFilter.doFilterInternal(CorsFilter.java:91)
	at org.springframework.web.filter.OncePerRequestFilter.doFilter(OncePerRequestFilter.java:116)
	at org.springframework.security.web.FilterChainProxy$VirtualFilterChain.doFilter(FilterChainProxy.java:374)
	at org.springframework.security.web.header.HeaderWriterFilter.doHeadersAfter(HeaderWriterFilter.java:90)
	at org.springframework.security.web.header.HeaderWriterFilter.doFilterInternal(HeaderWriterFilter.java:75)
	at org.springframework.web.filter.OncePerRequestFilter.doFilter(OncePerRequestFilter.java:116)
	at org.springframework.security.web.FilterChainProxy$VirtualFilterChain.doFilter(FilterChainProxy.java:374)
	at org.springframework.security.web.context.SecurityContextHolderFilter.doFilter(SecurityContextHolderFilter.java:82)
	at org.springframework.security.web.context.SecurityContextHolderFilter.doFilter(SecurityContextHolderFilter.java:69)
	at org.springframework.security.web.FilterChainProxy$VirtualFilterChain.doFilter(FilterChainProxy.java:374)
	at org.springframework.security.web.context.request.async.WebAsyncManagerIntegrationFilter.doFilterInternal(WebAsyncManagerIntegrationFilter.java:62)
	at org.springframework.web.filter.OncePerRequestFilter.doFilter(OncePerRequestFilter.java:116)
	at org.springframework.security.web.FilterChainProxy$VirtualFilterChain.doFilter(FilterChainProxy.java:374)
	at org.springframework.security.web.session.DisableEncodeUrlFilter.doFilterInternal(DisableEncodeUrlFilter.java:42)
	at org.springframework.web.filter.OncePerRequestFilter.doFilter(OncePerRequestFilter.java:116)
	at org.springframework.security.web.FilterChainProxy$VirtualFilterChain.doFilter(FilterChainProxy.java:374)
	at org.springframework.security.web.FilterChainProxy.doFilterInternal(FilterChainProxy.java:233)
	at org.springframework.security.web.FilterChainProxy.doFilter(FilterChainProxy.java:191)
	at org.springframework.web.filter.DelegatingFilterProxy.invokeDelegate(DelegatingFilterProxy.java:352)
	at org.springframework.web.filter.DelegatingFilterProxy.doFilter(DelegatingFilterProxy.java:268)
	at org.apache.catalina.core.ApplicationFilterChain.internalDoFilter(ApplicationFilterChain.java:174)
	at org.apache.catalina.core.ApplicationFilterChain.doFilter(ApplicationFilterChain.java:149)
	at org.springframework.web.filter.RequestContextFilter.doFilterInternal(RequestContextFilter.java:100)
	at org.springframework.web.filter.OncePerRequestFilter.doFilter(OncePerRequestFilter.java:116)
	at org.apache.catalina.core.ApplicationFilterChain.internalDoFilter(ApplicationFilterChain.java:174)
	at org.apache.catalina.core.ApplicationFilterChain.doFilter(ApplicationFilterChain.java:149)
	at org.springframework.web.filter.FormContentFilter.doFilterInternal(FormContentFilter.java:93)
	at org.springframework.web.filter.OncePerRequestFilter.doFilter(OncePerRequestFilter.java:116)
	at org.apache.catalina.core.ApplicationFilterChain.internalDoFilter(ApplicationFilterChain.java:174)
	at org.apache.catalina.core.ApplicationFilterChain.doFilter(ApplicationFilterChain.java:149)
	at org.springframework.web.filter.CharacterEncodingFilter.doFilterInternal(CharacterEncodingFilter.java:201)
	at org.springframework.web.filter.OncePerRequestFilter.doFilter(OncePerRequestFilter.java:116)
	at org.apache.catalina.core.ApplicationFilterChain.internalDoFilter(ApplicationFilterChain.java:174)
	at org.apache.catalina.core.ApplicationFilterChain.doFilter(ApplicationFilterChain.java:149)
	at org.apache.catalina.core.StandardWrapperValve.invoke(StandardWrapperValve.java:167)
	at org.apache.catalina.core.StandardContextValve.invoke(StandardContextValve.java:90)
	at org.apache.catalina.authenticator.AuthenticatorBase.invoke(AuthenticatorBase.java:482)
	at org.apache.catalina.core.StandardHostValve.invoke(StandardHostValve.java:115)
	at org.apache.catalina.valves.ErrorReportValve.invoke(ErrorReportValve.java:93)
	at org.apache.catalina.core.StandardEngineValve.invoke(StandardEngineValve.java:74)
	at org.apache.catalina.connector.CoyoteAdapter.service(CoyoteAdapter.java:340)
	at org.apache.coyote.http11.Http11Processor.service(Http11Processor.java:391)
	at org.apache.coyote.AbstractProcessorLight.process(AbstractProcessorLight.java:63)
	at org.apache.coyote.AbstractProtocol$ConnectionHandler.process(AbstractProtocol.java:896)
	at org.apache.tomcat.util.net.NioEndpoint$SocketProcessor.doRun(NioEndpoint.java:1744)
	at org.apache.tomcat.util.net.SocketProcessorBase.run(SocketProcessorBase.java:52)
	at org.apache.tomcat.util.threads.ThreadPoolExecutor.runWorker(ThreadPoolExecutor.java:1191)
	at org.apache.tomcat.util.threads.ThreadPoolExecutor$Worker.run(ThreadPoolExecutor.java:659)
	at org.apache.tomcat.util.threads.TaskThread$WrappingRunnable.run(TaskThread.java:61)
	at java.base/java.lang.Thread.run(Thread.java:842)
2026-07-30 14:12:27.145 [http-nio-8080-exec-8] DEBUG o.s.security.web.FilterChainProxy - Securing GET /captcha
2026-07-30 14:12:27.145 [http-nio-8080-exec-8] DEBUG o.s.s.w.a.AnonymousAuthenticationFilter - Set SecurityContextHolder to anonymous SecurityContext
2026-07-30 14:12:27.145 [http-nio-8080-exec-8] DEBUG o.s.security.web.FilterChainProxy - Secured GET /captcha
2026-07-30 14:16:46.399 [http-nio-8080-exec-7] DEBUG o.s.security.web.FilterChainProxy - Securing GET /captcha
2026-07-30 14:16:46.400 [http-nio-8080-exec-7] DEBUG o.s.s.w.a.AnonymousAuthenticationFilter - Set SecurityContextHolder to anonymous SecurityContext
2026-07-30 14:16:46.400 [http-nio-8080-exec-7] DEBUG o.s.security.web.FilterChainProxy - Secured GET /captcha
2026-07-30 14:16:59.409 [http-nio-8080-exec-9] DEBUG o.s.security.web.FilterChainProxy - Securing POST /login
2026-07-30 14:16:59.411 [http-nio-8080-exec-9] DEBUG o.s.s.w.a.AnonymousAuthenticationFilter - Set SecurityContextHolder to anonymous SecurityContext
2026-07-30 14:16:59.411 [http-nio-8080-exec-9] DEBUG o.s.security.web.FilterChainProxy - Secured POST /login
2026-07-30 14:16:59.548 [http-nio-8080-exec-9] DEBUG c.p.mapper.SysUserMapper.selectList - ==>  Preparing: SELECT id,username,password,nickname,email,phone,status,create_time,update_time,version FROM sys_user WHERE (username = ?)
2026-07-30 14:16:59.552 [http-nio-8080-exec-9] DEBUG c.p.mapper.SysUserMapper.selectList - ==> Parameters: admin(String)
2026-07-30 14:16:59.553 [http-nio-8080-exec-9] DEBUG c.p.mapper.SysUserMapper.selectList - <==      Total: 1
2026-07-30 14:16:59.553 [http-nio-8080-exec-9] DEBUG c.p.m.SysUserRoleMapper.selectList - ==>  Preparing: SELECT id,user_id,role_id FROM sys_user_role WHERE (user_id = ?)
2026-07-30 14:16:59.554 [http-nio-8080-exec-9] DEBUG c.p.m.SysUserRoleMapper.selectList - ==> Parameters: 1(Long)
2026-07-30 14:16:59.554 [http-nio-8080-exec-9] DEBUG c.p.m.SysUserRoleMapper.selectList - <==      Total: 1
2026-07-30 14:16:59.554 [http-nio-8080-exec-9] DEBUG c.p.mapper.SysRoleMapper.selectById - ==>  Preparing: SELECT id,name,code,description,status,create_time,update_time,version FROM sys_role WHERE id=?
2026-07-30 14:16:59.554 [http-nio-8080-exec-9] DEBUG c.p.mapper.SysRoleMapper.selectById - ==> Parameters: 1(Long)
2026-07-30 14:16:59.556 [http-nio-8080-exec-9] DEBUG c.p.mapper.SysRoleMapper.selectById - <==      Total: 1
2026-07-30 14:16:59.556 [http-nio-8080-exec-9] DEBUG c.p.m.S.selectMenuByRoleId - ==>  Preparing: SELECT m.* FROM sys_menu m INNER JOIN sys_role_menu rm ON m.id = rm.menu_id WHERE rm.role_id = ?
2026-07-30 14:16:59.556 [http-nio-8080-exec-9] DEBUG c.p.m.S.selectMenuByRoleId - ==> Parameters: 1(Long)
2026-07-30 14:16:59.558 [http-nio-8080-exec-9] DEBUG c.p.m.S.selectMenuByRoleId - <==      Total: 20
2026-07-30 14:16:59.621 [http-nio-8080-exec-9] DEBUG o.s.s.a.d.DaoAuthenticationProvider - Failed to authenticate since password does not match stored value
2026-07-30 14:16:59.630 [http-nio-8080-exec-9] DEBUG c.p.mapper.SysLoginLogMapper.insert - ==>  Preparing: INSERT INTO sys_login_log ( username, status, login_time ) VALUES ( ?, ?, ? )
2026-07-30 14:16:59.632 [http-nio-8080-exec-9] DEBUG c.p.mapper.SysLoginLogMapper.insert - ==> Parameters: admin(String), 0(Integer), null
2026-07-30 14:16:59.632 [http-nio-8080-exec-9] DEBUG c.p.mapper.SysLoginLogMapper.insert - <==    Updates: 1
2026-07-30 14:16:59.632 [http-nio-8080-exec-9] WARN  c.p.exception.GlobalExceptionHandler - 认证失败(密码错误): 用户名或密码错误
2026-07-30 14:16:59.678 [http-nio-8080-exec-10] DEBUG o.s.security.web.FilterChainProxy - Securing GET /captcha
2026-07-30 14:16:59.679 [http-nio-8080-exec-10] DEBUG o.s.s.w.a.AnonymousAuthenticationFilter - Set SecurityContextHolder to anonymous SecurityContext
2026-07-30 14:16:59.679 [http-nio-8080-exec-10] DEBUG o.s.security.web.FilterChainProxy - Secured GET /captcha
2026-07-30 14:17:00.114 [http-nio-8080-exec-1] DEBUG o.s.security.web.FilterChainProxy - Securing GET /captcha
2026-07-30 14:17:00.116 [http-nio-8080-exec-1] DEBUG o.s.s.w.a.AnonymousAuthenticationFilter - Set SecurityContextHolder to anonymous SecurityContext
2026-07-30 14:17:00.116 [http-nio-8080-exec-1] DEBUG o.s.security.web.FilterChainProxy - Secured GET /captcha
2026-07-30 14:19:54.129 [SpringApplicationShutdownHook] INFO  com.zaxxer.hikari.HikariDataSource - HikariPool-1 - Shutdown initiated...
2026-07-30 14:19:54.135 [SpringApplicationShutdownHook] INFO  com.zaxxer.hikari.HikariDataSource - HikariPool-1 - Shutdown completed.
2026-07-30 14:19:58.332 [background-preinit] INFO  o.h.validator.internal.util.Version - HV000001: Hibernate Validator 8.0.1.Final
2026-07-30 14:19:58.359 [main] INFO  com.pes.PesApplication - Starting PesApplication using Java 17.0.12 with PID 16932 (E:\PES\pes-java\target\classes started by ASUS in E:\PES)
2026-07-30 14:19:58.361 [main] DEBUG com.pes.PesApplication - Running with Spring Boot v3.2.0, Spring v6.1.1
2026-07-30 14:19:58.361 [main] INFO  com.pes.PesApplication - The following 1 profile is active: "dev"
2026-07-30 14:19:59.357 [main] INFO  o.s.b.w.e.tomcat.TomcatWebServer - Tomcat initialized with port 8080 (http)
2026-07-30 14:19:59.363 [main] INFO  o.a.coyote.http11.Http11NioProtocol - Initializing ProtocolHandler ["http-nio-8080"]
2026-07-30 14:19:59.364 [main] INFO  o.a.catalina.core.StandardService - Starting service [Tomcat]
2026-07-30 14:19:59.364 [main] INFO  o.a.catalina.core.StandardEngine - Starting Servlet engine: [Apache Tomcat/10.1.16]
2026-07-30 14:19:59.419 [main] INFO  o.a.c.c.C.[Tomcat].[localhost].[/] - Initializing Spring embedded WebApplicationContext
2026-07-30 14:19:59.419 [main] INFO  o.s.b.w.s.c.ServletWebServerApplicationContext - Root WebApplicationContext: initialization completed in 1030 ms
2026-07-30 14:19:59.538 [main] INFO  com.zaxxer.hikari.HikariDataSource - HikariPool-1 - Starting...
2026-07-30 14:19:59.739 [main] INFO  com.zaxxer.hikari.pool.HikariPool - HikariPool-1 - Added connection com.mysql.cj.jdbc.ConnectionImpl@74ebd159
2026-07-30 14:19:59.741 [main] INFO  com.zaxxer.hikari.HikariDataSource - HikariPool-1 - Start completed.
2026-07-30 14:19:59.958 [main] DEBUG c.p.s.filter.JwtAuthenticationFilter - Filter 'jwtAuthenticationFilter' configured for use
2026-07-30 14:20:00.180 [main] INFO  com.pes.config.RedisConfig - Redis 连接成功: localhost:6379 (db:0)
2026-07-30 14:20:00.234 [main] INFO  com.pes.config.RedisConfig - RedisTemplate 初始化完成
2026-07-30 14:20:00.538 [main] INFO  com.pes.utils.CaptchaStore - 验证码存储: Redis 模式 (已连接:OK)
2026-07-30 14:20:00.901 [main] INFO  o.s.s.web.DefaultSecurityFilterChain - Will secure any request with [org.springframework.security.web.session.DisableEncodeUrlFilter@242ebd3b, org.springframework.security.web.context.request.async.WebAsyncManagerIntegrationFilter@5d2bc446, org.springframework.security.web.context.SecurityContextHolderFilter@2823b7c5, org.springframework.security.web.header.HeaderWriterFilter@5b2ade46, org.springframework.web.filter.CorsFilter@7a0f06ad, org.springframework.security.web.authentication.logout.LogoutFilter@464abed, com.pes.security.filter.JwtAuthenticationFilter@686b1e2d, org.springframework.security.web.savedrequest.RequestCacheAwareFilter@6f6c6c70, org.springframework.security.web.servletapi.SecurityContextHolderAwareRequestFilter@75d95b67, org.springframework.security.web.authentication.AnonymousAuthenticationFilter@6e96f3cd, org.springframework.security.web.session.SessionManagementFilter@4cb91fa4, org.springframework.security.web.access.ExceptionTranslationFilter@3c4e17ea, org.springframework.security.web.access.intercept.AuthorizationFilter@659ac28c]
2026-07-30 14:20:01.094 [main] INFO  o.a.coyote.http11.Http11NioProtocol - Starting ProtocolHandler ["http-nio-8080"]
2026-07-30 14:20:01.105 [main] INFO  o.s.b.w.e.tomcat.TomcatWebServer - Tomcat started on port 8080 (http) with context path ''
2026-07-30 14:20:01.112 [main] INFO  com.pes.PesApplication - Started PesApplication in 3.13 seconds (process running for 3.69)
2026-07-30 14:20:01.113 [main] INFO  com.pes.config.DataInitializer - ========== 开始检查并初始化种子数据 ==========
2026-07-30 14:20:01.166 [main] DEBUG c.p.mapper.SysRoleMapper.selectCount - ==>  Preparing: SELECT COUNT( * ) AS total FROM sys_role
2026-07-30 14:20:01.178 [main] DEBUG c.p.mapper.SysRoleMapper.selectCount - ==> Parameters: 
2026-07-30 14:20:01.195 [main] DEBUG c.p.mapper.SysRoleMapper.selectCount - <==      Total: 1
2026-07-30 14:20:01.197 [main] INFO  com.pes.config.DataInitializer - 角色数据已存在，跳过初始化
2026-07-30 14:20:01.198 [main] DEBUG c.p.mapper.SysMenuMapper.selectCount - ==>  Preparing: SELECT COUNT( * ) AS total FROM sys_menu
2026-07-30 14:20:01.198 [main] DEBUG c.p.mapper.SysMenuMapper.selectCount - ==> Parameters: 
2026-07-30 14:20:01.199 [main] DEBUG c.p.mapper.SysMenuMapper.selectCount - <==      Total: 1
2026-07-30 14:20:01.199 [main] INFO  com.pes.config.DataInitializer - 菜单数据已存在，跳过初始化
2026-07-30 14:20:01.209 [main] DEBUG c.p.mapper.SysUserMapper.selectList - ==>  Preparing: SELECT id,username,password,nickname,email,phone,status,create_time,update_time,version FROM sys_user WHERE (username = ?)
2026-07-30 14:20:01.209 [main] DEBUG c.p.mapper.SysUserMapper.selectList - ==> Parameters: admin(String)
2026-07-30 14:20:01.212 [main] DEBUG c.p.mapper.SysUserMapper.selectList - <==      Total: 1
2026-07-30 14:20:01.212 [main] INFO  com.pes.config.DataInitializer - 管理员用户已存在，跳过创建
2026-07-30 14:20:01.213 [main] DEBUG c.p.m.SysUserRoleMapper.selectCount - ==>  Preparing: SELECT COUNT( * ) AS total FROM sys_user_role WHERE (user_id = ? AND role_id = ?)
2026-07-30 14:20:01.213 [main] DEBUG c.p.m.SysUserRoleMapper.selectCount - ==> Parameters: 1(Long), 1(Long)
2026-07-30 14:20:01.215 [main] DEBUG c.p.m.SysUserRoleMapper.selectCount - <==      Total: 1
2026-07-30 14:20:01.216 [main] DEBUG c.p.m.SysRoleMenuMapper.selectCount - ==>  Preparing: SELECT COUNT( * ) AS total FROM sys_role_menu
2026-07-30 14:20:01.216 [main] DEBUG c.p.m.SysRoleMenuMapper.selectCount - ==> Parameters: 
2026-07-30 14:20:01.217 [main] DEBUG c.p.m.SysRoleMenuMapper.selectCount - <==      Total: 1
2026-07-30 14:20:01.217 [main] INFO  com.pes.config.DataInitializer - 角色-菜单关联已存在，跳过初始化
2026-07-30 14:20:01.217 [main] INFO  com.pes.config.DataInitializer - ========== 种子数据初始化完成 ==========
2026-07-30 14:20:20.184 [http-nio-8080-exec-1] INFO  o.a.c.c.C.[Tomcat].[localhost].[/] - Initializing Spring DispatcherServlet 'dispatcherServlet'
2026-07-30 14:20:20.184 [http-nio-8080-exec-1] INFO  o.s.web.servlet.DispatcherServlet - Initializing Servlet 'dispatcherServlet'
2026-07-30 14:20:20.185 [http-nio-8080-exec-1] INFO  o.s.web.servlet.DispatcherServlet - Completed initialization in 1 ms
2026-07-30 14:20:20.185 [http-nio-8080-exec-1] DEBUG o.s.security.web.FilterChainProxy - Securing GET /captcha
2026-07-30 14:20:20.196 [http-nio-8080-exec-1] DEBUG o.s.s.w.a.AnonymousAuthenticationFilter - Set SecurityContextHolder to anonymous SecurityContext
2026-07-30 14:20:20.205 [http-nio-8080-exec-1] DEBUG o.s.security.web.FilterChainProxy - Secured GET /captcha
2026-07-30 14:20:30.410 [http-nio-8080-exec-2] DEBUG o.s.security.web.FilterChainProxy - Securing POST /login
2026-07-30 14:20:30.416 [http-nio-8080-exec-2] DEBUG o.s.s.w.a.AnonymousAuthenticationFilter - Set SecurityContextHolder to anonymous SecurityContext
2026-07-30 14:20:30.418 [http-nio-8080-exec-2] DEBUG o.s.security.web.FilterChainProxy - Secured POST /login
2026-07-30 14:20:30.542 [http-nio-8080-exec-2] DEBUG c.p.mapper.SysUserMapper.selectList - ==>  Preparing: SELECT id,username,password,nickname,email,phone,status,create_time,update_time,version FROM sys_user WHERE (username = ?)
2026-07-30 14:20:30.542 [http-nio-8080-exec-2] DEBUG c.p.mapper.SysUserMapper.selectList - ==> Parameters: admin(String)
2026-07-30 14:20:30.542 [http-nio-8080-exec-2] DEBUG c.p.mapper.SysUserMapper.selectList - <==      Total: 1
2026-07-30 14:20:30.542 [http-nio-8080-exec-2] DEBUG c.p.m.SysUserRoleMapper.selectList - ==>  Preparing: SELECT id,user_id,role_id FROM sys_user_role WHERE (user_id = ?)
2026-07-30 14:20:30.542 [http-nio-8080-exec-2] DEBUG c.p.m.SysUserRoleMapper.selectList - ==> Parameters: 1(Long)
2026-07-30 14:20:30.542 [http-nio-8080-exec-2] DEBUG c.p.m.SysUserRoleMapper.selectList - <==      Total: 1
2026-07-30 14:20:30.542 [http-nio-8080-exec-2] DEBUG c.p.mapper.SysRoleMapper.selectById - ==>  Preparing: SELECT id,name,code,description,status,create_time,update_time,version FROM sys_role WHERE id=?
2026-07-30 14:20:30.542 [http-nio-8080-exec-2] DEBUG c.p.mapper.SysRoleMapper.selectById - ==> Parameters: 1(Long)
2026-07-30 14:20:30.542 [http-nio-8080-exec-2] DEBUG c.p.mapper.SysRoleMapper.selectById - <==      Total: 1
2026-07-30 14:20:30.542 [http-nio-8080-exec-2] DEBUG c.p.m.S.selectMenuByRoleId - ==>  Preparing: SELECT m.* FROM sys_menu m INNER JOIN sys_role_menu rm ON m.id = rm.menu_id WHERE rm.role_id = ?
2026-07-30 14:20:30.542 [http-nio-8080-exec-2] DEBUG c.p.m.S.selectMenuByRoleId - ==> Parameters: 1(Long)
2026-07-30 14:20:30.551 [http-nio-8080-exec-2] DEBUG c.p.m.S.selectMenuByRoleId - <==      Total: 20
2026-07-30 14:20:30.618 [http-nio-8080-exec-2] DEBUG o.s.s.a.d.DaoAuthenticationProvider - Authenticated user
2026-07-30 14:20:30.675 [http-nio-8080-exec-2] DEBUG c.p.mapper.SysUserMapper.selectList - ==>  Preparing: SELECT id,username,password,nickname,email,phone,status,create_time,update_time,version FROM sys_user WHERE (username = ?)
2026-07-30 14:20:30.675 [http-nio-8080-exec-2] DEBUG c.p.mapper.SysUserMapper.selectList - ==> Parameters: admin(String)
2026-07-30 14:20:30.675 [http-nio-8080-exec-2] DEBUG c.p.mapper.SysUserMapper.selectList - <==      Total: 1
2026-07-30 14:20:30.675 [http-nio-8080-exec-2] DEBUG c.p.m.SysUserRoleMapper.selectList - ==>  Preparing: SELECT id,user_id,role_id FROM sys_user_role WHERE (user_id = ?)
2026-07-30 14:20:30.675 [http-nio-8080-exec-2] DEBUG c.p.m.SysUserRoleMapper.selectList - ==> Parameters: 1(Long)
2026-07-30 14:20:30.681 [http-nio-8080-exec-2] DEBUG c.p.m.SysUserRoleMapper.selectList - <==      Total: 1
2026-07-30 14:20:30.681 [http-nio-8080-exec-2] DEBUG c.p.mapper.SysRoleMapper.selectById - ==>  Preparing: SELECT id,name,code,description,status,create_time,update_time,version FROM sys_role WHERE id=?
2026-07-30 14:20:30.681 [http-nio-8080-exec-2] DEBUG c.p.mapper.SysRoleMapper.selectById - ==> Parameters: 1(Long)
2026-07-30 14:20:30.683 [http-nio-8080-exec-2] DEBUG c.p.mapper.SysRoleMapper.selectById - <==      Total: 1
2026-07-30 14:20:30.685 [http-nio-8080-exec-2] DEBUG c.p.m.SysRoleMenuMapper.selectList - ==>  Preparing: SELECT id,role_id,menu_id FROM sys_role_menu WHERE (role_id = ?)
2026-07-30 14:20:30.685 [http-nio-8080-exec-2] DEBUG c.p.m.SysRoleMenuMapper.selectList - ==> Parameters: 1(Long)
2026-07-30 14:20:30.685 [http-nio-8080-exec-2] DEBUG c.p.m.SysRoleMenuMapper.selectList - <==      Total: 20
2026-07-30 14:20:30.685 [http-nio-8080-exec-2] DEBUG c.p.m.SysMenuMapper.selectBatchIds - ==>  Preparing: SELECT id,parent_id,name,path,component,icon,permission,sort,type,status,create_time,update_time,version FROM sys_menu WHERE id IN ( ? , ? , ? , ? , ? , ? , ? , ? , ? , ? , ? , ? , ? , ? , ? , ? , ? , ? , ? , ? )
2026-07-30 14:20:30.685 [http-nio-8080-exec-2] DEBUG c.p.m.SysMenuMapper.selectBatchIds - ==> Parameters: 1(Long), 2(Long), 3(Long), 4(Long), 5(Long), 6(Long), 7(Long), 8(Long), 9(Long), 10(Long), 11(Long), 12(Long), 13(Long), 14(Long), 15(Long), 16(Long), 17(Long), 18(Long), 19(Long), 20(Long)
2026-07-30 14:20:30.694 [http-nio-8080-exec-2] DEBUG c.p.m.SysMenuMapper.selectBatchIds - <==      Total: 20
2026-07-30 14:20:30.698 [http-nio-8080-exec-2] DEBUG c.p.mapper.SysLoginLogMapper.insert - ==>  Preparing: INSERT INTO sys_login_log ( username, status, login_time ) VALUES ( ?, ?, ? )
2026-07-30 14:20:30.698 [http-nio-8080-exec-2] DEBUG c.p.mapper.SysLoginLogMapper.insert - ==> Parameters: admin(String), 1(Integer), null
2026-07-30 14:20:30.698 [http-nio-8080-exec-2] DEBUG c.p.mapper.SysLoginLogMapper.insert - <==    Updates: 1
2026-07-30 14:20:30.716 [http-nio-8080-exec-3] DEBUG o.s.security.web.FilterChainProxy - Securing GET /menus/tree
2026-07-30 14:20:30.743 [http-nio-8080-exec-3] DEBUG c.p.mapper.SysUserMapper.selectList - ==>  Preparing: SELECT id,username,password,nickname,email,phone,status,create_time,update_time,version FROM sys_user WHERE (username = ?)
2026-07-30 14:20:30.743 [http-nio-8080-exec-3] DEBUG c.p.mapper.SysUserMapper.selectList - ==> Parameters: admin(String)
2026-07-30 14:20:30.745 [http-nio-8080-exec-3] DEBUG c.p.mapper.SysUserMapper.selectList - <==      Total: 1
2026-07-30 14:20:30.745 [http-nio-8080-exec-3] DEBUG c.p.m.SysUserRoleMapper.selectList - ==>  Preparing: SELECT id,user_id,role_id FROM sys_user_role WHERE (user_id = ?)
2026-07-30 14:20:30.745 [http-nio-8080-exec-3] DEBUG c.p.m.SysUserRoleMapper.selectList - ==> Parameters: 1(Long)
2026-07-30 14:20:30.749 [http-nio-8080-exec-3] DEBUG c.p.m.SysUserRoleMapper.selectList - <==      Total: 1
2026-07-30 14:20:30.749 [http-nio-8080-exec-3] DEBUG c.p.mapper.SysRoleMapper.selectById - ==>  Preparing: SELECT id,name,code,description,status,create_time,update_time,version FROM sys_role WHERE id=?
2026-07-30 14:20:30.749 [http-nio-8080-exec-3] DEBUG c.p.mapper.SysRoleMapper.selectById - ==> Parameters: 1(Long)
2026-07-30 14:20:30.750 [http-nio-8080-exec-3] DEBUG c.p.mapper.SysRoleMapper.selectById - <==      Total: 1
2026-07-30 14:20:30.750 [http-nio-8080-exec-3] DEBUG c.p.m.S.selectMenuByRoleId - ==>  Preparing: SELECT m.* FROM sys_menu m INNER JOIN sys_role_menu rm ON m.id = rm.menu_id WHERE rm.role_id = ?
2026-07-30 14:20:30.750 [http-nio-8080-exec-3] DEBUG c.p.m.S.selectMenuByRoleId - ==> Parameters: 1(Long)
2026-07-30 14:20:30.751 [http-nio-8080-exec-3] DEBUG c.p.m.S.selectMenuByRoleId - <==      Total: 20
2026-07-30 14:20:30.751 [http-nio-8080-exec-3] DEBUG o.s.security.web.FilterChainProxy - Secured GET /menus/tree
2026-07-30 14:20:30.755 [http-nio-8080-exec-3] DEBUG c.p.mapper.SysMenuMapper.selectList - ==>  Preparing: SELECT id,parent_id,name,path,component,icon,permission,sort,type,status,create_time,update_time,version FROM sys_menu ORDER BY sort ASC
2026-07-30 14:20:30.755 [http-nio-8080-exec-3] DEBUG c.p.mapper.SysMenuMapper.selectList - ==> Parameters: 
2026-07-30 14:20:30.755 [http-nio-8080-exec-3] DEBUG c.p.mapper.SysMenuMapper.selectList - <==      Total: 21
2026-07-30 14:20:30.961 [http-nio-8080-exec-4] DEBUG o.s.security.web.FilterChainProxy - Securing GET /dashboard/stats
2026-07-30 14:20:30.963 [http-nio-8080-exec-4] DEBUG c.p.mapper.SysUserMapper.selectList - ==>  Preparing: SELECT id,username,password,nickname,email,phone,status,create_time,update_time,version FROM sys_user WHERE (username = ?)
2026-07-30 14:20:30.965 [http-nio-8080-exec-4] DEBUG c.p.mapper.SysUserMapper.selectList - ==> Parameters: admin(String)
2026-07-30 14:20:30.966 [http-nio-8080-exec-4] DEBUG c.p.mapper.SysUserMapper.selectList - <==      Total: 1
2026-07-30 14:20:30.967 [http-nio-8080-exec-4] DEBUG c.p.m.SysUserRoleMapper.selectList - ==>  Preparing: SELECT id,user_id,role_id FROM sys_user_role WHERE (user_id = ?)
2026-07-30 14:20:30.967 [http-nio-8080-exec-4] DEBUG c.p.m.SysUserRoleMapper.selectList - ==> Parameters: 1(Long)
2026-07-30 14:20:30.968 [http-nio-8080-exec-4] DEBUG c.p.m.SysUserRoleMapper.selectList - <==      Total: 1
2026-07-30 14:20:30.968 [http-nio-8080-exec-4] DEBUG c.p.mapper.SysRoleMapper.selectById - ==>  Preparing: SELECT id,name,code,description,status,create_time,update_time,version FROM sys_role WHERE id=?
2026-07-30 14:20:30.969 [http-nio-8080-exec-4] DEBUG c.p.mapper.SysRoleMapper.selectById - ==> Parameters: 1(Long)
2026-07-30 14:20:30.970 [http-nio-8080-exec-4] DEBUG c.p.mapper.SysRoleMapper.selectById - <==      Total: 1
2026-07-30 14:20:30.970 [http-nio-8080-exec-4] DEBUG c.p.m.S.selectMenuByRoleId - ==>  Preparing: SELECT m.* FROM sys_menu m INNER JOIN sys_role_menu rm ON m.id = rm.menu_id WHERE rm.role_id = ?
2026-07-30 14:20:30.971 [http-nio-8080-exec-4] DEBUG c.p.m.S.selectMenuByRoleId - ==> Parameters: 1(Long)
2026-07-30 14:20:30.973 [http-nio-8080-exec-4] DEBUG c.p.m.S.selectMenuByRoleId - <==      Total: 20
2026-07-30 14:20:30.973 [http-nio-8080-exec-4] DEBUG o.s.security.web.FilterChainProxy - Secured GET /dashboard/stats
2026-07-30 14:20:30.973 [http-nio-8080-exec-4] DEBUG c.p.mapper.SysUserMapper.selectCount - ==>  Preparing: SELECT COUNT( * ) AS total FROM sys_user
2026-07-30 14:20:30.973 [http-nio-8080-exec-4] DEBUG c.p.mapper.SysUserMapper.selectCount - ==> Parameters: 
2026-07-30 14:20:30.973 [http-nio-8080-exec-4] DEBUG c.p.mapper.SysUserMapper.selectCount - <==      Total: 1
2026-07-30 14:20:30.979 [http-nio-8080-exec-4] DEBUG c.p.mapper.SysRoleMapper.selectCount - ==>  Preparing: SELECT COUNT( * ) AS total FROM sys_role
2026-07-30 14:20:30.979 [http-nio-8080-exec-4] DEBUG c.p.mapper.SysRoleMapper.selectCount - ==> Parameters: 
2026-07-30 14:20:30.979 [http-nio-8080-exec-4] DEBUG c.p.mapper.SysRoleMapper.selectCount - <==      Total: 1
2026-07-30 14:20:30.979 [http-nio-8080-exec-4] DEBUG c.p.mapper.SysMenuMapper.selectCount - ==>  Preparing: SELECT COUNT( * ) AS total FROM sys_menu
2026-07-30 14:20:30.979 [http-nio-8080-exec-4] DEBUG c.p.mapper.SysMenuMapper.selectCount - ==> Parameters: 
2026-07-30 14:20:30.983 [http-nio-8080-exec-4] DEBUG c.p.mapper.SysMenuMapper.selectCount - <==      Total: 1
2026-07-30 14:20:33.793 [http-nio-8080-exec-5] DEBUG o.s.security.web.FilterChainProxy - Securing GET /users
2026-07-30 14:20:33.796 [http-nio-8080-exec-5] DEBUG c.p.mapper.SysUserMapper.selectList - ==>  Preparing: SELECT id,username,password,nickname,email,phone,status,create_time,update_time,version FROM sys_user WHERE (username = ?)
2026-07-30 14:20:33.797 [http-nio-8080-exec-5] DEBUG c.p.mapper.SysUserMapper.selectList - ==> Parameters: admin(String)
2026-07-30 14:20:33.798 [http-nio-8080-exec-5] DEBUG c.p.mapper.SysUserMapper.selectList - <==      Total: 1
2026-07-30 14:20:33.799 [http-nio-8080-exec-5] DEBUG c.p.m.SysUserRoleMapper.selectList - ==>  Preparing: SELECT id,user_id,role_id FROM sys_user_role WHERE (user_id = ?)
2026-07-30 14:20:33.799 [http-nio-8080-exec-5] DEBUG c.p.m.SysUserRoleMapper.selectList - ==> Parameters: 1(Long)
2026-07-30 14:20:33.800 [http-nio-8080-exec-5] DEBUG c.p.m.SysUserRoleMapper.selectList - <==      Total: 1
2026-07-30 14:20:33.800 [http-nio-8080-exec-5] DEBUG c.p.mapper.SysRoleMapper.selectById - ==>  Preparing: SELECT id,name,code,description,status,create_time,update_time,version FROM sys_role WHERE id=?
2026-07-30 14:20:33.800 [http-nio-8080-exec-5] DEBUG c.p.mapper.SysRoleMapper.selectById - ==> Parameters: 1(Long)
2026-07-30 14:20:33.801 [http-nio-8080-exec-5] DEBUG c.p.mapper.SysRoleMapper.selectById - <==      Total: 1
2026-07-30 14:20:33.801 [http-nio-8080-exec-5] DEBUG c.p.m.S.selectMenuByRoleId - ==>  Preparing: SELECT m.* FROM sys_menu m INNER JOIN sys_role_menu rm ON m.id = rm.menu_id WHERE rm.role_id = ?
2026-07-30 14:20:33.802 [http-nio-8080-exec-5] DEBUG c.p.m.S.selectMenuByRoleId - ==> Parameters: 1(Long)
2026-07-30 14:20:33.803 [http-nio-8080-exec-5] DEBUG c.p.m.S.selectMenuByRoleId - <==      Total: 20
2026-07-30 14:20:33.804 [http-nio-8080-exec-5] DEBUG o.s.security.web.FilterChainProxy - Secured GET /users
2026-07-30 14:20:33.810 [http-nio-8080-exec-5] DEBUG c.p.mapper.SysUserMapper.selectList - ==>  Preparing: SELECT id,username,password,nickname,email,phone,status,create_time,update_time,version FROM sys_user
2026-07-30 14:20:33.810 [http-nio-8080-exec-5] DEBUG c.p.mapper.SysUserMapper.selectList - ==> Parameters: 
2026-07-30 14:20:33.810 [http-nio-8080-exec-5] DEBUG c.p.mapper.SysUserMapper.selectList - <==      Total: 9
2026-07-30 14:20:47.672 [http-nio-8080-exec-6] DEBUG o.s.security.web.FilterChainProxy - Securing GET /roles
2026-07-30 14:20:47.675 [http-nio-8080-exec-6] DEBUG c.p.mapper.SysUserMapper.selectList - ==>  Preparing: SELECT id,username,password,nickname,email,phone,status,create_time,update_time,version FROM sys_user WHERE (username = ?)
2026-07-30 14:20:47.675 [http-nio-8080-exec-6] DEBUG c.p.mapper.SysUserMapper.selectList - ==> Parameters: admin(String)
2026-07-30 14:20:47.677 [http-nio-8080-exec-6] DEBUG c.p.mapper.SysUserMapper.selectList - <==      Total: 1
2026-07-30 14:20:47.678 [http-nio-8080-exec-6] DEBUG c.p.m.SysUserRoleMapper.selectList - ==>  Preparing: SELECT id,user_id,role_id FROM sys_user_role WHERE (user_id = ?)
2026-07-30 14:20:47.679 [http-nio-8080-exec-6] DEBUG c.p.m.SysUserRoleMapper.selectList - ==> Parameters: 1(Long)
2026-07-30 14:20:47.685 [http-nio-8080-exec-6] DEBUG c.p.m.SysUserRoleMapper.selectList - <==      Total: 1
2026-07-30 14:20:47.686 [http-nio-8080-exec-6] DEBUG c.p.mapper.SysRoleMapper.selectById - ==>  Preparing: SELECT id,name,code,description,status,create_time,update_time,version FROM sys_role WHERE id=?
2026-07-30 14:20:47.686 [http-nio-8080-exec-6] DEBUG c.p.mapper.SysRoleMapper.selectById - ==> Parameters: 1(Long)
2026-07-30 14:20:47.687 [http-nio-8080-exec-6] DEBUG c.p.mapper.SysRoleMapper.selectById - <==      Total: 1
2026-07-30 14:20:47.687 [http-nio-8080-exec-6] DEBUG c.p.m.S.selectMenuByRoleId - ==>  Preparing: SELECT m.* FROM sys_menu m INNER JOIN sys_role_menu rm ON m.id = rm.menu_id WHERE rm.role_id = ?
2026-07-30 14:20:47.687 [http-nio-8080-exec-6] DEBUG c.p.m.S.selectMenuByRoleId - ==> Parameters: 1(Long)
2026-07-30 14:20:47.687 [http-nio-8080-exec-6] DEBUG c.p.m.S.selectMenuByRoleId - <==      Total: 20
2026-07-30 14:20:47.687 [http-nio-8080-exec-6] DEBUG o.s.security.web.FilterChainProxy - Secured GET /roles
2026-07-30 14:20:47.687 [http-nio-8080-exec-6] DEBUG c.p.mapper.SysRoleMapper.selectList - ==>  Preparing: SELECT id,name,code,description,status,create_time,update_time,version FROM sys_role
2026-07-30 14:20:47.687 [http-nio-8080-exec-6] DEBUG c.p.mapper.SysRoleMapper.selectList - ==> Parameters: 
2026-07-30 14:20:47.687 [http-nio-8080-exec-6] DEBUG c.p.mapper.SysRoleMapper.selectList - <==      Total: 5
2026-07-30 14:20:49.976 [http-nio-8080-exec-7] DEBUG o.s.security.web.FilterChainProxy - Securing GET /menus/tree
2026-07-30 14:20:49.978 [http-nio-8080-exec-7] DEBUG c.p.mapper.SysUserMapper.selectList - ==>  Preparing: SELECT id,username,password,nickname,email,phone,status,create_time,update_time,version FROM sys_user WHERE (username = ?)
2026-07-30 14:20:49.978 [http-nio-8080-exec-7] DEBUG c.p.mapper.SysUserMapper.selectList - ==> Parameters: admin(String)
2026-07-30 14:20:49.982 [http-nio-8080-exec-7] DEBUG c.p.mapper.SysUserMapper.selectList - <==      Total: 1
2026-07-30 14:20:49.982 [http-nio-8080-exec-7] DEBUG c.p.m.SysUserRoleMapper.selectList - ==>  Preparing: SELECT id,user_id,role_id FROM sys_user_role WHERE (user_id = ?)
2026-07-30 14:20:49.982 [http-nio-8080-exec-7] DEBUG c.p.m.SysUserRoleMapper.selectList - ==> Parameters: 1(Long)
2026-07-30 14:20:49.983 [http-nio-8080-exec-7] DEBUG c.p.m.SysUserRoleMapper.selectList - <==      Total: 1
2026-07-30 14:20:49.983 [http-nio-8080-exec-7] DEBUG c.p.mapper.SysRoleMapper.selectById - ==>  Preparing: SELECT id,name,code,description,status,create_time,update_time,version FROM sys_role WHERE id=?
2026-07-30 14:20:49.985 [http-nio-8080-exec-7] DEBUG c.p.mapper.SysRoleMapper.selectById - ==> Parameters: 1(Long)
2026-07-30 14:20:49.985 [http-nio-8080-exec-7] DEBUG c.p.mapper.SysRoleMapper.selectById - <==      Total: 1
2026-07-30 14:20:49.985 [http-nio-8080-exec-7] DEBUG c.p.m.S.selectMenuByRoleId - ==>  Preparing: SELECT m.* FROM sys_menu m INNER JOIN sys_role_menu rm ON m.id = rm.menu_id WHERE rm.role_id = ?
2026-07-30 14:20:49.985 [http-nio-8080-exec-7] DEBUG c.p.m.S.selectMenuByRoleId - ==> Parameters: 1(Long)
2026-07-30 14:20:49.988 [http-nio-8080-exec-7] DEBUG c.p.m.S.selectMenuByRoleId - <==      Total: 20
2026-07-30 14:20:49.988 [http-nio-8080-exec-7] DEBUG o.s.security.web.FilterChainProxy - Secured GET /menus/tree
2026-07-30 14:20:49.988 [http-nio-8080-exec-7] DEBUG c.p.mapper.SysMenuMapper.selectList - ==>  Preparing: SELECT id,parent_id,name,path,component,icon,permission,sort,type,status,create_time,update_time,version FROM sys_menu ORDER BY sort ASC
2026-07-30 14:20:49.988 [http-nio-8080-exec-7] DEBUG c.p.mapper.SysMenuMapper.selectList - ==> Parameters: 
2026-07-30 14:20:49.994 [http-nio-8080-exec-7] DEBUG c.p.mapper.SysMenuMapper.selectList - <==      Total: 21
2026-07-30 14:20:53.372 [http-nio-8080-exec-8] DEBUG o.s.security.web.FilterChainProxy - Securing GET /logs/operation?page=1&pageSize=10
2026-07-30 14:20:53.374 [http-nio-8080-exec-8] DEBUG c.p.mapper.SysUserMapper.selectList - ==>  Preparing: SELECT id,username,password,nickname,email,phone,status,create_time,update_time,version FROM sys_user WHERE (username = ?)
2026-07-30 14:20:53.374 [http-nio-8080-exec-8] DEBUG c.p.mapper.SysUserMapper.selectList - ==> Parameters: admin(String)
2026-07-30 14:20:53.375 [http-nio-8080-exec-8] DEBUG c.p.mapper.SysUserMapper.selectList - <==      Total: 1
2026-07-30 14:20:53.377 [http-nio-8080-exec-8] DEBUG c.p.m.SysUserRoleMapper.selectList - ==>  Preparing: SELECT id,user_id,role_id FROM sys_user_role WHERE (user_id = ?)
2026-07-30 14:20:53.377 [http-nio-8080-exec-8] DEBUG c.p.m.SysUserRoleMapper.selectList - ==> Parameters: 1(Long)
2026-07-30 14:20:53.378 [http-nio-8080-exec-8] DEBUG c.p.m.SysUserRoleMapper.selectList - <==      Total: 1
2026-07-30 14:20:53.378 [http-nio-8080-exec-8] DEBUG c.p.mapper.SysRoleMapper.selectById - ==>  Preparing: SELECT id,name,code,description,status,create_time,update_time,version FROM sys_role WHERE id=?
2026-07-30 14:20:53.378 [http-nio-8080-exec-8] DEBUG c.p.mapper.SysRoleMapper.selectById - ==> Parameters: 1(Long)
2026-07-30 14:20:53.379 [http-nio-8080-exec-8] DEBUG c.p.mapper.SysRoleMapper.selectById - <==      Total: 1
2026-07-30 14:20:53.379 [http-nio-8080-exec-8] DEBUG c.p.m.S.selectMenuByRoleId - ==>  Preparing: SELECT m.* FROM sys_menu m INNER JOIN sys_role_menu rm ON m.id = rm.menu_id WHERE rm.role_id = ?
2026-07-30 14:20:53.379 [http-nio-8080-exec-8] DEBUG c.p.m.S.selectMenuByRoleId - ==> Parameters: 1(Long)
2026-07-30 14:20:53.381 [http-nio-8080-exec-8] DEBUG c.p.m.S.selectMenuByRoleId - <==      Total: 20
2026-07-30 14:20:53.384 [http-nio-8080-exec-8] DEBUG o.s.security.web.FilterChainProxy - Secured GET /logs/operation?page=1&pageSize=10
2026-07-30 14:20:53.427 [http-nio-8080-exec-8] DEBUG c.p.m.S.selectList_mpCount - ==>  Preparing: SELECT COUNT(*) AS total FROM sys_oper_log
2026-07-30 14:20:53.427 [http-nio-8080-exec-8] DEBUG c.p.m.S.selectList_mpCount - ==> Parameters: 
2026-07-30 14:20:53.431 [http-nio-8080-exec-8] DEBUG c.p.m.S.selectList_mpCount - <==      Total: 1
2026-07-30 14:20:53.433 [http-nio-8080-exec-8] DEBUG c.p.m.SysOperLogMapper.selectList - ==>  Preparing: SELECT id,username,operation,class_name,method_name,params,time,ip,status,create_time FROM sys_oper_log ORDER BY create_time DESC LIMIT ?
2026-07-30 14:20:53.433 [http-nio-8080-exec-8] DEBUG c.p.m.SysOperLogMapper.selectList - ==> Parameters: 10(Long)
2026-07-30 14:20:53.437 [http-nio-8080-exec-8] DEBUG c.p.m.SysOperLogMapper.selectList - <==      Total: 10
2026-07-30 14:20:54.816 [http-nio-8080-exec-9] DEBUG o.s.security.web.FilterChainProxy - Securing GET /logs/login?page=1&pageSize=10
2026-07-30 14:20:54.819 [http-nio-8080-exec-9] DEBUG c.p.mapper.SysUserMapper.selectList - ==>  Preparing: SELECT id,username,password,nickname,email,phone,status,create_time,update_time,version FROM sys_user WHERE (username = ?)
2026-07-30 14:20:54.819 [http-nio-8080-exec-9] DEBUG c.p.mapper.SysUserMapper.selectList - ==> Parameters: admin(String)
2026-07-30 14:20:54.820 [http-nio-8080-exec-9] DEBUG c.p.mapper.SysUserMapper.selectList - <==      Total: 1
2026-07-30 14:20:54.821 [http-nio-8080-exec-9] DEBUG c.p.m.SysUserRoleMapper.selectList - ==>  Preparing: SELECT id,user_id,role_id FROM sys_user_role WHERE (user_id = ?)
2026-07-30 14:20:54.821 [http-nio-8080-exec-9] DEBUG c.p.m.SysUserRoleMapper.selectList - ==> Parameters: 1(Long)
2026-07-30 14:20:54.822 [http-nio-8080-exec-9] DEBUG c.p.m.SysUserRoleMapper.selectList - <==      Total: 1
2026-07-30 14:20:54.822 [http-nio-8080-exec-9] DEBUG c.p.mapper.SysRoleMapper.selectById - ==>  Preparing: SELECT id,name,code,description,status,create_time,update_time,version FROM sys_role WHERE id=?
2026-07-30 14:20:54.822 [http-nio-8080-exec-9] DEBUG c.p.mapper.SysRoleMapper.selectById - ==> Parameters: 1(Long)
2026-07-30 14:20:54.822 [http-nio-8080-exec-9] DEBUG c.p.mapper.SysRoleMapper.selectById - <==      Total: 1
2026-07-30 14:20:54.822 [http-nio-8080-exec-9] DEBUG c.p.m.S.selectMenuByRoleId - ==>  Preparing: SELECT m.* FROM sys_menu m INNER JOIN sys_role_menu rm ON m.id = rm.menu_id WHERE rm.role_id = ?
2026-07-30 14:20:54.822 [http-nio-8080-exec-9] DEBUG c.p.m.S.selectMenuByRoleId - ==> Parameters: 1(Long)
2026-07-30 14:20:54.822 [http-nio-8080-exec-9] DEBUG c.p.m.S.selectMenuByRoleId - <==      Total: 20
2026-07-30 14:20:54.826 [http-nio-8080-exec-9] DEBUG o.s.security.web.FilterChainProxy - Secured GET /logs/login?page=1&pageSize=10
2026-07-30 14:20:54.830 [http-nio-8080-exec-9] DEBUG c.p.m.S.selectList_mpCount - ==>  Preparing: SELECT COUNT(*) AS total FROM sys_login_log
2026-07-30 14:20:54.830 [http-nio-8080-exec-9] DEBUG c.p.m.S.selectList_mpCount - ==> Parameters: 
2026-07-30 14:20:54.831 [http-nio-8080-exec-9] DEBUG c.p.m.S.selectList_mpCount - <==      Total: 1
2026-07-30 14:20:54.831 [http-nio-8080-exec-9] DEBUG c.p.m.SysLoginLogMapper.selectList - ==>  Preparing: SELECT id,username,ip,status,login_time FROM sys_login_log ORDER BY login_time DESC LIMIT ?
2026-07-30 14:20:54.831 [http-nio-8080-exec-9] DEBUG c.p.m.SysLoginLogMapper.selectList - ==> Parameters: 10(Long)
2026-07-30 14:20:54.832 [http-nio-8080-exec-9] DEBUG c.p.m.SysLoginLogMapper.selectList - <==      Total: 10
2026-07-30 14:23:30.145 [http-nio-8080-exec-10] DEBUG o.s.security.web.FilterChainProxy - Securing GET /menus/tree
2026-07-30 14:23:30.148 [http-nio-8080-exec-10] DEBUG c.p.mapper.SysUserMapper.selectList - ==>  Preparing: SELECT id,username,password,nickname,email,phone,status,create_time,update_time,version FROM sys_user WHERE (username = ?)
2026-07-30 14:23:30.149 [http-nio-8080-exec-10] DEBUG c.p.mapper.SysUserMapper.selectList - ==> Parameters: admin(String)
2026-07-30 14:23:30.152 [http-nio-8080-exec-10] DEBUG c.p.mapper.SysUserMapper.selectList - <==      Total: 1
2026-07-30 14:23:30.152 [http-nio-8080-exec-10] DEBUG c.p.m.SysUserRoleMapper.selectList - ==>  Preparing: SELECT id,user_id,role_id FROM sys_user_role WHERE (user_id = ?)
2026-07-30 14:23:30.152 [http-nio-8080-exec-10] DEBUG c.p.m.SysUserRoleMapper.selectList - ==> Parameters: 1(Long)
2026-07-30 14:23:30.154 [http-nio-8080-exec-10] DEBUG c.p.m.SysUserRoleMapper.selectList - <==      Total: 1
2026-07-30 14:23:30.154 [http-nio-8080-exec-10] DEBUG c.p.mapper.SysRoleMapper.selectById - ==>  Preparing: SELECT id,name,code,description,status,create_time,update_time,version FROM sys_role WHERE id=?
2026-07-30 14:23:30.154 [http-nio-8080-exec-10] DEBUG c.p.mapper.SysRoleMapper.selectById - ==> Parameters: 1(Long)
2026-07-30 14:23:30.155 [http-nio-8080-exec-10] DEBUG c.p.mapper.SysRoleMapper.selectById - <==      Total: 1
2026-07-30 14:23:30.155 [http-nio-8080-exec-10] DEBUG c.p.m.S.selectMenuByRoleId - ==>  Preparing: SELECT m.* FROM sys_menu m INNER JOIN sys_role_menu rm ON m.id = rm.menu_id WHERE rm.role_id = ?
2026-07-30 14:23:30.155 [http-nio-8080-exec-10] DEBUG c.p.m.S.selectMenuByRoleId - ==> Parameters: 1(Long)
2026-07-30 14:23:30.157 [http-nio-8080-exec-10] DEBUG c.p.m.S.selectMenuByRoleId - <==      Total: 20
2026-07-30 14:23:30.158 [http-nio-8080-exec-10] DEBUG o.s.security.web.FilterChainProxy - Secured GET /menus/tree
2026-07-30 14:23:30.159 [http-nio-8080-exec-10] DEBUG c.p.mapper.SysMenuMapper.selectList - ==>  Preparing: SELECT id,parent_id,name,path,component,icon,permission,sort,type,status,create_time,update_time,version FROM sys_menu ORDER BY sort ASC
2026-07-30 14:23:30.159 [http-nio-8080-exec-10] DEBUG c.p.mapper.SysMenuMapper.selectList - ==> Parameters: 
2026-07-30 14:23:30.161 [http-nio-8080-exec-10] DEBUG c.p.mapper.SysMenuMapper.selectList - <==      Total: 21
2026-07-30 14:23:30.297 [http-nio-8080-exec-1] DEBUG o.s.security.web.FilterChainProxy - Securing GET /dashboard/stats
2026-07-30 14:23:30.299 [http-nio-8080-exec-1] DEBUG c.p.mapper.SysUserMapper.selectList - ==>  Preparing: SELECT id,username,password,nickname,email,phone,status,create_time,update_time,version FROM sys_user WHERE (username = ?)
2026-07-30 14:23:30.299 [http-nio-8080-exec-1] DEBUG c.p.mapper.SysUserMapper.selectList - ==> Parameters: admin(String)
2026-07-30 14:23:30.301 [http-nio-8080-exec-1] DEBUG c.p.mapper.SysUserMapper.selectList - <==      Total: 1
2026-07-30 14:23:30.302 [http-nio-8080-exec-1] DEBUG c.p.m.SysUserRoleMapper.selectList - ==>  Preparing: SELECT id,user_id,role_id FROM sys_user_role WHERE (user_id = ?)
2026-07-30 14:23:30.303 [http-nio-8080-exec-1] DEBUG c.p.m.SysUserRoleMapper.selectList - ==> Parameters: 1(Long)
2026-07-30 14:23:30.305 [http-nio-8080-exec-1] DEBUG c.p.m.SysUserRoleMapper.selectList - <==      Total: 1
2026-07-30 14:23:30.305 [http-nio-8080-exec-1] DEBUG c.p.mapper.SysRoleMapper.selectById - ==>  Preparing: SELECT id,name,code,description,status,create_time,update_time,version FROM sys_role WHERE id=?
2026-07-30 14:23:30.306 [http-nio-8080-exec-1] DEBUG c.p.mapper.SysRoleMapper.selectById - ==> Parameters: 1(Long)
2026-07-30 14:23:30.308 [http-nio-8080-exec-1] DEBUG c.p.mapper.SysRoleMapper.selectById - <==      Total: 1
2026-07-30 14:23:30.308 [http-nio-8080-exec-1] DEBUG c.p.m.S.selectMenuByRoleId - ==>  Preparing: SELECT m.* FROM sys_menu m INNER JOIN sys_role_menu rm ON m.id = rm.menu_id WHERE rm.role_id = ?
2026-07-30 14:23:30.308 [http-nio-8080-exec-1] DEBUG c.p.m.S.selectMenuByRoleId - ==> Parameters: 1(Long)
2026-07-30 14:23:30.310 [http-nio-8080-exec-1] DEBUG c.p.m.S.selectMenuByRoleId - <==      Total: 20
2026-07-30 14:23:30.310 [http-nio-8080-exec-1] DEBUG o.s.security.web.FilterChainProxy - Secured GET /dashboard/stats
2026-07-30 14:23:30.311 [http-nio-8080-exec-1] DEBUG c.p.mapper.SysUserMapper.selectCount - ==>  Preparing: SELECT COUNT( * ) AS total FROM sys_user
2026-07-30 14:23:30.311 [http-nio-8080-exec-1] DEBUG c.p.mapper.SysUserMapper.selectCount - ==> Parameters: 
2026-07-30 14:23:30.312 [http-nio-8080-exec-1] DEBUG c.p.mapper.SysUserMapper.selectCount - <==      Total: 1
2026-07-30 14:23:30.312 [http-nio-8080-exec-1] DEBUG c.p.mapper.SysRoleMapper.selectCount - ==>  Preparing: SELECT COUNT( * ) AS total FROM sys_role
2026-07-30 14:23:30.314 [http-nio-8080-exec-1] DEBUG c.p.mapper.SysRoleMapper.selectCount - ==> Parameters: 
2026-07-30 14:23:30.315 [http-nio-8080-exec-1] DEBUG c.p.mapper.SysRoleMapper.selectCount - <==      Total: 1
2026-07-30 14:23:30.315 [http-nio-8080-exec-1] DEBUG c.p.mapper.SysMenuMapper.selectCount - ==>  Preparing: SELECT COUNT( * ) AS total FROM sys_menu
2026-07-30 14:23:30.315 [http-nio-8080-exec-1] DEBUG c.p.mapper.SysMenuMapper.selectCount - ==> Parameters: 
2026-07-30 14:23:30.317 [http-nio-8080-exec-1] DEBUG c.p.mapper.SysMenuMapper.selectCount - <==      Total: 1
2026-07-30 14:23:32.429 [http-nio-8080-exec-2] DEBUG o.s.security.web.FilterChainProxy - Securing GET /users
2026-07-30 14:23:32.431 [http-nio-8080-exec-2] DEBUG c.p.mapper.SysUserMapper.selectList - ==>  Preparing: SELECT id,username,password,nickname,email,phone,status,create_time,update_time,version FROM sys_user WHERE (username = ?)
2026-07-30 14:23:32.431 [http-nio-8080-exec-2] DEBUG c.p.mapper.SysUserMapper.selectList - ==> Parameters: admin(String)
2026-07-30 14:23:32.431 [http-nio-8080-exec-2] DEBUG c.p.mapper.SysUserMapper.selectList - <==      Total: 1
2026-07-30 14:23:32.432 [http-nio-8080-exec-2] DEBUG c.p.m.SysUserRoleMapper.selectList - ==>  Preparing: SELECT id,user_id,role_id FROM sys_user_role WHERE (user_id = ?)
2026-07-30 14:23:32.432 [http-nio-8080-exec-2] DEBUG c.p.m.SysUserRoleMapper.selectList - ==> Parameters: 1(Long)
2026-07-30 14:23:32.434 [http-nio-8080-exec-2] DEBUG c.p.m.SysUserRoleMapper.selectList - <==      Total: 1
2026-07-30 14:23:32.434 [http-nio-8080-exec-2] DEBUG c.p.mapper.SysRoleMapper.selectById - ==>  Preparing: SELECT id,name,code,description,status,create_time,update_time,version FROM sys_role WHERE id=?
2026-07-30 14:23:32.434 [http-nio-8080-exec-2] DEBUG c.p.mapper.SysRoleMapper.selectById - ==> Parameters: 1(Long)
2026-07-30 14:23:32.436 [http-nio-8080-exec-2] DEBUG c.p.mapper.SysRoleMapper.selectById - <==      Total: 1
2026-07-30 14:23:32.436 [http-nio-8080-exec-2] DEBUG c.p.m.S.selectMenuByRoleId - ==>  Preparing: SELECT m.* FROM sys_menu m INNER JOIN sys_role_menu rm ON m.id = rm.menu_id WHERE rm.role_id = ?
2026-07-30 14:23:32.436 [http-nio-8080-exec-2] DEBUG c.p.m.S.selectMenuByRoleId - ==> Parameters: 1(Long)
2026-07-30 14:23:32.437 [http-nio-8080-exec-2] DEBUG c.p.m.S.selectMenuByRoleId - <==      Total: 20
2026-07-30 14:23:32.437 [http-nio-8080-exec-2] DEBUG o.s.security.web.FilterChainProxy - Secured GET /users
2026-07-30 14:23:32.437 [http-nio-8080-exec-2] DEBUG c.p.mapper.SysUserMapper.selectList - ==>  Preparing: SELECT id,username,password,nickname,email,phone,status,create_time,update_time,version FROM sys_user
2026-07-30 14:23:32.441 [http-nio-8080-exec-2] DEBUG c.p.mapper.SysUserMapper.selectList - ==> Parameters: 
2026-07-30 14:23:32.441 [http-nio-8080-exec-2] DEBUG c.p.mapper.SysUserMapper.selectList - <==      Total: 9
2026-07-30 14:23:39.025 [http-nio-8080-exec-3] DEBUG o.s.security.web.FilterChainProxy - Securing GET /menus/tree
2026-07-30 14:23:39.029 [http-nio-8080-exec-3] DEBUG c.p.mapper.SysUserMapper.selectList - ==>  Preparing: SELECT id,username,password,nickname,email,phone,status,create_time,update_time,version FROM sys_user WHERE (username = ?)
2026-07-30 14:23:39.029 [http-nio-8080-exec-3] DEBUG c.p.mapper.SysUserMapper.selectList - ==> Parameters: admin(String)
2026-07-30 14:23:39.030 [http-nio-8080-exec-3] DEBUG c.p.mapper.SysUserMapper.selectList - <==      Total: 1
2026-07-30 14:23:39.030 [http-nio-8080-exec-3] DEBUG c.p.m.SysUserRoleMapper.selectList - ==>  Preparing: SELECT id,user_id,role_id FROM sys_user_role WHERE (user_id = ?)
2026-07-30 14:23:39.030 [http-nio-8080-exec-3] DEBUG c.p.m.SysUserRoleMapper.selectList - ==> Parameters: 1(Long)
2026-07-30 14:23:39.030 [http-nio-8080-exec-3] DEBUG c.p.m.SysUserRoleMapper.selectList - <==      Total: 1
2026-07-30 14:23:39.031 [http-nio-8080-exec-3] DEBUG c.p.mapper.SysRoleMapper.selectById - ==>  Preparing: SELECT id,name,code,description,status,create_time,update_time,version FROM sys_role WHERE id=?
2026-07-30 14:23:39.031 [http-nio-8080-exec-3] DEBUG c.p.mapper.SysRoleMapper.selectById - ==> Parameters: 1(Long)
2026-07-30 14:23:39.032 [http-nio-8080-exec-3] DEBUG c.p.mapper.SysRoleMapper.selectById - <==      Total: 1
2026-07-30 14:23:39.032 [http-nio-8080-exec-3] DEBUG c.p.m.S.selectMenuByRoleId - ==>  Preparing: SELECT m.* FROM sys_menu m INNER JOIN sys_role_menu rm ON m.id = rm.menu_id WHERE rm.role_id = ?
2026-07-30 14:23:39.032 [http-nio-8080-exec-3] DEBUG c.p.m.S.selectMenuByRoleId - ==> Parameters: 1(Long)
2026-07-30 14:23:39.034 [http-nio-8080-exec-3] DEBUG c.p.m.S.selectMenuByRoleId - <==      Total: 20
2026-07-30 14:23:39.035 [http-nio-8080-exec-3] DEBUG o.s.security.web.FilterChainProxy - Secured GET /menus/tree
2026-07-30 14:23:39.036 [http-nio-8080-exec-3] DEBUG c.p.mapper.SysMenuMapper.selectList - ==>  Preparing: SELECT id,parent_id,name,path,component,icon,permission,sort,type,status,create_time,update_time,version FROM sys_menu ORDER BY sort ASC
2026-07-30 14:23:39.036 [http-nio-8080-exec-3] DEBUG c.p.mapper.SysMenuMapper.selectList - ==> Parameters: 
2026-07-30 14:23:39.038 [http-nio-8080-exec-3] DEBUG c.p.mapper.SysMenuMapper.selectList - <==      Total: 21
2026-07-30 14:23:39.084 [http-nio-8080-exec-4] DEBUG o.s.security.web.FilterChainProxy - Securing GET /users
2026-07-30 14:23:39.086 [http-nio-8080-exec-4] DEBUG c.p.mapper.SysUserMapper.selectList - ==>  Preparing: SELECT id,username,password,nickname,email,phone,status,create_time,update_time,version FROM sys_user WHERE (username = ?)
2026-07-30 14:23:39.087 [http-nio-8080-exec-4] DEBUG c.p.mapper.SysUserMapper.selectList - ==> Parameters: admin(String)
2026-07-30 14:23:39.087 [http-nio-8080-exec-4] DEBUG c.p.mapper.SysUserMapper.selectList - <==      Total: 1
2026-07-30 14:23:39.088 [http-nio-8080-exec-4] DEBUG c.p.m.SysUserRoleMapper.selectList - ==>  Preparing: SELECT id,user_id,role_id FROM sys_user_role WHERE (user_id = ?)
2026-07-30 14:23:39.088 [http-nio-8080-exec-4] DEBUG c.p.m.SysUserRoleMapper.selectList - ==> Parameters: 1(Long)
2026-07-30 14:23:39.089 [http-nio-8080-exec-4] DEBUG c.p.m.SysUserRoleMapper.selectList - <==      Total: 1
2026-07-30 14:23:39.090 [http-nio-8080-exec-4] DEBUG c.p.mapper.SysRoleMapper.selectById - ==>  Preparing: SELECT id,name,code,description,status,create_time,update_time,version FROM sys_role WHERE id=?
2026-07-30 14:23:39.090 [http-nio-8080-exec-4] DEBUG c.p.mapper.SysRoleMapper.selectById - ==> Parameters: 1(Long)
2026-07-30 14:23:39.090 [http-nio-8080-exec-4] DEBUG c.p.mapper.SysRoleMapper.selectById - <==      Total: 1
2026-07-30 14:23:39.091 [http-nio-8080-exec-4] DEBUG c.p.m.S.selectMenuByRoleId - ==>  Preparing: SELECT m.* FROM sys_menu m INNER JOIN sys_role_menu rm ON m.id = rm.menu_id WHERE rm.role_id = ?
2026-07-30 14:23:39.091 [http-nio-8080-exec-4] DEBUG c.p.m.S.selectMenuByRoleId - ==> Parameters: 1(Long)
2026-07-30 14:23:39.092 [http-nio-8080-exec-4] DEBUG c.p.m.S.selectMenuByRoleId - <==      Total: 20
2026-07-30 14:23:39.092 [http-nio-8080-exec-4] DEBUG o.s.security.web.FilterChainProxy - Secured GET /users
2026-07-30 14:23:39.092 [http-nio-8080-exec-4] DEBUG c.p.mapper.SysUserMapper.selectList - ==>  Preparing: SELECT id,username,password,nickname,email,phone,status,create_time,update_time,version FROM sys_user
2026-07-30 14:23:39.092 [http-nio-8080-exec-4] DEBUG c.p.mapper.SysUserMapper.selectList - ==> Parameters: 
2026-07-30 14:23:39.092 [http-nio-8080-exec-4] DEBUG c.p.mapper.SysUserMapper.selectList - <==      Total: 9
2026-07-30 14:23:40.657 [http-nio-8080-exec-5] DEBUG o.s.security.web.FilterChainProxy - Securing GET /menus/tree
2026-07-30 14:23:40.659 [http-nio-8080-exec-5] DEBUG c.p.mapper.SysUserMapper.selectList - ==>  Preparing: SELECT id,username,password,nickname,email,phone,status,create_time,update_time,version FROM sys_user WHERE (username = ?)
2026-07-30 14:23:40.659 [http-nio-8080-exec-5] DEBUG c.p.mapper.SysUserMapper.selectList - ==> Parameters: admin(String)
2026-07-30 14:23:40.660 [http-nio-8080-exec-5] DEBUG c.p.mapper.SysUserMapper.selectList - <==      Total: 1
2026-07-30 14:23:40.661 [http-nio-8080-exec-5] DEBUG c.p.m.SysUserRoleMapper.selectList - ==>  Preparing: SELECT id,user_id,role_id FROM sys_user_role WHERE (user_id = ?)
2026-07-30 14:23:40.661 [http-nio-8080-exec-5] DEBUG c.p.m.SysUserRoleMapper.selectList - ==> Parameters: 1(Long)
2026-07-30 14:23:40.662 [http-nio-8080-exec-5] DEBUG c.p.m.SysUserRoleMapper.selectList - <==      Total: 1
2026-07-30 14:23:40.662 [http-nio-8080-exec-5] DEBUG c.p.mapper.SysRoleMapper.selectById - ==>  Preparing: SELECT id,name,code,description,status,create_time,update_time,version FROM sys_role WHERE id=?
2026-07-30 14:23:40.662 [http-nio-8080-exec-5] DEBUG c.p.mapper.SysRoleMapper.selectById - ==> Parameters: 1(Long)
2026-07-30 14:23:40.664 [http-nio-8080-exec-5] DEBUG c.p.mapper.SysRoleMapper.selectById - <==      Total: 1
2026-07-30 14:23:40.664 [http-nio-8080-exec-5] DEBUG c.p.m.S.selectMenuByRoleId - ==>  Preparing: SELECT m.* FROM sys_menu m INNER JOIN sys_role_menu rm ON m.id = rm.menu_id WHERE rm.role_id = ?
2026-07-30 14:23:40.664 [http-nio-8080-exec-5] DEBUG c.p.m.S.selectMenuByRoleId - ==> Parameters: 1(Long)
2026-07-30 14:23:40.665 [http-nio-8080-exec-5] DEBUG c.p.m.S.selectMenuByRoleId - <==      Total: 20
2026-07-30 14:23:40.666 [http-nio-8080-exec-5] DEBUG o.s.security.web.FilterChainProxy - Secured GET /menus/tree
2026-07-30 14:23:40.666 [http-nio-8080-exec-5] DEBUG c.p.mapper.SysMenuMapper.selectList - ==>  Preparing: SELECT id,parent_id,name,path,component,icon,permission,sort,type,status,create_time,update_time,version FROM sys_menu ORDER BY sort ASC
2026-07-30 14:23:40.666 [http-nio-8080-exec-5] DEBUG c.p.mapper.SysMenuMapper.selectList - ==> Parameters: 
2026-07-30 14:23:40.667 [http-nio-8080-exec-5] DEBUG c.p.mapper.SysMenuMapper.selectList - <==      Total: 21
2026-07-30 14:23:45.583 [http-nio-8080-exec-6] DEBUG o.s.security.web.FilterChainProxy - Securing GET /logs/operation?page=1&pageSize=10
2026-07-30 14:23:45.585 [http-nio-8080-exec-6] DEBUG c.p.mapper.SysUserMapper.selectList - ==>  Preparing: SELECT id,username,password,nickname,email,phone,status,create_time,update_time,version FROM sys_user WHERE (username = ?)
2026-07-30 14:23:45.586 [http-nio-8080-exec-6] DEBUG c.p.mapper.SysUserMapper.selectList - ==> Parameters: admin(String)
2026-07-30 14:23:45.586 [http-nio-8080-exec-6] DEBUG c.p.mapper.SysUserMapper.selectList - <==      Total: 1
2026-07-30 14:23:45.587 [http-nio-8080-exec-6] DEBUG c.p.m.SysUserRoleMapper.selectList - ==>  Preparing: SELECT id,user_id,role_id FROM sys_user_role WHERE (user_id = ?)
2026-07-30 14:23:45.587 [http-nio-8080-exec-6] DEBUG c.p.m.SysUserRoleMapper.selectList - ==> Parameters: 1(Long)
2026-07-30 14:23:45.589 [http-nio-8080-exec-6] DEBUG c.p.m.SysUserRoleMapper.selectList - <==      Total: 1
2026-07-30 14:23:45.589 [http-nio-8080-exec-6] DEBUG c.p.mapper.SysRoleMapper.selectById - ==>  Preparing: SELECT id,name,code,description,status,create_time,update_time,version FROM sys_role WHERE id=?
2026-07-30 14:23:45.589 [http-nio-8080-exec-6] DEBUG c.p.mapper.SysRoleMapper.selectById - ==> Parameters: 1(Long)
2026-07-30 14:23:45.590 [http-nio-8080-exec-6] DEBUG c.p.mapper.SysRoleMapper.selectById - <==      Total: 1
2026-07-30 14:23:45.590 [http-nio-8080-exec-6] DEBUG c.p.m.S.selectMenuByRoleId - ==>  Preparing: SELECT m.* FROM sys_menu m INNER JOIN sys_role_menu rm ON m.id = rm.menu_id WHERE rm.role_id = ?
2026-07-30 14:23:45.591 [http-nio-8080-exec-6] DEBUG c.p.m.S.selectMenuByRoleId - ==> Parameters: 1(Long)
2026-07-30 14:23:45.591 [http-nio-8080-exec-6] DEBUG c.p.m.S.selectMenuByRoleId - <==      Total: 20
2026-07-30 14:23:45.591 [http-nio-8080-exec-6] DEBUG o.s.security.web.FilterChainProxy - Secured GET /logs/operation?page=1&pageSize=10
2026-07-30 14:23:45.591 [http-nio-8080-exec-6] DEBUG c.p.m.S.selectList_mpCount - ==>  Preparing: SELECT COUNT(*) AS total FROM sys_oper_log
2026-07-30 14:23:45.591 [http-nio-8080-exec-6] DEBUG c.p.m.S.selectList_mpCount - ==> Parameters: 
2026-07-30 14:23:45.591 [http-nio-8080-exec-6] DEBUG c.p.m.S.selectList_mpCount - <==      Total: 1
2026-07-30 14:23:45.591 [http-nio-8080-exec-6] DEBUG c.p.m.SysOperLogMapper.selectList - ==>  Preparing: SELECT id,username,operation,class_name,method_name,params,time,ip,status,create_time FROM sys_oper_log ORDER BY create_time DESC LIMIT ?
2026-07-30 14:23:45.598 [http-nio-8080-exec-6] DEBUG c.p.m.SysOperLogMapper.selectList - ==> Parameters: 10(Long)
2026-07-30 14:23:45.598 [http-nio-8080-exec-6] DEBUG c.p.m.SysOperLogMapper.selectList - <==      Total: 10
2026-07-30 14:23:54.707 [http-nio-8080-exec-7] DEBUG o.s.security.web.FilterChainProxy - Securing GET /logs/login?page=1&pageSize=10
2026-07-30 14:23:54.709 [http-nio-8080-exec-7] DEBUG c.p.mapper.SysUserMapper.selectList - ==>  Preparing: SELECT id,username,password,nickname,email,phone,status,create_time,update_time,version FROM sys_user WHERE (username = ?)
2026-07-30 14:23:54.709 [http-nio-8080-exec-7] DEBUG c.p.mapper.SysUserMapper.selectList - ==> Parameters: admin(String)
2026-07-30 14:23:54.710 [http-nio-8080-exec-7] DEBUG c.p.mapper.SysUserMapper.selectList - <==      Total: 1
2026-07-30 14:23:54.711 [http-nio-8080-exec-7] DEBUG c.p.m.SysUserRoleMapper.selectList - ==>  Preparing: SELECT id,user_id,role_id FROM sys_user_role WHERE (user_id = ?)
2026-07-30 14:23:54.711 [http-nio-8080-exec-7] DEBUG c.p.m.SysUserRoleMapper.selectList - ==> Parameters: 1(Long)
2026-07-30 14:23:54.711 [http-nio-8080-exec-7] DEBUG c.p.m.SysUserRoleMapper.selectList - <==      Total: 1
2026-07-30 14:23:54.712 [http-nio-8080-exec-7] DEBUG c.p.mapper.SysRoleMapper.selectById - ==>  Preparing: SELECT id,name,code,description,status,create_time,update_time,version FROM sys_role WHERE id=?
2026-07-30 14:23:54.712 [http-nio-8080-exec-7] DEBUG c.p.mapper.SysRoleMapper.selectById - ==> Parameters: 1(Long)
2026-07-30 14:23:54.712 [http-nio-8080-exec-7] DEBUG c.p.mapper.SysRoleMapper.selectById - <==      Total: 1
2026-07-30 14:23:54.712 [http-nio-8080-exec-7] DEBUG c.p.m.S.selectMenuByRoleId - ==>  Preparing: SELECT m.* FROM sys_menu m INNER JOIN sys_role_menu rm ON m.id = rm.menu_id WHERE rm.role_id = ?
2026-07-30 14:23:54.712 [http-nio-8080-exec-7] DEBUG c.p.m.S.selectMenuByRoleId - ==> Parameters: 1(Long)
2026-07-30 14:23:54.713 [http-nio-8080-exec-7] DEBUG c.p.m.S.selectMenuByRoleId - <==      Total: 20
2026-07-30 14:23:54.713 [http-nio-8080-exec-7] DEBUG o.s.security.web.FilterChainProxy - Secured GET /logs/login?page=1&pageSize=10
2026-07-30 14:23:54.715 [http-nio-8080-exec-7] DEBUG c.p.m.S.selectList_mpCount - ==>  Preparing: SELECT COUNT(*) AS total FROM sys_login_log
2026-07-30 14:23:54.715 [http-nio-8080-exec-7] DEBUG c.p.m.S.selectList_mpCount - ==> Parameters: 
2026-07-30 14:23:54.717 [http-nio-8080-exec-7] DEBUG c.p.m.S.selectList_mpCount - <==      Total: 1
2026-07-30 14:23:54.717 [http-nio-8080-exec-7] DEBUG c.p.m.SysLoginLogMapper.selectList - ==>  Preparing: SELECT id,username,ip,status,login_time FROM sys_login_log ORDER BY login_time DESC LIMIT ?
2026-07-30 14:23:54.717 [http-nio-8080-exec-7] DEBUG c.p.m.SysLoginLogMapper.selectList - ==> Parameters: 10(Long)
2026-07-30 14:23:54.717 [http-nio-8080-exec-7] DEBUG c.p.m.SysLoginLogMapper.selectList - <==      Total: 10
2026-07-30 14:26:02.082 [http-nio-8080-exec-8] DEBUG o.s.security.web.FilterChainProxy - Securing GET /menus/tree
2026-07-30 14:26:02.084 [http-nio-8080-exec-8] DEBUG c.p.mapper.SysUserMapper.selectList - ==>  Preparing: SELECT id,username,password,nickname,email,phone,status,create_time,update_time,version FROM sys_user WHERE (username = ?)
2026-07-30 14:26:02.084 [http-nio-8080-exec-8] DEBUG c.p.mapper.SysUserMapper.selectList - ==> Parameters: admin(String)
2026-07-30 14:26:02.085 [http-nio-8080-exec-8] DEBUG c.p.mapper.SysUserMapper.selectList - <==      Total: 1
2026-07-30 14:26:02.086 [http-nio-8080-exec-8] DEBUG c.p.m.SysUserRoleMapper.selectList - ==>  Preparing: SELECT id,user_id,role_id FROM sys_user_role WHERE (user_id = ?)
2026-07-30 14:26:02.086 [http-nio-8080-exec-8] DEBUG c.p.m.SysUserRoleMapper.selectList - ==> Parameters: 1(Long)
2026-07-30 14:26:02.087 [http-nio-8080-exec-8] DEBUG c.p.m.SysUserRoleMapper.selectList - <==      Total: 1
2026-07-30 14:26:02.087 [http-nio-8080-exec-8] DEBUG c.p.mapper.SysRoleMapper.selectById - ==>  Preparing: SELECT id,name,code,description,status,create_time,update_time,version FROM sys_role WHERE id=?
2026-07-30 14:26:02.087 [http-nio-8080-exec-8] DEBUG c.p.mapper.SysRoleMapper.selectById - ==> Parameters: 1(Long)
2026-07-30 14:26:02.088 [http-nio-8080-exec-8] DEBUG c.p.mapper.SysRoleMapper.selectById - <==      Total: 1
2026-07-30 14:26:02.088 [http-nio-8080-exec-8] DEBUG c.p.m.S.selectMenuByRoleId - ==>  Preparing: SELECT m.* FROM sys_menu m INNER JOIN sys_role_menu rm ON m.id = rm.menu_id WHERE rm.role_id = ?
2026-07-30 14:26:02.089 [http-nio-8080-exec-8] DEBUG c.p.m.S.selectMenuByRoleId - ==> Parameters: 1(Long)
2026-07-30 14:26:02.090 [http-nio-8080-exec-8] DEBUG c.p.m.S.selectMenuByRoleId - <==      Total: 20
2026-07-30 14:26:02.091 [http-nio-8080-exec-8] DEBUG o.s.security.web.FilterChainProxy - Secured GET /menus/tree
2026-07-30 14:26:02.091 [http-nio-8080-exec-8] DEBUG c.p.mapper.SysMenuMapper.selectList - ==>  Preparing: SELECT id,parent_id,name,path,component,icon,permission,sort,type,status,create_time,update_time,version FROM sys_menu ORDER BY sort ASC
2026-07-30 14:26:02.091 [http-nio-8080-exec-8] DEBUG c.p.mapper.SysMenuMapper.selectList - ==> Parameters: 
2026-07-30 14:26:02.093 [http-nio-8080-exec-8] DEBUG c.p.mapper.SysMenuMapper.selectList - <==      Total: 21
2026-07-30 14:26:02.202 [http-nio-8080-exec-9] DEBUG o.s.security.web.FilterChainProxy - Securing GET /logs/login?page=1&pageSize=10
2026-07-30 14:26:02.203 [http-nio-8080-exec-9] DEBUG c.p.mapper.SysUserMapper.selectList - ==>  Preparing: SELECT id,username,password,nickname,email,phone,status,create_time,update_time,version FROM sys_user WHERE (username = ?)
2026-07-30 14:26:02.204 [http-nio-8080-exec-9] DEBUG c.p.mapper.SysUserMapper.selectList - ==> Parameters: admin(String)
2026-07-30 14:26:02.205 [http-nio-8080-exec-9] DEBUG c.p.mapper.SysUserMapper.selectList - <==      Total: 1
2026-07-30 14:26:02.205 [http-nio-8080-exec-9] DEBUG c.p.m.SysUserRoleMapper.selectList - ==>  Preparing: SELECT id,user_id,role_id FROM sys_user_role WHERE (user_id = ?)
2026-07-30 14:26:02.205 [http-nio-8080-exec-9] DEBUG c.p.m.SysUserRoleMapper.selectList - ==> Parameters: 1(Long)
2026-07-30 14:26:02.206 [http-nio-8080-exec-9] DEBUG c.p.m.SysUserRoleMapper.selectList - <==      Total: 1
2026-07-30 14:26:02.206 [http-nio-8080-exec-9] DEBUG c.p.mapper.SysRoleMapper.selectById - ==>  Preparing: SELECT id,name,code,description,status,create_time,update_time,version FROM sys_role WHERE id=?
2026-07-30 14:26:02.207 [http-nio-8080-exec-9] DEBUG c.p.mapper.SysRoleMapper.selectById - ==> Parameters: 1(Long)
2026-07-30 14:26:02.207 [http-nio-8080-exec-9] DEBUG c.p.mapper.SysRoleMapper.selectById - <==      Total: 1
2026-07-30 14:26:02.208 [http-nio-8080-exec-9] DEBUG c.p.m.S.selectMenuByRoleId - ==>  Preparing: SELECT m.* FROM sys_menu m INNER JOIN sys_role_menu rm ON m.id = rm.menu_id WHERE rm.role_id = ?
2026-07-30 14:26:02.208 [http-nio-8080-exec-9] DEBUG c.p.m.S.selectMenuByRoleId - ==> Parameters: 1(Long)
2026-07-30 14:26:02.210 [http-nio-8080-exec-9] DEBUG c.p.m.S.selectMenuByRoleId - <==      Total: 20
2026-07-30 14:26:02.210 [http-nio-8080-exec-9] DEBUG o.s.security.web.FilterChainProxy - Secured GET /logs/login?page=1&pageSize=10
2026-07-30 14:26:02.214 [http-nio-8080-exec-9] DEBUG c.p.m.S.selectList_mpCount - ==>  Preparing: SELECT COUNT(*) AS total FROM sys_login_log
2026-07-30 14:26:02.215 [http-nio-8080-exec-9] DEBUG c.p.m.S.selectList_mpCount - ==> Parameters: 
2026-07-30 14:26:02.217 [http-nio-8080-exec-9] DEBUG c.p.m.S.selectList_mpCount - <==      Total: 1
2026-07-30 14:26:02.217 [http-nio-8080-exec-9] DEBUG c.p.m.SysLoginLogMapper.selectList - ==>  Preparing: SELECT id,username,ip,status,login_time FROM sys_login_log ORDER BY login_time DESC LIMIT ?
2026-07-30 14:26:02.217 [http-nio-8080-exec-9] DEBUG c.p.m.SysLoginLogMapper.selectList - ==> Parameters: 10(Long)
2026-07-30 14:26:02.218 [http-nio-8080-exec-9] DEBUG c.p.m.SysLoginLogMapper.selectList - <==      Total: 10
2026-07-30 14:27:07.577 [http-nio-8080-exec-10] DEBUG o.s.security.web.FilterChainProxy - Securing GET /logs/operation?page=1&pageSize=10
2026-07-30 14:27:07.578 [http-nio-8080-exec-10] DEBUG c.p.mapper.SysUserMapper.selectList - ==>  Preparing: SELECT id,username,password,nickname,email,phone,status,create_time,update_time,version FROM sys_user WHERE (username = ?)
2026-07-30 14:27:07.580 [http-nio-8080-exec-10] DEBUG c.p.mapper.SysUserMapper.selectList - ==> Parameters: admin(String)
2026-07-30 14:27:07.581 [http-nio-8080-exec-10] DEBUG c.p.mapper.SysUserMapper.selectList - <==      Total: 1
2026-07-30 14:27:07.581 [http-nio-8080-exec-10] DEBUG c.p.m.SysUserRoleMapper.selectList - ==>  Preparing: SELECT id,user_id,role_id FROM sys_user_role WHERE (user_id = ?)
2026-07-30 14:27:07.581 [http-nio-8080-exec-10] DEBUG c.p.m.SysUserRoleMapper.selectList - ==> Parameters: 1(Long)
2026-07-30 14:27:07.583 [http-nio-8080-exec-10] DEBUG c.p.m.SysUserRoleMapper.selectList - <==      Total: 1
2026-07-30 14:27:07.583 [http-nio-8080-exec-10] DEBUG c.p.mapper.SysRoleMapper.selectById - ==>  Preparing: SELECT id,name,code,description,status,create_time,update_time,version FROM sys_role WHERE id=?
2026-07-30 14:27:07.583 [http-nio-8080-exec-10] DEBUG c.p.mapper.SysRoleMapper.selectById - ==> Parameters: 1(Long)
2026-07-30 14:27:07.583 [http-nio-8080-exec-10] DEBUG c.p.mapper.SysRoleMapper.selectById - <==      Total: 1
2026-07-30 14:27:07.584 [http-nio-8080-exec-10] DEBUG c.p.m.S.selectMenuByRoleId - ==>  Preparing: SELECT m.* FROM sys_menu m INNER JOIN sys_role_menu rm ON m.id = rm.menu_id WHERE rm.role_id = ?
2026-07-30 14:27:07.584 [http-nio-8080-exec-10] DEBUG c.p.m.S.selectMenuByRoleId - ==> Parameters: 1(Long)
2026-07-30 14:27:07.584 [http-nio-8080-exec-10] DEBUG c.p.m.S.selectMenuByRoleId - <==      Total: 20
2026-07-30 14:27:07.584 [http-nio-8080-exec-10] DEBUG o.s.security.web.FilterChainProxy - Secured GET /logs/operation?page=1&pageSize=10
2026-07-30 14:27:07.588 [http-nio-8080-exec-10] DEBUG c.p.m.S.selectList_mpCount - ==>  Preparing: SELECT COUNT(*) AS total FROM sys_oper_log
2026-07-30 14:27:07.588 [http-nio-8080-exec-10] DEBUG c.p.m.S.selectList_mpCount - ==> Parameters: 
2026-07-30 14:27:07.589 [http-nio-8080-exec-10] DEBUG c.p.m.S.selectList_mpCount - <==      Total: 1
2026-07-30 14:27:07.589 [http-nio-8080-exec-10] DEBUG c.p.m.SysOperLogMapper.selectList - ==>  Preparing: SELECT id,username,operation,class_name,method_name,params,time,ip,status,create_time FROM sys_oper_log ORDER BY create_time DESC LIMIT ?
2026-07-30 14:27:07.589 [http-nio-8080-exec-10] DEBUG c.p.m.SysOperLogMapper.selectList - ==> Parameters: 10(Long)
2026-07-30 14:27:07.589 [http-nio-8080-exec-10] DEBUG c.p.m.SysOperLogMapper.selectList - <==      Total: 10
2026-07-30 14:27:12.565 [http-nio-8080-exec-1] DEBUG o.s.security.web.FilterChainProxy - Securing GET /logs/operation?page=2&pageSize=10
2026-07-30 14:27:12.567 [http-nio-8080-exec-1] DEBUG c.p.mapper.SysUserMapper.selectList - ==>  Preparing: SELECT id,username,password,nickname,email,phone,status,create_time,update_time,version FROM sys_user WHERE (username = ?)
2026-07-30 14:27:12.567 [http-nio-8080-exec-1] DEBUG c.p.mapper.SysUserMapper.selectList - ==> Parameters: admin(String)
2026-07-30 14:27:12.568 [http-nio-8080-exec-1] DEBUG c.p.mapper.SysUserMapper.selectList - <==      Total: 1
2026-07-30 14:27:12.568 [http-nio-8080-exec-1] DEBUG c.p.m.SysUserRoleMapper.selectList - ==>  Preparing: SELECT id,user_id,role_id FROM sys_user_role WHERE (user_id = ?)
2026-07-30 14:27:12.568 [http-nio-8080-exec-1] DEBUG c.p.m.SysUserRoleMapper.selectList - ==> Parameters: 1(Long)
2026-07-30 14:27:12.568 [http-nio-8080-exec-1] DEBUG c.p.m.SysUserRoleMapper.selectList - <==      Total: 1
2026-07-30 14:27:12.569 [http-nio-8080-exec-1] DEBUG c.p.mapper.SysRoleMapper.selectById - ==>  Preparing: SELECT id,name,code,description,status,create_time,update_time,version FROM sys_role WHERE id=?
2026-07-30 14:27:12.569 [http-nio-8080-exec-1] DEBUG c.p.mapper.SysRoleMapper.selectById - ==> Parameters: 1(Long)
2026-07-30 14:27:12.569 [http-nio-8080-exec-1] DEBUG c.p.mapper.SysRoleMapper.selectById - <==      Total: 1
2026-07-30 14:27:12.569 [http-nio-8080-exec-1] DEBUG c.p.m.S.selectMenuByRoleId - ==>  Preparing: SELECT m.* FROM sys_menu m INNER JOIN sys_role_menu rm ON m.id = rm.menu_id WHERE rm.role_id = ?
2026-07-30 14:27:12.569 [http-nio-8080-exec-1] DEBUG c.p.m.S.selectMenuByRoleId - ==> Parameters: 1(Long)
2026-07-30 14:27:12.570 [http-nio-8080-exec-1] DEBUG c.p.m.S.selectMenuByRoleId - <==      Total: 20
2026-07-30 14:27:12.571 [http-nio-8080-exec-1] DEBUG o.s.security.web.FilterChainProxy - Secured GET /logs/operation?page=2&pageSize=10
2026-07-30 14:27:12.572 [http-nio-8080-exec-1] DEBUG c.p.m.S.selectList_mpCount - ==>  Preparing: SELECT COUNT(*) AS total FROM sys_oper_log
2026-07-30 14:27:12.574 [http-nio-8080-exec-1] DEBUG c.p.m.S.selectList_mpCount - ==> Parameters: 
2026-07-30 14:27:12.575 [http-nio-8080-exec-1] DEBUG c.p.m.S.selectList_mpCount - <==      Total: 1
2026-07-30 14:27:12.575 [http-nio-8080-exec-1] DEBUG c.p.m.SysOperLogMapper.selectList - ==>  Preparing: SELECT id,username,operation,class_name,method_name,params,time,ip,status,create_time FROM sys_oper_log ORDER BY create_time DESC LIMIT ?,?
2026-07-30 14:27:12.575 [http-nio-8080-exec-1] DEBUG c.p.m.SysOperLogMapper.selectList - ==> Parameters: 10(Long), 10(Long)
2026-07-30 14:27:12.576 [http-nio-8080-exec-1] DEBUG c.p.m.SysOperLogMapper.selectList - <==      Total: 5
2026-07-30 14:27:14.260 [http-nio-8080-exec-2] DEBUG o.s.security.web.FilterChainProxy - Securing GET /logs/operation?page=2&pageSize=20
2026-07-30 14:27:14.260 [http-nio-8080-exec-3] DEBUG o.s.security.web.FilterChainProxy - Securing GET /logs/operation?page=1&pageSize=20
2026-07-30 14:27:14.260 [http-nio-8080-exec-2] DEBUG c.p.mapper.SysUserMapper.selectList - ==>  Preparing: SELECT id,username,password,nickname,email,phone,status,create_time,update_time,version FROM sys_user WHERE (username = ?)
2026-07-30 14:27:14.260 [http-nio-8080-exec-3] DEBUG c.p.mapper.SysUserMapper.selectList - ==>  Preparing: SELECT id,username,password,nickname,email,phone,status,create_time,update_time,version FROM sys_user WHERE (username = ?)
2026-07-30 14:27:14.260 [http-nio-8080-exec-3] DEBUG c.p.mapper.SysUserMapper.selectList - ==> Parameters: admin(String)
2026-07-30 14:27:14.260 [http-nio-8080-exec-2] DEBUG c.p.mapper.SysUserMapper.selectList - ==> Parameters: admin(String)
2026-07-30 14:27:14.260 [http-nio-8080-exec-2] DEBUG c.p.mapper.SysUserMapper.selectList - <==      Total: 1
2026-07-30 14:27:14.260 [http-nio-8080-exec-3] DEBUG c.p.mapper.SysUserMapper.selectList - <==      Total: 1
2026-07-30 14:27:14.260 [http-nio-8080-exec-3] DEBUG c.p.m.SysUserRoleMapper.selectList - ==>  Preparing: SELECT id,user_id,role_id FROM sys_user_role WHERE (user_id = ?)
2026-07-30 14:27:14.260 [http-nio-8080-exec-2] DEBUG c.p.m.SysUserRoleMapper.selectList - ==>  Preparing: SELECT id,user_id,role_id FROM sys_user_role WHERE (user_id = ?)
2026-07-30 14:27:14.260 [http-nio-8080-exec-3] DEBUG c.p.m.SysUserRoleMapper.selectList - ==> Parameters: 1(Long)
2026-07-30 14:27:14.260 [http-nio-8080-exec-2] DEBUG c.p.m.SysUserRoleMapper.selectList - ==> Parameters: 1(Long)
2026-07-30 14:27:14.260 [http-nio-8080-exec-3] DEBUG c.p.m.SysUserRoleMapper.selectList - <==      Total: 1
2026-07-30 14:27:14.260 [http-nio-8080-exec-2] DEBUG c.p.m.SysUserRoleMapper.selectList - <==      Total: 1
2026-07-30 14:27:14.264 [http-nio-8080-exec-3] DEBUG c.p.mapper.SysRoleMapper.selectById - ==>  Preparing: SELECT id,name,code,description,status,create_time,update_time,version FROM sys_role WHERE id=?
2026-07-30 14:27:14.264 [http-nio-8080-exec-2] DEBUG c.p.mapper.SysRoleMapper.selectById - ==>  Preparing: SELECT id,name,code,description,status,create_time,update_time,version FROM sys_role WHERE id=?
2026-07-30 14:27:14.264 [http-nio-8080-exec-3] DEBUG c.p.mapper.SysRoleMapper.selectById - ==> Parameters: 1(Long)
2026-07-30 14:27:14.264 [http-nio-8080-exec-2] DEBUG c.p.mapper.SysRoleMapper.selectById - ==> Parameters: 1(Long)
2026-07-30 14:27:14.264 [http-nio-8080-exec-3] DEBUG c.p.mapper.SysRoleMapper.selectById - <==      Total: 1
2026-07-30 14:27:14.264 [http-nio-8080-exec-2] DEBUG c.p.mapper.SysRoleMapper.selectById - <==      Total: 1
2026-07-30 14:27:14.264 [http-nio-8080-exec-3] DEBUG c.p.m.S.selectMenuByRoleId - ==>  Preparing: SELECT m.* FROM sys_menu m INNER JOIN sys_role_menu rm ON m.id = rm.menu_id WHERE rm.role_id = ?
2026-07-30 14:27:14.264 [http-nio-8080-exec-2] DEBUG c.p.m.S.selectMenuByRoleId - ==>  Preparing: SELECT m.* FROM sys_menu m INNER JOIN sys_role_menu rm ON m.id = rm.menu_id WHERE rm.role_id = ?
2026-07-30 14:27:14.264 [http-nio-8080-exec-2] DEBUG c.p.m.S.selectMenuByRoleId - ==> Parameters: 1(Long)
2026-07-30 14:27:14.264 [http-nio-8080-exec-3] DEBUG c.p.m.S.selectMenuByRoleId - ==> Parameters: 1(Long)
2026-07-30 14:27:14.265 [http-nio-8080-exec-2] DEBUG c.p.m.S.selectMenuByRoleId - <==      Total: 20
2026-07-30 14:27:14.265 [http-nio-8080-exec-3] DEBUG c.p.m.S.selectMenuByRoleId - <==      Total: 20
2026-07-30 14:27:14.265 [http-nio-8080-exec-3] DEBUG o.s.security.web.FilterChainProxy - Secured GET /logs/operation?page=1&pageSize=20
2026-07-30 14:27:14.265 [http-nio-8080-exec-2] DEBUG o.s.security.web.FilterChainProxy - Secured GET /logs/operation?page=2&pageSize=20
2026-07-30 14:27:14.269 [http-nio-8080-exec-3] DEBUG c.p.m.S.selectList_mpCount - ==>  Preparing: SELECT COUNT(*) AS total FROM sys_oper_log
2026-07-30 14:27:14.269 [http-nio-8080-exec-3] DEBUG c.p.m.S.selectList_mpCount - ==> Parameters: 
2026-07-30 14:27:14.269 [http-nio-8080-exec-2] DEBUG c.p.m.S.selectList_mpCount - ==>  Preparing: SELECT COUNT(*) AS total FROM sys_oper_log
2026-07-30 14:27:14.269 [http-nio-8080-exec-2] DEBUG c.p.m.S.selectList_mpCount - ==> Parameters: 
2026-07-30 14:27:14.269 [http-nio-8080-exec-3] DEBUG c.p.m.S.selectList_mpCount - <==      Total: 1
2026-07-30 14:27:14.269 [http-nio-8080-exec-2] DEBUG c.p.m.S.selectList_mpCount - <==      Total: 1
2026-07-30 14:27:14.269 [http-nio-8080-exec-3] DEBUG c.p.m.SysOperLogMapper.selectList - ==>  Preparing: SELECT id,username,operation,class_name,method_name,params,time,ip,status,create_time FROM sys_oper_log ORDER BY create_time DESC LIMIT ?
2026-07-30 14:27:14.271 [http-nio-8080-exec-3] DEBUG c.p.m.SysOperLogMapper.selectList - ==> Parameters: 20(Long)
2026-07-30 14:27:14.271 [http-nio-8080-exec-3] DEBUG c.p.m.SysOperLogMapper.selectList - <==      Total: 15
2026-07-30 14:27:17.564 [http-nio-8080-exec-4] DEBUG o.s.security.web.FilterChainProxy - Securing GET /logs/operation?page=1&pageSize=10
2026-07-30 14:27:17.566 [http-nio-8080-exec-4] DEBUG c.p.mapper.SysUserMapper.selectList - ==>  Preparing: SELECT id,username,password,nickname,email,phone,status,create_time,update_time,version FROM sys_user WHERE (username = ?)
2026-07-30 14:27:17.566 [http-nio-8080-exec-4] DEBUG c.p.mapper.SysUserMapper.selectList - ==> Parameters: admin(String)
2026-07-30 14:27:17.567 [http-nio-8080-exec-4] DEBUG c.p.mapper.SysUserMapper.selectList - <==      Total: 1
2026-07-30 14:27:17.568 [http-nio-8080-exec-4] DEBUG c.p.m.SysUserRoleMapper.selectList - ==>  Preparing: SELECT id,user_id,role_id FROM sys_user_role WHERE (user_id = ?)
2026-07-30 14:27:17.568 [http-nio-8080-exec-4] DEBUG c.p.m.SysUserRoleMapper.selectList - ==> Parameters: 1(Long)
2026-07-30 14:27:17.570 [http-nio-8080-exec-4] DEBUG c.p.m.SysUserRoleMapper.selectList - <==      Total: 1
2026-07-30 14:27:17.570 [http-nio-8080-exec-4] DEBUG c.p.mapper.SysRoleMapper.selectById - ==>  Preparing: SELECT id,name,code,description,status,create_time,update_time,version FROM sys_role WHERE id=?
2026-07-30 14:27:17.570 [http-nio-8080-exec-4] DEBUG c.p.mapper.SysRoleMapper.selectById - ==> Parameters: 1(Long)
2026-07-30 14:27:17.571 [http-nio-8080-exec-4] DEBUG c.p.mapper.SysRoleMapper.selectById - <==      Total: 1
2026-07-30 14:27:17.571 [http-nio-8080-exec-4] DEBUG c.p.m.S.selectMenuByRoleId - ==>  Preparing: SELECT m.* FROM sys_menu m INNER JOIN sys_role_menu rm ON m.id = rm.menu_id WHERE rm.role_id = ?
2026-07-30 14:27:17.572 [http-nio-8080-exec-4] DEBUG c.p.m.S.selectMenuByRoleId - ==> Parameters: 1(Long)
2026-07-30 14:27:17.572 [http-nio-8080-exec-4] DEBUG c.p.m.S.selectMenuByRoleId - <==      Total: 20
2026-07-30 14:27:17.572 [http-nio-8080-exec-4] DEBUG o.s.security.web.FilterChainProxy - Secured GET /logs/operation?page=1&pageSize=10
2026-07-30 14:27:17.577 [http-nio-8080-exec-4] DEBUG c.p.m.S.selectList_mpCount - ==>  Preparing: SELECT COUNT(*) AS total FROM sys_oper_log
2026-07-30 14:27:17.577 [http-nio-8080-exec-4] DEBUG c.p.m.S.selectList_mpCount - ==> Parameters: 
2026-07-30 14:27:17.577 [http-nio-8080-exec-4] DEBUG c.p.m.S.selectList_mpCount - <==      Total: 1
2026-07-30 14:27:17.577 [http-nio-8080-exec-4] DEBUG c.p.m.SysOperLogMapper.selectList - ==>  Preparing: SELECT id,username,operation,class_name,method_name,params,time,ip,status,create_time FROM sys_oper_log ORDER BY create_time DESC LIMIT ?
2026-07-30 14:27:17.577 [http-nio-8080-exec-4] DEBUG c.p.m.SysOperLogMapper.selectList - ==> Parameters: 10(Long)
2026-07-30 14:27:17.577 [http-nio-8080-exec-4] DEBUG c.p.m.SysOperLogMapper.selectList - <==      Total: 10
2026-07-30 14:27:19.614 [http-nio-8080-exec-5] DEBUG o.s.security.web.FilterChainProxy - Securing GET /logs/login?page=1&pageSize=10
2026-07-30 14:27:19.616 [http-nio-8080-exec-5] DEBUG c.p.mapper.SysUserMapper.selectList - ==>  Preparing: SELECT id,username,password,nickname,email,phone,status,create_time,update_time,version FROM sys_user WHERE (username = ?)
2026-07-30 14:27:19.616 [http-nio-8080-exec-5] DEBUG c.p.mapper.SysUserMapper.selectList - ==> Parameters: admin(String)
2026-07-30 14:27:19.618 [http-nio-8080-exec-5] DEBUG c.p.mapper.SysUserMapper.selectList - <==      Total: 1
2026-07-30 14:27:19.618 [http-nio-8080-exec-5] DEBUG c.p.m.SysUserRoleMapper.selectList - ==>  Preparing: SELECT id,user_id,role_id FROM sys_user_role WHERE (user_id = ?)
2026-07-30 14:27:19.618 [http-nio-8080-exec-5] DEBUG c.p.m.SysUserRoleMapper.selectList - ==> Parameters: 1(Long)
2026-07-30 14:27:19.618 [http-nio-8080-exec-5] DEBUG c.p.m.SysUserRoleMapper.selectList - <==      Total: 1
2026-07-30 14:27:19.620 [http-nio-8080-exec-5] DEBUG c.p.mapper.SysRoleMapper.selectById - ==>  Preparing: SELECT id,name,code,description,status,create_time,update_time,version FROM sys_role WHERE id=?
2026-07-30 14:27:19.620 [http-nio-8080-exec-5] DEBUG c.p.mapper.SysRoleMapper.selectById - ==> Parameters: 1(Long)
2026-07-30 14:27:19.621 [http-nio-8080-exec-5] DEBUG c.p.mapper.SysRoleMapper.selectById - <==      Total: 1
2026-07-30 14:27:19.622 [http-nio-8080-exec-5] DEBUG c.p.m.S.selectMenuByRoleId - ==>  Preparing: SELECT m.* FROM sys_menu m INNER JOIN sys_role_menu rm ON m.id = rm.menu_id WHERE rm.role_id = ?
2026-07-30 14:27:19.622 [http-nio-8080-exec-5] DEBUG c.p.m.S.selectMenuByRoleId - ==> Parameters: 1(Long)
2026-07-30 14:27:19.622 [http-nio-8080-exec-5] DEBUG c.p.m.S.selectMenuByRoleId - <==      Total: 20
2026-07-30 14:27:19.622 [http-nio-8080-exec-5] DEBUG o.s.security.web.FilterChainProxy - Secured GET /logs/login?page=1&pageSize=10
2026-07-30 14:27:19.622 [http-nio-8080-exec-5] DEBUG c.p.m.S.selectList_mpCount - ==>  Preparing: SELECT COUNT(*) AS total FROM sys_login_log
2026-07-30 14:27:19.622 [http-nio-8080-exec-5] DEBUG c.p.m.S.selectList_mpCount - ==> Parameters: 
2026-07-30 14:27:19.627 [http-nio-8080-exec-5] DEBUG c.p.m.S.selectList_mpCount - <==      Total: 1
2026-07-30 14:27:19.627 [http-nio-8080-exec-5] DEBUG c.p.m.SysLoginLogMapper.selectList - ==>  Preparing: SELECT id,username,ip,status,login_time FROM sys_login_log ORDER BY login_time DESC LIMIT ?
2026-07-30 14:27:19.627 [http-nio-8080-exec-5] DEBUG c.p.m.SysLoginLogMapper.selectList - ==> Parameters: 10(Long)
2026-07-30 14:27:19.629 [http-nio-8080-exec-5] DEBUG c.p.m.SysLoginLogMapper.selectList - <==      Total: 10
2026-07-30 14:27:25.722 [http-nio-8080-exec-6] DEBUG o.s.security.web.FilterChainProxy - Securing GET /users
2026-07-30 14:27:25.725 [http-nio-8080-exec-6] DEBUG c.p.mapper.SysUserMapper.selectList - ==>  Preparing: SELECT id,username,password,nickname,email,phone,status,create_time,update_time,version FROM sys_user WHERE (username = ?)
2026-07-30 14:27:25.726 [http-nio-8080-exec-6] DEBUG c.p.mapper.SysUserMapper.selectList - ==> Parameters: admin(String)
2026-07-30 14:27:25.726 [http-nio-8080-exec-6] DEBUG c.p.mapper.SysUserMapper.selectList - <==      Total: 1
2026-07-30 14:27:25.727 [http-nio-8080-exec-6] DEBUG c.p.m.SysUserRoleMapper.selectList - ==>  Preparing: SELECT id,user_id,role_id FROM sys_user_role WHERE (user_id = ?)
2026-07-30 14:27:25.727 [http-nio-8080-exec-6] DEBUG c.p.m.SysUserRoleMapper.selectList - ==> Parameters: 1(Long)
2026-07-30 14:27:25.728 [http-nio-8080-exec-6] DEBUG c.p.m.SysUserRoleMapper.selectList - <==      Total: 1
2026-07-30 14:27:25.728 [http-nio-8080-exec-6] DEBUG c.p.mapper.SysRoleMapper.selectById - ==>  Preparing: SELECT id,name,code,description,status,create_time,update_time,version FROM sys_role WHERE id=?
2026-07-30 14:27:25.728 [http-nio-8080-exec-6] DEBUG c.p.mapper.SysRoleMapper.selectById - ==> Parameters: 1(Long)
2026-07-30 14:27:25.728 [http-nio-8080-exec-6] DEBUG c.p.mapper.SysRoleMapper.selectById - <==      Total: 1
2026-07-30 14:27:25.729 [http-nio-8080-exec-6] DEBUG c.p.m.S.selectMenuByRoleId - ==>  Preparing: SELECT m.* FROM sys_menu m INNER JOIN sys_role_menu rm ON m.id = rm.menu_id WHERE rm.role_id = ?
2026-07-30 14:27:25.729 [http-nio-8080-exec-6] DEBUG c.p.m.S.selectMenuByRoleId - ==> Parameters: 1(Long)
2026-07-30 14:27:25.730 [http-nio-8080-exec-6] DEBUG c.p.m.S.selectMenuByRoleId - <==      Total: 20
2026-07-30 14:27:25.730 [http-nio-8080-exec-6] DEBUG o.s.security.web.FilterChainProxy - Secured GET /users
2026-07-30 14:27:25.731 [http-nio-8080-exec-6] DEBUG c.p.mapper.SysUserMapper.selectList - ==>  Preparing: SELECT id,username,password,nickname,email,phone,status,create_time,update_time,version FROM sys_user
2026-07-30 14:27:25.731 [http-nio-8080-exec-6] DEBUG c.p.mapper.SysUserMapper.selectList - ==> Parameters: 
2026-07-30 14:27:25.732 [http-nio-8080-exec-6] DEBUG c.p.mapper.SysUserMapper.selectList - <==      Total: 9
2026-07-30 14:27:32.775 [http-nio-8080-exec-7] DEBUG o.s.security.web.FilterChainProxy - Securing GET /roles
2026-07-30 14:27:32.778 [http-nio-8080-exec-7] DEBUG c.p.mapper.SysUserMapper.selectList - ==>  Preparing: SELECT id,username,password,nickname,email,phone,status,create_time,update_time,version FROM sys_user WHERE (username = ?)
2026-07-30 14:27:32.778 [http-nio-8080-exec-7] DEBUG c.p.mapper.SysUserMapper.selectList - ==> Parameters: admin(String)
2026-07-30 14:27:32.779 [http-nio-8080-exec-7] DEBUG c.p.mapper.SysUserMapper.selectList - <==      Total: 1
2026-07-30 14:27:32.779 [http-nio-8080-exec-7] DEBUG c.p.m.SysUserRoleMapper.selectList - ==>  Preparing: SELECT id,user_id,role_id FROM sys_user_role WHERE (user_id = ?)
2026-07-30 14:27:32.779 [http-nio-8080-exec-7] DEBUG c.p.m.SysUserRoleMapper.selectList - ==> Parameters: 1(Long)
2026-07-30 14:27:32.780 [http-nio-8080-exec-7] DEBUG c.p.m.SysUserRoleMapper.selectList - <==      Total: 1
2026-07-30 14:27:32.780 [http-nio-8080-exec-7] DEBUG c.p.mapper.SysRoleMapper.selectById - ==>  Preparing: SELECT id,name,code,description,status,create_time,update_time,version FROM sys_role WHERE id=?
2026-07-30 14:27:32.780 [http-nio-8080-exec-7] DEBUG c.p.mapper.SysRoleMapper.selectById - ==> Parameters: 1(Long)
2026-07-30 14:27:32.780 [http-nio-8080-exec-7] DEBUG c.p.mapper.SysRoleMapper.selectById - <==      Total: 1
2026-07-30 14:27:32.780 [http-nio-8080-exec-7] DEBUG c.p.m.S.selectMenuByRoleId - ==>  Preparing: SELECT m.* FROM sys_menu m INNER JOIN sys_role_menu rm ON m.id = rm.menu_id WHERE rm.role_id = ?
2026-07-30 14:27:32.780 [http-nio-8080-exec-7] DEBUG c.p.m.S.selectMenuByRoleId - ==> Parameters: 1(Long)
2026-07-30 14:27:32.781 [http-nio-8080-exec-7] DEBUG c.p.m.S.selectMenuByRoleId - <==      Total: 20
2026-07-30 14:27:32.782 [http-nio-8080-exec-7] DEBUG o.s.security.web.FilterChainProxy - Secured GET /roles
2026-07-30 14:27:32.782 [http-nio-8080-exec-7] DEBUG c.p.mapper.SysRoleMapper.selectList - ==>  Preparing: SELECT id,name,code,description,status,create_time,update_time,version FROM sys_role
2026-07-30 14:27:32.782 [http-nio-8080-exec-7] DEBUG c.p.mapper.SysRoleMapper.selectList - ==> Parameters: 
2026-07-30 14:27:32.783 [http-nio-8080-exec-7] DEBUG c.p.mapper.SysRoleMapper.selectList - <==      Total: 5
2026-07-30 14:27:35.418 [http-nio-8080-exec-8] DEBUG o.s.security.web.FilterChainProxy - Securing GET /menus/tree
2026-07-30 14:27:35.420 [http-nio-8080-exec-8] DEBUG c.p.mapper.SysUserMapper.selectList - ==>  Preparing: SELECT id,username,password,nickname,email,phone,status,create_time,update_time,version FROM sys_user WHERE (username = ?)
2026-07-30 14:27:35.420 [http-nio-8080-exec-8] DEBUG c.p.mapper.SysUserMapper.selectList - ==> Parameters: admin(String)
2026-07-30 14:27:35.421 [http-nio-8080-exec-8] DEBUG c.p.mapper.SysUserMapper.selectList - <==      Total: 1
2026-07-30 14:27:35.422 [http-nio-8080-exec-8] DEBUG c.p.m.SysUserRoleMapper.selectList - ==>  Preparing: SELECT id,user_id,role_id FROM sys_user_role WHERE (user_id = ?)
2026-07-30 14:27:35.422 [http-nio-8080-exec-8] DEBUG c.p.m.SysUserRoleMapper.selectList - ==> Parameters: 1(Long)
2026-07-30 14:27:35.422 [http-nio-8080-exec-8] DEBUG c.p.m.SysUserRoleMapper.selectList - <==      Total: 1
2026-07-30 14:27:35.423 [http-nio-8080-exec-8] DEBUG c.p.mapper.SysRoleMapper.selectById - ==>  Preparing: SELECT id,name,code,description,status,create_time,update_time,version FROM sys_role WHERE id=?
2026-07-30 14:27:35.423 [http-nio-8080-exec-8] DEBUG c.p.mapper.SysRoleMapper.selectById - ==> Parameters: 1(Long)
2026-07-30 14:27:35.424 [http-nio-8080-exec-8] DEBUG c.p.mapper.SysRoleMapper.selectById - <==      Total: 1
2026-07-30 14:27:35.424 [http-nio-8080-exec-8] DEBUG c.p.m.S.selectMenuByRoleId - ==>  Preparing: SELECT m.* FROM sys_menu m INNER JOIN sys_role_menu rm ON m.id = rm.menu_id WHERE rm.role_id = ?
2026-07-30 14:27:35.424 [http-nio-8080-exec-8] DEBUG c.p.m.S.selectMenuByRoleId - ==> Parameters: 1(Long)
2026-07-30 14:27:35.425 [http-nio-8080-exec-8] DEBUG c.p.m.S.selectMenuByRoleId - <==      Total: 20
2026-07-30 14:27:35.426 [http-nio-8080-exec-8] DEBUG o.s.security.web.FilterChainProxy - Secured GET /menus/tree
2026-07-30 14:27:35.427 [http-nio-8080-exec-8] DEBUG c.p.mapper.SysMenuMapper.selectList - ==>  Preparing: SELECT id,parent_id,name,path,component,icon,permission,sort,type,status,create_time,update_time,version FROM sys_menu ORDER BY sort ASC
2026-07-30 14:27:35.427 [http-nio-8080-exec-8] DEBUG c.p.mapper.SysMenuMapper.selectList - ==> Parameters: 
2026-07-30 14:27:35.428 [http-nio-8080-exec-8] DEBUG c.p.mapper.SysMenuMapper.selectList - <==      Total: 21
2026-07-30 14:28:39.718 [http-nio-8080-exec-9] DEBUG o.s.security.web.FilterChainProxy - Securing GET /menus/tree
2026-07-30 14:28:39.719 [http-nio-8080-exec-9] DEBUG c.p.mapper.SysUserMapper.selectList - ==>  Preparing: SELECT id,username,password,nickname,email,phone,status,create_time,update_time,version FROM sys_user WHERE (username = ?)
2026-07-30 14:28:39.721 [http-nio-8080-exec-9] DEBUG c.p.mapper.SysUserMapper.selectList - ==> Parameters: admin(String)
2026-07-30 14:28:39.722 [http-nio-8080-exec-9] DEBUG c.p.mapper.SysUserMapper.selectList - <==      Total: 1
2026-07-30 14:28:39.723 [http-nio-8080-exec-9] DEBUG c.p.m.SysUserRoleMapper.selectList - ==>  Preparing: SELECT id,user_id,role_id FROM sys_user_role WHERE (user_id = ?)
2026-07-30 14:28:39.723 [http-nio-8080-exec-9] DEBUG c.p.m.SysUserRoleMapper.selectList - ==> Parameters: 1(Long)
2026-07-30 14:28:39.724 [http-nio-8080-exec-9] DEBUG c.p.m.SysUserRoleMapper.selectList - <==      Total: 1
2026-07-30 14:28:39.724 [http-nio-8080-exec-9] DEBUG c.p.mapper.SysRoleMapper.selectById - ==>  Preparing: SELECT id,name,code,description,status,create_time,update_time,version FROM sys_role WHERE id=?
2026-07-30 14:28:39.724 [http-nio-8080-exec-9] DEBUG c.p.mapper.SysRoleMapper.selectById - ==> Parameters: 1(Long)
2026-07-30 14:28:39.726 [http-nio-8080-exec-9] DEBUG c.p.mapper.SysRoleMapper.selectById - <==      Total: 1
2026-07-30 14:28:39.726 [http-nio-8080-exec-9] DEBUG c.p.m.S.selectMenuByRoleId - ==>  Preparing: SELECT m.* FROM sys_menu m INNER JOIN sys_role_menu rm ON m.id = rm.menu_id WHERE rm.role_id = ?
2026-07-30 14:28:39.726 [http-nio-8080-exec-9] DEBUG c.p.m.S.selectMenuByRoleId - ==> Parameters: 1(Long)
2026-07-30 14:28:39.727 [http-nio-8080-exec-9] DEBUG c.p.m.S.selectMenuByRoleId - <==      Total: 20
2026-07-30 14:28:39.728 [http-nio-8080-exec-9] DEBUG o.s.security.web.FilterChainProxy - Secured GET /menus/tree
2026-07-30 14:28:39.728 [http-nio-8080-exec-9] DEBUG c.p.mapper.SysMenuMapper.selectList - ==>  Preparing: SELECT id,parent_id,name,path,component,icon,permission,sort,type,status,create_time,update_time,version FROM sys_menu ORDER BY sort ASC
2026-07-30 14:28:39.730 [http-nio-8080-exec-9] DEBUG c.p.mapper.SysMenuMapper.selectList - ==> Parameters: 
2026-07-30 14:28:39.731 [http-nio-8080-exec-9] DEBUG c.p.mapper.SysMenuMapper.selectList - <==      Total: 21
2026-07-30 14:28:39.792 [http-nio-8080-exec-10] DEBUG o.s.security.web.FilterChainProxy - Securing GET /roles
2026-07-30 14:28:39.795 [http-nio-8080-exec-10] DEBUG c.p.mapper.SysUserMapper.selectList - ==>  Preparing: SELECT id,username,password,nickname,email,phone,status,create_time,update_time,version FROM sys_user WHERE (username = ?)
2026-07-30 14:28:39.795 [http-nio-8080-exec-10] DEBUG c.p.mapper.SysUserMapper.selectList - ==> Parameters: admin(String)
2026-07-30 14:28:39.796 [http-nio-8080-exec-10] DEBUG c.p.mapper.SysUserMapper.selectList - <==      Total: 1
2026-07-30 14:28:39.796 [http-nio-8080-exec-10] DEBUG c.p.m.SysUserRoleMapper.selectList - ==>  Preparing: SELECT id,user_id,role_id FROM sys_user_role WHERE (user_id = ?)
2026-07-30 14:28:39.797 [http-nio-8080-exec-10] DEBUG c.p.m.SysUserRoleMapper.selectList - ==> Parameters: 1(Long)
2026-07-30 14:28:39.798 [http-nio-8080-exec-10] DEBUG c.p.m.SysUserRoleMapper.selectList - <==      Total: 1
2026-07-30 14:28:39.800 [http-nio-8080-exec-10] DEBUG c.p.mapper.SysRoleMapper.selectById - ==>  Preparing: SELECT id,name,code,description,status,create_time,update_time,version FROM sys_role WHERE id=?
2026-07-30 14:28:39.800 [http-nio-8080-exec-10] DEBUG c.p.mapper.SysRoleMapper.selectById - ==> Parameters: 1(Long)
2026-07-30 14:28:39.801 [http-nio-8080-exec-10] DEBUG c.p.mapper.SysRoleMapper.selectById - <==      Total: 1
2026-07-30 14:28:39.802 [http-nio-8080-exec-10] DEBUG c.p.m.S.selectMenuByRoleId - ==>  Preparing: SELECT m.* FROM sys_menu m INNER JOIN sys_role_menu rm ON m.id = rm.menu_id WHERE rm.role_id = ?
2026-07-30 14:28:39.802 [http-nio-8080-exec-10] DEBUG c.p.m.S.selectMenuByRoleId - ==> Parameters: 1(Long)
2026-07-30 14:28:39.803 [http-nio-8080-exec-10] DEBUG c.p.m.S.selectMenuByRoleId - <==      Total: 20
2026-07-30 14:28:39.804 [http-nio-8080-exec-10] DEBUG o.s.security.web.FilterChainProxy - Secured GET /roles
2026-07-30 14:28:39.805 [http-nio-8080-exec-10] DEBUG c.p.mapper.SysRoleMapper.selectList - ==>  Preparing: SELECT id,name,code,description,status,create_time,update_time,version FROM sys_role
2026-07-30 14:28:39.805 [http-nio-8080-exec-10] DEBUG c.p.mapper.SysRoleMapper.selectList - ==> Parameters: 
2026-07-30 14:28:39.806 [http-nio-8080-exec-10] DEBUG c.p.mapper.SysRoleMapper.selectList - <==      Total: 5
2026-07-30 14:28:53.929 [http-nio-8080-exec-1] DEBUG o.s.security.web.FilterChainProxy - Securing GET /users
2026-07-30 14:28:53.930 [http-nio-8080-exec-1] DEBUG c.p.mapper.SysUserMapper.selectList - ==>  Preparing: SELECT id,username,password,nickname,email,phone,status,create_time,update_time,version FROM sys_user WHERE (username = ?)
2026-07-30 14:28:53.930 [http-nio-8080-exec-1] DEBUG c.p.mapper.SysUserMapper.selectList - ==> Parameters: admin(String)
2026-07-30 14:28:53.932 [http-nio-8080-exec-1] DEBUG c.p.mapper.SysUserMapper.selectList - <==      Total: 1
2026-07-30 14:28:53.933 [http-nio-8080-exec-1] DEBUG c.p.m.SysUserRoleMapper.selectList - ==>  Preparing: SELECT id,user_id,role_id FROM sys_user_role WHERE (user_id = ?)
2026-07-30 14:28:53.933 [http-nio-8080-exec-1] DEBUG c.p.m.SysUserRoleMapper.selectList - ==> Parameters: 1(Long)
2026-07-30 14:28:53.934 [http-nio-8080-exec-1] DEBUG c.p.m.SysUserRoleMapper.selectList - <==      Total: 1
2026-07-30 14:28:53.934 [http-nio-8080-exec-1] DEBUG c.p.mapper.SysRoleMapper.selectById - ==>  Preparing: SELECT id,name,code,description,status,create_time,update_time,version FROM sys_role WHERE id=?
2026-07-30 14:28:53.934 [http-nio-8080-exec-1] DEBUG c.p.mapper.SysRoleMapper.selectById - ==> Parameters: 1(Long)
2026-07-30 14:28:53.935 [http-nio-8080-exec-1] DEBUG c.p.mapper.SysRoleMapper.selectById - <==      Total: 1
2026-07-30 14:28:53.935 [http-nio-8080-exec-1] DEBUG c.p.m.S.selectMenuByRoleId - ==>  Preparing: SELECT m.* FROM sys_menu m INNER JOIN sys_role_menu rm ON m.id = rm.menu_id WHERE rm.role_id = ?
2026-07-30 14:28:53.935 [http-nio-8080-exec-1] DEBUG c.p.m.S.selectMenuByRoleId - ==> Parameters: 1(Long)
2026-07-30 14:28:53.936 [http-nio-8080-exec-1] DEBUG c.p.m.S.selectMenuByRoleId - <==      Total: 20
2026-07-30 14:28:53.937 [http-nio-8080-exec-1] DEBUG o.s.security.web.FilterChainProxy - Secured GET /users
2026-07-30 14:28:53.937 [http-nio-8080-exec-1] DEBUG c.p.mapper.SysUserMapper.selectList - ==>  Preparing: SELECT id,username,password,nickname,email,phone,status,create_time,update_time,version FROM sys_user
2026-07-30 14:28:53.937 [http-nio-8080-exec-1] DEBUG c.p.mapper.SysUserMapper.selectList - ==> Parameters: 
2026-07-30 14:28:53.939 [http-nio-8080-exec-1] DEBUG c.p.mapper.SysUserMapper.selectList - <==      Total: 9
2026-07-30 14:29:04.400 [SpringApplicationShutdownHook] INFO  com.zaxxer.hikari.HikariDataSource - HikariPool-1 - Shutdown initiated...
2026-07-30 14:29:04.405 [SpringApplicationShutdownHook] INFO  com.zaxxer.hikari.HikariDataSource - HikariPool-1 - Shutdown completed.
