2026-08-12 13:28:44.632 [background-preinit] INFO  o.h.validator.internal.util.Version - HV000001: Hibernate Validator 8.0.1.Final
2026-08-12 13:28:44.718 [main] INFO  com.pes.PesApplication - Starting PesApplication using Java 17.0.12 with PID 11540 (E:\PES\pes-java\target\classes started by ASUS in E:\PES)
2026-08-12 13:28:44.719 [main] DEBUG com.pes.PesApplication - Running with Spring Boot v3.2.0, Spring v6.1.1
2026-08-12 13:28:44.720 [main] INFO  com.pes.PesApplication - The following 1 profile is active: "dev"
2026-08-12 13:28:46.804 [main] INFO  o.s.d.r.c.RepositoryConfigurationDelegate - Multiple Spring Data modules found, entering strict repository configuration mode
2026-08-12 13:28:46.810 [main] INFO  o.s.d.r.c.RepositoryConfigurationDelegate - Bootstrapping Spring Data Redis repositories in DEFAULT mode.
2026-08-12 13:28:46.902 [main] INFO  o.s.d.r.c.RepositoryConfigurationDelegate - Finished Spring Data repository scanning in 56 ms. Found 0 Redis repository interfaces.
2026-08-12 13:28:49.042 [main] INFO  o.s.b.w.e.tomcat.TomcatWebServer - Tomcat initialized with port 8080 (http)
2026-08-12 13:28:49.052 [main] INFO  o.a.coyote.http11.Http11NioProtocol - Initializing ProtocolHandler ["http-nio-8080"]
2026-08-12 13:28:49.055 [main] INFO  o.a.catalina.core.StandardService - Starting service [Tomcat]
2026-08-12 13:28:49.055 [main] INFO  o.a.catalina.core.StandardEngine - Starting Servlet engine: [Apache Tomcat/10.1.16]
2026-08-12 13:28:49.217 [main] INFO  o.a.c.c.C.[Tomcat].[localhost].[/] - Initializing Spring embedded WebApplicationContext
2026-08-12 13:28:49.217 [main] INFO  o.s.b.w.s.c.ServletWebServerApplicationContext - Root WebApplicationContext: initialization completed in 4398 ms
2026-08-12 13:28:49.702 [main] INFO  com.zaxxer.hikari.HikariDataSource - HikariPool-1 - Starting...
2026-08-12 13:28:50.582 [main] INFO  com.zaxxer.hikari.pool.HikariPool - HikariPool-1 - Added connection com.mysql.cj.jdbc.ConnectionImpl@3de56885
2026-08-12 13:28:50.590 [main] INFO  com.zaxxer.hikari.HikariDataSource - HikariPool-1 - Start completed.
2026-08-12 13:28:51.665 [main] DEBUG c.p.s.filter.JwtAuthenticationFilter - Filter 'jwtAuthenticationFilter' configured for use
2026-08-12 13:28:54.034 [main] ERROR com.pes.utils.RedisUtils - Redis 连接失败，请检查 Redis 是否已启动：Unable to connect to Redis
2026-08-12 13:28:54.037 [main] WARN  o.s.b.w.s.c.AnnotationConfigServletWebServerApplicationContext - Exception encountered during context initialization - cancelling refresh attempt: org.springframework.beans.factory.UnsatisfiedDependencyException: Error creating bean with name 'authController' defined in file [E:\PES\pes-java\target\classes\com\pes\controller\AuthController.class]: Unsatisfied dependency expressed through constructor parameter 0: Error creating bean with name 'authServiceImpl' defined in file [E:\PES\pes-java\target\classes\com\pes\service\impl\AuthServiceImpl.class]: Unsatisfied dependency expressed through constructor parameter 8: Error creating bean with name 'captchaStore' defined in file [E:\PES\pes-java\target\classes\com\pes\utils\CaptchaStore.class]: Unsatisfied dependency expressed through constructor parameter 0: Error creating bean with name 'redisUtils': Invocation of init method failed
2026-08-12 13:28:54.177 [main] INFO  com.zaxxer.hikari.HikariDataSource - HikariPool-1 - Shutdown initiated...
2026-08-12 13:28:54.188 [main] INFO  com.zaxxer.hikari.HikariDataSource - HikariPool-1 - Shutdown completed.
2026-08-12 13:28:54.191 [main] INFO  o.a.catalina.core.StandardService - Stopping service [Tomcat]
2026-08-12 13:28:54.246 [main] INFO  o.s.b.a.l.ConditionEvaluationReportLogger - 

Error starting ApplicationContext. To display the condition evaluation report re-run your application with 'debug' enabled.
2026-08-12 13:28:54.283 [main] ERROR o.s.boot.SpringApplication - Application run failed
org.springframework.beans.factory.UnsatisfiedDependencyException: Error creating bean with name 'authController' defined in file [E:\PES\pes-java\target\classes\com\pes\controller\AuthController.class]: Unsatisfied dependency expressed through constructor parameter 0: Error creating bean with name 'authServiceImpl' defined in file [E:\PES\pes-java\target\classes\com\pes\service\impl\AuthServiceImpl.class]: Unsatisfied dependency expressed through constructor parameter 8: Error creating bean with name 'captchaStore' defined in file [E:\PES\pes-java\target\classes\com\pes\utils\CaptchaStore.class]: Unsatisfied dependency expressed through constructor parameter 0: Error creating bean with name 'redisUtils': Invocation of init method failed
	at org.springframework.beans.factory.support.ConstructorResolver.createArgumentArray(ConstructorResolver.java:802)
	at org.springframework.beans.factory.support.ConstructorResolver.autowireConstructor(ConstructorResolver.java:241)
	at org.springframework.beans.factory.support.AbstractAutowireCapableBeanFactory.autowireConstructor(AbstractAutowireCapableBeanFactory.java:1356)
	at org.springframework.beans.factory.support.AbstractAutowireCapableBeanFactory.createBeanInstance(AbstractAutowireCapableBeanFactory.java:1193)
	at org.springframework.beans.factory.support.AbstractAutowireCapableBeanFactory.doCreateBean(AbstractAutowireCapableBeanFactory.java:563)
	at org.springframework.beans.factory.support.AbstractAutowireCapableBeanFactory.createBean(AbstractAutowireCapableBeanFactory.java:523)
	at org.springframework.beans.factory.support.AbstractBeanFactory.lambda$doGetBean$0(AbstractBeanFactory.java:325)
	at org.springframework.beans.factory.support.DefaultSingletonBeanRegistry.getSingleton(DefaultSingletonBeanRegistry.java:234)
	at org.springframework.beans.factory.support.AbstractBeanFactory.doGetBean(AbstractBeanFactory.java:323)
	at org.springframework.beans.factory.support.AbstractBeanFactory.getBean(AbstractBeanFactory.java:199)
	at org.springframework.beans.factory.support.DefaultListableBeanFactory.preInstantiateSingletons(DefaultListableBeanFactory.java:973)
	at org.springframework.context.support.AbstractApplicationContext.finishBeanFactoryInitialization(AbstractApplicationContext.java:946)
	at org.springframework.context.support.AbstractApplicationContext.refresh(AbstractApplicationContext.java:616)
	at org.springframework.boot.web.servlet.context.ServletWebServerApplicationContext.refresh(ServletWebServerApplicationContext.java:146)
	at org.springframework.boot.SpringApplication.refresh(SpringApplication.java:753)
	at org.springframework.boot.SpringApplication.refreshContext(SpringApplication.java:455)
	at org.springframework.boot.SpringApplication.run(SpringApplication.java:323)
	at org.springframework.boot.SpringApplication.run(SpringApplication.java:1342)
	at org.springframework.boot.SpringApplication.run(SpringApplication.java:1331)
	at com.pes.PesApplication.main(PesApplication.java:12)
Caused by: org.springframework.beans.factory.UnsatisfiedDependencyException: Error creating bean with name 'authServiceImpl' defined in file [E:\PES\pes-java\target\classes\com\pes\service\impl\AuthServiceImpl.class]: Unsatisfied dependency expressed through constructor parameter 8: Error creating bean with name 'captchaStore' defined in file [E:\PES\pes-java\target\classes\com\pes\utils\CaptchaStore.class]: Unsatisfied dependency expressed through constructor parameter 0: Error creating bean with name 'redisUtils': Invocation of init method failed
	at org.springframework.beans.factory.support.ConstructorResolver.createArgumentArray(ConstructorResolver.java:802)
	at org.springframework.beans.factory.support.ConstructorResolver.autowireConstructor(ConstructorResolver.java:241)
	at org.springframework.beans.factory.support.AbstractAutowireCapableBeanFactory.autowireConstructor(AbstractAutowireCapableBeanFactory.java:1356)
	at org.springframework.beans.factory.support.AbstractAutowireCapableBeanFactory.createBeanInstance(AbstractAutowireCapableBeanFactory.java:1193)
	at org.springframework.beans.factory.support.AbstractAutowireCapableBeanFactory.doCreateBean(AbstractAutowireCapableBeanFactory.java:563)
	at org.springframework.beans.factory.support.AbstractAutowireCapableBeanFactory.createBean(AbstractAutowireCapableBeanFactory.java:523)
	at org.springframework.beans.factory.support.AbstractBeanFactory.lambda$doGetBean$0(AbstractBeanFactory.java:325)
	at org.springframework.beans.factory.support.DefaultSingletonBeanRegistry.getSingleton(DefaultSingletonBeanRegistry.java:234)
	at org.springframework.beans.factory.support.AbstractBeanFactory.doGetBean(AbstractBeanFactory.java:323)
	at org.springframework.beans.factory.support.AbstractBeanFactory.getBean(AbstractBeanFactory.java:199)
	at org.springframework.beans.factory.config.DependencyDescriptor.resolveCandidate(DependencyDescriptor.java:254)
	at org.springframework.beans.factory.support.DefaultListableBeanFactory.doResolveDependency(DefaultListableBeanFactory.java:1441)
	at org.springframework.beans.factory.support.DefaultListableBeanFactory.resolveDependency(DefaultListableBeanFactory.java:1348)
	at org.springframework.beans.factory.support.ConstructorResolver.resolveAutowiredArgument(ConstructorResolver.java:911)
	at org.springframework.beans.factory.support.ConstructorResolver.createArgumentArray(ConstructorResolver.java:789)
	... 19 common frames omitted
Caused by: org.springframework.beans.factory.UnsatisfiedDependencyException: Error creating bean with name 'captchaStore' defined in file [E:\PES\pes-java\target\classes\com\pes\utils\CaptchaStore.class]: Unsatisfied dependency expressed through constructor parameter 0: Error creating bean with name 'redisUtils': Invocation of init method failed
	at org.springframework.beans.factory.support.ConstructorResolver.createArgumentArray(ConstructorResolver.java:802)
	at org.springframework.beans.factory.support.ConstructorResolver.autowireConstructor(ConstructorResolver.java:241)
	at org.springframework.beans.factory.support.AbstractAutowireCapableBeanFactory.autowireConstructor(AbstractAutowireCapableBeanFactory.java:1356)
	at org.springframework.beans.factory.support.AbstractAutowireCapableBeanFactory.createBeanInstance(AbstractAutowireCapableBeanFactory.java:1193)
	at org.springframework.beans.factory.support.AbstractAutowireCapableBeanFactory.doCreateBean(AbstractAutowireCapableBeanFactory.java:563)
	at org.springframework.beans.factory.support.AbstractAutowireCapableBeanFactory.createBean(AbstractAutowireCapableBeanFactory.java:523)
	at org.springframework.beans.factory.support.AbstractBeanFactory.lambda$doGetBean$0(AbstractBeanFactory.java:325)
	at org.springframework.beans.factory.support.DefaultSingletonBeanRegistry.getSingleton(DefaultSingletonBeanRegistry.java:234)
	at org.springframework.beans.factory.support.AbstractBeanFactory.doGetBean(AbstractBeanFactory.java:323)
	at org.springframework.beans.factory.support.AbstractBeanFactory.getBean(AbstractBeanFactory.java:199)
	at org.springframework.beans.factory.config.DependencyDescriptor.resolveCandidate(DependencyDescriptor.java:254)
	at org.springframework.beans.factory.support.DefaultListableBeanFactory.doResolveDependency(DefaultListableBeanFactory.java:1441)
	at org.springframework.beans.factory.support.DefaultListableBeanFactory.resolveDependency(DefaultListableBeanFactory.java:1348)
	at org.springframework.beans.factory.support.ConstructorResolver.resolveAutowiredArgument(ConstructorResolver.java:911)
	at org.springframework.beans.factory.support.ConstructorResolver.createArgumentArray(ConstructorResolver.java:789)
	... 33 common frames omitted
Caused by: org.springframework.beans.factory.BeanCreationException: Error creating bean with name 'redisUtils': Invocation of init method failed
	at org.springframework.beans.factory.annotation.InitDestroyAnnotationBeanPostProcessor.postProcessBeforeInitialization(InitDestroyAnnotationBeanPostProcessor.java:222)
	at org.springframework.beans.factory.support.AbstractAutowireCapableBeanFactory.applyBeanPostProcessorsBeforeInitialization(AbstractAutowireCapableBeanFactory.java:421)
	at org.springframework.beans.factory.support.AbstractAutowireCapableBeanFactory.initializeBean(AbstractAutowireCapableBeanFactory.java:1767)
	at org.springframework.beans.factory.support.AbstractAutowireCapableBeanFactory.doCreateBean(AbstractAutowireCapableBeanFactory.java:601)
	at org.springframework.beans.factory.support.AbstractAutowireCapableBeanFactory.createBean(AbstractAutowireCapableBeanFactory.java:523)
	at org.springframework.beans.factory.support.AbstractBeanFactory.lambda$doGetBean$0(AbstractBeanFactory.java:325)
	at org.springframework.beans.factory.support.DefaultSingletonBeanRegistry.getSingleton(DefaultSingletonBeanRegistry.java:234)
	at org.springframework.beans.factory.support.AbstractBeanFactory.doGetBean(AbstractBeanFactory.java:323)
	at org.springframework.beans.factory.support.AbstractBeanFactory.getBean(AbstractBeanFactory.java:199)
	at org.springframework.beans.factory.config.DependencyDescriptor.resolveCandidate(DependencyDescriptor.java:254)
	at org.springframework.beans.factory.support.DefaultListableBeanFactory.doResolveDependency(DefaultListableBeanFactory.java:1441)
	at org.springframework.beans.factory.support.DefaultListableBeanFactory.resolveDependency(DefaultListableBeanFactory.java:1348)
	at org.springframework.beans.factory.support.ConstructorResolver.resolveAutowiredArgument(ConstructorResolver.java:911)
	at org.springframework.beans.factory.support.ConstructorResolver.createArgumentArray(ConstructorResolver.java:789)
	... 47 common frames omitted
Caused by: java.lang.IllegalStateException: Redis 连接失败，应用无法启动
	at com.pes.utils.RedisUtils.init(RedisUtils.java:37)
	at java.base/jdk.internal.reflect.NativeMethodAccessorImpl.invoke0(Native Method)
	at java.base/jdk.internal.reflect.NativeMethodAccessorImpl.invoke(NativeMethodAccessorImpl.java:77)
	at java.base/jdk.internal.reflect.DelegatingMethodAccessorImpl.invoke(DelegatingMethodAccessorImpl.java:43)
	at java.base/java.lang.reflect.Method.invoke(Method.java:568)
	at org.springframework.beans.factory.annotation.InitDestroyAnnotationBeanPostProcessor$LifecycleMethod.invoke(InitDestroyAnnotationBeanPostProcessor.java:457)
	at org.springframework.beans.factory.annotation.InitDestroyAnnotationBeanPostProcessor$LifecycleMetadata.invokeInitMethods(InitDestroyAnnotationBeanPostProcessor.java:401)
	at org.springframework.beans.factory.annotation.InitDestroyAnnotationBeanPostProcessor.postProcessBeforeInitialization(InitDestroyAnnotationBeanPostProcessor.java:219)
	... 60 common frames omitted
Caused by: org.springframework.data.redis.RedisConnectionFailureException: Unable to connect to Redis
	at org.springframework.data.redis.connection.lettuce.LettuceConnectionFactory$ExceptionTranslatingConnectionProvider.translateException(LettuceConnectionFactory.java:1805)
	at org.springframework.data.redis.connection.lettuce.LettuceConnectionFactory$ExceptionTranslatingConnectionProvider.getConnection(LettuceConnectionFactory.java:1736)
	at org.springframework.data.redis.connection.lettuce.LettuceConnectionFactory$SharedConnection.getNativeConnection(LettuceConnectionFactory.java:1538)
	at org.springframework.data.redis.connection.lettuce.LettuceConnectionFactory$SharedConnection.lambda$getConnection$0(LettuceConnectionFactory.java:1518)
	at org.springframework.data.redis.connection.lettuce.LettuceConnectionFactory.doInLock(LettuceConnectionFactory.java:1478)
	at org.springframework.data.redis.connection.lettuce.LettuceConnectionFactory$SharedConnection.getConnection(LettuceConnectionFactory.java:1515)
	at org.springframework.data.redis.connection.lettuce.LettuceConnectionFactory.getSharedConnection(LettuceConnectionFactory.java:1199)
	at org.springframework.data.redis.connection.lettuce.LettuceConnectionFactory.getConnection(LettuceConnectionFactory.java:1006)
	at com.pes.utils.RedisUtils.init(RedisUtils.java:33)
	... 67 common frames omitted
Caused by: io.lettuce.core.RedisConnectionException: Unable to connect to localhost/<unresolved>:6379
	at io.lettuce.core.RedisConnectionException.create(RedisConnectionException.java:78)
	at io.lettuce.core.RedisConnectionException.create(RedisConnectionException.java:56)
	at io.lettuce.core.AbstractRedisClient.getConnection(AbstractRedisClient.java:350)
	at io.lettuce.core.RedisClient.connect(RedisClient.java:215)
	at org.springframework.data.redis.connection.lettuce.StandaloneConnectionProvider.lambda$getConnection$1(StandaloneConnectionProvider.java:112)
	at java.base/java.util.Optional.orElseGet(Optional.java:364)
	at org.springframework.data.redis.connection.lettuce.StandaloneConnectionProvider.getConnection(StandaloneConnectionProvider.java:112)
	at org.springframework.data.redis.connection.lettuce.LettuceConnectionFactory$ExceptionTranslatingConnectionProvider.getConnection(LettuceConnectionFactory.java:1734)
	... 74 common frames omitted
Caused by: io.netty.channel.AbstractChannel$AnnotatedConnectException: Connection refused: no further information: localhost/127.0.0.1:6379
Caused by: java.net.ConnectException: Connection refused: no further information
	at java.base/sun.nio.ch.Net.pollConnect(Native Method)
	at java.base/sun.nio.ch.Net.pollConnectNow(Net.java:672)
	at java.base/sun.nio.ch.SocketChannelImpl.finishConnect(SocketChannelImpl.java:946)
	at io.netty.channel.socket.nio.NioSocketChannel.doFinishConnect(NioSocketChannel.java:337)
	at io.netty.channel.nio.AbstractNioChannel$AbstractNioUnsafe.finishConnect(AbstractNioChannel.java:334)
	at io.netty.channel.nio.NioEventLoop.processSelectedKey(NioEventLoop.java:776)
	at io.netty.channel.nio.NioEventLoop.processSelectedKeysOptimized(NioEventLoop.java:724)
	at io.netty.channel.nio.NioEventLoop.processSelectedKeys(NioEventLoop.java:650)
	at io.netty.channel.nio.NioEventLoop.run(NioEventLoop.java:562)
	at io.netty.util.concurrent.SingleThreadEventExecutor$4.run(SingleThreadEventExecutor.java:997)
	at io.netty.util.internal.ThreadExecutorMap$2.run(ThreadExecutorMap.java:74)
	at io.netty.util.concurrent.FastThreadLocalRunnable.run(FastThreadLocalRunnable.java:30)
	at java.base/java.lang.Thread.run(Thread.java:842)
2026-08-12 13:29:51.057 [background-preinit] INFO  o.h.validator.internal.util.Version - HV000001: Hibernate Validator 8.0.1.Final
2026-08-12 13:29:51.111 [main] INFO  com.pes.PesApplication - Starting PesApplication using Java 17.0.12 with PID 27324 (E:\PES\pes-java\target\classes started by ASUS in E:\PES)
2026-08-12 13:29:51.113 [main] DEBUG com.pes.PesApplication - Running with Spring Boot v3.2.0, Spring v6.1.1
2026-08-12 13:29:51.113 [main] INFO  com.pes.PesApplication - The following 1 profile is active: "dev"
2026-08-12 13:29:51.938 [main] INFO  o.s.d.r.c.RepositoryConfigurationDelegate - Multiple Spring Data modules found, entering strict repository configuration mode
2026-08-12 13:29:51.942 [main] INFO  o.s.d.r.c.RepositoryConfigurationDelegate - Bootstrapping Spring Data Redis repositories in DEFAULT mode.
2026-08-12 13:29:51.981 [main] INFO  o.s.d.r.c.RepositoryConfigurationDelegate - Finished Spring Data repository scanning in 25 ms. Found 0 Redis repository interfaces.
2026-08-12 13:29:52.874 [main] INFO  o.s.b.w.e.tomcat.TomcatWebServer - Tomcat initialized with port 8080 (http)
2026-08-12 13:29:52.883 [main] INFO  o.a.coyote.http11.Http11NioProtocol - Initializing ProtocolHandler ["http-nio-8080"]
2026-08-12 13:29:52.885 [main] INFO  o.a.catalina.core.StandardService - Starting service [Tomcat]
2026-08-12 13:29:52.885 [main] INFO  o.a.catalina.core.StandardEngine - Starting Servlet engine: [Apache Tomcat/10.1.16]
2026-08-12 13:29:52.953 [main] INFO  o.a.c.c.C.[Tomcat].[localhost].[/] - Initializing Spring embedded WebApplicationContext
2026-08-12 13:29:52.954 [main] INFO  o.s.b.w.s.c.ServletWebServerApplicationContext - Root WebApplicationContext: initialization completed in 1763 ms
2026-08-12 13:29:53.143 [main] INFO  com.zaxxer.hikari.HikariDataSource - HikariPool-1 - Starting...
2026-08-12 13:29:53.461 [main] INFO  com.zaxxer.hikari.pool.HikariPool - HikariPool-1 - Added connection com.mysql.cj.jdbc.ConnectionImpl@5d01b0d8
2026-08-12 13:29:53.462 [main] INFO  com.zaxxer.hikari.HikariDataSource - HikariPool-1 - Start completed.
2026-08-12 13:29:53.843 [main] DEBUG c.p.s.filter.JwtAuthenticationFilter - Filter 'jwtAuthenticationFilter' configured for use
2026-08-12 13:29:54.674 [main] INFO  com.pes.utils.RedisUtils - Redis 连接成功
2026-08-12 13:29:55.234 [main] INFO  o.s.s.web.DefaultSecurityFilterChain - Will secure any request with [org.springframework.security.web.session.DisableEncodeUrlFilter@35e3f3b8, org.springframework.security.web.context.request.async.WebAsyncManagerIntegrationFilter@13bf5fd, org.springframework.security.web.context.SecurityContextHolderFilter@7091a016, org.springframework.security.web.header.HeaderWriterFilter@4b518645, org.springframework.web.filter.CorsFilter@68d8ae27, com.pes.security.filter.JwtAuthenticationFilter@7b332b23, org.springframework.security.web.savedrequest.RequestCacheAwareFilter@3f2a7ca0, org.springframework.security.web.servletapi.SecurityContextHolderAwareRequestFilter@23e297d9, org.springframework.security.web.authentication.AnonymousAuthenticationFilter@2eafb4e7, org.springframework.security.web.session.SessionManagementFilter@7983a5d5, org.springframework.security.web.access.ExceptionTranslationFilter@f391e52, org.springframework.security.web.access.intercept.AuthorizationFilter@65294247]
2026-08-12 13:29:55.602 [main] INFO  o.a.coyote.http11.Http11NioProtocol - Starting ProtocolHandler ["http-nio-8080"]
2026-08-12 13:29:55.616 [main] INFO  o.s.b.w.e.tomcat.TomcatWebServer - Tomcat started on port 8080 (http) with context path ''
2026-08-12 13:29:55.625 [main] INFO  com.pes.PesApplication - Started PesApplication in 5.192 seconds (process running for 6.135)
2026-08-12 13:30:06.370 [http-nio-8080-exec-1] INFO  o.a.c.c.C.[Tomcat].[localhost].[/] - Initializing Spring DispatcherServlet 'dispatcherServlet'
2026-08-12 13:30:06.370 [http-nio-8080-exec-1] INFO  o.s.web.servlet.DispatcherServlet - Initializing Servlet 'dispatcherServlet'
2026-08-12 13:30:06.372 [http-nio-8080-exec-1] INFO  o.s.web.servlet.DispatcherServlet - Completed initialization in 2 ms
2026-08-12 13:30:06.385 [http-nio-8080-exec-1] DEBUG o.s.security.web.FilterChainProxy - Securing GET /menus/tree
2026-08-12 13:30:06.546 [http-nio-8080-exec-1] DEBUG o.s.s.w.a.AnonymousAuthenticationFilter - Set SecurityContextHolder to anonymous SecurityContext
2026-08-12 13:30:06.917 [http-nio-8080-exec-2] DEBUG o.s.security.web.FilterChainProxy - Securing GET /captcha
2026-08-12 13:30:06.917 [http-nio-8080-exec-2] DEBUG o.s.s.w.a.AnonymousAuthenticationFilter - Set SecurityContextHolder to anonymous SecurityContext
2026-08-12 13:30:06.917 [http-nio-8080-exec-2] DEBUG o.s.security.web.FilterChainProxy - Secured GET /captcha
2026-08-12 13:30:19.345 [http-nio-8080-exec-3] DEBUG o.s.security.web.FilterChainProxy - Securing POST /login
2026-08-12 13:30:19.355 [http-nio-8080-exec-3] DEBUG o.s.s.w.a.AnonymousAuthenticationFilter - Set SecurityContextHolder to anonymous SecurityContext
2026-08-12 13:30:19.356 [http-nio-8080-exec-3] DEBUG o.s.security.web.FilterChainProxy - Secured POST /login
2026-08-12 13:30:19.703 [http-nio-8080-exec-3] DEBUG c.p.mapper.SysUserMapper.selectList - ==>  Preparing: SELECT id,username,password,nickname,email,phone,status,create_time,update_time,version FROM sys_user WHERE (username = ?)
2026-08-12 13:30:19.730 [http-nio-8080-exec-3] DEBUG c.p.mapper.SysUserMapper.selectList - ==> Parameters: admin(String)
2026-08-12 13:30:19.778 [http-nio-8080-exec-3] DEBUG c.p.mapper.SysUserMapper.selectList - <==      Total: 1
2026-08-12 13:30:19.783 [http-nio-8080-exec-3] DEBUG c.p.m.SysUserRoleMapper.selectList - ==>  Preparing: SELECT id,user_id,role_id FROM sys_user_role WHERE (user_id = ?)
2026-08-12 13:30:19.787 [http-nio-8080-exec-3] DEBUG c.p.m.SysUserRoleMapper.selectList - ==> Parameters: 1(Long)
2026-08-12 13:30:19.790 [http-nio-8080-exec-3] DEBUG c.p.m.SysUserRoleMapper.selectList - <==      Total: 1
2026-08-12 13:30:19.794 [http-nio-8080-exec-3] DEBUG c.p.mapper.SysRoleMapper.selectById - ==>  Preparing: SELECT id,name,code,description,status,create_time,update_time,version FROM sys_role WHERE id=?
2026-08-12 13:30:19.794 [http-nio-8080-exec-3] DEBUG c.p.mapper.SysRoleMapper.selectById - ==> Parameters: 1(Long)
2026-08-12 13:30:19.797 [http-nio-8080-exec-3] DEBUG c.p.mapper.SysRoleMapper.selectById - <==      Total: 1
2026-08-12 13:30:19.797 [http-nio-8080-exec-3] DEBUG c.p.m.S.selectMenuByRoleId - ==>  Preparing: SELECT m.* FROM sys_menu m INNER JOIN sys_role_menu rm ON m.id = rm.menu_id WHERE rm.role_id = ?
2026-08-12 13:30:19.797 [http-nio-8080-exec-3] DEBUG c.p.m.S.selectMenuByRoleId - ==> Parameters: 1(Long)
2026-08-12 13:30:19.813 [http-nio-8080-exec-3] DEBUG c.p.m.S.selectMenuByRoleId - <==      Total: 22
2026-08-12 13:30:19.923 [http-nio-8080-exec-3] DEBUG o.s.s.a.d.DaoAuthenticationProvider - Authenticated user
2026-08-12 13:30:19.946 [http-nio-8080-exec-3] DEBUG c.p.mapper.SysUserMapper.selectList - ==>  Preparing: SELECT id,username,password,nickname,email,phone,status,create_time,update_time,version FROM sys_user WHERE (username = ?)
2026-08-12 13:30:19.946 [http-nio-8080-exec-3] DEBUG c.p.mapper.SysUserMapper.selectList - ==> Parameters: admin(String)
2026-08-12 13:30:19.949 [http-nio-8080-exec-3] DEBUG c.p.mapper.SysUserMapper.selectList - <==      Total: 1
2026-08-12 13:30:19.949 [http-nio-8080-exec-3] DEBUG c.p.m.SysUserRoleMapper.selectList - ==>  Preparing: SELECT id,user_id,role_id FROM sys_user_role WHERE (user_id = ?)
2026-08-12 13:30:19.949 [http-nio-8080-exec-3] DEBUG c.p.m.SysUserRoleMapper.selectList - ==> Parameters: 1(Long)
2026-08-12 13:30:19.952 [http-nio-8080-exec-3] DEBUG c.p.m.SysUserRoleMapper.selectList - <==      Total: 1
2026-08-12 13:30:19.952 [http-nio-8080-exec-3] DEBUG c.p.mapper.SysRoleMapper.selectById - ==>  Preparing: SELECT id,name,code,description,status,create_time,update_time,version FROM sys_role WHERE id=?
2026-08-12 13:30:19.952 [http-nio-8080-exec-3] DEBUG c.p.mapper.SysRoleMapper.selectById - ==> Parameters: 1(Long)
2026-08-12 13:30:19.955 [http-nio-8080-exec-3] DEBUG c.p.mapper.SysRoleMapper.selectById - <==      Total: 1
2026-08-12 13:30:19.956 [http-nio-8080-exec-3] DEBUG c.p.m.SysRoleMenuMapper.selectList - ==>  Preparing: SELECT id,role_id,menu_id FROM sys_role_menu WHERE (role_id = ?)
2026-08-12 13:30:19.956 [http-nio-8080-exec-3] DEBUG c.p.m.SysRoleMenuMapper.selectList - ==> Parameters: 1(Long)
2026-08-12 13:30:19.961 [http-nio-8080-exec-3] DEBUG c.p.m.SysRoleMenuMapper.selectList - <==      Total: 22
2026-08-12 13:30:19.962 [http-nio-8080-exec-3] DEBUG c.p.m.SysMenuMapper.selectBatchIds - ==>  Preparing: SELECT id,parent_id,name,path,component,icon,permission,sort,type,status,create_time,update_time,version FROM sys_menu WHERE id IN ( ? , ? , ? , ? , ? , ? , ? , ? , ? , ? , ? , ? , ? , ? , ? , ? , ? , ? , ? , ? , ? , ? )
2026-08-12 13:30:19.962 [http-nio-8080-exec-3] DEBUG c.p.m.SysMenuMapper.selectBatchIds - ==> Parameters: 1(Long), 2(Long), 3(Long), 4(Long), 5(Long), 6(Long), 7(Long), 8(Long), 9(Long), 10(Long), 11(Long), 12(Long), 13(Long), 14(Long), 15(Long), 16(Long), 17(Long), 18(Long), 19(Long), 20(Long), 21(Long), 22(Long)
2026-08-12 13:30:19.973 [http-nio-8080-exec-3] DEBUG c.p.m.SysMenuMapper.selectBatchIds - <==      Total: 22
2026-08-12 13:30:19.978 [http-nio-8080-exec-3] DEBUG c.p.mapper.SysLoginLogMapper.insert - ==>  Preparing: INSERT INTO sys_login_log ( username, status, login_time ) VALUES ( ?, ?, ? )
2026-08-12 13:30:19.978 [http-nio-8080-exec-3] DEBUG c.p.mapper.SysLoginLogMapper.insert - ==> Parameters: admin(String), 1(Integer), null
2026-08-12 13:30:19.985 [http-nio-8080-exec-3] DEBUG c.p.mapper.SysLoginLogMapper.insert - <==    Updates: 1
2026-08-12 13:30:20.008 [http-nio-8080-exec-4] DEBUG o.s.security.web.FilterChainProxy - Securing GET /menus/tree
2026-08-12 13:30:20.014 [http-nio-8080-exec-4] DEBUG c.p.mapper.SysUserMapper.selectList - ==>  Preparing: SELECT id,username,password,nickname,email,phone,status,create_time,update_time,version FROM sys_user WHERE (username = ?)
2026-08-12 13:30:20.016 [http-nio-8080-exec-4] DEBUG c.p.mapper.SysUserMapper.selectList - ==> Parameters: admin(String)
2026-08-12 13:30:20.016 [http-nio-8080-exec-4] DEBUG c.p.mapper.SysUserMapper.selectList - <==      Total: 1
2026-08-12 13:30:20.016 [http-nio-8080-exec-4] DEBUG c.p.m.SysUserRoleMapper.selectList - ==>  Preparing: SELECT id,user_id,role_id FROM sys_user_role WHERE (user_id = ?)
2026-08-12 13:30:20.016 [http-nio-8080-exec-4] DEBUG c.p.m.SysUserRoleMapper.selectList - ==> Parameters: 1(Long)
2026-08-12 13:30:20.016 [http-nio-8080-exec-4] DEBUG c.p.m.SysUserRoleMapper.selectList - <==      Total: 1
2026-08-12 13:30:20.016 [http-nio-8080-exec-4] DEBUG c.p.mapper.SysRoleMapper.selectById - ==>  Preparing: SELECT id,name,code,description,status,create_time,update_time,version FROM sys_role WHERE id=?
2026-08-12 13:30:20.016 [http-nio-8080-exec-4] DEBUG c.p.mapper.SysRoleMapper.selectById - ==> Parameters: 1(Long)
2026-08-12 13:30:20.016 [http-nio-8080-exec-4] DEBUG c.p.mapper.SysRoleMapper.selectById - <==      Total: 1
2026-08-12 13:30:20.023 [http-nio-8080-exec-4] DEBUG c.p.m.S.selectMenuByRoleId - ==>  Preparing: SELECT m.* FROM sys_menu m INNER JOIN sys_role_menu rm ON m.id = rm.menu_id WHERE rm.role_id = ?
2026-08-12 13:30:20.023 [http-nio-8080-exec-4] DEBUG c.p.m.S.selectMenuByRoleId - ==> Parameters: 1(Long)
2026-08-12 13:30:20.027 [http-nio-8080-exec-4] DEBUG c.p.m.S.selectMenuByRoleId - <==      Total: 22
2026-08-12 13:30:20.027 [http-nio-8080-exec-4] DEBUG o.s.security.web.FilterChainProxy - Secured GET /menus/tree
2026-08-12 13:30:20.035 [http-nio-8080-exec-4] DEBUG c.p.mapper.SysMenuMapper.selectList - ==>  Preparing: SELECT id,parent_id,name,path,component,icon,permission,sort,type,status,create_time,update_time,version FROM sys_menu ORDER BY sort ASC
2026-08-12 13:30:20.036 [http-nio-8080-exec-4] DEBUG c.p.mapper.SysMenuMapper.selectList - ==> Parameters: 
2026-08-12 13:30:20.042 [http-nio-8080-exec-4] DEBUG c.p.mapper.SysMenuMapper.selectList - <==      Total: 22
2026-08-12 13:30:20.250 [http-nio-8080-exec-7] DEBUG o.s.security.web.FilterChainProxy - Securing GET /dashboard/stats
2026-08-12 13:30:20.256 [http-nio-8080-exec-7] DEBUG c.p.mapper.SysUserMapper.selectList - ==>  Preparing: SELECT id,username,password,nickname,email,phone,status,create_time,update_time,version FROM sys_user WHERE (username = ?)
2026-08-12 13:30:20.256 [http-nio-8080-exec-7] DEBUG c.p.mapper.SysUserMapper.selectList - ==> Parameters: admin(String)
2026-08-12 13:30:20.256 [http-nio-8080-exec-7] DEBUG c.p.mapper.SysUserMapper.selectList - <==      Total: 1
2026-08-12 13:30:20.261 [http-nio-8080-exec-7] DEBUG c.p.m.SysUserRoleMapper.selectList - ==>  Preparing: SELECT id,user_id,role_id FROM sys_user_role WHERE (user_id = ?)
2026-08-12 13:30:20.261 [http-nio-8080-exec-7] DEBUG c.p.m.SysUserRoleMapper.selectList - ==> Parameters: 1(Long)
2026-08-12 13:30:20.265 [http-nio-8080-exec-7] DEBUG c.p.m.SysUserRoleMapper.selectList - <==      Total: 1
2026-08-12 13:30:20.267 [http-nio-8080-exec-7] DEBUG c.p.mapper.SysRoleMapper.selectById - ==>  Preparing: SELECT id,name,code,description,status,create_time,update_time,version FROM sys_role WHERE id=?
2026-08-12 13:30:20.267 [http-nio-8080-exec-7] DEBUG c.p.mapper.SysRoleMapper.selectById - ==> Parameters: 1(Long)
2026-08-12 13:30:20.269 [http-nio-8080-exec-7] DEBUG c.p.mapper.SysRoleMapper.selectById - <==      Total: 1
2026-08-12 13:30:20.272 [http-nio-8080-exec-7] DEBUG c.p.m.S.selectMenuByRoleId - ==>  Preparing: SELECT m.* FROM sys_menu m INNER JOIN sys_role_menu rm ON m.id = rm.menu_id WHERE rm.role_id = ?
2026-08-12 13:30:20.272 [http-nio-8080-exec-7] DEBUG c.p.m.S.selectMenuByRoleId - ==> Parameters: 1(Long)
2026-08-12 13:30:20.275 [http-nio-8080-exec-7] DEBUG c.p.m.S.selectMenuByRoleId - <==      Total: 22
2026-08-12 13:30:20.278 [http-nio-8080-exec-7] DEBUG o.s.security.web.FilterChainProxy - Secured GET /dashboard/stats
2026-08-12 13:30:20.279 [http-nio-8080-exec-7] DEBUG c.p.mapper.SysUserMapper.selectCount - ==>  Preparing: SELECT COUNT( * ) AS total FROM sys_user
2026-08-12 13:30:20.279 [http-nio-8080-exec-7] DEBUG c.p.mapper.SysUserMapper.selectCount - ==> Parameters: 
2026-08-12 13:30:20.286 [http-nio-8080-exec-7] DEBUG c.p.mapper.SysUserMapper.selectCount - <==      Total: 1
2026-08-12 13:30:20.286 [http-nio-8080-exec-7] DEBUG c.p.mapper.SysRoleMapper.selectCount - ==>  Preparing: SELECT COUNT( * ) AS total FROM sys_role
2026-08-12 13:30:20.286 [http-nio-8080-exec-7] DEBUG c.p.mapper.SysRoleMapper.selectCount - ==> Parameters: 
2026-08-12 13:30:20.290 [http-nio-8080-exec-7] DEBUG c.p.mapper.SysRoleMapper.selectCount - <==      Total: 1
2026-08-12 13:30:20.290 [http-nio-8080-exec-7] DEBUG c.p.mapper.SysMenuMapper.selectCount - ==>  Preparing: SELECT COUNT( * ) AS total FROM sys_menu WHERE (type = ? AND component IS NOT NULL AND component <> ? AND component <> ?)
2026-08-12 13:30:20.290 [http-nio-8080-exec-7] DEBUG c.p.mapper.SysMenuMapper.selectCount - ==> Parameters: 1(Integer), (String), Layout(String)
2026-08-12 13:30:20.296 [http-nio-8080-exec-7] DEBUG c.p.mapper.SysMenuMapper.selectCount - <==      Total: 1
2026-08-12 13:30:28.661 [http-nio-8080-exec-6] DEBUG o.s.security.web.FilterChainProxy - Securing GET /users
2026-08-12 13:30:28.664 [http-nio-8080-exec-6] DEBUG c.p.mapper.SysUserMapper.selectList - ==>  Preparing: SELECT id,username,password,nickname,email,phone,status,create_time,update_time,version FROM sys_user WHERE (username = ?)
2026-08-12 13:30:28.664 [http-nio-8080-exec-6] DEBUG c.p.mapper.SysUserMapper.selectList - ==> Parameters: admin(String)
2026-08-12 13:30:28.666 [http-nio-8080-exec-6] DEBUG c.p.mapper.SysUserMapper.selectList - <==      Total: 1
2026-08-12 13:30:28.668 [http-nio-8080-exec-6] DEBUG c.p.m.SysUserRoleMapper.selectList - ==>  Preparing: SELECT id,user_id,role_id FROM sys_user_role WHERE (user_id = ?)
2026-08-12 13:30:28.668 [http-nio-8080-exec-6] DEBUG c.p.m.SysUserRoleMapper.selectList - ==> Parameters: 1(Long)
2026-08-12 13:30:28.668 [http-nio-8080-exec-6] DEBUG c.p.m.SysUserRoleMapper.selectList - <==      Total: 1
2026-08-12 13:30:28.668 [http-nio-8080-exec-6] DEBUG c.p.mapper.SysRoleMapper.selectById - ==>  Preparing: SELECT id,name,code,description,status,create_time,update_time,version FROM sys_role WHERE id=?
2026-08-12 13:30:28.671 [http-nio-8080-exec-6] DEBUG c.p.mapper.SysRoleMapper.selectById - ==> Parameters: 1(Long)
2026-08-12 13:30:28.673 [http-nio-8080-exec-6] DEBUG c.p.mapper.SysRoleMapper.selectById - <==      Total: 1
2026-08-12 13:30:28.673 [http-nio-8080-exec-6] DEBUG c.p.m.S.selectMenuByRoleId - ==>  Preparing: SELECT m.* FROM sys_menu m INNER JOIN sys_role_menu rm ON m.id = rm.menu_id WHERE rm.role_id = ?
2026-08-12 13:30:28.673 [http-nio-8080-exec-6] DEBUG c.p.m.S.selectMenuByRoleId - ==> Parameters: 1(Long)
2026-08-12 13:30:28.678 [http-nio-8080-exec-6] DEBUG c.p.m.S.selectMenuByRoleId - <==      Total: 22
2026-08-12 13:30:28.680 [http-nio-8080-exec-6] DEBUG o.s.security.web.FilterChainProxy - Secured GET /users
2026-08-12 13:30:28.692 [http-nio-8080-exec-6] DEBUG c.p.mapper.SysUserMapper.selectList - ==>  Preparing: SELECT id,username,password,nickname,email,phone,status,create_time,update_time,version FROM sys_user ORDER BY id ASC
2026-08-12 13:30:28.692 [http-nio-8080-exec-6] DEBUG c.p.mapper.SysUserMapper.selectList - ==> Parameters: 
2026-08-12 13:30:28.692 [http-nio-8080-exec-6] DEBUG c.p.mapper.SysUserMapper.selectList - <==      Total: 8
2026-08-12 13:30:28.692 [http-nio-8080-exec-6] DEBUG c.p.m.SysUserRoleMapper.selectList - ==>  Preparing: SELECT id,user_id,role_id FROM sys_user_role WHERE (user_id = ?) LIMIT 1
2026-08-12 13:30:28.698 [http-nio-8080-exec-6] DEBUG c.p.m.SysUserRoleMapper.selectList - ==> Parameters: 1(Long)
2026-08-12 13:30:28.698 [http-nio-8080-exec-6] DEBUG c.p.m.SysUserRoleMapper.selectList - <==      Total: 1
2026-08-12 13:30:28.698 [http-nio-8080-exec-6] DEBUG c.p.mapper.SysRoleMapper.selectById - ==>  Preparing: SELECT id,name,code,description,status,create_time,update_time,version FROM sys_role WHERE id=?
2026-08-12 13:30:28.700 [http-nio-8080-exec-6] DEBUG c.p.mapper.SysRoleMapper.selectById - ==> Parameters: 1(Long)
2026-08-12 13:30:28.701 [http-nio-8080-exec-6] DEBUG c.p.mapper.SysRoleMapper.selectById - <==      Total: 1
2026-08-12 13:30:28.703 [http-nio-8080-exec-6] DEBUG c.p.m.SysUserRoleMapper.selectList - ==>  Preparing: SELECT id,user_id,role_id FROM sys_user_role WHERE (user_id = ?) LIMIT 1
2026-08-12 13:30:28.703 [http-nio-8080-exec-6] DEBUG c.p.m.SysUserRoleMapper.selectList - ==> Parameters: 2(Long)
2026-08-12 13:30:28.703 [http-nio-8080-exec-6] DEBUG c.p.m.SysUserRoleMapper.selectList - <==      Total: 1
2026-08-12 13:30:28.703 [http-nio-8080-exec-6] DEBUG c.p.mapper.SysRoleMapper.selectById - ==>  Preparing: SELECT id,name,code,description,status,create_time,update_time,version FROM sys_role WHERE id=?
2026-08-12 13:30:28.708 [http-nio-8080-exec-6] DEBUG c.p.mapper.SysRoleMapper.selectById - ==> Parameters: 2(Long)
2026-08-12 13:30:28.708 [http-nio-8080-exec-6] DEBUG c.p.mapper.SysRoleMapper.selectById - <==      Total: 1
2026-08-12 13:30:28.708 [http-nio-8080-exec-6] DEBUG c.p.m.SysUserRoleMapper.selectList - ==>  Preparing: SELECT id,user_id,role_id FROM sys_user_role WHERE (user_id = ?) LIMIT 1
2026-08-12 13:30:28.708 [http-nio-8080-exec-6] DEBUG c.p.m.SysUserRoleMapper.selectList - ==> Parameters: 3(Long)
2026-08-12 13:30:28.708 [http-nio-8080-exec-6] DEBUG c.p.m.SysUserRoleMapper.selectList - <==      Total: 1
2026-08-12 13:30:28.712 [http-nio-8080-exec-6] DEBUG c.p.mapper.SysRoleMapper.selectById - ==>  Preparing: SELECT id,name,code,description,status,create_time,update_time,version FROM sys_role WHERE id=?
2026-08-12 13:30:28.712 [http-nio-8080-exec-6] DEBUG c.p.mapper.SysRoleMapper.selectById - ==> Parameters: 3(Long)
2026-08-12 13:30:28.712 [http-nio-8080-exec-6] DEBUG c.p.mapper.SysRoleMapper.selectById - <==      Total: 1
2026-08-12 13:30:28.713 [http-nio-8080-exec-6] DEBUG c.p.m.SysUserRoleMapper.selectList - ==>  Preparing: SELECT id,user_id,role_id FROM sys_user_role WHERE (user_id = ?) LIMIT 1
2026-08-12 13:30:28.713 [http-nio-8080-exec-6] DEBUG c.p.m.SysUserRoleMapper.selectList - ==> Parameters: 4(Long)
2026-08-12 13:30:28.716 [http-nio-8080-exec-6] DEBUG c.p.m.SysUserRoleMapper.selectList - <==      Total: 1
2026-08-12 13:30:28.716 [http-nio-8080-exec-6] DEBUG c.p.mapper.SysRoleMapper.selectById - ==>  Preparing: SELECT id,name,code,description,status,create_time,update_time,version FROM sys_role WHERE id=?
2026-08-12 13:30:28.718 [http-nio-8080-exec-6] DEBUG c.p.mapper.SysRoleMapper.selectById - ==> Parameters: 2(Long)
2026-08-12 13:30:28.718 [http-nio-8080-exec-6] DEBUG c.p.mapper.SysRoleMapper.selectById - <==      Total: 1
2026-08-12 13:30:28.720 [http-nio-8080-exec-6] DEBUG c.p.m.SysUserRoleMapper.selectList - ==>  Preparing: SELECT id,user_id,role_id FROM sys_user_role WHERE (user_id = ?) LIMIT 1
2026-08-12 13:30:28.722 [http-nio-8080-exec-6] DEBUG c.p.m.SysUserRoleMapper.selectList - ==> Parameters: 5(Long)
2026-08-12 13:30:28.722 [http-nio-8080-exec-6] DEBUG c.p.m.SysUserRoleMapper.selectList - <==      Total: 1
2026-08-12 13:30:28.723 [http-nio-8080-exec-6] DEBUG c.p.mapper.SysRoleMapper.selectById - ==>  Preparing: SELECT id,name,code,description,status,create_time,update_time,version FROM sys_role WHERE id=?
2026-08-12 13:30:28.724 [http-nio-8080-exec-6] DEBUG c.p.mapper.SysRoleMapper.selectById - ==> Parameters: 3(Long)
2026-08-12 13:30:28.726 [http-nio-8080-exec-6] DEBUG c.p.mapper.SysRoleMapper.selectById - <==      Total: 1
2026-08-12 13:30:28.726 [http-nio-8080-exec-6] DEBUG c.p.m.SysUserRoleMapper.selectList - ==>  Preparing: SELECT id,user_id,role_id FROM sys_user_role WHERE (user_id = ?) LIMIT 1
2026-08-12 13:30:28.726 [http-nio-8080-exec-6] DEBUG c.p.m.SysUserRoleMapper.selectList - ==> Parameters: 6(Long)
2026-08-12 13:30:28.726 [http-nio-8080-exec-6] DEBUG c.p.m.SysUserRoleMapper.selectList - <==      Total: 1
2026-08-12 13:30:28.726 [http-nio-8080-exec-6] DEBUG c.p.mapper.SysRoleMapper.selectById - ==>  Preparing: SELECT id,name,code,description,status,create_time,update_time,version FROM sys_role WHERE id=?
2026-08-12 13:30:28.726 [http-nio-8080-exec-6] DEBUG c.p.mapper.SysRoleMapper.selectById - ==> Parameters: 2(Long)
2026-08-12 13:30:28.726 [http-nio-8080-exec-6] DEBUG c.p.mapper.SysRoleMapper.selectById - <==      Total: 1
2026-08-12 13:30:28.726 [http-nio-8080-exec-6] DEBUG c.p.m.SysUserRoleMapper.selectList - ==>  Preparing: SELECT id,user_id,role_id FROM sys_user_role WHERE (user_id = ?) LIMIT 1
2026-08-12 13:30:28.726 [http-nio-8080-exec-6] DEBUG c.p.m.SysUserRoleMapper.selectList - ==> Parameters: 7(Long)
2026-08-12 13:30:28.726 [http-nio-8080-exec-6] DEBUG c.p.m.SysUserRoleMapper.selectList - <==      Total: 1
2026-08-12 13:30:28.726 [http-nio-8080-exec-6] DEBUG c.p.mapper.SysRoleMapper.selectById - ==>  Preparing: SELECT id,name,code,description,status,create_time,update_time,version FROM sys_role WHERE id=?
2026-08-12 13:30:28.734 [http-nio-8080-exec-6] DEBUG c.p.mapper.SysRoleMapper.selectById - ==> Parameters: 4(Long)
2026-08-12 13:30:28.734 [http-nio-8080-exec-6] DEBUG c.p.mapper.SysRoleMapper.selectById - <==      Total: 1
2026-08-12 13:30:28.736 [http-nio-8080-exec-6] DEBUG c.p.m.SysUserRoleMapper.selectList - ==>  Preparing: SELECT id,user_id,role_id FROM sys_user_role WHERE (user_id = ?) LIMIT 1
2026-08-12 13:30:28.736 [http-nio-8080-exec-6] DEBUG c.p.m.SysUserRoleMapper.selectList - ==> Parameters: 8(Long)
2026-08-12 13:30:28.736 [http-nio-8080-exec-6] DEBUG c.p.m.SysUserRoleMapper.selectList - <==      Total: 1
2026-08-12 13:30:28.739 [http-nio-8080-exec-6] DEBUG c.p.mapper.SysRoleMapper.selectById - ==>  Preparing: SELECT id,name,code,description,status,create_time,update_time,version FROM sys_role WHERE id=?
2026-08-12 13:30:28.739 [http-nio-8080-exec-6] DEBUG c.p.mapper.SysRoleMapper.selectById - ==> Parameters: 5(Long)
2026-08-12 13:30:28.739 [http-nio-8080-exec-6] DEBUG c.p.mapper.SysRoleMapper.selectById - <==      Total: 1
2026-08-12 13:30:33.354 [http-nio-8080-exec-5] DEBUG o.s.security.web.FilterChainProxy - Securing GET /users/profile
2026-08-12 13:30:33.356 [http-nio-8080-exec-5] DEBUG c.p.mapper.SysUserMapper.selectList - ==>  Preparing: SELECT id,username,password,nickname,email,phone,status,create_time,update_time,version FROM sys_user WHERE (username = ?)
2026-08-12 13:30:33.356 [http-nio-8080-exec-5] DEBUG c.p.mapper.SysUserMapper.selectList - ==> Parameters: admin(String)
2026-08-12 13:30:33.360 [http-nio-8080-exec-5] DEBUG c.p.mapper.SysUserMapper.selectList - <==      Total: 1
2026-08-12 13:30:33.360 [http-nio-8080-exec-5] DEBUG c.p.m.SysUserRoleMapper.selectList - ==>  Preparing: SELECT id,user_id,role_id FROM sys_user_role WHERE (user_id = ?)
2026-08-12 13:30:33.360 [http-nio-8080-exec-5] DEBUG c.p.m.SysUserRoleMapper.selectList - ==> Parameters: 1(Long)
2026-08-12 13:30:33.360 [http-nio-8080-exec-5] DEBUG c.p.m.SysUserRoleMapper.selectList - <==      Total: 1
2026-08-12 13:30:33.360 [http-nio-8080-exec-5] DEBUG c.p.mapper.SysRoleMapper.selectById - ==>  Preparing: SELECT id,name,code,description,status,create_time,update_time,version FROM sys_role WHERE id=?
2026-08-12 13:30:33.360 [http-nio-8080-exec-5] DEBUG c.p.mapper.SysRoleMapper.selectById - ==> Parameters: 1(Long)
2026-08-12 13:30:33.360 [http-nio-8080-exec-5] DEBUG c.p.mapper.SysRoleMapper.selectById - <==      Total: 1
2026-08-12 13:30:33.364 [http-nio-8080-exec-5] DEBUG c.p.m.S.selectMenuByRoleId - ==>  Preparing: SELECT m.* FROM sys_menu m INNER JOIN sys_role_menu rm ON m.id = rm.menu_id WHERE rm.role_id = ?
2026-08-12 13:30:33.364 [http-nio-8080-exec-5] DEBUG c.p.m.S.selectMenuByRoleId - ==> Parameters: 1(Long)
2026-08-12 13:30:33.367 [http-nio-8080-exec-5] DEBUG c.p.m.S.selectMenuByRoleId - <==      Total: 22
2026-08-12 13:30:33.368 [http-nio-8080-exec-5] DEBUG o.s.security.web.FilterChainProxy - Secured GET /users/profile
2026-08-12 13:30:33.370 [http-nio-8080-exec-5] DEBUG c.p.mapper.SysUserMapper.selectList - ==>  Preparing: SELECT id,username,password,nickname,email,phone,status,create_time,update_time,version FROM sys_user WHERE (username = ?)
2026-08-12 13:30:33.370 [http-nio-8080-exec-5] DEBUG c.p.mapper.SysUserMapper.selectList - ==> Parameters: admin(String)
2026-08-12 13:30:33.372 [http-nio-8080-exec-5] DEBUG c.p.mapper.SysUserMapper.selectList - <==      Total: 1
2026-08-12 13:30:40.785 [http-nio-8080-exec-8] DEBUG o.s.security.web.FilterChainProxy - Securing GET /users
2026-08-12 13:30:40.789 [http-nio-8080-exec-8] DEBUG c.p.mapper.SysUserMapper.selectList - ==>  Preparing: SELECT id,username,password,nickname,email,phone,status,create_time,update_time,version FROM sys_user WHERE (username = ?)
2026-08-12 13:30:40.789 [http-nio-8080-exec-8] DEBUG c.p.mapper.SysUserMapper.selectList - ==> Parameters: admin(String)
2026-08-12 13:30:40.797 [http-nio-8080-exec-8] DEBUG c.p.mapper.SysUserMapper.selectList - <==      Total: 1
2026-08-12 13:30:40.798 [http-nio-8080-exec-8] DEBUG c.p.m.SysUserRoleMapper.selectList - ==>  Preparing: SELECT id,user_id,role_id FROM sys_user_role WHERE (user_id = ?)
2026-08-12 13:30:40.798 [http-nio-8080-exec-8] DEBUG c.p.m.SysUserRoleMapper.selectList - ==> Parameters: 1(Long)
2026-08-12 13:30:40.800 [http-nio-8080-exec-8] DEBUG c.p.m.SysUserRoleMapper.selectList - <==      Total: 1
2026-08-12 13:30:40.801 [http-nio-8080-exec-8] DEBUG c.p.mapper.SysRoleMapper.selectById - ==>  Preparing: SELECT id,name,code,description,status,create_time,update_time,version FROM sys_role WHERE id=?
2026-08-12 13:30:40.801 [http-nio-8080-exec-8] DEBUG c.p.mapper.SysRoleMapper.selectById - ==> Parameters: 1(Long)
2026-08-12 13:30:40.803 [http-nio-8080-exec-8] DEBUG c.p.mapper.SysRoleMapper.selectById - <==      Total: 1
2026-08-12 13:30:40.803 [http-nio-8080-exec-8] DEBUG c.p.m.S.selectMenuByRoleId - ==>  Preparing: SELECT m.* FROM sys_menu m INNER JOIN sys_role_menu rm ON m.id = rm.menu_id WHERE rm.role_id = ?
2026-08-12 13:30:40.803 [http-nio-8080-exec-8] DEBUG c.p.m.S.selectMenuByRoleId - ==> Parameters: 1(Long)
2026-08-12 13:30:40.803 [http-nio-8080-exec-8] DEBUG c.p.m.S.selectMenuByRoleId - <==      Total: 22
2026-08-12 13:30:40.803 [http-nio-8080-exec-8] DEBUG o.s.security.web.FilterChainProxy - Secured GET /users
2026-08-12 13:30:40.803 [http-nio-8080-exec-8] DEBUG c.p.mapper.SysUserMapper.selectList - ==>  Preparing: SELECT id,username,password,nickname,email,phone,status,create_time,update_time,version FROM sys_user ORDER BY id ASC
2026-08-12 13:30:40.803 [http-nio-8080-exec-8] DEBUG c.p.mapper.SysUserMapper.selectList - ==> Parameters: 
2026-08-12 13:30:40.810 [http-nio-8080-exec-8] DEBUG c.p.mapper.SysUserMapper.selectList - <==      Total: 8
2026-08-12 13:30:40.812 [http-nio-8080-exec-8] DEBUG c.p.m.SysUserRoleMapper.selectList - ==>  Preparing: SELECT id,user_id,role_id FROM sys_user_role WHERE (user_id = ?) LIMIT 1
2026-08-12 13:30:40.812 [http-nio-8080-exec-8] DEBUG c.p.m.SysUserRoleMapper.selectList - ==> Parameters: 1(Long)
2026-08-12 13:30:40.812 [http-nio-8080-exec-8] DEBUG c.p.m.SysUserRoleMapper.selectList - <==      Total: 1
2026-08-12 13:30:40.812 [http-nio-8080-exec-8] DEBUG c.p.mapper.SysRoleMapper.selectById - ==>  Preparing: SELECT id,name,code,description,status,create_time,update_time,version FROM sys_role WHERE id=?
2026-08-12 13:30:40.812 [http-nio-8080-exec-8] DEBUG c.p.mapper.SysRoleMapper.selectById - ==> Parameters: 1(Long)
2026-08-12 13:30:40.818 [http-nio-8080-exec-8] DEBUG c.p.mapper.SysRoleMapper.selectById - <==      Total: 1
2026-08-12 13:30:40.820 [http-nio-8080-exec-8] DEBUG c.p.m.SysUserRoleMapper.selectList - ==>  Preparing: SELECT id,user_id,role_id FROM sys_user_role WHERE (user_id = ?) LIMIT 1
2026-08-12 13:30:40.820 [http-nio-8080-exec-8] DEBUG c.p.m.SysUserRoleMapper.selectList - ==> Parameters: 2(Long)
2026-08-12 13:30:40.820 [http-nio-8080-exec-8] DEBUG c.p.m.SysUserRoleMapper.selectList - <==      Total: 1
2026-08-12 13:30:40.823 [http-nio-8080-exec-8] DEBUG c.p.mapper.SysRoleMapper.selectById - ==>  Preparing: SELECT id,name,code,description,status,create_time,update_time,version FROM sys_role WHERE id=?
2026-08-12 13:30:40.823 [http-nio-8080-exec-8] DEBUG c.p.mapper.SysRoleMapper.selectById - ==> Parameters: 2(Long)
2026-08-12 13:30:40.823 [http-nio-8080-exec-8] DEBUG c.p.mapper.SysRoleMapper.selectById - <==      Total: 1
2026-08-12 13:30:40.823 [http-nio-8080-exec-8] DEBUG c.p.m.SysUserRoleMapper.selectList - ==>  Preparing: SELECT id,user_id,role_id FROM sys_user_role WHERE (user_id = ?) LIMIT 1
2026-08-12 13:30:40.826 [http-nio-8080-exec-8] DEBUG c.p.m.SysUserRoleMapper.selectList - ==> Parameters: 3(Long)
2026-08-12 13:30:40.826 [http-nio-8080-exec-8] DEBUG c.p.m.SysUserRoleMapper.selectList - <==      Total: 1
2026-08-12 13:30:40.826 [http-nio-8080-exec-8] DEBUG c.p.mapper.SysRoleMapper.selectById - ==>  Preparing: SELECT id,name,code,description,status,create_time,update_time,version FROM sys_role WHERE id=?
2026-08-12 13:30:40.826 [http-nio-8080-exec-8] DEBUG c.p.mapper.SysRoleMapper.selectById - ==> Parameters: 3(Long)
2026-08-12 13:30:40.826 [http-nio-8080-exec-8] DEBUG c.p.mapper.SysRoleMapper.selectById - <==      Total: 1
2026-08-12 13:30:40.830 [http-nio-8080-exec-8] DEBUG c.p.m.SysUserRoleMapper.selectList - ==>  Preparing: SELECT id,user_id,role_id FROM sys_user_role WHERE (user_id = ?) LIMIT 1
2026-08-12 13:30:40.830 [http-nio-8080-exec-8] DEBUG c.p.m.SysUserRoleMapper.selectList - ==> Parameters: 4(Long)
2026-08-12 13:30:40.830 [http-nio-8080-exec-8] DEBUG c.p.m.SysUserRoleMapper.selectList - <==      Total: 1
2026-08-12 13:30:40.830 [http-nio-8080-exec-8] DEBUG c.p.mapper.SysRoleMapper.selectById - ==>  Preparing: SELECT id,name,code,description,status,create_time,update_time,version FROM sys_role WHERE id=?
2026-08-12 13:30:40.830 [http-nio-8080-exec-8] DEBUG c.p.mapper.SysRoleMapper.selectById - ==> Parameters: 2(Long)
2026-08-12 13:30:40.830 [http-nio-8080-exec-8] DEBUG c.p.mapper.SysRoleMapper.selectById - <==      Total: 1
2026-08-12 13:30:40.834 [http-nio-8080-exec-8] DEBUG c.p.m.SysUserRoleMapper.selectList - ==>  Preparing: SELECT id,user_id,role_id FROM sys_user_role WHERE (user_id = ?) LIMIT 1
2026-08-12 13:30:40.834 [http-nio-8080-exec-8] DEBUG c.p.m.SysUserRoleMapper.selectList - ==> Parameters: 5(Long)
2026-08-12 13:30:40.835 [http-nio-8080-exec-8] DEBUG c.p.m.SysUserRoleMapper.selectList - <==      Total: 1
2026-08-12 13:30:40.836 [http-nio-8080-exec-8] DEBUG c.p.mapper.SysRoleMapper.selectById - ==>  Preparing: SELECT id,name,code,description,status,create_time,update_time,version FROM sys_role WHERE id=?
2026-08-12 13:30:40.836 [http-nio-8080-exec-8] DEBUG c.p.mapper.SysRoleMapper.selectById - ==> Parameters: 3(Long)
2026-08-12 13:30:40.838 [http-nio-8080-exec-8] DEBUG c.p.mapper.SysRoleMapper.selectById - <==      Total: 1
2026-08-12 13:30:40.838 [http-nio-8080-exec-8] DEBUG c.p.m.SysUserRoleMapper.selectList - ==>  Preparing: SELECT id,user_id,role_id FROM sys_user_role WHERE (user_id = ?) LIMIT 1
2026-08-12 13:30:40.840 [http-nio-8080-exec-8] DEBUG c.p.m.SysUserRoleMapper.selectList - ==> Parameters: 6(Long)
2026-08-12 13:30:40.840 [http-nio-8080-exec-8] DEBUG c.p.m.SysUserRoleMapper.selectList - <==      Total: 1
2026-08-12 13:30:40.840 [http-nio-8080-exec-8] DEBUG c.p.mapper.SysRoleMapper.selectById - ==>  Preparing: SELECT id,name,code,description,status,create_time,update_time,version FROM sys_role WHERE id=?
2026-08-12 13:30:40.840 [http-nio-8080-exec-8] DEBUG c.p.mapper.SysRoleMapper.selectById - ==> Parameters: 2(Long)
2026-08-12 13:30:40.840 [http-nio-8080-exec-8] DEBUG c.p.mapper.SysRoleMapper.selectById - <==      Total: 1
2026-08-12 13:30:40.840 [http-nio-8080-exec-8] DEBUG c.p.m.SysUserRoleMapper.selectList - ==>  Preparing: SELECT id,user_id,role_id FROM sys_user_role WHERE (user_id = ?) LIMIT 1
2026-08-12 13:30:40.845 [http-nio-8080-exec-8] DEBUG c.p.m.SysUserRoleMapper.selectList - ==> Parameters: 7(Long)
2026-08-12 13:30:40.845 [http-nio-8080-exec-8] DEBUG c.p.m.SysUserRoleMapper.selectList - <==      Total: 1
2026-08-12 13:30:40.845 [http-nio-8080-exec-8] DEBUG c.p.mapper.SysRoleMapper.selectById - ==>  Preparing: SELECT id,name,code,description,status,create_time,update_time,version FROM sys_role WHERE id=?
2026-08-12 13:30:40.845 [http-nio-8080-exec-8] DEBUG c.p.mapper.SysRoleMapper.selectById - ==> Parameters: 4(Long)
2026-08-12 13:30:40.845 [http-nio-8080-exec-8] DEBUG c.p.mapper.SysRoleMapper.selectById - <==      Total: 1
2026-08-12 13:30:40.849 [http-nio-8080-exec-8] DEBUG c.p.m.SysUserRoleMapper.selectList - ==>  Preparing: SELECT id,user_id,role_id FROM sys_user_role WHERE (user_id = ?) LIMIT 1
2026-08-12 13:30:40.849 [http-nio-8080-exec-8] DEBUG c.p.m.SysUserRoleMapper.selectList - ==> Parameters: 8(Long)
2026-08-12 13:30:40.851 [http-nio-8080-exec-8] DEBUG c.p.m.SysUserRoleMapper.selectList - <==      Total: 1
2026-08-12 13:30:40.851 [http-nio-8080-exec-8] DEBUG c.p.mapper.SysRoleMapper.selectById - ==>  Preparing: SELECT id,name,code,description,status,create_time,update_time,version FROM sys_role WHERE id=?
2026-08-12 13:30:40.851 [http-nio-8080-exec-8] DEBUG c.p.mapper.SysRoleMapper.selectById - ==> Parameters: 5(Long)
2026-08-12 13:30:40.853 [http-nio-8080-exec-8] DEBUG c.p.mapper.SysRoleMapper.selectById - <==      Total: 1
2026-08-12 13:30:47.489 [http-nio-8080-exec-9] DEBUG o.s.security.web.FilterChainProxy - Securing GET /roles
2026-08-12 13:30:47.492 [http-nio-8080-exec-9] DEBUG c.p.mapper.SysUserMapper.selectList - ==>  Preparing: SELECT id,username,password,nickname,email,phone,status,create_time,update_time,version FROM sys_user WHERE (username = ?)
2026-08-12 13:30:47.492 [http-nio-8080-exec-9] DEBUG c.p.mapper.SysUserMapper.selectList - ==> Parameters: admin(String)
2026-08-12 13:30:47.493 [http-nio-8080-exec-9] DEBUG c.p.mapper.SysUserMapper.selectList - <==      Total: 1
2026-08-12 13:30:47.495 [http-nio-8080-exec-9] DEBUG c.p.m.SysUserRoleMapper.selectList - ==>  Preparing: SELECT id,user_id,role_id FROM sys_user_role WHERE (user_id = ?)
2026-08-12 13:30:47.495 [http-nio-8080-exec-9] DEBUG c.p.m.SysUserRoleMapper.selectList - ==> Parameters: 1(Long)
2026-08-12 13:30:47.497 [http-nio-8080-exec-9] DEBUG c.p.m.SysUserRoleMapper.selectList - <==      Total: 1
2026-08-12 13:30:47.497 [http-nio-8080-exec-9] DEBUG c.p.mapper.SysRoleMapper.selectById - ==>  Preparing: SELECT id,name,code,description,status,create_time,update_time,version FROM sys_role WHERE id=?
2026-08-12 13:30:47.497 [http-nio-8080-exec-9] DEBUG c.p.mapper.SysRoleMapper.selectById - ==> Parameters: 1(Long)
2026-08-12 13:30:47.497 [http-nio-8080-exec-9] DEBUG c.p.mapper.SysRoleMapper.selectById - <==      Total: 1
2026-08-12 13:30:47.497 [http-nio-8080-exec-9] DEBUG c.p.m.S.selectMenuByRoleId - ==>  Preparing: SELECT m.* FROM sys_menu m INNER JOIN sys_role_menu rm ON m.id = rm.menu_id WHERE rm.role_id = ?
2026-08-12 13:30:47.497 [http-nio-8080-exec-9] DEBUG c.p.m.S.selectMenuByRoleId - ==> Parameters: 1(Long)
2026-08-12 13:30:47.503 [http-nio-8080-exec-9] DEBUG c.p.m.S.selectMenuByRoleId - <==      Total: 22
2026-08-12 13:30:47.503 [http-nio-8080-exec-9] DEBUG o.s.security.web.FilterChainProxy - Secured GET /roles
2026-08-12 13:30:47.506 [http-nio-8080-exec-9] DEBUG c.p.mapper.SysRoleMapper.selectList - ==>  Preparing: SELECT id,name,code,description,status,create_time,update_time,version FROM sys_role ORDER BY id ASC
2026-08-12 13:30:47.506 [http-nio-8080-exec-9] DEBUG c.p.mapper.SysRoleMapper.selectList - ==> Parameters: 
2026-08-12 13:30:47.509 [http-nio-8080-exec-9] DEBUG c.p.mapper.SysRoleMapper.selectList - <==      Total: 5
2026-08-12 13:30:50.336 [http-nio-8080-exec-10] DEBUG o.s.security.web.FilterChainProxy - Securing GET /menus/tree
2026-08-12 13:30:50.338 [http-nio-8080-exec-10] DEBUG c.p.mapper.SysUserMapper.selectList - ==>  Preparing: SELECT id,username,password,nickname,email,phone,status,create_time,update_time,version FROM sys_user WHERE (username = ?)
2026-08-12 13:30:50.338 [http-nio-8080-exec-10] DEBUG c.p.mapper.SysUserMapper.selectList - ==> Parameters: admin(String)
2026-08-12 13:30:50.338 [http-nio-8080-exec-10] DEBUG c.p.mapper.SysUserMapper.selectList - <==      Total: 1
2026-08-12 13:30:50.338 [http-nio-8080-exec-10] DEBUG c.p.m.SysUserRoleMapper.selectList - ==>  Preparing: SELECT id,user_id,role_id FROM sys_user_role WHERE (user_id = ?)
2026-08-12 13:30:50.338 [http-nio-8080-exec-10] DEBUG c.p.m.SysUserRoleMapper.selectList - ==> Parameters: 1(Long)
2026-08-12 13:30:50.343 [http-nio-8080-exec-10] DEBUG c.p.m.SysUserRoleMapper.selectList - <==      Total: 1
2026-08-12 13:30:50.343 [http-nio-8080-exec-10] DEBUG c.p.mapper.SysRoleMapper.selectById - ==>  Preparing: SELECT id,name,code,description,status,create_time,update_time,version FROM sys_role WHERE id=?
2026-08-12 13:30:50.343 [http-nio-8080-exec-10] DEBUG c.p.mapper.SysRoleMapper.selectById - ==> Parameters: 1(Long)
2026-08-12 13:30:50.343 [http-nio-8080-exec-10] DEBUG c.p.mapper.SysRoleMapper.selectById - <==      Total: 1
2026-08-12 13:30:50.345 [http-nio-8080-exec-10] DEBUG c.p.m.S.selectMenuByRoleId - ==>  Preparing: SELECT m.* FROM sys_menu m INNER JOIN sys_role_menu rm ON m.id = rm.menu_id WHERE rm.role_id = ?
2026-08-12 13:30:50.345 [http-nio-8080-exec-10] DEBUG c.p.m.S.selectMenuByRoleId - ==> Parameters: 1(Long)
2026-08-12 13:30:50.347 [http-nio-8080-exec-10] DEBUG c.p.m.S.selectMenuByRoleId - <==      Total: 22
2026-08-12 13:30:50.347 [http-nio-8080-exec-10] DEBUG o.s.security.web.FilterChainProxy - Secured GET /menus/tree
2026-08-12 13:30:50.347 [http-nio-8080-exec-10] DEBUG c.p.mapper.SysMenuMapper.selectList - ==>  Preparing: SELECT id,parent_id,name,path,component,icon,permission,sort,type,status,create_time,update_time,version FROM sys_menu ORDER BY sort ASC
2026-08-12 13:30:50.351 [http-nio-8080-exec-10] DEBUG c.p.mapper.SysMenuMapper.selectList - ==> Parameters: 
2026-08-12 13:30:50.352 [http-nio-8080-exec-10] DEBUG c.p.mapper.SysMenuMapper.selectList - <==      Total: 22
2026-08-12 13:31:06.362 [http-nio-8080-exec-1] DEBUG o.s.security.web.FilterChainProxy - Securing GET /roles
2026-08-12 13:31:06.367 [http-nio-8080-exec-1] DEBUG c.p.mapper.SysUserMapper.selectList - ==>  Preparing: SELECT id,username,password,nickname,email,phone,status,create_time,update_time,version FROM sys_user WHERE (username = ?)
2026-08-12 13:31:06.367 [http-nio-8080-exec-1] DEBUG c.p.mapper.SysUserMapper.selectList - ==> Parameters: admin(String)
2026-08-12 13:31:06.367 [http-nio-8080-exec-1] DEBUG c.p.mapper.SysUserMapper.selectList - <==      Total: 1
2026-08-12 13:31:06.367 [http-nio-8080-exec-1] DEBUG c.p.m.SysUserRoleMapper.selectList - ==>  Preparing: SELECT id,user_id,role_id FROM sys_user_role WHERE (user_id = ?)
2026-08-12 13:31:06.367 [http-nio-8080-exec-1] DEBUG c.p.m.SysUserRoleMapper.selectList - ==> Parameters: 1(Long)
2026-08-12 13:31:06.372 [http-nio-8080-exec-1] DEBUG c.p.m.SysUserRoleMapper.selectList - <==      Total: 1
2026-08-12 13:31:06.372 [http-nio-8080-exec-1] DEBUG c.p.mapper.SysRoleMapper.selectById - ==>  Preparing: SELECT id,name,code,description,status,create_time,update_time,version FROM sys_role WHERE id=?
2026-08-12 13:31:06.372 [http-nio-8080-exec-1] DEBUG c.p.mapper.SysRoleMapper.selectById - ==> Parameters: 1(Long)
2026-08-12 13:31:06.372 [http-nio-8080-exec-1] DEBUG c.p.mapper.SysRoleMapper.selectById - <==      Total: 1
2026-08-12 13:31:06.372 [http-nio-8080-exec-1] DEBUG c.p.m.S.selectMenuByRoleId - ==>  Preparing: SELECT m.* FROM sys_menu m INNER JOIN sys_role_menu rm ON m.id = rm.menu_id WHERE rm.role_id = ?
2026-08-12 13:31:06.372 [http-nio-8080-exec-1] DEBUG c.p.m.S.selectMenuByRoleId - ==> Parameters: 1(Long)
2026-08-12 13:31:06.372 [http-nio-8080-exec-1] DEBUG c.p.m.S.selectMenuByRoleId - <==      Total: 22
2026-08-12 13:31:06.378 [http-nio-8080-exec-1] DEBUG o.s.security.web.FilterChainProxy - Secured GET /roles
2026-08-12 13:31:06.379 [http-nio-8080-exec-1] DEBUG c.p.mapper.SysRoleMapper.selectList - ==>  Preparing: SELECT id,name,code,description,status,create_time,update_time,version FROM sys_role ORDER BY id ASC
2026-08-12 13:31:06.379 [http-nio-8080-exec-1] DEBUG c.p.mapper.SysRoleMapper.selectList - ==> Parameters: 
2026-08-12 13:31:06.379 [http-nio-8080-exec-1] DEBUG c.p.mapper.SysRoleMapper.selectList - <==      Total: 5
2026-08-12 13:31:07.460 [http-nio-8080-exec-2] DEBUG o.s.security.web.FilterChainProxy - Securing GET /users
2026-08-12 13:31:07.460 [http-nio-8080-exec-2] DEBUG c.p.mapper.SysUserMapper.selectList - ==>  Preparing: SELECT id,username,password,nickname,email,phone,status,create_time,update_time,version FROM sys_user WHERE (username = ?)
2026-08-12 13:31:07.460 [http-nio-8080-exec-2] DEBUG c.p.mapper.SysUserMapper.selectList - ==> Parameters: admin(String)
2026-08-12 13:31:07.460 [http-nio-8080-exec-2] DEBUG c.p.mapper.SysUserMapper.selectList - <==      Total: 1
2026-08-12 13:31:07.466 [http-nio-8080-exec-2] DEBUG c.p.m.SysUserRoleMapper.selectList - ==>  Preparing: SELECT id,user_id,role_id FROM sys_user_role WHERE (user_id = ?)
2026-08-12 13:31:07.466 [http-nio-8080-exec-2] DEBUG c.p.m.SysUserRoleMapper.selectList - ==> Parameters: 1(Long)
2026-08-12 13:31:07.467 [http-nio-8080-exec-2] DEBUG c.p.m.SysUserRoleMapper.selectList - <==      Total: 1
2026-08-12 13:31:07.467 [http-nio-8080-exec-2] DEBUG c.p.mapper.SysRoleMapper.selectById - ==>  Preparing: SELECT id,name,code,description,status,create_time,update_time,version FROM sys_role WHERE id=?
2026-08-12 13:31:07.467 [http-nio-8080-exec-2] DEBUG c.p.mapper.SysRoleMapper.selectById - ==> Parameters: 1(Long)
2026-08-12 13:31:07.469 [http-nio-8080-exec-2] DEBUG c.p.mapper.SysRoleMapper.selectById - <==      Total: 1
2026-08-12 13:31:07.469 [http-nio-8080-exec-2] DEBUG c.p.m.S.selectMenuByRoleId - ==>  Preparing: SELECT m.* FROM sys_menu m INNER JOIN sys_role_menu rm ON m.id = rm.menu_id WHERE rm.role_id = ?
2026-08-12 13:31:07.470 [http-nio-8080-exec-2] DEBUG c.p.m.S.selectMenuByRoleId - ==> Parameters: 1(Long)
2026-08-12 13:31:07.470 [http-nio-8080-exec-2] DEBUG c.p.m.S.selectMenuByRoleId - <==      Total: 22
2026-08-12 13:31:07.470 [http-nio-8080-exec-2] DEBUG o.s.security.web.FilterChainProxy - Secured GET /users
2026-08-12 13:31:07.470 [http-nio-8080-exec-2] DEBUG c.p.mapper.SysUserMapper.selectList - ==>  Preparing: SELECT id,username,password,nickname,email,phone,status,create_time,update_time,version FROM sys_user ORDER BY id ASC
2026-08-12 13:31:07.470 [http-nio-8080-exec-2] DEBUG c.p.mapper.SysUserMapper.selectList - ==> Parameters: 
2026-08-12 13:31:07.477 [http-nio-8080-exec-2] DEBUG c.p.mapper.SysUserMapper.selectList - <==      Total: 8
2026-08-12 13:31:07.477 [http-nio-8080-exec-2] DEBUG c.p.m.SysUserRoleMapper.selectList - ==>  Preparing: SELECT id,user_id,role_id FROM sys_user_role WHERE (user_id = ?) LIMIT 1
2026-08-12 13:31:07.477 [http-nio-8080-exec-2] DEBUG c.p.m.SysUserRoleMapper.selectList - ==> Parameters: 1(Long)
2026-08-12 13:31:07.478 [http-nio-8080-exec-2] DEBUG c.p.m.SysUserRoleMapper.selectList - <==      Total: 1
2026-08-12 13:31:07.478 [http-nio-8080-exec-2] DEBUG c.p.mapper.SysRoleMapper.selectById - ==>  Preparing: SELECT id,name,code,description,status,create_time,update_time,version FROM sys_role WHERE id=?
2026-08-12 13:31:07.478 [http-nio-8080-exec-2] DEBUG c.p.mapper.SysRoleMapper.selectById - ==> Parameters: 1(Long)
2026-08-12 13:31:07.480 [http-nio-8080-exec-2] DEBUG c.p.mapper.SysRoleMapper.selectById - <==      Total: 1
2026-08-12 13:31:07.480 [http-nio-8080-exec-2] DEBUG c.p.m.SysUserRoleMapper.selectList - ==>  Preparing: SELECT id,user_id,role_id FROM sys_user_role WHERE (user_id = ?) LIMIT 1
2026-08-12 13:31:07.480 [http-nio-8080-exec-2] DEBUG c.p.m.SysUserRoleMapper.selectList - ==> Parameters: 2(Long)
2026-08-12 13:31:07.480 [http-nio-8080-exec-2] DEBUG c.p.m.SysUserRoleMapper.selectList - <==      Total: 1
2026-08-12 13:31:07.480 [http-nio-8080-exec-2] DEBUG c.p.mapper.SysRoleMapper.selectById - ==>  Preparing: SELECT id,name,code,description,status,create_time,update_time,version FROM sys_role WHERE id=?
2026-08-12 13:31:07.480 [http-nio-8080-exec-2] DEBUG c.p.mapper.SysRoleMapper.selectById - ==> Parameters: 2(Long)
2026-08-12 13:31:07.484 [http-nio-8080-exec-2] DEBUG c.p.mapper.SysRoleMapper.selectById - <==      Total: 1
2026-08-12 13:31:07.484 [http-nio-8080-exec-2] DEBUG c.p.m.SysUserRoleMapper.selectList - ==>  Preparing: SELECT id,user_id,role_id FROM sys_user_role WHERE (user_id = ?) LIMIT 1
2026-08-12 13:31:07.484 [http-nio-8080-exec-2] DEBUG c.p.m.SysUserRoleMapper.selectList - ==> Parameters: 3(Long)
2026-08-12 13:31:07.484 [http-nio-8080-exec-2] DEBUG c.p.m.SysUserRoleMapper.selectList - <==      Total: 1
2026-08-12 13:31:07.484 [http-nio-8080-exec-2] DEBUG c.p.mapper.SysRoleMapper.selectById - ==>  Preparing: SELECT id,name,code,description,status,create_time,update_time,version FROM sys_role WHERE id=?
2026-08-12 13:31:07.484 [http-nio-8080-exec-2] DEBUG c.p.mapper.SysRoleMapper.selectById - ==> Parameters: 3(Long)
2026-08-12 13:31:07.484 [http-nio-8080-exec-2] DEBUG c.p.mapper.SysRoleMapper.selectById - <==      Total: 1
2026-08-12 13:31:07.484 [http-nio-8080-exec-2] DEBUG c.p.m.SysUserRoleMapper.selectList - ==>  Preparing: SELECT id,user_id,role_id FROM sys_user_role WHERE (user_id = ?) LIMIT 1
2026-08-12 13:31:07.487 [http-nio-8080-exec-2] DEBUG c.p.m.SysUserRoleMapper.selectList - ==> Parameters: 4(Long)
2026-08-12 13:31:07.487 [http-nio-8080-exec-2] DEBUG c.p.m.SysUserRoleMapper.selectList - <==      Total: 1
2026-08-12 13:31:07.487 [http-nio-8080-exec-2] DEBUG c.p.mapper.SysRoleMapper.selectById - ==>  Preparing: SELECT id,name,code,description,status,create_time,update_time,version FROM sys_role WHERE id=?
2026-08-12 13:31:07.487 [http-nio-8080-exec-2] DEBUG c.p.mapper.SysRoleMapper.selectById - ==> Parameters: 2(Long)
2026-08-12 13:31:07.489 [http-nio-8080-exec-2] DEBUG c.p.mapper.SysRoleMapper.selectById - <==      Total: 1
2026-08-12 13:31:07.489 [http-nio-8080-exec-2] DEBUG c.p.m.SysUserRoleMapper.selectList - ==>  Preparing: SELECT id,user_id,role_id FROM sys_user_role WHERE (user_id = ?) LIMIT 1
2026-08-12 13:31:07.489 [http-nio-8080-exec-2] DEBUG c.p.m.SysUserRoleMapper.selectList - ==> Parameters: 5(Long)
2026-08-12 13:31:07.491 [http-nio-8080-exec-2] DEBUG c.p.m.SysUserRoleMapper.selectList - <==      Total: 1
2026-08-12 13:31:07.491 [http-nio-8080-exec-2] DEBUG c.p.mapper.SysRoleMapper.selectById - ==>  Preparing: SELECT id,name,code,description,status,create_time,update_time,version FROM sys_role WHERE id=?
2026-08-12 13:31:07.491 [http-nio-8080-exec-2] DEBUG c.p.mapper.SysRoleMapper.selectById - ==> Parameters: 3(Long)
2026-08-12 13:31:07.491 [http-nio-8080-exec-2] DEBUG c.p.mapper.SysRoleMapper.selectById - <==      Total: 1
2026-08-12 13:31:07.491 [http-nio-8080-exec-2] DEBUG c.p.m.SysUserRoleMapper.selectList - ==>  Preparing: SELECT id,user_id,role_id FROM sys_user_role WHERE (user_id = ?) LIMIT 1
2026-08-12 13:31:07.491 [http-nio-8080-exec-2] DEBUG c.p.m.SysUserRoleMapper.selectList - ==> Parameters: 6(Long)
2026-08-12 13:31:07.491 [http-nio-8080-exec-2] DEBUG c.p.m.SysUserRoleMapper.selectList - <==      Total: 1
2026-08-12 13:31:07.491 [http-nio-8080-exec-2] DEBUG c.p.mapper.SysRoleMapper.selectById - ==>  Preparing: SELECT id,name,code,description,status,create_time,update_time,version FROM sys_role WHERE id=?
2026-08-12 13:31:07.491 [http-nio-8080-exec-2] DEBUG c.p.mapper.SysRoleMapper.selectById - ==> Parameters: 2(Long)
2026-08-12 13:31:07.491 [http-nio-8080-exec-2] DEBUG c.p.mapper.SysRoleMapper.selectById - <==      Total: 1
2026-08-12 13:31:07.491 [http-nio-8080-exec-2] DEBUG c.p.m.SysUserRoleMapper.selectList - ==>  Preparing: SELECT id,user_id,role_id FROM sys_user_role WHERE (user_id = ?) LIMIT 1
2026-08-12 13:31:07.491 [http-nio-8080-exec-2] DEBUG c.p.m.SysUserRoleMapper.selectList - ==> Parameters: 7(Long)
2026-08-12 13:31:07.491 [http-nio-8080-exec-2] DEBUG c.p.m.SysUserRoleMapper.selectList - <==      Total: 1
2026-08-12 13:31:07.498 [http-nio-8080-exec-2] DEBUG c.p.mapper.SysRoleMapper.selectById - ==>  Preparing: SELECT id,name,code,description,status,create_time,update_time,version FROM sys_role WHERE id=?
2026-08-12 13:31:07.498 [http-nio-8080-exec-2] DEBUG c.p.mapper.SysRoleMapper.selectById - ==> Parameters: 4(Long)
2026-08-12 13:31:07.498 [http-nio-8080-exec-2] DEBUG c.p.mapper.SysRoleMapper.selectById - <==      Total: 1
2026-08-12 13:31:07.499 [http-nio-8080-exec-2] DEBUG c.p.m.SysUserRoleMapper.selectList - ==>  Preparing: SELECT id,user_id,role_id FROM sys_user_role WHERE (user_id = ?) LIMIT 1
2026-08-12 13:31:07.499 [http-nio-8080-exec-2] DEBUG c.p.m.SysUserRoleMapper.selectList - ==> Parameters: 8(Long)
2026-08-12 13:31:07.500 [http-nio-8080-exec-2] DEBUG c.p.m.SysUserRoleMapper.selectList - <==      Total: 1
2026-08-12 13:31:07.501 [http-nio-8080-exec-2] DEBUG c.p.mapper.SysRoleMapper.selectById - ==>  Preparing: SELECT id,name,code,description,status,create_time,update_time,version FROM sys_role WHERE id=?
2026-08-12 13:31:07.501 [http-nio-8080-exec-2] DEBUG c.p.mapper.SysRoleMapper.selectById - ==> Parameters: 5(Long)
2026-08-12 13:31:07.502 [http-nio-8080-exec-2] DEBUG c.p.mapper.SysRoleMapper.selectById - <==      Total: 1
2026-08-12 13:31:09.146 [http-nio-8080-exec-3] DEBUG o.s.security.web.FilterChainProxy - Securing GET /logs/operation?page=1&pageSize=10
2026-08-12 13:31:09.146 [http-nio-8080-exec-4] DEBUG o.s.security.web.FilterChainProxy - Securing GET /users/options
2026-08-12 13:31:09.151 [http-nio-8080-exec-4] DEBUG c.p.mapper.SysUserMapper.selectList - ==>  Preparing: SELECT id,username,password,nickname,email,phone,status,create_time,update_time,version FROM sys_user WHERE (username = ?)
2026-08-12 13:31:09.151 [http-nio-8080-exec-3] DEBUG c.p.mapper.SysUserMapper.selectList - ==>  Preparing: SELECT id,username,password,nickname,email,phone,status,create_time,update_time,version FROM sys_user WHERE (username = ?)
2026-08-12 13:31:09.152 [http-nio-8080-exec-3] DEBUG c.p.mapper.SysUserMapper.selectList - ==> Parameters: admin(String)
2026-08-12 13:31:09.152 [http-nio-8080-exec-4] DEBUG c.p.mapper.SysUserMapper.selectList - ==> Parameters: admin(String)
2026-08-12 13:31:09.152 [http-nio-8080-exec-4] DEBUG c.p.mapper.SysUserMapper.selectList - <==      Total: 1
2026-08-12 13:31:09.152 [http-nio-8080-exec-3] DEBUG c.p.mapper.SysUserMapper.selectList - <==      Total: 1
2026-08-12 13:31:09.152 [http-nio-8080-exec-3] DEBUG c.p.m.SysUserRoleMapper.selectList - ==>  Preparing: SELECT id,user_id,role_id FROM sys_user_role WHERE (user_id = ?)
2026-08-12 13:31:09.152 [http-nio-8080-exec-4] DEBUG c.p.m.SysUserRoleMapper.selectList - ==>  Preparing: SELECT id,user_id,role_id FROM sys_user_role WHERE (user_id = ?)
2026-08-12 13:31:09.152 [http-nio-8080-exec-4] DEBUG c.p.m.SysUserRoleMapper.selectList - ==> Parameters: 1(Long)
2026-08-12 13:31:09.152 [http-nio-8080-exec-3] DEBUG c.p.m.SysUserRoleMapper.selectList - ==> Parameters: 1(Long)
2026-08-12 13:31:09.156 [http-nio-8080-exec-3] DEBUG c.p.m.SysUserRoleMapper.selectList - <==      Total: 1
2026-08-12 13:31:09.156 [http-nio-8080-exec-4] DEBUG c.p.m.SysUserRoleMapper.selectList - <==      Total: 1
2026-08-12 13:31:09.156 [http-nio-8080-exec-4] DEBUG c.p.mapper.SysRoleMapper.selectById - ==>  Preparing: SELECT id,name,code,description,status,create_time,update_time,version FROM sys_role WHERE id=?
2026-08-12 13:31:09.156 [http-nio-8080-exec-3] DEBUG c.p.mapper.SysRoleMapper.selectById - ==>  Preparing: SELECT id,name,code,description,status,create_time,update_time,version FROM sys_role WHERE id=?
2026-08-12 13:31:09.156 [http-nio-8080-exec-4] DEBUG c.p.mapper.SysRoleMapper.selectById - ==> Parameters: 1(Long)
2026-08-12 13:31:09.156 [http-nio-8080-exec-3] DEBUG c.p.mapper.SysRoleMapper.selectById - ==> Parameters: 1(Long)
2026-08-12 13:31:09.157 [http-nio-8080-exec-3] DEBUG c.p.mapper.SysRoleMapper.selectById - <==      Total: 1
2026-08-12 13:31:09.157 [http-nio-8080-exec-4] DEBUG c.p.mapper.SysRoleMapper.selectById - <==      Total: 1
2026-08-12 13:31:09.157 [http-nio-8080-exec-3] DEBUG c.p.m.S.selectMenuByRoleId - ==>  Preparing: SELECT m.* FROM sys_menu m INNER JOIN sys_role_menu rm ON m.id = rm.menu_id WHERE rm.role_id = ?
2026-08-12 13:31:09.157 [http-nio-8080-exec-4] DEBUG c.p.m.S.selectMenuByRoleId - ==>  Preparing: SELECT m.* FROM sys_menu m INNER JOIN sys_role_menu rm ON m.id = rm.menu_id WHERE rm.role_id = ?
2026-08-12 13:31:09.157 [http-nio-8080-exec-3] DEBUG c.p.m.S.selectMenuByRoleId - ==> Parameters: 1(Long)
2026-08-12 13:31:09.157 [http-nio-8080-exec-4] DEBUG c.p.m.S.selectMenuByRoleId - ==> Parameters: 1(Long)
2026-08-12 13:31:09.157 [http-nio-8080-exec-3] DEBUG c.p.m.S.selectMenuByRoleId - <==      Total: 22
2026-08-12 13:31:09.157 [http-nio-8080-exec-4] DEBUG c.p.m.S.selectMenuByRoleId - <==      Total: 22
2026-08-12 13:31:09.157 [http-nio-8080-exec-3] DEBUG o.s.security.web.FilterChainProxy - Secured GET /logs/operation?page=1&pageSize=10
2026-08-12 13:31:09.157 [http-nio-8080-exec-4] DEBUG o.s.security.web.FilterChainProxy - Secured GET /users/options
2026-08-12 13:31:09.157 [http-nio-8080-exec-4] DEBUG c.p.mapper.SysUserMapper.selectList - ==>  Preparing: SELECT id,username,password,nickname,email,phone,status,create_time,update_time,version FROM sys_user ORDER BY id ASC
2026-08-12 13:31:09.162 [http-nio-8080-exec-4] DEBUG c.p.mapper.SysUserMapper.selectList - ==> Parameters: 
2026-08-12 13:31:09.162 [http-nio-8080-exec-4] DEBUG c.p.mapper.SysUserMapper.selectList - <==      Total: 8
2026-08-12 13:31:09.162 [http-nio-8080-exec-4] DEBUG c.p.m.SysUserRoleMapper.selectList - ==>  Preparing: SELECT id,user_id,role_id FROM sys_user_role WHERE (user_id = ?) LIMIT 1
2026-08-12 13:31:09.162 [http-nio-8080-exec-4] DEBUG c.p.m.SysUserRoleMapper.selectList - ==> Parameters: 1(Long)
2026-08-12 13:31:09.167 [http-nio-8080-exec-4] DEBUG c.p.m.SysUserRoleMapper.selectList - <==      Total: 1
2026-08-12 13:31:09.167 [http-nio-8080-exec-4] DEBUG c.p.mapper.SysRoleMapper.selectById - ==>  Preparing: SELECT id,name,code,description,status,create_time,update_time,version FROM sys_role WHERE id=?
2026-08-12 13:31:09.167 [http-nio-8080-exec-4] DEBUG c.p.mapper.SysRoleMapper.selectById - ==> Parameters: 1(Long)
2026-08-12 13:31:09.167 [http-nio-8080-exec-4] DEBUG c.p.mapper.SysRoleMapper.selectById - <==      Total: 1
2026-08-12 13:31:09.167 [http-nio-8080-exec-4] DEBUG c.p.m.SysUserRoleMapper.selectList - ==>  Preparing: SELECT id,user_id,role_id FROM sys_user_role WHERE (user_id = ?) LIMIT 1
2026-08-12 13:31:09.170 [http-nio-8080-exec-4] DEBUG c.p.m.SysUserRoleMapper.selectList - ==> Parameters: 2(Long)
2026-08-12 13:31:09.170 [http-nio-8080-exec-4] DEBUG c.p.m.SysUserRoleMapper.selectList - <==      Total: 1
2026-08-12 13:31:09.172 [http-nio-8080-exec-4] DEBUG c.p.mapper.SysRoleMapper.selectById - ==>  Preparing: SELECT id,name,code,description,status,create_time,update_time,version FROM sys_role WHERE id=?
2026-08-12 13:31:09.172 [http-nio-8080-exec-4] DEBUG c.p.mapper.SysRoleMapper.selectById - ==> Parameters: 2(Long)
2026-08-12 13:31:09.173 [http-nio-8080-exec-4] DEBUG c.p.mapper.SysRoleMapper.selectById - <==      Total: 1
2026-08-12 13:31:09.173 [http-nio-8080-exec-4] DEBUG c.p.m.SysUserRoleMapper.selectList - ==>  Preparing: SELECT id,user_id,role_id FROM sys_user_role WHERE (user_id = ?) LIMIT 1
2026-08-12 13:31:09.173 [http-nio-8080-exec-4] DEBUG c.p.m.SysUserRoleMapper.selectList - ==> Parameters: 3(Long)
2026-08-12 13:31:09.173 [http-nio-8080-exec-4] DEBUG c.p.m.SysUserRoleMapper.selectList - <==      Total: 1
2026-08-12 13:31:09.173 [http-nio-8080-exec-4] DEBUG c.p.mapper.SysRoleMapper.selectById - ==>  Preparing: SELECT id,name,code,description,status,create_time,update_time,version FROM sys_role WHERE id=?
2026-08-12 13:31:09.173 [http-nio-8080-exec-4] DEBUG c.p.mapper.SysRoleMapper.selectById - ==> Parameters: 3(Long)
2026-08-12 13:31:09.176 [http-nio-8080-exec-4] DEBUG c.p.mapper.SysRoleMapper.selectById - <==      Total: 1
2026-08-12 13:31:09.176 [http-nio-8080-exec-4] DEBUG c.p.m.SysUserRoleMapper.selectList - ==>  Preparing: SELECT id,user_id,role_id FROM sys_user_role WHERE (user_id = ?) LIMIT 1
2026-08-12 13:31:09.176 [http-nio-8080-exec-4] DEBUG c.p.m.SysUserRoleMapper.selectList - ==> Parameters: 4(Long)
2026-08-12 13:31:09.178 [http-nio-8080-exec-4] DEBUG c.p.m.SysUserRoleMapper.selectList - <==      Total: 1
2026-08-12 13:31:09.178 [http-nio-8080-exec-4] DEBUG c.p.mapper.SysRoleMapper.selectById - ==>  Preparing: SELECT id,name,code,description,status,create_time,update_time,version FROM sys_role WHERE id=?
2026-08-12 13:31:09.178 [http-nio-8080-exec-4] DEBUG c.p.mapper.SysRoleMapper.selectById - ==> Parameters: 2(Long)
2026-08-12 13:31:09.180 [http-nio-8080-exec-4] DEBUG c.p.mapper.SysRoleMapper.selectById - <==      Total: 1
2026-08-12 13:31:09.180 [http-nio-8080-exec-4] DEBUG c.p.m.SysUserRoleMapper.selectList - ==>  Preparing: SELECT id,user_id,role_id FROM sys_user_role WHERE (user_id = ?) LIMIT 1
2026-08-12 13:31:09.182 [http-nio-8080-exec-4] DEBUG c.p.m.SysUserRoleMapper.selectList - ==> Parameters: 5(Long)
2026-08-12 13:31:09.183 [http-nio-8080-exec-4] DEBUG c.p.m.SysUserRoleMapper.selectList - <==      Total: 1
2026-08-12 13:31:09.183 [http-nio-8080-exec-4] DEBUG c.p.mapper.SysRoleMapper.selectById - ==>  Preparing: SELECT id,name,code,description,status,create_time,update_time,version FROM sys_role WHERE id=?
2026-08-12 13:31:09.183 [http-nio-8080-exec-4] DEBUG c.p.mapper.SysRoleMapper.selectById - ==> Parameters: 3(Long)
2026-08-12 13:31:09.183 [http-nio-8080-exec-4] DEBUG c.p.mapper.SysRoleMapper.selectById - <==      Total: 1
2026-08-12 13:31:09.183 [http-nio-8080-exec-4] DEBUG c.p.m.SysUserRoleMapper.selectList - ==>  Preparing: SELECT id,user_id,role_id FROM sys_user_role WHERE (user_id = ?) LIMIT 1
2026-08-12 13:31:09.183 [http-nio-8080-exec-4] DEBUG c.p.m.SysUserRoleMapper.selectList - ==> Parameters: 6(Long)
2026-08-12 13:31:09.183 [http-nio-8080-exec-4] DEBUG c.p.m.SysUserRoleMapper.selectList - <==      Total: 1
2026-08-12 13:31:09.183 [http-nio-8080-exec-4] DEBUG c.p.mapper.SysRoleMapper.selectById - ==>  Preparing: SELECT id,name,code,description,status,create_time,update_time,version FROM sys_role WHERE id=?
2026-08-12 13:31:09.183 [http-nio-8080-exec-4] DEBUG c.p.mapper.SysRoleMapper.selectById - ==> Parameters: 2(Long)
2026-08-12 13:31:09.183 [http-nio-8080-exec-4] DEBUG c.p.mapper.SysRoleMapper.selectById - <==      Total: 1
2026-08-12 13:31:09.183 [http-nio-8080-exec-4] DEBUG c.p.m.SysUserRoleMapper.selectList - ==>  Preparing: SELECT id,user_id,role_id FROM sys_user_role WHERE (user_id = ?) LIMIT 1
2026-08-12 13:31:09.189 [http-nio-8080-exec-4] DEBUG c.p.m.SysUserRoleMapper.selectList - ==> Parameters: 7(Long)
2026-08-12 13:31:09.190 [http-nio-8080-exec-4] DEBUG c.p.m.SysUserRoleMapper.selectList - <==      Total: 1
2026-08-12 13:31:09.190 [http-nio-8080-exec-4] DEBUG c.p.mapper.SysRoleMapper.selectById - ==>  Preparing: SELECT id,name,code,description,status,create_time,update_time,version FROM sys_role WHERE id=?
2026-08-12 13:31:09.190 [http-nio-8080-exec-4] DEBUG c.p.mapper.SysRoleMapper.selectById - ==> Parameters: 4(Long)
2026-08-12 13:31:09.190 [http-nio-8080-exec-4] DEBUG c.p.mapper.SysRoleMapper.selectById - <==      Total: 1
2026-08-12 13:31:09.190 [http-nio-8080-exec-4] DEBUG c.p.m.SysUserRoleMapper.selectList - ==>  Preparing: SELECT id,user_id,role_id FROM sys_user_role WHERE (user_id = ?) LIMIT 1
2026-08-12 13:31:09.194 [http-nio-8080-exec-4] DEBUG c.p.m.SysUserRoleMapper.selectList - ==> Parameters: 8(Long)
2026-08-12 13:31:09.194 [http-nio-8080-exec-4] DEBUG c.p.m.SysUserRoleMapper.selectList - <==      Total: 1
2026-08-12 13:31:09.194 [http-nio-8080-exec-4] DEBUG c.p.mapper.SysRoleMapper.selectById - ==>  Preparing: SELECT id,name,code,description,status,create_time,update_time,version FROM sys_role WHERE id=?
2026-08-12 13:31:09.194 [http-nio-8080-exec-4] DEBUG c.p.mapper.SysRoleMapper.selectById - ==> Parameters: 5(Long)
2026-08-12 13:31:09.194 [http-nio-8080-exec-4] DEBUG c.p.mapper.SysRoleMapper.selectById - <==      Total: 1
2026-08-12 13:31:09.247 [http-nio-8080-exec-3] DEBUG c.p.m.S.selectList_mpCount - ==>  Preparing: SELECT COUNT(*) AS total FROM sys_oper_log
2026-08-12 13:31:09.247 [http-nio-8080-exec-3] DEBUG c.p.m.S.selectList_mpCount - ==> Parameters: 
2026-08-12 13:31:09.256 [http-nio-8080-exec-3] DEBUG c.p.m.S.selectList_mpCount - <==      Total: 1
2026-08-12 13:31:09.256 [http-nio-8080-exec-3] DEBUG c.p.m.SysOperLogMapper.selectList - ==>  Preparing: SELECT id,username,operation,class_name,method_name,params,time,ip,status,create_time FROM sys_oper_log ORDER BY create_time DESC LIMIT ?
2026-08-12 13:31:09.256 [http-nio-8080-exec-3] DEBUG c.p.m.SysOperLogMapper.selectList - ==> Parameters: 10(Long)
2026-08-12 13:31:09.267 [http-nio-8080-exec-3] DEBUG c.p.m.SysOperLogMapper.selectList - <==      Total: 10
2026-08-12 13:31:13.612 [http-nio-8080-exec-7] DEBUG o.s.security.web.FilterChainProxy - Securing GET /logs/login?page=1&pageSize=10
2026-08-12 13:31:13.612 [http-nio-8080-exec-6] DEBUG o.s.security.web.FilterChainProxy - Securing GET /users/options
2026-08-12 13:31:13.616 [http-nio-8080-exec-7] DEBUG c.p.mapper.SysUserMapper.selectList - ==>  Preparing: SELECT id,username,password,nickname,email,phone,status,create_time,update_time,version FROM sys_user WHERE (username = ?)
2026-08-12 13:31:13.616 [http-nio-8080-exec-7] DEBUG c.p.mapper.SysUserMapper.selectList - ==> Parameters: admin(String)
2026-08-12 13:31:13.617 [http-nio-8080-exec-7] DEBUG c.p.mapper.SysUserMapper.selectList - <==      Total: 1
2026-08-12 13:31:13.618 [http-nio-8080-exec-6] DEBUG c.p.mapper.SysUserMapper.selectList - ==>  Preparing: SELECT id,username,password,nickname,email,phone,status,create_time,update_time,version FROM sys_user WHERE (username = ?)
2026-08-12 13:31:13.618 [http-nio-8080-exec-6] DEBUG c.p.mapper.SysUserMapper.selectList - ==> Parameters: admin(String)
2026-08-12 13:31:13.618 [http-nio-8080-exec-7] DEBUG c.p.m.SysUserRoleMapper.selectList - ==>  Preparing: SELECT id,user_id,role_id FROM sys_user_role WHERE (user_id = ?)
2026-08-12 13:31:13.618 [http-nio-8080-exec-7] DEBUG c.p.m.SysUserRoleMapper.selectList - ==> Parameters: 1(Long)
2026-08-12 13:31:13.618 [http-nio-8080-exec-6] DEBUG c.p.mapper.SysUserMapper.selectList - <==      Total: 1
2026-08-12 13:31:13.620 [http-nio-8080-exec-7] DEBUG c.p.m.SysUserRoleMapper.selectList - <==      Total: 1
2026-08-12 13:31:13.620 [http-nio-8080-exec-7] DEBUG c.p.mapper.SysRoleMapper.selectById - ==>  Preparing: SELECT id,name,code,description,status,create_time,update_time,version FROM sys_role WHERE id=?
2026-08-12 13:31:13.620 [http-nio-8080-exec-7] DEBUG c.p.mapper.SysRoleMapper.selectById - ==> Parameters: 1(Long)
2026-08-12 13:31:13.620 [http-nio-8080-exec-6] DEBUG c.p.m.SysUserRoleMapper.selectList - ==>  Preparing: SELECT id,user_id,role_id FROM sys_user_role WHERE (user_id = ?)
2026-08-12 13:31:13.620 [http-nio-8080-exec-6] DEBUG c.p.m.SysUserRoleMapper.selectList - ==> Parameters: 1(Long)
2026-08-12 13:31:13.621 [http-nio-8080-exec-6] DEBUG c.p.m.SysUserRoleMapper.selectList - <==      Total: 1
2026-08-12 13:31:13.621 [http-nio-8080-exec-7] DEBUG c.p.mapper.SysRoleMapper.selectById - <==      Total: 1
2026-08-12 13:31:13.621 [http-nio-8080-exec-6] DEBUG c.p.mapper.SysRoleMapper.selectById - ==>  Preparing: SELECT id,name,code,description,status,create_time,update_time,version FROM sys_role WHERE id=?
2026-08-12 13:31:13.621 [http-nio-8080-exec-7] DEBUG c.p.m.S.selectMenuByRoleId - ==>  Preparing: SELECT m.* FROM sys_menu m INNER JOIN sys_role_menu rm ON m.id = rm.menu_id WHERE rm.role_id = ?
2026-08-12 13:31:13.621 [http-nio-8080-exec-6] DEBUG c.p.mapper.SysRoleMapper.selectById - ==> Parameters: 1(Long)
2026-08-12 13:31:13.621 [http-nio-8080-exec-7] DEBUG c.p.m.S.selectMenuByRoleId - ==> Parameters: 1(Long)
2026-08-12 13:31:13.622 [http-nio-8080-exec-6] DEBUG c.p.mapper.SysRoleMapper.selectById - <==      Total: 1
2026-08-12 13:31:13.622 [http-nio-8080-exec-6] DEBUG c.p.m.S.selectMenuByRoleId - ==>  Preparing: SELECT m.* FROM sys_menu m INNER JOIN sys_role_menu rm ON m.id = rm.menu_id WHERE rm.role_id = ?
2026-08-12 13:31:13.623 [http-nio-8080-exec-6] DEBUG c.p.m.S.selectMenuByRoleId - ==> Parameters: 1(Long)
2026-08-12 13:31:13.625 [http-nio-8080-exec-7] DEBUG c.p.m.S.selectMenuByRoleId - <==      Total: 22
2026-08-12 13:31:13.625 [http-nio-8080-exec-6] DEBUG c.p.m.S.selectMenuByRoleId - <==      Total: 22
2026-08-12 13:31:13.626 [http-nio-8080-exec-7] DEBUG o.s.security.web.FilterChainProxy - Secured GET /logs/login?page=1&pageSize=10
2026-08-12 13:31:13.626 [http-nio-8080-exec-6] DEBUG o.s.security.web.FilterChainProxy - Secured GET /users/options
2026-08-12 13:31:13.626 [http-nio-8080-exec-6] DEBUG c.p.mapper.SysUserMapper.selectList - ==>  Preparing: SELECT id,username,password,nickname,email,phone,status,create_time,update_time,version FROM sys_user ORDER BY id ASC
2026-08-12 13:31:13.626 [http-nio-8080-exec-6] DEBUG c.p.mapper.SysUserMapper.selectList - ==> Parameters: 
2026-08-12 13:31:13.628 [http-nio-8080-exec-6] DEBUG c.p.mapper.SysUserMapper.selectList - <==      Total: 8
2026-08-12 13:31:13.630 [http-nio-8080-exec-6] DEBUG c.p.m.SysUserRoleMapper.selectList - ==>  Preparing: SELECT id,user_id,role_id FROM sys_user_role WHERE (user_id = ?) LIMIT 1
2026-08-12 13:31:13.630 [http-nio-8080-exec-6] DEBUG c.p.m.SysUserRoleMapper.selectList - ==> Parameters: 1(Long)
2026-08-12 13:31:13.630 [http-nio-8080-exec-6] DEBUG c.p.m.SysUserRoleMapper.selectList - <==      Total: 1
2026-08-12 13:31:13.630 [http-nio-8080-exec-7] DEBUG c.p.m.S.selectList_mpCount - ==>  Preparing: SELECT COUNT(*) AS total FROM sys_login_log
2026-08-12 13:31:13.630 [http-nio-8080-exec-7] DEBUG c.p.m.S.selectList_mpCount - ==> Parameters: 
2026-08-12 13:31:13.630 [http-nio-8080-exec-6] DEBUG c.p.mapper.SysRoleMapper.selectById - ==>  Preparing: SELECT id,name,code,description,status,create_time,update_time,version FROM sys_role WHERE id=?
2026-08-12 13:31:13.632 [http-nio-8080-exec-6] DEBUG c.p.mapper.SysRoleMapper.selectById - ==> Parameters: 1(Long)
2026-08-12 13:31:13.633 [http-nio-8080-exec-6] DEBUG c.p.mapper.SysRoleMapper.selectById - <==      Total: 1
2026-08-12 13:31:13.633 [http-nio-8080-exec-7] DEBUG c.p.m.S.selectList_mpCount - <==      Total: 1
2026-08-12 13:31:13.633 [http-nio-8080-exec-7] DEBUG c.p.m.SysLoginLogMapper.selectList - ==>  Preparing: SELECT id,username,ip,status,login_time FROM sys_login_log ORDER BY login_time DESC LIMIT ?
2026-08-12 13:31:13.633 [http-nio-8080-exec-6] DEBUG c.p.m.SysUserRoleMapper.selectList - ==>  Preparing: SELECT id,user_id,role_id FROM sys_user_role WHERE (user_id = ?) LIMIT 1
2026-08-12 13:31:13.633 [http-nio-8080-exec-7] DEBUG c.p.m.SysLoginLogMapper.selectList - ==> Parameters: 10(Long)
2026-08-12 13:31:13.633 [http-nio-8080-exec-6] DEBUG c.p.m.SysUserRoleMapper.selectList - ==> Parameters: 2(Long)
2026-08-12 13:31:13.635 [http-nio-8080-exec-6] DEBUG c.p.m.SysUserRoleMapper.selectList - <==      Total: 1
2026-08-12 13:31:13.635 [http-nio-8080-exec-7] DEBUG c.p.m.SysLoginLogMapper.selectList - <==      Total: 10
2026-08-12 13:31:13.635 [http-nio-8080-exec-6] DEBUG c.p.mapper.SysRoleMapper.selectById - ==>  Preparing: SELECT id,name,code,description,status,create_time,update_time,version FROM sys_role WHERE id=?
2026-08-12 13:31:13.635 [http-nio-8080-exec-6] DEBUG c.p.mapper.SysRoleMapper.selectById - ==> Parameters: 2(Long)
2026-08-12 13:31:13.635 [http-nio-8080-exec-6] DEBUG c.p.mapper.SysRoleMapper.selectById - <==      Total: 1
2026-08-12 13:31:13.635 [http-nio-8080-exec-6] DEBUG c.p.m.SysUserRoleMapper.selectList - ==>  Preparing: SELECT id,user_id,role_id FROM sys_user_role WHERE (user_id = ?) LIMIT 1
2026-08-12 13:31:13.635 [http-nio-8080-exec-6] DEBUG c.p.m.SysUserRoleMapper.selectList - ==> Parameters: 3(Long)
2026-08-12 13:31:13.638 [http-nio-8080-exec-6] DEBUG c.p.m.SysUserRoleMapper.selectList - <==      Total: 1
2026-08-12 13:31:13.638 [http-nio-8080-exec-6] DEBUG c.p.mapper.SysRoleMapper.selectById - ==>  Preparing: SELECT id,name,code,description,status,create_time,update_time,version FROM sys_role WHERE id=?
2026-08-12 13:31:13.638 [http-nio-8080-exec-6] DEBUG c.p.mapper.SysRoleMapper.selectById - ==> Parameters: 3(Long)
2026-08-12 13:31:13.638 [http-nio-8080-exec-6] DEBUG c.p.mapper.SysRoleMapper.selectById - <==      Total: 1
2026-08-12 13:31:13.638 [http-nio-8080-exec-6] DEBUG c.p.m.SysUserRoleMapper.selectList - ==>  Preparing: SELECT id,user_id,role_id FROM sys_user_role WHERE (user_id = ?) LIMIT 1
2026-08-12 13:31:13.641 [http-nio-8080-exec-6] DEBUG c.p.m.SysUserRoleMapper.selectList - ==> Parameters: 4(Long)
2026-08-12 13:31:13.642 [http-nio-8080-exec-6] DEBUG c.p.m.SysUserRoleMapper.selectList - <==      Total: 1
2026-08-12 13:31:13.642 [http-nio-8080-exec-6] DEBUG c.p.mapper.SysRoleMapper.selectById - ==>  Preparing: SELECT id,name,code,description,status,create_time,update_time,version FROM sys_role WHERE id=?
2026-08-12 13:31:13.642 [http-nio-8080-exec-6] DEBUG c.p.mapper.SysRoleMapper.selectById - ==> Parameters: 2(Long)
2026-08-12 13:31:13.642 [http-nio-8080-exec-6] DEBUG c.p.mapper.SysRoleMapper.selectById - <==      Total: 1
2026-08-12 13:31:13.642 [http-nio-8080-exec-6] DEBUG c.p.m.SysUserRoleMapper.selectList - ==>  Preparing: SELECT id,user_id,role_id FROM sys_user_role WHERE (user_id = ?) LIMIT 1
2026-08-12 13:31:13.642 [http-nio-8080-exec-6] DEBUG c.p.m.SysUserRoleMapper.selectList - ==> Parameters: 5(Long)
2026-08-12 13:31:13.645 [http-nio-8080-exec-6] DEBUG c.p.m.SysUserRoleMapper.selectList - <==      Total: 1
2026-08-12 13:31:13.645 [http-nio-8080-exec-6] DEBUG c.p.mapper.SysRoleMapper.selectById - ==>  Preparing: SELECT id,name,code,description,status,create_time,update_time,version FROM sys_role WHERE id=?
2026-08-12 13:31:13.645 [http-nio-8080-exec-6] DEBUG c.p.mapper.SysRoleMapper.selectById - ==> Parameters: 3(Long)
2026-08-12 13:31:13.645 [http-nio-8080-exec-6] DEBUG c.p.mapper.SysRoleMapper.selectById - <==      Total: 1
2026-08-12 13:31:13.645 [http-nio-8080-exec-6] DEBUG c.p.m.SysUserRoleMapper.selectList - ==>  Preparing: SELECT id,user_id,role_id FROM sys_user_role WHERE (user_id = ?) LIMIT 1
2026-08-12 13:31:13.645 [http-nio-8080-exec-6] DEBUG c.p.m.SysUserRoleMapper.selectList - ==> Parameters: 6(Long)
2026-08-12 13:31:13.645 [http-nio-8080-exec-6] DEBUG c.p.m.SysUserRoleMapper.selectList - <==      Total: 1
2026-08-12 13:31:13.648 [http-nio-8080-exec-6] DEBUG c.p.mapper.SysRoleMapper.selectById - ==>  Preparing: SELECT id,name,code,description,status,create_time,update_time,version FROM sys_role WHERE id=?
2026-08-12 13:31:13.648 [http-nio-8080-exec-6] DEBUG c.p.mapper.SysRoleMapper.selectById - ==> Parameters: 2(Long)
2026-08-12 13:31:13.648 [http-nio-8080-exec-6] DEBUG c.p.mapper.SysRoleMapper.selectById - <==      Total: 1
2026-08-12 13:31:13.648 [http-nio-8080-exec-6] DEBUG c.p.m.SysUserRoleMapper.selectList - ==>  Preparing: SELECT id,user_id,role_id FROM sys_user_role WHERE (user_id = ?) LIMIT 1
2026-08-12 13:31:13.648 [http-nio-8080-exec-6] DEBUG c.p.m.SysUserRoleMapper.selectList - ==> Parameters: 7(Long)
2026-08-12 13:31:13.648 [http-nio-8080-exec-6] DEBUG c.p.m.SysUserRoleMapper.selectList - <==      Total: 1
2026-08-12 13:31:13.648 [http-nio-8080-exec-6] DEBUG c.p.mapper.SysRoleMapper.selectById - ==>  Preparing: SELECT id,name,code,description,status,create_time,update_time,version FROM sys_role WHERE id=?
2026-08-12 13:31:13.648 [http-nio-8080-exec-6] DEBUG c.p.mapper.SysRoleMapper.selectById - ==> Parameters: 4(Long)
2026-08-12 13:31:13.648 [http-nio-8080-exec-6] DEBUG c.p.mapper.SysRoleMapper.selectById - <==      Total: 1
2026-08-12 13:31:13.651 [http-nio-8080-exec-6] DEBUG c.p.m.SysUserRoleMapper.selectList - ==>  Preparing: SELECT id,user_id,role_id FROM sys_user_role WHERE (user_id = ?) LIMIT 1
2026-08-12 13:31:13.651 [http-nio-8080-exec-6] DEBUG c.p.m.SysUserRoleMapper.selectList - ==> Parameters: 8(Long)
2026-08-12 13:31:13.651 [http-nio-8080-exec-6] DEBUG c.p.m.SysUserRoleMapper.selectList - <==      Total: 1
2026-08-12 13:31:13.651 [http-nio-8080-exec-6] DEBUG c.p.mapper.SysRoleMapper.selectById - ==>  Preparing: SELECT id,name,code,description,status,create_time,update_time,version FROM sys_role WHERE id=?
2026-08-12 13:31:13.651 [http-nio-8080-exec-6] DEBUG c.p.mapper.SysRoleMapper.selectById - ==> Parameters: 5(Long)
2026-08-12 13:31:13.655 [http-nio-8080-exec-6] DEBUG c.p.mapper.SysRoleMapper.selectById - <==      Total: 1
2026-08-12 13:31:29.763 [http-nio-8080-exec-5] DEBUG o.s.security.web.FilterChainProxy - Securing GET /users
2026-08-12 13:31:29.764 [http-nio-8080-exec-5] DEBUG c.p.mapper.SysUserMapper.selectList - ==>  Preparing: SELECT id,username,password,nickname,email,phone,status,create_time,update_time,version FROM sys_user WHERE (username = ?)
2026-08-12 13:31:29.764 [http-nio-8080-exec-5] DEBUG c.p.mapper.SysUserMapper.selectList - ==> Parameters: admin(String)
2026-08-12 13:31:29.767 [http-nio-8080-exec-5] DEBUG c.p.mapper.SysUserMapper.selectList - <==      Total: 1
2026-08-12 13:31:29.767 [http-nio-8080-exec-5] DEBUG c.p.m.SysUserRoleMapper.selectList - ==>  Preparing: SELECT id,user_id,role_id FROM sys_user_role WHERE (user_id = ?)
2026-08-12 13:31:29.767 [http-nio-8080-exec-5] DEBUG c.p.m.SysUserRoleMapper.selectList - ==> Parameters: 1(Long)
2026-08-12 13:31:29.769 [http-nio-8080-exec-5] DEBUG c.p.m.SysUserRoleMapper.selectList - <==      Total: 1
2026-08-12 13:31:29.769 [http-nio-8080-exec-5] DEBUG c.p.mapper.SysRoleMapper.selectById - ==>  Preparing: SELECT id,name,code,description,status,create_time,update_time,version FROM sys_role WHERE id=?
2026-08-12 13:31:29.769 [http-nio-8080-exec-5] DEBUG c.p.mapper.SysRoleMapper.selectById - ==> Parameters: 1(Long)
2026-08-12 13:31:29.772 [http-nio-8080-exec-5] DEBUG c.p.mapper.SysRoleMapper.selectById - <==      Total: 1
2026-08-12 13:31:29.772 [http-nio-8080-exec-5] DEBUG c.p.m.S.selectMenuByRoleId - ==>  Preparing: SELECT m.* FROM sys_menu m INNER JOIN sys_role_menu rm ON m.id = rm.menu_id WHERE rm.role_id = ?
2026-08-12 13:31:29.773 [http-nio-8080-exec-5] DEBUG c.p.m.S.selectMenuByRoleId - ==> Parameters: 1(Long)
2026-08-12 13:31:29.774 [http-nio-8080-exec-5] DEBUG c.p.m.S.selectMenuByRoleId - <==      Total: 22
2026-08-12 13:31:29.776 [http-nio-8080-exec-5] DEBUG o.s.security.web.FilterChainProxy - Secured GET /users
2026-08-12 13:31:29.778 [http-nio-8080-exec-5] DEBUG c.p.mapper.SysUserMapper.selectList - ==>  Preparing: SELECT id,username,password,nickname,email,phone,status,create_time,update_time,version FROM sys_user ORDER BY id ASC
2026-08-12 13:31:29.778 [http-nio-8080-exec-5] DEBUG c.p.mapper.SysUserMapper.selectList - ==> Parameters: 
2026-08-12 13:31:29.779 [http-nio-8080-exec-5] DEBUG c.p.mapper.SysUserMapper.selectList - <==      Total: 8
2026-08-12 13:31:29.780 [http-nio-8080-exec-5] DEBUG c.p.m.SysUserRoleMapper.selectList - ==>  Preparing: SELECT id,user_id,role_id FROM sys_user_role WHERE (user_id = ?) LIMIT 1
2026-08-12 13:31:29.780 [http-nio-8080-exec-5] DEBUG c.p.m.SysUserRoleMapper.selectList - ==> Parameters: 1(Long)
2026-08-12 13:31:29.782 [http-nio-8080-exec-5] DEBUG c.p.m.SysUserRoleMapper.selectList - <==      Total: 1
2026-08-12 13:31:29.782 [http-nio-8080-exec-5] DEBUG c.p.mapper.SysRoleMapper.selectById - ==>  Preparing: SELECT id,name,code,description,status,create_time,update_time,version FROM sys_role WHERE id=?
2026-08-12 13:31:29.782 [http-nio-8080-exec-5] DEBUG c.p.mapper.SysRoleMapper.selectById - ==> Parameters: 1(Long)
2026-08-12 13:31:29.784 [http-nio-8080-exec-5] DEBUG c.p.mapper.SysRoleMapper.selectById - <==      Total: 1
2026-08-12 13:31:29.784 [http-nio-8080-exec-5] DEBUG c.p.m.SysUserRoleMapper.selectList - ==>  Preparing: SELECT id,user_id,role_id FROM sys_user_role WHERE (user_id = ?) LIMIT 1
2026-08-12 13:31:29.784 [http-nio-8080-exec-5] DEBUG c.p.m.SysUserRoleMapper.selectList - ==> Parameters: 2(Long)
2026-08-12 13:31:29.787 [http-nio-8080-exec-5] DEBUG c.p.m.SysUserRoleMapper.selectList - <==      Total: 1
2026-08-12 13:31:29.787 [http-nio-8080-exec-5] DEBUG c.p.mapper.SysRoleMapper.selectById - ==>  Preparing: SELECT id,name,code,description,status,create_time,update_time,version FROM sys_role WHERE id=?
2026-08-12 13:31:29.787 [http-nio-8080-exec-5] DEBUG c.p.mapper.SysRoleMapper.selectById - ==> Parameters: 2(Long)
2026-08-12 13:31:29.787 [http-nio-8080-exec-5] DEBUG c.p.mapper.SysRoleMapper.selectById - <==      Total: 1
2026-08-12 13:31:29.790 [http-nio-8080-exec-5] DEBUG c.p.m.SysUserRoleMapper.selectList - ==>  Preparing: SELECT id,user_id,role_id FROM sys_user_role WHERE (user_id = ?) LIMIT 1
2026-08-12 13:31:29.790 [http-nio-8080-exec-5] DEBUG c.p.m.SysUserRoleMapper.selectList - ==> Parameters: 3(Long)
2026-08-12 13:31:29.790 [http-nio-8080-exec-5] DEBUG c.p.m.SysUserRoleMapper.selectList - <==      Total: 1
2026-08-12 13:31:29.790 [http-nio-8080-exec-5] DEBUG c.p.mapper.SysRoleMapper.selectById - ==>  Preparing: SELECT id,name,code,description,status,create_time,update_time,version FROM sys_role WHERE id=?
2026-08-12 13:31:29.790 [http-nio-8080-exec-5] DEBUG c.p.mapper.SysRoleMapper.selectById - ==> Parameters: 3(Long)
2026-08-12 13:31:29.794 [http-nio-8080-exec-5] DEBUG c.p.mapper.SysRoleMapper.selectById - <==      Total: 1
2026-08-12 13:31:29.794 [http-nio-8080-exec-5] DEBUG c.p.m.SysUserRoleMapper.selectList - ==>  Preparing: SELECT id,user_id,role_id FROM sys_user_role WHERE (user_id = ?) LIMIT 1
2026-08-12 13:31:29.794 [http-nio-8080-exec-5] DEBUG c.p.m.SysUserRoleMapper.selectList - ==> Parameters: 4(Long)
2026-08-12 13:31:29.794 [http-nio-8080-exec-5] DEBUG c.p.m.SysUserRoleMapper.selectList - <==      Total: 1
2026-08-12 13:31:29.794 [http-nio-8080-exec-5] DEBUG c.p.mapper.SysRoleMapper.selectById - ==>  Preparing: SELECT id,name,code,description,status,create_time,update_time,version FROM sys_role WHERE id=?
2026-08-12 13:31:29.794 [http-nio-8080-exec-5] DEBUG c.p.mapper.SysRoleMapper.selectById - ==> Parameters: 2(Long)
2026-08-12 13:31:29.794 [http-nio-8080-exec-5] DEBUG c.p.mapper.SysRoleMapper.selectById - <==      Total: 1
2026-08-12 13:31:29.794 [http-nio-8080-exec-5] DEBUG c.p.m.SysUserRoleMapper.selectList - ==>  Preparing: SELECT id,user_id,role_id FROM sys_user_role WHERE (user_id = ?) LIMIT 1
2026-08-12 13:31:29.794 [http-nio-8080-exec-5] DEBUG c.p.m.SysUserRoleMapper.selectList - ==> Parameters: 5(Long)
2026-08-12 13:31:29.794 [http-nio-8080-exec-5] DEBUG c.p.m.SysUserRoleMapper.selectList - <==      Total: 1
2026-08-12 13:31:29.794 [http-nio-8080-exec-5] DEBUG c.p.mapper.SysRoleMapper.selectById - ==>  Preparing: SELECT id,name,code,description,status,create_time,update_time,version FROM sys_role WHERE id=?
2026-08-12 13:31:29.800 [http-nio-8080-exec-5] DEBUG c.p.mapper.SysRoleMapper.selectById - ==> Parameters: 3(Long)
2026-08-12 13:31:29.800 [http-nio-8080-exec-5] DEBUG c.p.mapper.SysRoleMapper.selectById - <==      Total: 1
2026-08-12 13:31:29.800 [http-nio-8080-exec-5] DEBUG c.p.m.SysUserRoleMapper.selectList - ==>  Preparing: SELECT id,user_id,role_id FROM sys_user_role WHERE (user_id = ?) LIMIT 1
2026-08-12 13:31:29.802 [http-nio-8080-exec-5] DEBUG c.p.m.SysUserRoleMapper.selectList - ==> Parameters: 6(Long)
2026-08-12 13:31:29.802 [http-nio-8080-exec-5] DEBUG c.p.m.SysUserRoleMapper.selectList - <==      Total: 1
2026-08-12 13:31:29.804 [http-nio-8080-exec-5] DEBUG c.p.mapper.SysRoleMapper.selectById - ==>  Preparing: SELECT id,name,code,description,status,create_time,update_time,version FROM sys_role WHERE id=?
2026-08-12 13:31:29.804 [http-nio-8080-exec-5] DEBUG c.p.mapper.SysRoleMapper.selectById - ==> Parameters: 2(Long)
2026-08-12 13:31:29.804 [http-nio-8080-exec-5] DEBUG c.p.mapper.SysRoleMapper.selectById - <==      Total: 1
2026-08-12 13:31:29.804 [http-nio-8080-exec-5] DEBUG c.p.m.SysUserRoleMapper.selectList - ==>  Preparing: SELECT id,user_id,role_id FROM sys_user_role WHERE (user_id = ?) LIMIT 1
2026-08-12 13:31:29.804 [http-nio-8080-exec-5] DEBUG c.p.m.SysUserRoleMapper.selectList - ==> Parameters: 7(Long)
2026-08-12 13:31:29.804 [http-nio-8080-exec-5] DEBUG c.p.m.SysUserRoleMapper.selectList - <==      Total: 1
2026-08-12 13:31:29.804 [http-nio-8080-exec-5] DEBUG c.p.mapper.SysRoleMapper.selectById - ==>  Preparing: SELECT id,name,code,description,status,create_time,update_time,version FROM sys_role WHERE id=?
2026-08-12 13:31:29.804 [http-nio-8080-exec-5] DEBUG c.p.mapper.SysRoleMapper.selectById - ==> Parameters: 4(Long)
2026-08-12 13:31:29.804 [http-nio-8080-exec-5] DEBUG c.p.mapper.SysRoleMapper.selectById - <==      Total: 1
2026-08-12 13:31:29.804 [http-nio-8080-exec-5] DEBUG c.p.m.SysUserRoleMapper.selectList - ==>  Preparing: SELECT id,user_id,role_id FROM sys_user_role WHERE (user_id = ?) LIMIT 1
2026-08-12 13:31:29.804 [http-nio-8080-exec-5] DEBUG c.p.m.SysUserRoleMapper.selectList - ==> Parameters: 8(Long)
2026-08-12 13:31:29.811 [http-nio-8080-exec-5] DEBUG c.p.m.SysUserRoleMapper.selectList - <==      Total: 1
2026-08-12 13:31:29.811 [http-nio-8080-exec-5] DEBUG c.p.mapper.SysRoleMapper.selectById - ==>  Preparing: SELECT id,name,code,description,status,create_time,update_time,version FROM sys_role WHERE id=?
2026-08-12 13:31:29.811 [http-nio-8080-exec-5] DEBUG c.p.mapper.SysRoleMapper.selectById - ==> Parameters: 5(Long)
2026-08-12 13:31:29.811 [http-nio-8080-exec-5] DEBUG c.p.mapper.SysRoleMapper.selectById - <==      Total: 1
2026-08-12 13:31:32.755 [http-nio-8080-exec-8] DEBUG o.s.security.web.FilterChainProxy - Securing GET /roles
2026-08-12 13:31:32.758 [http-nio-8080-exec-8] DEBUG c.p.mapper.SysUserMapper.selectList - ==>  Preparing: SELECT id,username,password,nickname,email,phone,status,create_time,update_time,version FROM sys_user WHERE (username = ?)
2026-08-12 13:31:32.758 [http-nio-8080-exec-8] DEBUG c.p.mapper.SysUserMapper.selectList - ==> Parameters: admin(String)
2026-08-12 13:31:32.758 [http-nio-8080-exec-8] DEBUG c.p.mapper.SysUserMapper.selectList - <==      Total: 1
2026-08-12 13:31:32.758 [http-nio-8080-exec-8] DEBUG c.p.m.SysUserRoleMapper.selectList - ==>  Preparing: SELECT id,user_id,role_id FROM sys_user_role WHERE (user_id = ?)
2026-08-12 13:31:32.758 [http-nio-8080-exec-8] DEBUG c.p.m.SysUserRoleMapper.selectList - ==> Parameters: 1(Long)
2026-08-12 13:31:32.762 [http-nio-8080-exec-8] DEBUG c.p.m.SysUserRoleMapper.selectList - <==      Total: 1
2026-08-12 13:31:32.762 [http-nio-8080-exec-8] DEBUG c.p.mapper.SysRoleMapper.selectById - ==>  Preparing: SELECT id,name,code,description,status,create_time,update_time,version FROM sys_role WHERE id=?
2026-08-12 13:31:32.762 [http-nio-8080-exec-8] DEBUG c.p.mapper.SysRoleMapper.selectById - ==> Parameters: 1(Long)
2026-08-12 13:31:32.762 [http-nio-8080-exec-8] DEBUG c.p.mapper.SysRoleMapper.selectById - <==      Total: 1
2026-08-12 13:31:32.765 [http-nio-8080-exec-8] DEBUG c.p.m.S.selectMenuByRoleId - ==>  Preparing: SELECT m.* FROM sys_menu m INNER JOIN sys_role_menu rm ON m.id = rm.menu_id WHERE rm.role_id = ?
2026-08-12 13:31:32.765 [http-nio-8080-exec-8] DEBUG c.p.m.S.selectMenuByRoleId - ==> Parameters: 1(Long)
2026-08-12 13:31:32.766 [http-nio-8080-exec-8] DEBUG c.p.m.S.selectMenuByRoleId - <==      Total: 22
2026-08-12 13:31:32.768 [http-nio-8080-exec-8] DEBUG o.s.security.web.FilterChainProxy - Secured GET /roles
2026-08-12 13:31:32.768 [http-nio-8080-exec-8] DEBUG c.p.mapper.SysRoleMapper.selectList - ==>  Preparing: SELECT id,name,code,description,status,create_time,update_time,version FROM sys_role ORDER BY id ASC
2026-08-12 13:31:32.768 [http-nio-8080-exec-8] DEBUG c.p.mapper.SysRoleMapper.selectList - ==> Parameters: 
2026-08-12 13:31:32.771 [http-nio-8080-exec-8] DEBUG c.p.mapper.SysRoleMapper.selectList - <==      Total: 5
2026-08-12 13:31:46.638 [http-nio-8080-exec-9] DEBUG o.s.security.web.FilterChainProxy - Securing GET /users
2026-08-12 13:31:46.644 [http-nio-8080-exec-9] DEBUG c.p.mapper.SysUserMapper.selectList - ==>  Preparing: SELECT id,username,password,nickname,email,phone,status,create_time,update_time,version FROM sys_user WHERE (username = ?)
2026-08-12 13:31:46.644 [http-nio-8080-exec-9] DEBUG c.p.mapper.SysUserMapper.selectList - ==> Parameters: admin(String)
2026-08-12 13:31:46.644 [http-nio-8080-exec-9] DEBUG c.p.mapper.SysUserMapper.selectList - <==      Total: 1
2026-08-12 13:31:46.647 [http-nio-8080-exec-9] DEBUG c.p.m.SysUserRoleMapper.selectList - ==>  Preparing: SELECT id,user_id,role_id FROM sys_user_role WHERE (user_id = ?)
2026-08-12 13:31:46.647 [http-nio-8080-exec-9] DEBUG c.p.m.SysUserRoleMapper.selectList - ==> Parameters: 1(Long)
2026-08-12 13:31:46.648 [http-nio-8080-exec-9] DEBUG c.p.m.SysUserRoleMapper.selectList - <==      Total: 1
2026-08-12 13:31:46.648 [http-nio-8080-exec-9] DEBUG c.p.mapper.SysRoleMapper.selectById - ==>  Preparing: SELECT id,name,code,description,status,create_time,update_time,version FROM sys_role WHERE id=?
2026-08-12 13:31:46.648 [http-nio-8080-exec-9] DEBUG c.p.mapper.SysRoleMapper.selectById - ==> Parameters: 1(Long)
2026-08-12 13:31:46.648 [http-nio-8080-exec-9] DEBUG c.p.mapper.SysRoleMapper.selectById - <==      Total: 1
2026-08-12 13:31:46.648 [http-nio-8080-exec-9] DEBUG c.p.m.S.selectMenuByRoleId - ==>  Preparing: SELECT m.* FROM sys_menu m INNER JOIN sys_role_menu rm ON m.id = rm.menu_id WHERE rm.role_id = ?
2026-08-12 13:31:46.648 [http-nio-8080-exec-9] DEBUG c.p.m.S.selectMenuByRoleId - ==> Parameters: 1(Long)
2026-08-12 13:31:46.648 [http-nio-8080-exec-9] DEBUG c.p.m.S.selectMenuByRoleId - <==      Total: 22
2026-08-12 13:31:46.648 [http-nio-8080-exec-9] DEBUG o.s.security.web.FilterChainProxy - Secured GET /users
2026-08-12 13:31:46.648 [http-nio-8080-exec-9] DEBUG c.p.mapper.SysUserMapper.selectList - ==>  Preparing: SELECT id,username,password,nickname,email,phone,status,create_time,update_time,version FROM sys_user ORDER BY id ASC
2026-08-12 13:31:46.648 [http-nio-8080-exec-9] DEBUG c.p.mapper.SysUserMapper.selectList - ==> Parameters: 
2026-08-12 13:31:46.654 [http-nio-8080-exec-9] DEBUG c.p.mapper.SysUserMapper.selectList - <==      Total: 8
2026-08-12 13:31:46.654 [http-nio-8080-exec-9] DEBUG c.p.m.SysUserRoleMapper.selectList - ==>  Preparing: SELECT id,user_id,role_id FROM sys_user_role WHERE (user_id = ?) LIMIT 1
2026-08-12 13:31:46.654 [http-nio-8080-exec-9] DEBUG c.p.m.SysUserRoleMapper.selectList - ==> Parameters: 1(Long)
2026-08-12 13:31:46.656 [http-nio-8080-exec-9] DEBUG c.p.m.SysUserRoleMapper.selectList - <==      Total: 1
2026-08-12 13:31:46.656 [http-nio-8080-exec-9] DEBUG c.p.mapper.SysRoleMapper.selectById - ==>  Preparing: SELECT id,name,code,description,status,create_time,update_time,version FROM sys_role WHERE id=?
2026-08-12 13:31:46.656 [http-nio-8080-exec-9] DEBUG c.p.mapper.SysRoleMapper.selectById - ==> Parameters: 1(Long)
2026-08-12 13:31:46.657 [http-nio-8080-exec-9] DEBUG c.p.mapper.SysRoleMapper.selectById - <==      Total: 1
2026-08-12 13:31:46.658 [http-nio-8080-exec-9] DEBUG c.p.m.SysUserRoleMapper.selectList - ==>  Preparing: SELECT id,user_id,role_id FROM sys_user_role WHERE (user_id = ?) LIMIT 1
2026-08-12 13:31:46.658 [http-nio-8080-exec-9] DEBUG c.p.m.SysUserRoleMapper.selectList - ==> Parameters: 2(Long)
2026-08-12 13:31:46.658 [http-nio-8080-exec-9] DEBUG c.p.m.SysUserRoleMapper.selectList - <==      Total: 1
2026-08-12 13:31:46.658 [http-nio-8080-exec-9] DEBUG c.p.mapper.SysRoleMapper.selectById - ==>  Preparing: SELECT id,name,code,description,status,create_time,update_time,version FROM sys_role WHERE id=?
2026-08-12 13:31:46.658 [http-nio-8080-exec-9] DEBUG c.p.mapper.SysRoleMapper.selectById - ==> Parameters: 2(Long)
2026-08-12 13:31:46.658 [http-nio-8080-exec-9] DEBUG c.p.mapper.SysRoleMapper.selectById - <==      Total: 1
2026-08-12 13:31:46.658 [http-nio-8080-exec-9] DEBUG c.p.m.SysUserRoleMapper.selectList - ==>  Preparing: SELECT id,user_id,role_id FROM sys_user_role WHERE (user_id = ?) LIMIT 1
2026-08-12 13:31:46.658 [http-nio-8080-exec-9] DEBUG c.p.m.SysUserRoleMapper.selectList - ==> Parameters: 3(Long)
2026-08-12 13:31:46.658 [http-nio-8080-exec-9] DEBUG c.p.m.SysUserRoleMapper.selectList - <==      Total: 1
2026-08-12 13:31:46.658 [http-nio-8080-exec-9] DEBUG c.p.mapper.SysRoleMapper.selectById - ==>  Preparing: SELECT id,name,code,description,status,create_time,update_time,version FROM sys_role WHERE id=?
2026-08-12 13:31:46.658 [http-nio-8080-exec-9] DEBUG c.p.mapper.SysRoleMapper.selectById - ==> Parameters: 3(Long)
2026-08-12 13:31:46.658 [http-nio-8080-exec-9] DEBUG c.p.mapper.SysRoleMapper.selectById - <==      Total: 1
2026-08-12 13:31:46.658 [http-nio-8080-exec-9] DEBUG c.p.m.SysUserRoleMapper.selectList - ==>  Preparing: SELECT id,user_id,role_id FROM sys_user_role WHERE (user_id = ?) LIMIT 1
2026-08-12 13:31:46.658 [http-nio-8080-exec-9] DEBUG c.p.m.SysUserRoleMapper.selectList - ==> Parameters: 4(Long)
2026-08-12 13:31:46.658 [http-nio-8080-exec-9] DEBUG c.p.m.SysUserRoleMapper.selectList - <==      Total: 1
2026-08-12 13:31:46.658 [http-nio-8080-exec-9] DEBUG c.p.mapper.SysRoleMapper.selectById - ==>  Preparing: SELECT id,name,code,description,status,create_time,update_time,version FROM sys_role WHERE id=?
2026-08-12 13:31:46.658 [http-nio-8080-exec-9] DEBUG c.p.mapper.SysRoleMapper.selectById - ==> Parameters: 2(Long)
2026-08-12 13:31:46.666 [http-nio-8080-exec-9] DEBUG c.p.mapper.SysRoleMapper.selectById - <==      Total: 1
2026-08-12 13:31:46.666 [http-nio-8080-exec-9] DEBUG c.p.m.SysUserRoleMapper.selectList - ==>  Preparing: SELECT id,user_id,role_id FROM sys_user_role WHERE (user_id = ?) LIMIT 1
2026-08-12 13:31:46.666 [http-nio-8080-exec-9] DEBUG c.p.m.SysUserRoleMapper.selectList - ==> Parameters: 5(Long)
2026-08-12 13:31:46.666 [http-nio-8080-exec-9] DEBUG c.p.m.SysUserRoleMapper.selectList - <==      Total: 1
2026-08-12 13:31:46.666 [http-nio-8080-exec-9] DEBUG c.p.mapper.SysRoleMapper.selectById - ==>  Preparing: SELECT id,name,code,description,status,create_time,update_time,version FROM sys_role WHERE id=?
2026-08-12 13:31:46.668 [http-nio-8080-exec-9] DEBUG c.p.mapper.SysRoleMapper.selectById - ==> Parameters: 3(Long)
2026-08-12 13:31:46.669 [http-nio-8080-exec-9] DEBUG c.p.mapper.SysRoleMapper.selectById - <==      Total: 1
2026-08-12 13:31:46.669 [http-nio-8080-exec-9] DEBUG c.p.m.SysUserRoleMapper.selectList - ==>  Preparing: SELECT id,user_id,role_id FROM sys_user_role WHERE (user_id = ?) LIMIT 1
2026-08-12 13:31:46.669 [http-nio-8080-exec-9] DEBUG c.p.m.SysUserRoleMapper.selectList - ==> Parameters: 6(Long)
2026-08-12 13:31:46.669 [http-nio-8080-exec-9] DEBUG c.p.m.SysUserRoleMapper.selectList - <==      Total: 1
2026-08-12 13:31:46.669 [http-nio-8080-exec-9] DEBUG c.p.mapper.SysRoleMapper.selectById - ==>  Preparing: SELECT id,name,code,description,status,create_time,update_time,version FROM sys_role WHERE id=?
2026-08-12 13:31:46.669 [http-nio-8080-exec-9] DEBUG c.p.mapper.SysRoleMapper.selectById - ==> Parameters: 2(Long)
2026-08-12 13:31:46.669 [http-nio-8080-exec-9] DEBUG c.p.mapper.SysRoleMapper.selectById - <==      Total: 1
2026-08-12 13:31:46.669 [http-nio-8080-exec-9] DEBUG c.p.m.SysUserRoleMapper.selectList - ==>  Preparing: SELECT id,user_id,role_id FROM sys_user_role WHERE (user_id = ?) LIMIT 1
2026-08-12 13:31:46.673 [http-nio-8080-exec-9] DEBUG c.p.m.SysUserRoleMapper.selectList - ==> Parameters: 7(Long)
2026-08-12 13:31:46.673 [http-nio-8080-exec-9] DEBUG c.p.m.SysUserRoleMapper.selectList - <==      Total: 1
2026-08-12 13:31:46.673 [http-nio-8080-exec-9] DEBUG c.p.mapper.SysRoleMapper.selectById - ==>  Preparing: SELECT id,name,code,description,status,create_time,update_time,version FROM sys_role WHERE id=?
2026-08-12 13:31:46.673 [http-nio-8080-exec-9] DEBUG c.p.mapper.SysRoleMapper.selectById - ==> Parameters: 4(Long)
2026-08-12 13:31:46.673 [http-nio-8080-exec-9] DEBUG c.p.mapper.SysRoleMapper.selectById - <==      Total: 1
2026-08-12 13:31:46.673 [http-nio-8080-exec-9] DEBUG c.p.m.SysUserRoleMapper.selectList - ==>  Preparing: SELECT id,user_id,role_id FROM sys_user_role WHERE (user_id = ?) LIMIT 1
2026-08-12 13:31:46.673 [http-nio-8080-exec-9] DEBUG c.p.m.SysUserRoleMapper.selectList - ==> Parameters: 8(Long)
2026-08-12 13:31:46.673 [http-nio-8080-exec-9] DEBUG c.p.m.SysUserRoleMapper.selectList - <==      Total: 1
2026-08-12 13:31:46.673 [http-nio-8080-exec-9] DEBUG c.p.mapper.SysRoleMapper.selectById - ==>  Preparing: SELECT id,name,code,description,status,create_time,update_time,version FROM sys_role WHERE id=?
2026-08-12 13:31:46.673 [http-nio-8080-exec-9] DEBUG c.p.mapper.SysRoleMapper.selectById - ==> Parameters: 5(Long)
2026-08-12 13:31:46.673 [http-nio-8080-exec-9] DEBUG c.p.mapper.SysRoleMapper.selectById - <==      Total: 1
2026-08-12 13:31:49.041 [http-nio-8080-exec-10] DEBUG o.s.security.web.FilterChainProxy - Securing GET /users?keyword=ad
2026-08-12 13:31:49.044 [http-nio-8080-exec-10] DEBUG c.p.mapper.SysUserMapper.selectList - ==>  Preparing: SELECT id,username,password,nickname,email,phone,status,create_time,update_time,version FROM sys_user WHERE (username = ?)
2026-08-12 13:31:49.044 [http-nio-8080-exec-10] DEBUG c.p.mapper.SysUserMapper.selectList - ==> Parameters: admin(String)
2026-08-12 13:31:49.044 [http-nio-8080-exec-10] DEBUG c.p.mapper.SysUserMapper.selectList - <==      Total: 1
2026-08-12 13:31:49.044 [http-nio-8080-exec-10] DEBUG c.p.m.SysUserRoleMapper.selectList - ==>  Preparing: SELECT id,user_id,role_id FROM sys_user_role WHERE (user_id = ?)
2026-08-12 13:31:49.044 [http-nio-8080-exec-10] DEBUG c.p.m.SysUserRoleMapper.selectList - ==> Parameters: 1(Long)
2026-08-12 13:31:49.044 [http-nio-8080-exec-10] DEBUG c.p.m.SysUserRoleMapper.selectList - <==      Total: 1
2026-08-12 13:31:49.047 [http-nio-8080-exec-10] DEBUG c.p.mapper.SysRoleMapper.selectById - ==>  Preparing: SELECT id,name,code,description,status,create_time,update_time,version FROM sys_role WHERE id=?
2026-08-12 13:31:49.047 [http-nio-8080-exec-10] DEBUG c.p.mapper.SysRoleMapper.selectById - ==> Parameters: 1(Long)
2026-08-12 13:31:49.047 [http-nio-8080-exec-10] DEBUG c.p.mapper.SysRoleMapper.selectById - <==      Total: 1
2026-08-12 13:31:49.047 [http-nio-8080-exec-10] DEBUG c.p.m.S.selectMenuByRoleId - ==>  Preparing: SELECT m.* FROM sys_menu m INNER JOIN sys_role_menu rm ON m.id = rm.menu_id WHERE rm.role_id = ?
2026-08-12 13:31:49.047 [http-nio-8080-exec-10] DEBUG c.p.m.S.selectMenuByRoleId - ==> Parameters: 1(Long)
2026-08-12 13:31:49.050 [http-nio-8080-exec-10] DEBUG c.p.m.S.selectMenuByRoleId - <==      Total: 22
2026-08-12 13:31:49.050 [http-nio-8080-exec-10] DEBUG o.s.security.web.FilterChainProxy - Secured GET /users?keyword=ad
2026-08-12 13:31:49.055 [http-nio-8080-exec-10] DEBUG c.p.mapper.SysUserMapper.selectList - ==>  Preparing: SELECT id,username,password,nickname,email,phone,status,create_time,update_time,version FROM sys_user WHERE (username LIKE ? OR nickname LIKE ?) ORDER BY id ASC
2026-08-12 13:31:49.055 [http-nio-8080-exec-10] DEBUG c.p.mapper.SysUserMapper.selectList - ==> Parameters: %ad%(String), %ad%(String)
2026-08-12 13:31:49.060 [http-nio-8080-exec-10] DEBUG c.p.mapper.SysUserMapper.selectList - <==      Total: 1
2026-08-12 13:31:49.060 [http-nio-8080-exec-10] DEBUG c.p.m.SysUserRoleMapper.selectList - ==>  Preparing: SELECT id,user_id,role_id FROM sys_user_role WHERE (user_id = ?) LIMIT 1
2026-08-12 13:31:49.060 [http-nio-8080-exec-10] DEBUG c.p.m.SysUserRoleMapper.selectList - ==> Parameters: 1(Long)
2026-08-12 13:31:49.060 [http-nio-8080-exec-10] DEBUG c.p.m.SysUserRoleMapper.selectList - <==      Total: 1
2026-08-12 13:31:49.060 [http-nio-8080-exec-10] DEBUG c.p.mapper.SysRoleMapper.selectById - ==>  Preparing: SELECT id,name,code,description,status,create_time,update_time,version FROM sys_role WHERE id=?
2026-08-12 13:31:49.060 [http-nio-8080-exec-10] DEBUG c.p.mapper.SysRoleMapper.selectById - ==> Parameters: 1(Long)
2026-08-12 13:31:49.060 [http-nio-8080-exec-10] DEBUG c.p.mapper.SysRoleMapper.selectById - <==      Total: 1
2026-08-12 13:31:50.189 [http-nio-8080-exec-1] DEBUG o.s.security.web.FilterChainProxy - Securing GET /users?keyword=a
2026-08-12 13:31:50.189 [http-nio-8080-exec-1] DEBUG c.p.mapper.SysUserMapper.selectList - ==>  Preparing: SELECT id,username,password,nickname,email,phone,status,create_time,update_time,version FROM sys_user WHERE (username = ?)
2026-08-12 13:31:50.193 [http-nio-8080-exec-1] DEBUG c.p.mapper.SysUserMapper.selectList - ==> Parameters: admin(String)
2026-08-12 13:31:50.193 [http-nio-8080-exec-1] DEBUG c.p.mapper.SysUserMapper.selectList - <==      Total: 1
2026-08-12 13:31:50.193 [http-nio-8080-exec-1] DEBUG c.p.m.SysUserRoleMapper.selectList - ==>  Preparing: SELECT id,user_id,role_id FROM sys_user_role WHERE (user_id = ?)
2026-08-12 13:31:50.193 [http-nio-8080-exec-1] DEBUG c.p.m.SysUserRoleMapper.selectList - ==> Parameters: 1(Long)
2026-08-12 13:31:50.194 [http-nio-8080-exec-1] DEBUG c.p.m.SysUserRoleMapper.selectList - <==      Total: 1
2026-08-12 13:31:50.194 [http-nio-8080-exec-1] DEBUG c.p.mapper.SysRoleMapper.selectById - ==>  Preparing: SELECT id,name,code,description,status,create_time,update_time,version FROM sys_role WHERE id=?
2026-08-12 13:31:50.194 [http-nio-8080-exec-1] DEBUG c.p.mapper.SysRoleMapper.selectById - ==> Parameters: 1(Long)
2026-08-12 13:31:50.196 [http-nio-8080-exec-1] DEBUG c.p.mapper.SysRoleMapper.selectById - <==      Total: 1
2026-08-12 13:31:50.196 [http-nio-8080-exec-1] DEBUG c.p.m.S.selectMenuByRoleId - ==>  Preparing: SELECT m.* FROM sys_menu m INNER JOIN sys_role_menu rm ON m.id = rm.menu_id WHERE rm.role_id = ?
2026-08-12 13:31:50.196 [http-nio-8080-exec-1] DEBUG c.p.m.S.selectMenuByRoleId - ==> Parameters: 1(Long)
2026-08-12 13:31:50.198 [http-nio-8080-exec-1] DEBUG c.p.m.S.selectMenuByRoleId - <==      Total: 22
2026-08-12 13:31:50.198 [http-nio-8080-exec-1] DEBUG o.s.security.web.FilterChainProxy - Secured GET /users?keyword=a
2026-08-12 13:31:50.198 [http-nio-8080-exec-1] DEBUG c.p.mapper.SysUserMapper.selectList - ==>  Preparing: SELECT id,username,password,nickname,email,phone,status,create_time,update_time,version FROM sys_user WHERE (username LIKE ? OR nickname LIKE ?) ORDER BY id ASC
2026-08-12 13:31:50.200 [http-nio-8080-exec-1] DEBUG c.p.mapper.SysUserMapper.selectList - ==> Parameters: %a%(String), %a%(String)
2026-08-12 13:31:50.200 [http-nio-8080-exec-1] DEBUG c.p.mapper.SysUserMapper.selectList - <==      Total: 5
2026-08-12 13:31:50.201 [http-nio-8080-exec-1] DEBUG c.p.m.SysUserRoleMapper.selectList - ==>  Preparing: SELECT id,user_id,role_id FROM sys_user_role WHERE (user_id = ?) LIMIT 1
2026-08-12 13:31:50.201 [http-nio-8080-exec-1] DEBUG c.p.m.SysUserRoleMapper.selectList - ==> Parameters: 1(Long)
2026-08-12 13:31:50.201 [http-nio-8080-exec-1] DEBUG c.p.m.SysUserRoleMapper.selectList - <==      Total: 1
2026-08-12 13:31:50.201 [http-nio-8080-exec-1] DEBUG c.p.mapper.SysRoleMapper.selectById - ==>  Preparing: SELECT id,name,code,description,status,create_time,update_time,version FROM sys_role WHERE id=?
2026-08-12 13:31:50.201 [http-nio-8080-exec-1] DEBUG c.p.mapper.SysRoleMapper.selectById - ==> Parameters: 1(Long)
2026-08-12 13:31:50.201 [http-nio-8080-exec-1] DEBUG c.p.mapper.SysRoleMapper.selectById - <==      Total: 1
2026-08-12 13:31:50.201 [http-nio-8080-exec-1] DEBUG c.p.m.SysUserRoleMapper.selectList - ==>  Preparing: SELECT id,user_id,role_id FROM sys_user_role WHERE (user_id = ?) LIMIT 1
2026-08-12 13:31:50.201 [http-nio-8080-exec-1] DEBUG c.p.m.SysUserRoleMapper.selectList - ==> Parameters: 2(Long)
2026-08-12 13:31:50.201 [http-nio-8080-exec-1] DEBUG c.p.m.SysUserRoleMapper.selectList - <==      Total: 1
2026-08-12 13:31:50.201 [http-nio-8080-exec-1] DEBUG c.p.mapper.SysRoleMapper.selectById - ==>  Preparing: SELECT id,name,code,description,status,create_time,update_time,version FROM sys_role WHERE id=?
2026-08-12 13:31:50.201 [http-nio-8080-exec-1] DEBUG c.p.mapper.SysRoleMapper.selectById - ==> Parameters: 2(Long)
2026-08-12 13:31:50.201 [http-nio-8080-exec-1] DEBUG c.p.mapper.SysRoleMapper.selectById - <==      Total: 1
2026-08-12 13:31:50.201 [http-nio-8080-exec-1] DEBUG c.p.m.SysUserRoleMapper.selectList - ==>  Preparing: SELECT id,user_id,role_id FROM sys_user_role WHERE (user_id = ?) LIMIT 1
2026-08-12 13:31:50.201 [http-nio-8080-exec-1] DEBUG c.p.m.SysUserRoleMapper.selectList - ==> Parameters: 4(Long)
2026-08-12 13:31:50.201 [http-nio-8080-exec-1] DEBUG c.p.m.SysUserRoleMapper.selectList - <==      Total: 1
2026-08-12 13:31:50.201 [http-nio-8080-exec-1] DEBUG c.p.mapper.SysRoleMapper.selectById - ==>  Preparing: SELECT id,name,code,description,status,create_time,update_time,version FROM sys_role WHERE id=?
2026-08-12 13:31:50.201 [http-nio-8080-exec-1] DEBUG c.p.mapper.SysRoleMapper.selectById - ==> Parameters: 2(Long)
2026-08-12 13:31:50.201 [http-nio-8080-exec-1] DEBUG c.p.mapper.SysRoleMapper.selectById - <==      Total: 1
2026-08-12 13:31:50.201 [http-nio-8080-exec-1] DEBUG c.p.m.SysUserRoleMapper.selectList - ==>  Preparing: SELECT id,user_id,role_id FROM sys_user_role WHERE (user_id = ?) LIMIT 1
2026-08-12 13:31:50.201 [http-nio-8080-exec-1] DEBUG c.p.m.SysUserRoleMapper.selectList - ==> Parameters: 5(Long)
2026-08-12 13:31:50.208 [http-nio-8080-exec-1] DEBUG c.p.m.SysUserRoleMapper.selectList - <==      Total: 1
2026-08-12 13:31:50.208 [http-nio-8080-exec-1] DEBUG c.p.mapper.SysRoleMapper.selectById - ==>  Preparing: SELECT id,name,code,description,status,create_time,update_time,version FROM sys_role WHERE id=?
2026-08-12 13:31:50.208 [http-nio-8080-exec-1] DEBUG c.p.mapper.SysRoleMapper.selectById - ==> Parameters: 3(Long)
2026-08-12 13:31:50.208 [http-nio-8080-exec-1] DEBUG c.p.mapper.SysRoleMapper.selectById - <==      Total: 1
2026-08-12 13:31:50.208 [http-nio-8080-exec-1] DEBUG c.p.m.SysUserRoleMapper.selectList - ==>  Preparing: SELECT id,user_id,role_id FROM sys_user_role WHERE (user_id = ?) LIMIT 1
2026-08-12 13:31:50.208 [http-nio-8080-exec-1] DEBUG c.p.m.SysUserRoleMapper.selectList - ==> Parameters: 7(Long)
2026-08-12 13:31:50.208 [http-nio-8080-exec-1] DEBUG c.p.m.SysUserRoleMapper.selectList - <==      Total: 1
2026-08-12 13:31:50.208 [http-nio-8080-exec-1] DEBUG c.p.mapper.SysRoleMapper.selectById - ==>  Preparing: SELECT id,name,code,description,status,create_time,update_time,version FROM sys_role WHERE id=?
2026-08-12 13:31:50.208 [http-nio-8080-exec-1] DEBUG c.p.mapper.SysRoleMapper.selectById - ==> Parameters: 4(Long)
2026-08-12 13:31:50.208 [http-nio-8080-exec-1] DEBUG c.p.mapper.SysRoleMapper.selectById - <==      Total: 1
2026-08-12 13:31:51.924 [http-nio-8080-exec-2] DEBUG o.s.security.web.FilterChainProxy - Securing GET /users
2026-08-12 13:31:51.926 [http-nio-8080-exec-2] DEBUG c.p.mapper.SysUserMapper.selectList - ==>  Preparing: SELECT id,username,password,nickname,email,phone,status,create_time,update_time,version FROM sys_user WHERE (username = ?)
2026-08-12 13:31:51.926 [http-nio-8080-exec-2] DEBUG c.p.mapper.SysUserMapper.selectList - ==> Parameters: admin(String)
2026-08-12 13:31:51.928 [http-nio-8080-exec-2] DEBUG c.p.mapper.SysUserMapper.selectList - <==      Total: 1
2026-08-12 13:31:51.928 [http-nio-8080-exec-2] DEBUG c.p.m.SysUserRoleMapper.selectList - ==>  Preparing: SELECT id,user_id,role_id FROM sys_user_role WHERE (user_id = ?)
2026-08-12 13:31:51.930 [http-nio-8080-exec-2] DEBUG c.p.m.SysUserRoleMapper.selectList - ==> Parameters: 1(Long)
2026-08-12 13:31:51.930 [http-nio-8080-exec-2] DEBUG c.p.m.SysUserRoleMapper.selectList - <==      Total: 1
2026-08-12 13:31:51.930 [http-nio-8080-exec-2] DEBUG c.p.mapper.SysRoleMapper.selectById - ==>  Preparing: SELECT id,name,code,description,status,create_time,update_time,version FROM sys_role WHERE id=?
2026-08-12 13:31:51.930 [http-nio-8080-exec-2] DEBUG c.p.mapper.SysRoleMapper.selectById - ==> Parameters: 1(Long)
2026-08-12 13:31:51.930 [http-nio-8080-exec-2] DEBUG c.p.mapper.SysRoleMapper.selectById - <==      Total: 1
2026-08-12 13:31:51.930 [http-nio-8080-exec-2] DEBUG c.p.m.S.selectMenuByRoleId - ==>  Preparing: SELECT m.* FROM sys_menu m INNER JOIN sys_role_menu rm ON m.id = rm.menu_id WHERE rm.role_id = ?
2026-08-12 13:31:51.930 [http-nio-8080-exec-2] DEBUG c.p.m.S.selectMenuByRoleId - ==> Parameters: 1(Long)
2026-08-12 13:31:51.932 [http-nio-8080-exec-2] DEBUG c.p.m.S.selectMenuByRoleId - <==      Total: 22
2026-08-12 13:31:51.932 [http-nio-8080-exec-2] DEBUG o.s.security.web.FilterChainProxy - Secured GET /users
2026-08-12 13:31:51.934 [http-nio-8080-exec-2] DEBUG c.p.mapper.SysUserMapper.selectList - ==>  Preparing: SELECT id,username,password,nickname,email,phone,status,create_time,update_time,version FROM sys_user ORDER BY id ASC
2026-08-12 13:31:51.934 [http-nio-8080-exec-2] DEBUG c.p.mapper.SysUserMapper.selectList - ==> Parameters: 
2026-08-12 13:31:51.935 [http-nio-8080-exec-2] DEBUG c.p.mapper.SysUserMapper.selectList - <==      Total: 8
2026-08-12 13:31:51.935 [http-nio-8080-exec-2] DEBUG c.p.m.SysUserRoleMapper.selectList - ==>  Preparing: SELECT id,user_id,role_id FROM sys_user_role WHERE (user_id = ?) LIMIT 1
2026-08-12 13:31:51.935 [http-nio-8080-exec-2] DEBUG c.p.m.SysUserRoleMapper.selectList - ==> Parameters: 1(Long)
2026-08-12 13:31:51.935 [http-nio-8080-exec-2] DEBUG c.p.m.SysUserRoleMapper.selectList - <==      Total: 1
2026-08-12 13:31:51.935 [http-nio-8080-exec-2] DEBUG c.p.mapper.SysRoleMapper.selectById - ==>  Preparing: SELECT id,name,code,description,status,create_time,update_time,version FROM sys_role WHERE id=?
2026-08-12 13:31:51.935 [http-nio-8080-exec-2] DEBUG c.p.mapper.SysRoleMapper.selectById - ==> Parameters: 1(Long)
2026-08-12 13:31:51.935 [http-nio-8080-exec-2] DEBUG c.p.mapper.SysRoleMapper.selectById - <==      Total: 1
2026-08-12 13:31:51.935 [http-nio-8080-exec-2] DEBUG c.p.m.SysUserRoleMapper.selectList - ==>  Preparing: SELECT id,user_id,role_id FROM sys_user_role WHERE (user_id = ?) LIMIT 1
2026-08-12 13:31:51.935 [http-nio-8080-exec-2] DEBUG c.p.m.SysUserRoleMapper.selectList - ==> Parameters: 2(Long)
2026-08-12 13:31:51.945 [http-nio-8080-exec-2] DEBUG c.p.m.SysUserRoleMapper.selectList - <==      Total: 1
2026-08-12 13:31:51.945 [http-nio-8080-exec-2] DEBUG c.p.mapper.SysRoleMapper.selectById - ==>  Preparing: SELECT id,name,code,description,status,create_time,update_time,version FROM sys_role WHERE id=?
2026-08-12 13:31:51.945 [http-nio-8080-exec-2] DEBUG c.p.mapper.SysRoleMapper.selectById - ==> Parameters: 2(Long)
2026-08-12 13:31:51.947 [http-nio-8080-exec-2] DEBUG c.p.mapper.SysRoleMapper.selectById - <==      Total: 1
2026-08-12 13:31:51.947 [http-nio-8080-exec-2] DEBUG c.p.m.SysUserRoleMapper.selectList - ==>  Preparing: SELECT id,user_id,role_id FROM sys_user_role WHERE (user_id = ?) LIMIT 1
2026-08-12 13:31:51.947 [http-nio-8080-exec-2] DEBUG c.p.m.SysUserRoleMapper.selectList - ==> Parameters: 3(Long)
2026-08-12 13:31:51.947 [http-nio-8080-exec-2] DEBUG c.p.m.SysUserRoleMapper.selectList - <==      Total: 1
2026-08-12 13:31:51.950 [http-nio-8080-exec-2] DEBUG c.p.mapper.SysRoleMapper.selectById - ==>  Preparing: SELECT id,name,code,description,status,create_time,update_time,version FROM sys_role WHERE id=?
2026-08-12 13:31:51.950 [http-nio-8080-exec-2] DEBUG c.p.mapper.SysRoleMapper.selectById - ==> Parameters: 3(Long)
2026-08-12 13:31:51.950 [http-nio-8080-exec-2] DEBUG c.p.mapper.SysRoleMapper.selectById - <==      Total: 1
2026-08-12 13:31:51.950 [http-nio-8080-exec-2] DEBUG c.p.m.SysUserRoleMapper.selectList - ==>  Preparing: SELECT id,user_id,role_id FROM sys_user_role WHERE (user_id = ?) LIMIT 1
2026-08-12 13:31:51.952 [http-nio-8080-exec-2] DEBUG c.p.m.SysUserRoleMapper.selectList - ==> Parameters: 4(Long)
2026-08-12 13:31:51.952 [http-nio-8080-exec-2] DEBUG c.p.m.SysUserRoleMapper.selectList - <==      Total: 1
2026-08-12 13:31:51.952 [http-nio-8080-exec-2] DEBUG c.p.mapper.SysRoleMapper.selectById - ==>  Preparing: SELECT id,name,code,description,status,create_time,update_time,version FROM sys_role WHERE id=?
2026-08-12 13:31:51.952 [http-nio-8080-exec-2] DEBUG c.p.mapper.SysRoleMapper.selectById - ==> Parameters: 2(Long)
2026-08-12 13:31:51.952 [http-nio-8080-exec-2] DEBUG c.p.mapper.SysRoleMapper.selectById - <==      Total: 1
2026-08-12 13:31:51.952 [http-nio-8080-exec-2] DEBUG c.p.m.SysUserRoleMapper.selectList - ==>  Preparing: SELECT id,user_id,role_id FROM sys_user_role WHERE (user_id = ?) LIMIT 1
2026-08-12 13:31:51.952 [http-nio-8080-exec-2] DEBUG c.p.m.SysUserRoleMapper.selectList - ==> Parameters: 5(Long)
2026-08-12 13:31:51.955 [http-nio-8080-exec-2] DEBUG c.p.m.SysUserRoleMapper.selectList - <==      Total: 1
2026-08-12 13:31:51.955 [http-nio-8080-exec-2] DEBUG c.p.mapper.SysRoleMapper.selectById - ==>  Preparing: SELECT id,name,code,description,status,create_time,update_time,version FROM sys_role WHERE id=?
2026-08-12 13:31:51.955 [http-nio-8080-exec-2] DEBUG c.p.mapper.SysRoleMapper.selectById - ==> Parameters: 3(Long)
2026-08-12 13:31:51.955 [http-nio-8080-exec-2] DEBUG c.p.mapper.SysRoleMapper.selectById - <==      Total: 1
2026-08-12 13:31:51.955 [http-nio-8080-exec-2] DEBUG c.p.m.SysUserRoleMapper.selectList - ==>  Preparing: SELECT id,user_id,role_id FROM sys_user_role WHERE (user_id = ?) LIMIT 1
2026-08-12 13:31:51.955 [http-nio-8080-exec-2] DEBUG c.p.m.SysUserRoleMapper.selectList - ==> Parameters: 6(Long)
2026-08-12 13:31:51.958 [http-nio-8080-exec-2] DEBUG c.p.m.SysUserRoleMapper.selectList - <==      Total: 1
2026-08-12 13:31:51.958 [http-nio-8080-exec-2] DEBUG c.p.mapper.SysRoleMapper.selectById - ==>  Preparing: SELECT id,name,code,description,status,create_time,update_time,version FROM sys_role WHERE id=?
2026-08-12 13:31:51.958 [http-nio-8080-exec-2] DEBUG c.p.mapper.SysRoleMapper.selectById - ==> Parameters: 2(Long)
2026-08-12 13:31:51.959 [http-nio-8080-exec-2] DEBUG c.p.mapper.SysRoleMapper.selectById - <==      Total: 1
2026-08-12 13:31:51.959 [http-nio-8080-exec-2] DEBUG c.p.m.SysUserRoleMapper.selectList - ==>  Preparing: SELECT id,user_id,role_id FROM sys_user_role WHERE (user_id = ?) LIMIT 1
2026-08-12 13:31:51.961 [http-nio-8080-exec-2] DEBUG c.p.m.SysUserRoleMapper.selectList - ==> Parameters: 7(Long)
2026-08-12 13:31:51.961 [http-nio-8080-exec-2] DEBUG c.p.m.SysUserRoleMapper.selectList - <==      Total: 1
2026-08-12 13:31:51.961 [http-nio-8080-exec-2] DEBUG c.p.mapper.SysRoleMapper.selectById - ==>  Preparing: SELECT id,name,code,description,status,create_time,update_time,version FROM sys_role WHERE id=?
2026-08-12 13:31:51.961 [http-nio-8080-exec-2] DEBUG c.p.mapper.SysRoleMapper.selectById - ==> Parameters: 4(Long)
2026-08-12 13:31:51.961 [http-nio-8080-exec-2] DEBUG c.p.mapper.SysRoleMapper.selectById - <==      Total: 1
2026-08-12 13:31:51.963 [http-nio-8080-exec-2] DEBUG c.p.m.SysUserRoleMapper.selectList - ==>  Preparing: SELECT id,user_id,role_id FROM sys_user_role WHERE (user_id = ?) LIMIT 1
2026-08-12 13:31:51.963 [http-nio-8080-exec-2] DEBUG c.p.m.SysUserRoleMapper.selectList - ==> Parameters: 8(Long)
2026-08-12 13:31:51.963 [http-nio-8080-exec-2] DEBUG c.p.m.SysUserRoleMapper.selectList - <==      Total: 1
2026-08-12 13:31:51.963 [http-nio-8080-exec-2] DEBUG c.p.mapper.SysRoleMapper.selectById - ==>  Preparing: SELECT id,name,code,description,status,create_time,update_time,version FROM sys_role WHERE id=?
2026-08-12 13:31:51.963 [http-nio-8080-exec-2] DEBUG c.p.mapper.SysRoleMapper.selectById - ==> Parameters: 5(Long)
2026-08-12 13:31:51.963 [http-nio-8080-exec-2] DEBUG c.p.mapper.SysRoleMapper.selectById - <==      Total: 1
2026-08-12 13:31:52.851 [http-nio-8080-exec-4] DEBUG o.s.security.web.FilterChainProxy - Securing GET /users?keyword=l
2026-08-12 13:31:52.855 [http-nio-8080-exec-4] DEBUG c.p.mapper.SysUserMapper.selectList - ==>  Preparing: SELECT id,username,password,nickname,email,phone,status,create_time,update_time,version FROM sys_user WHERE (username = ?)
2026-08-12 13:31:52.855 [http-nio-8080-exec-4] DEBUG c.p.mapper.SysUserMapper.selectList - ==> Parameters: admin(String)
2026-08-12 13:31:52.855 [http-nio-8080-exec-4] DEBUG c.p.mapper.SysUserMapper.selectList - <==      Total: 1
2026-08-12 13:31:52.855 [http-nio-8080-exec-4] DEBUG c.p.m.SysUserRoleMapper.selectList - ==>  Preparing: SELECT id,user_id,role_id FROM sys_user_role WHERE (user_id = ?)
2026-08-12 13:31:52.855 [http-nio-8080-exec-4] DEBUG c.p.m.SysUserRoleMapper.selectList - ==> Parameters: 1(Long)
2026-08-12 13:31:52.857 [http-nio-8080-exec-4] DEBUG c.p.m.SysUserRoleMapper.selectList - <==      Total: 1
2026-08-12 13:31:52.857 [http-nio-8080-exec-4] DEBUG c.p.mapper.SysRoleMapper.selectById - ==>  Preparing: SELECT id,name,code,description,status,create_time,update_time,version FROM sys_role WHERE id=?
2026-08-12 13:31:52.857 [http-nio-8080-exec-4] DEBUG c.p.mapper.SysRoleMapper.selectById - ==> Parameters: 1(Long)
2026-08-12 13:31:52.857 [http-nio-8080-exec-4] DEBUG c.p.mapper.SysRoleMapper.selectById - <==      Total: 1
2026-08-12 13:31:52.857 [http-nio-8080-exec-4] DEBUG c.p.m.S.selectMenuByRoleId - ==>  Preparing: SELECT m.* FROM sys_menu m INNER JOIN sys_role_menu rm ON m.id = rm.menu_id WHERE rm.role_id = ?
2026-08-12 13:31:52.857 [http-nio-8080-exec-4] DEBUG c.p.m.S.selectMenuByRoleId - ==> Parameters: 1(Long)
2026-08-12 13:31:52.859 [http-nio-8080-exec-4] DEBUG c.p.m.S.selectMenuByRoleId - <==      Total: 22
2026-08-12 13:31:52.861 [http-nio-8080-exec-4] DEBUG o.s.security.web.FilterChainProxy - Secured GET /users?keyword=l
2026-08-12 13:31:52.861 [http-nio-8080-exec-4] DEBUG c.p.mapper.SysUserMapper.selectList - ==>  Preparing: SELECT id,username,password,nickname,email,phone,status,create_time,update_time,version FROM sys_user WHERE (username LIKE ? OR nickname LIKE ?) ORDER BY id ASC
2026-08-12 13:31:52.861 [http-nio-8080-exec-4] DEBUG c.p.mapper.SysUserMapper.selectList - ==> Parameters: %l%(String), %l%(String)
2026-08-12 13:31:52.863 [http-nio-8080-exec-4] DEBUG c.p.mapper.SysUserMapper.selectList - <==      Total: 2
2026-08-12 13:31:52.863 [http-nio-8080-exec-4] DEBUG c.p.m.SysUserRoleMapper.selectList - ==>  Preparing: SELECT id,user_id,role_id FROM sys_user_role WHERE (user_id = ?) LIMIT 1
2026-08-12 13:31:52.863 [http-nio-8080-exec-4] DEBUG c.p.m.SysUserRoleMapper.selectList - ==> Parameters: 3(Long)
2026-08-12 13:31:52.863 [http-nio-8080-exec-4] DEBUG c.p.m.SysUserRoleMapper.selectList - <==      Total: 1
2026-08-12 13:31:52.865 [http-nio-8080-exec-4] DEBUG c.p.mapper.SysRoleMapper.selectById - ==>  Preparing: SELECT id,name,code,description,status,create_time,update_time,version FROM sys_role WHERE id=?
2026-08-12 13:31:52.865 [http-nio-8080-exec-4] DEBUG c.p.mapper.SysRoleMapper.selectById - ==> Parameters: 3(Long)
2026-08-12 13:31:52.865 [http-nio-8080-exec-4] DEBUG c.p.mapper.SysRoleMapper.selectById - <==      Total: 1
2026-08-12 13:31:52.865 [http-nio-8080-exec-4] DEBUG c.p.m.SysUserRoleMapper.selectList - ==>  Preparing: SELECT id,user_id,role_id FROM sys_user_role WHERE (user_id = ?) LIMIT 1
2026-08-12 13:31:52.865 [http-nio-8080-exec-4] DEBUG c.p.m.SysUserRoleMapper.selectList - ==> Parameters: 5(Long)
2026-08-12 13:31:52.865 [http-nio-8080-exec-4] DEBUG c.p.m.SysUserRoleMapper.selectList - <==      Total: 1
2026-08-12 13:31:52.865 [http-nio-8080-exec-4] DEBUG c.p.mapper.SysRoleMapper.selectById - ==>  Preparing: SELECT id,name,code,description,status,create_time,update_time,version FROM sys_role WHERE id=?
2026-08-12 13:31:52.868 [http-nio-8080-exec-4] DEBUG c.p.mapper.SysRoleMapper.selectById - ==> Parameters: 3(Long)
2026-08-12 13:31:52.868 [http-nio-8080-exec-4] DEBUG c.p.mapper.SysRoleMapper.selectById - <==      Total: 1
2026-08-12 13:31:53.749 [http-nio-8080-exec-3] DEBUG o.s.security.web.FilterChainProxy - Securing GET /users
2026-08-12 13:31:53.758 [http-nio-8080-exec-3] DEBUG c.p.mapper.SysUserMapper.selectList - ==>  Preparing: SELECT id,username,password,nickname,email,phone,status,create_time,update_time,version FROM sys_user WHERE (username = ?)
2026-08-12 13:31:53.758 [http-nio-8080-exec-3] DEBUG c.p.mapper.SysUserMapper.selectList - ==> Parameters: admin(String)
2026-08-12 13:31:53.758 [http-nio-8080-exec-3] DEBUG c.p.mapper.SysUserMapper.selectList - <==      Total: 1
2026-08-12 13:31:53.758 [http-nio-8080-exec-3] DEBUG c.p.m.SysUserRoleMapper.selectList - ==>  Preparing: SELECT id,user_id,role_id FROM sys_user_role WHERE (user_id = ?)
2026-08-12 13:31:53.758 [http-nio-8080-exec-3] DEBUG c.p.m.SysUserRoleMapper.selectList - ==> Parameters: 1(Long)
2026-08-12 13:31:53.758 [http-nio-8080-exec-3] DEBUG c.p.m.SysUserRoleMapper.selectList - <==      Total: 1
2026-08-12 13:31:53.761 [http-nio-8080-exec-3] DEBUG c.p.mapper.SysRoleMapper.selectById - ==>  Preparing: SELECT id,name,code,description,status,create_time,update_time,version FROM sys_role WHERE id=?
2026-08-12 13:31:53.761 [http-nio-8080-exec-3] DEBUG c.p.mapper.SysRoleMapper.selectById - ==> Parameters: 1(Long)
2026-08-12 13:31:53.761 [http-nio-8080-exec-3] DEBUG c.p.mapper.SysRoleMapper.selectById - <==      Total: 1
2026-08-12 13:31:53.761 [http-nio-8080-exec-3] DEBUG c.p.m.S.selectMenuByRoleId - ==>  Preparing: SELECT m.* FROM sys_menu m INNER JOIN sys_role_menu rm ON m.id = rm.menu_id WHERE rm.role_id = ?
2026-08-12 13:31:53.761 [http-nio-8080-exec-3] DEBUG c.p.m.S.selectMenuByRoleId - ==> Parameters: 1(Long)
2026-08-12 13:31:53.764 [http-nio-8080-exec-3] DEBUG c.p.m.S.selectMenuByRoleId - <==      Total: 22
2026-08-12 13:31:53.764 [http-nio-8080-exec-3] DEBUG o.s.security.web.FilterChainProxy - Secured GET /users
2026-08-12 13:31:53.765 [http-nio-8080-exec-3] DEBUG c.p.mapper.SysUserMapper.selectList - ==>  Preparing: SELECT id,username,password,nickname,email,phone,status,create_time,update_time,version FROM sys_user ORDER BY id ASC
2026-08-12 13:31:53.765 [http-nio-8080-exec-3] DEBUG c.p.mapper.SysUserMapper.selectList - ==> Parameters: 
2026-08-12 13:31:53.766 [http-nio-8080-exec-3] DEBUG c.p.mapper.SysUserMapper.selectList - <==      Total: 8
2026-08-12 13:31:53.766 [http-nio-8080-exec-3] DEBUG c.p.m.SysUserRoleMapper.selectList - ==>  Preparing: SELECT id,user_id,role_id FROM sys_user_role WHERE (user_id = ?) LIMIT 1
2026-08-12 13:31:53.766 [http-nio-8080-exec-3] DEBUG c.p.m.SysUserRoleMapper.selectList - ==> Parameters: 1(Long)
2026-08-12 13:31:53.766 [http-nio-8080-exec-3] DEBUG c.p.m.SysUserRoleMapper.selectList - <==      Total: 1
2026-08-12 13:31:53.766 [http-nio-8080-exec-3] DEBUG c.p.mapper.SysRoleMapper.selectById - ==>  Preparing: SELECT id,name,code,description,status,create_time,update_time,version FROM sys_role WHERE id=?
2026-08-12 13:31:53.766 [http-nio-8080-exec-3] DEBUG c.p.mapper.SysRoleMapper.selectById - ==> Parameters: 1(Long)
2026-08-12 13:31:53.769 [http-nio-8080-exec-3] DEBUG c.p.mapper.SysRoleMapper.selectById - <==      Total: 1
2026-08-12 13:31:53.769 [http-nio-8080-exec-3] DEBUG c.p.m.SysUserRoleMapper.selectList - ==>  Preparing: SELECT id,user_id,role_id FROM sys_user_role WHERE (user_id = ?) LIMIT 1
2026-08-12 13:31:53.769 [http-nio-8080-exec-3] DEBUG c.p.m.SysUserRoleMapper.selectList - ==> Parameters: 2(Long)
2026-08-12 13:31:53.769 [http-nio-8080-exec-3] DEBUG c.p.m.SysUserRoleMapper.selectList - <==      Total: 1
2026-08-12 13:31:53.769 [http-nio-8080-exec-3] DEBUG c.p.mapper.SysRoleMapper.selectById - ==>  Preparing: SELECT id,name,code,description,status,create_time,update_time,version FROM sys_role WHERE id=?
2026-08-12 13:31:53.769 [http-nio-8080-exec-3] DEBUG c.p.mapper.SysRoleMapper.selectById - ==> Parameters: 2(Long)
2026-08-12 13:31:53.769 [http-nio-8080-exec-3] DEBUG c.p.mapper.SysRoleMapper.selectById - <==      Total: 1
2026-08-12 13:31:53.769 [http-nio-8080-exec-3] DEBUG c.p.m.SysUserRoleMapper.selectList - ==>  Preparing: SELECT id,user_id,role_id FROM sys_user_role WHERE (user_id = ?) LIMIT 1
2026-08-12 13:31:53.769 [http-nio-8080-exec-3] DEBUG c.p.m.SysUserRoleMapper.selectList - ==> Parameters: 3(Long)
2026-08-12 13:31:53.769 [http-nio-8080-exec-3] DEBUG c.p.m.SysUserRoleMapper.selectList - <==      Total: 1
2026-08-12 13:31:53.769 [http-nio-8080-exec-3] DEBUG c.p.mapper.SysRoleMapper.selectById - ==>  Preparing: SELECT id,name,code,description,status,create_time,update_time,version FROM sys_role WHERE id=?
2026-08-12 13:31:53.772 [http-nio-8080-exec-3] DEBUG c.p.mapper.SysRoleMapper.selectById - ==> Parameters: 3(Long)
2026-08-12 13:31:53.772 [http-nio-8080-exec-3] DEBUG c.p.mapper.SysRoleMapper.selectById - <==      Total: 1
2026-08-12 13:31:53.772 [http-nio-8080-exec-3] DEBUG c.p.m.SysUserRoleMapper.selectList - ==>  Preparing: SELECT id,user_id,role_id FROM sys_user_role WHERE (user_id = ?) LIMIT 1
2026-08-12 13:31:53.772 [http-nio-8080-exec-3] DEBUG c.p.m.SysUserRoleMapper.selectList - ==> Parameters: 4(Long)
2026-08-12 13:31:53.772 [http-nio-8080-exec-3] DEBUG c.p.m.SysUserRoleMapper.selectList - <==      Total: 1
2026-08-12 13:31:53.772 [http-nio-8080-exec-3] DEBUG c.p.mapper.SysRoleMapper.selectById - ==>  Preparing: SELECT id,name,code,description,status,create_time,update_time,version FROM sys_role WHERE id=?
2026-08-12 13:31:53.772 [http-nio-8080-exec-3] DEBUG c.p.mapper.SysRoleMapper.selectById - ==> Parameters: 2(Long)
2026-08-12 13:31:53.774 [http-nio-8080-exec-3] DEBUG c.p.mapper.SysRoleMapper.selectById - <==      Total: 1
2026-08-12 13:31:53.774 [http-nio-8080-exec-3] DEBUG c.p.m.SysUserRoleMapper.selectList - ==>  Preparing: SELECT id,user_id,role_id FROM sys_user_role WHERE (user_id = ?) LIMIT 1
2026-08-12 13:31:53.774 [http-nio-8080-exec-3] DEBUG c.p.m.SysUserRoleMapper.selectList - ==> Parameters: 5(Long)
2026-08-12 13:31:53.774 [http-nio-8080-exec-3] DEBUG c.p.m.SysUserRoleMapper.selectList - <==      Total: 1
2026-08-12 13:31:53.774 [http-nio-8080-exec-3] DEBUG c.p.mapper.SysRoleMapper.selectById - ==>  Preparing: SELECT id,name,code,description,status,create_time,update_time,version FROM sys_role WHERE id=?
2026-08-12 13:31:53.774 [http-nio-8080-exec-3] DEBUG c.p.mapper.SysRoleMapper.selectById - ==> Parameters: 3(Long)
2026-08-12 13:31:53.774 [http-nio-8080-exec-3] DEBUG c.p.mapper.SysRoleMapper.selectById - <==      Total: 1
2026-08-12 13:31:53.774 [http-nio-8080-exec-3] DEBUG c.p.m.SysUserRoleMapper.selectList - ==>  Preparing: SELECT id,user_id,role_id FROM sys_user_role WHERE (user_id = ?) LIMIT 1
2026-08-12 13:31:53.774 [http-nio-8080-exec-3] DEBUG c.p.m.SysUserRoleMapper.selectList - ==> Parameters: 6(Long)
2026-08-12 13:31:53.777 [http-nio-8080-exec-3] DEBUG c.p.m.SysUserRoleMapper.selectList - <==      Total: 1
2026-08-12 13:31:53.777 [http-nio-8080-exec-3] DEBUG c.p.mapper.SysRoleMapper.selectById - ==>  Preparing: SELECT id,name,code,description,status,create_time,update_time,version FROM sys_role WHERE id=?
2026-08-12 13:31:53.777 [http-nio-8080-exec-3] DEBUG c.p.mapper.SysRoleMapper.selectById - ==> Parameters: 2(Long)
2026-08-12 13:31:53.779 [http-nio-8080-exec-3] DEBUG c.p.mapper.SysRoleMapper.selectById - <==      Total: 1
2026-08-12 13:31:53.779 [http-nio-8080-exec-3] DEBUG c.p.m.SysUserRoleMapper.selectList - ==>  Preparing: SELECT id,user_id,role_id FROM sys_user_role WHERE (user_id = ?) LIMIT 1
2026-08-12 13:31:53.779 [http-nio-8080-exec-3] DEBUG c.p.m.SysUserRoleMapper.selectList - ==> Parameters: 7(Long)
2026-08-12 13:31:53.779 [http-nio-8080-exec-3] DEBUG c.p.m.SysUserRoleMapper.selectList - <==      Total: 1
2026-08-12 13:31:53.780 [http-nio-8080-exec-3] DEBUG c.p.mapper.SysRoleMapper.selectById - ==>  Preparing: SELECT id,name,code,description,status,create_time,update_time,version FROM sys_role WHERE id=?
2026-08-12 13:31:53.780 [http-nio-8080-exec-3] DEBUG c.p.mapper.SysRoleMapper.selectById - ==> Parameters: 4(Long)
2026-08-12 13:31:53.780 [http-nio-8080-exec-3] DEBUG c.p.mapper.SysRoleMapper.selectById - <==      Total: 1
2026-08-12 13:31:53.780 [http-nio-8080-exec-3] DEBUG c.p.m.SysUserRoleMapper.selectList - ==>  Preparing: SELECT id,user_id,role_id FROM sys_user_role WHERE (user_id = ?) LIMIT 1
2026-08-12 13:31:53.780 [http-nio-8080-exec-3] DEBUG c.p.m.SysUserRoleMapper.selectList - ==> Parameters: 8(Long)
2026-08-12 13:31:53.780 [http-nio-8080-exec-3] DEBUG c.p.m.SysUserRoleMapper.selectList - <==      Total: 1
2026-08-12 13:31:53.780 [http-nio-8080-exec-3] DEBUG c.p.mapper.SysRoleMapper.selectById - ==>  Preparing: SELECT id,name,code,description,status,create_time,update_time,version FROM sys_role WHERE id=?
2026-08-12 13:31:53.780 [http-nio-8080-exec-3] DEBUG c.p.mapper.SysRoleMapper.selectById - ==> Parameters: 5(Long)
2026-08-12 13:31:53.780 [http-nio-8080-exec-3] DEBUG c.p.mapper.SysRoleMapper.selectById - <==      Total: 1
2026-08-12 13:31:56.733 [http-nio-8080-exec-7] DEBUG o.s.security.web.FilterChainProxy - Securing GET /roles
2026-08-12 13:31:56.737 [http-nio-8080-exec-7] DEBUG c.p.mapper.SysUserMapper.selectList - ==>  Preparing: SELECT id,username,password,nickname,email,phone,status,create_time,update_time,version FROM sys_user WHERE (username = ?)
2026-08-12 13:31:56.737 [http-nio-8080-exec-7] DEBUG c.p.mapper.SysUserMapper.selectList - ==> Parameters: admin(String)
2026-08-12 13:31:56.737 [http-nio-8080-exec-7] DEBUG c.p.mapper.SysUserMapper.selectList - <==      Total: 1
2026-08-12 13:31:56.739 [http-nio-8080-exec-7] DEBUG c.p.m.SysUserRoleMapper.selectList - ==>  Preparing: SELECT id,user_id,role_id FROM sys_user_role WHERE (user_id = ?)
2026-08-12 13:31:56.739 [http-nio-8080-exec-7] DEBUG c.p.m.SysUserRoleMapper.selectList - ==> Parameters: 1(Long)
2026-08-12 13:31:56.739 [http-nio-8080-exec-7] DEBUG c.p.m.SysUserRoleMapper.selectList - <==      Total: 1
2026-08-12 13:31:56.739 [http-nio-8080-exec-7] DEBUG c.p.mapper.SysRoleMapper.selectById - ==>  Preparing: SELECT id,name,code,description,status,create_time,update_time,version FROM sys_role WHERE id=?
2026-08-12 13:31:56.739 [http-nio-8080-exec-7] DEBUG c.p.mapper.SysRoleMapper.selectById - ==> Parameters: 1(Long)
2026-08-12 13:31:56.741 [http-nio-8080-exec-7] DEBUG c.p.mapper.SysRoleMapper.selectById - <==      Total: 1
2026-08-12 13:31:56.741 [http-nio-8080-exec-7] DEBUG c.p.m.S.selectMenuByRoleId - ==>  Preparing: SELECT m.* FROM sys_menu m INNER JOIN sys_role_menu rm ON m.id = rm.menu_id WHERE rm.role_id = ?
2026-08-12 13:31:56.741 [http-nio-8080-exec-7] DEBUG c.p.m.S.selectMenuByRoleId - ==> Parameters: 1(Long)
2026-08-12 13:31:56.743 [http-nio-8080-exec-7] DEBUG c.p.m.S.selectMenuByRoleId - <==      Total: 22
2026-08-12 13:31:56.744 [http-nio-8080-exec-7] DEBUG o.s.security.web.FilterChainProxy - Secured GET /roles
2026-08-12 13:31:56.744 [http-nio-8080-exec-7] DEBUG c.p.mapper.SysRoleMapper.selectList - ==>  Preparing: SELECT id,name,code,description,status,create_time,update_time,version FROM sys_role ORDER BY id ASC
2026-08-12 13:31:56.746 [http-nio-8080-exec-7] DEBUG c.p.mapper.SysRoleMapper.selectList - ==> Parameters: 
2026-08-12 13:31:56.746 [http-nio-8080-exec-7] DEBUG c.p.mapper.SysRoleMapper.selectList - <==      Total: 5
2026-08-12 13:33:41.550 [HikariPool-1 housekeeper] WARN  com.zaxxer.hikari.pool.HikariPool - HikariPool-1 - Thread starvation or clock leap detected (housekeeper delta=47s930ms740µs200ns).
2026-08-12 14:18:35.135 [HikariPool-1 housekeeper] WARN  com.zaxxer.hikari.pool.HikariPool - HikariPool-1 - Thread starvation or clock leap detected (housekeeper delta=44m23s571ms795µs700ns).
